{
  "net_map": {
    "37": "127.0.0.1:8537",
    "6": "127.0.0.1:8506",
    "33": "127.0.0.1:8533",
    "64": "127.0.0.1:9000",
    "2": "127.0.0.1:8502",
    "45": "127.0.0.1:8545",
    "14": "127.0.0.1:8514",
    "41": "127.0.0.1:8541",
    "10": "127.0.0.1:8510",
    "53": "127.0.0.1:8553",
    "22": "127.0.0.1:8522",
    "49": "127.0.0.1:8549",
    "18": "127.0.0.1:8518",
    "61": "127.0.0.1:8561",
    "30": "127.0.0.1:8530",
    "57": "127.0.0.1:8557",
    "26": "127.0.0.1:8526",
    "5": "127.0.0.1:8505",
    "36": "127.0.0.1:8536",
    "1": "127.0.0.1:8501",
    "32": "127.0.0.1:8532",
    "13": "127.0.0.1:8513",
    "44": "127.0.0.1:8544",
    "9": "127.0.0.1:8509",
    "40": "127.0.0.1:8540",
    "21": "127.0.0.1:8521",
    "52": "127.0.0.1:8552",
    "17": "127.0.0.1:8517",
    "48": "127.0.0.1:8548",
    "29": "127.0.0.1:8529",
    "60": "127.0.0.1:8560",
    "25": "127.0.0.1:8525",
    "56": "127.0.0.1:8556",
    "4": "127.0.0.1:8504",
    "39": "127.0.0.1:8539",
    "0": "127.0.0.1:8500",
    "35": "127.0.0.1:8535",
    "12": "127.0.0.1:8512",
    "47": "127.0.0.1:8547",
    "8": "127.0.0.1:8508",
    "43": "127.0.0.1:8543",
    "20": "127.0.0.1:8520",
    "55": "127.0.0.1:8555",
    "16": "127.0.0.1:8516",
    "51": "127.0.0.1:8551",
    "28": "127.0.0.1:8528",
    "63": "127.0.0.1:8563",
    "24": "127.0.0.1:8524",
    "59": "127.0.0.1:8559",
    "7": "127.0.0.1:8507",
    "38": "127.0.0.1:8538",
    "3": "127.0.0.1:8503",
    "34": "127.0.0.1:8534",
    "15": "127.0.0.1:8515",
    "46": "127.0.0.1:8546",
    "11": "127.0.0.1:8511",
    "42": "127.0.0.1:8542",
    "23": "127.0.0.1:8523",
    "54": "127.0.0.1:8554",
    "19": "127.0.0.1:8519",
    "50": "127.0.0.1:8550",
    "31": "127.0.0.1:8531",
    "62": "127.0.0.1:8562",
    "27": "127.0.0.1:8527",
    "58": "127.0.0.1:8558"
  },
  "delta": 100,
  "id": 1,
  "num_nodes": 64,
  "num_faults": 21,
  "block_size": 100,
  "client_port": 7001,
  "client_addr": "0.0.0.0:5000",
  "payload": 0,
  "prot_payload": "cc,/home/akhil/research/EEBA/libchatter/",
  "crypto_alg": "NOPKI",
  "pk_map": {},
  "secret_key_bytes": [],
  "sk_map": {
    "37": [
      74,
      201,
      18,
      45,
      111,
      108,
      7,
      189,
      58,
      123,
      175,
      224,
      161,
      153,
      200,
      69,
      115,
      66,
      210,
      205,
      136,
      136,
      101,
      142,
      245,
      181,
      21,
      17,
      199,
      146,
      96,
      219
    ],
    "6": [
      151,
      7,
      130,
      53,
      228,
      218,
      91,
      99,
      120,
      77,
      42,
      160,
      167,
      198,
      185,
      80,
      189,
      203,
      139,
      117,
      107,
      63,
      227,
      160,
      58,
      94,
      36,
      204,
      191,
      48,
      176,
      147
    ],
    "33": [
      110,
      65,
      244,
      193,
      223,
      11,
      219,
      125,
      240,
      95,
      202,
      110,
      153,
      57,
      242,
      240,
      181,
      185,
      54,
      204,
      113,
      82,
      169,
      215,
      172,
      116,
      151,
      133,
      46,
      121,
      96,
      115
    ],
    "2": [
      46,
      35,
      34,
      103,
      233,
      90,
      96,
      120,
      213,
      1,
      4,
      131,
      11,
      107,
      90,
      111,
      247,
      95,
      81,
      48,
      161,
      48,
      242,
      137,
      170,
      160,
      80,
      0,
      121,
      38,
      61,
      189
    ],
    "45": [
      126,
      12,
      214,
      156,
      116,
      236,
      191,
      73,
      249,
      35,
      112,
      118,
      22,
      149,
      121,
      185,
      175,
      198,
      153,
      59,
      119,
      47,
      214,
      235,
      241,
      91,
      172,
      172,
      191,
      136,
      4,
      38
    ],
    "14": [
      52,
      145,
      30,
      83,
      226,
      72,
      102,
      41,
      239,
      199,
      95,
      229,
      215,
      239,
      221,
      243,
      218,
      179,
      46,
      71,
      76,
      71,
      148,
      83,
      167,
      164,
      1,
      3,
      4,
      202,
      46,
      114
    ],
    "41": [
      162,
      192,
      36,
      18,
      254,
      121,
      25,
      165,
      183,
      12,
      73,
      236,
      167,
      198,
      24,
      204,
      208,
      71,
      30,
      189,
      4,
      253,
      122,
      215,
      111,
      186,
      31,
      177,
      98,
      190,
      53,
      12
    ],
    "10": [
      110,
      131,
      243,
      199,
      223,
      157,
      191,
      33,
      20,
      179,
      108,
      55,
      115,
      50,
      19,
      225,
      55,
      233,
      208,
      24,
      27,
      206,
      20,
      43,
      199,
      39,
      55,
      182,
      128,
      241,
      97,
      97
    ],
    "53": [
      172,
      89,
      199,
      202,
      72,
      104,
      52,
      50,
      202,
      192,
      85,
      35,
      50,
      181,
      58,
      48,
      132,
      3,
      61,
      7,
      151,
      10,
      222,
      156,
      246,
      34,
      216,
      215,
      242,
      32,
      65,
      185
    ],
    "22": [
      83,
      68,
      149,
      126,
      209,
      43,
      68,
      81,
      147,
      195,
      98,
      252,
      86,
      247,
      67,
      86,
      220,
      66,
      61,
      137,
      57,
      185,
      245,
      157,
      8,
      242,
      162,
      51,
      214,
      88,
      217,
      38
    ],
    "49": [
      96,
      44,
      197,
      27,
      37,
      119,
      122,
      30,
      203,
      201,
      11,
      198,
      215,
      253,
      62,
      41,
      213,
      27,
      225,
      173,
      219,
      84,
      156,
      92,
      26,
      200,
      61,
      4,
      132,
      253,
      120,
      66
    ],
    "18": [
      133,
      32,
      9,
      53,
      203,
      3,
      214,
      226,
      241,
      233,
      250,
      110,
      61,
      203,
      106,
      99,
      181,
      253,
      242,
      225,
      64,
      189,
      42,
      9,
      114,
      82,
      163,
      93,
      195,
      61,
      119,
      191
    ],
    "61": [
      185,
      61,
      243,
      134,
      27,
      76,
      254,
      166,
      80,
      138,
      202,
      46,
      100,
      18,
      122,
      22,
      219,
      50,
      113,
      98,
      201,
      138,
      198,
      67,
      84,
      141,
      56,
      133,
      5,
      181,
      194,
      144
    ],
    "30": [
      107,
      30,
      38,
      226,
      90,
      243,
      28,
      138,
      152,
      238,
      6,
      146,
      136,
      96,
      117,
      254,
      190,
      23,
      41,
      93,
      111,
      103,
      169,
      120,
      174,
      96,
      23,
      117,
      6,
      228,
      133,
      60
    ],
    "57": [
      28,
      232,
      107,
      252,
      85,
      206,
      124,
      22,
      29,
      186,
      244,
      146,
      228,
      204,
      34,
      148,
      48,
      43,
      205,
      212,
      124,
      91,
      160,
      130,
      253,
      173,
      39,
      19,
      20,
      177,
      30,
      229
    ],
    "26": [
      58,
      251,
      57,
      114,
      170,
      245,
      222,
      239,
      94,
      251,
      227,
      138,
      186,
      245,
      79,
      20,
      143,
      233,
      186,
      149,
      30,
      132,
      4,
      139,
      115,
      6,
      75,
      238,
      177,
      255,
      144,
      202
    ],
    "5": [
      103,
      128,
      109,
      36,
      135,
      241,
      127,
      138,
      54,
      97,
      238,
      124,
      37,
      33,
      215,
      152,
      58,
      174,
      113,
      77,
      53,
      124,
      30,
      230,
      244,
      158,
      3,
      201,
      97,
      255,
      201,
      126
    ],
    "36": [
      24,
      86,
      129,
      222,
      120,
      71,
      212,
      245,
      250,
      183,
      141,
      9,
      167,
      229,
      183,
      176,
      126,
      82,
      215,
      57,
      46,
      7,
      104,
      227,
      73,
      43,
      48,
      145,
      4,
      35,
      209,
      153
    ],
    "1": [
      197,
      180,
      126,
      29,
      65,
      147,
      206,
      69,
      166,
      207,
      17,
      140,
      72,
      30,
      3,
      208,
      111,
      231,
      148,
      136,
      251,
      121,
      91,
      60,
      170,
      186,
      245,
      180,
      41,
      162,
      20,
      233
    ],
    "32": [
      73,
      58,
      194,
      141,
      18,
      180,
      205,
      67,
      109,
      93,
      161,
      248,
      48,
      213,
      102,
      77,
      246,
      230,
      150,
      189,
      243,
      63,
      181,
      134,
      4,
      204,
      28,
      128,
      61,
      220,
      103,
      199
    ],
    "13": [
      211,
      55,
      79,
      166,
      149,
      109,
      97,
      207,
      145,
      136,
      209,
      31,
      39,
      54,
      133,
      12,
      188,
      78,
      133,
      237,
      64,
      250,
      54,
      210,
      185,
      180,
      16,
      207,
      36,
      209,
      85,
      210
    ],
    "44": [
      202,
      52,
      196,
      60,
      191,
      148,
      213,
      253,
      134,
      97,
      33,
      228,
      252,
      134,
      183,
      189,
      233,
      148,
      117,
      167,
      27,
      96,
      2,
      98,
      191,
      126,
      245,
      194,
      246,
      14,
      166,
      220
    ],
    "9": [
      79,
      200,
      112,
      110,
      78,
      7,
      168,
      6,
      138,
      127,
      102,
      89,
      199,
      194,
      250,
      210,
      133,
      79,
      42,
      254,
      56,
      128,
      234,
      99,
      140,
      50,
      189,
      96,
      232,
      5,
      86,
      6
    ],
    "40": [
      9,
      159,
      172,
      98,
      68,
      231,
      163,
      133,
      87,
      157,
      69,
      66,
      117,
      133,
      237,
      126,
      33,
      205,
      135,
      252,
      249,
      138,
      160,
      255,
      93,
      27,
      60,
      106,
      58,
      236,
      250,
      109
    ],
    "21": [
      156,
      100,
      50,
      102,
      134,
      107,
      53,
      41,
      70,
      172,
      37,
      28,
      154,
      156,
      88,
      155,
      213,
      91,
      20,
      203,
      240,
      32,
      106,
      185,
      247,
      143,
      222,
      32,
      173,
      63,
      36,
      183
    ],
    "52": [
      179,
      6,
      94,
      177,
      55,
      154,
      253,
      205,
      221,
      108,
      57,
      159,
      253,
      156,
      70,
      162,
      157,
      15,
      213,
      160,
      191,
      45,
      119,
      120,
      130,
      65,
      74,
      176,
      24,
      192,
      186,
      124
    ],
    "17": [
      15,
      112,
      102,
      159,
      84,
      61,
      193,
      13,
      75,
      11,
      55,
      31,
      52,
      235,
      84,
      128,
      201,
      19,
      90,
      232,
      71,
      127,
      203,
      155,
      24,
      83,
      30,
      144,
      197,
      149,
      185,
      75
    ],
    "48": [
      204,
      33,
      54,
      196,
      59,
      212,
      201,
      35,
      14,
      51,
      187,
      3,
      38,
      229,
      24,
      238,
      95,
      186,
      200,
      149,
      132,
      223,
      54,
      4,
      114,
      20,
      129,
      32,
      93,
      176,
      74,
      17
    ],
    "29": [
      90,
      183,
      103,
      74,
      45,
      29,
      134,
      24,
      27,
      161,
      25,
      70,
      70,
      62,
      132,
      126,
      88,
      182,
      220,
      120,
      185,
      192,
      125,
      91,
      66,
      253,
      160,
      12,
      139,
      255,
      17,
      63
    ],
    "60": [
      40,
      70,
      117,
      1,
      0,
      67,
      4,
      147,
      203,
      51,
      220,
      206,
      163,
      123,
      45,
      130,
      185,
      18,
      238,
      140,
      54,
      57,
      177,
      163,
      222,
      126,
      64,
      38,
      114,
      93,
      112,
      239
    ],
    "25": [
      111,
      249,
      173,
      97,
      80,
      8,
      239,
      255,
      230,
      18,
      56,
      191,
      121,
      53,
      222,
      134,
      153,
      34,
      218,
      143,
      1,
      244,
      147,
      192,
      39,
      62,
      41,
      35,
      1,
      129,
      132,
      166
    ],
    "56": [
      6,
      143,
      148,
      171,
      101,
      88,
      137,
      76,
      183,
      55,
      207,
      34,
      172,
      235,
      192,
      0,
      75,
      82,
      13,
      249,
      72,
      250,
      229,
      203,
      122,
      16,
      58,
      99,
      46,
      199,
      79,
      65
    ],
    "4": [
      196,
      243,
      82,
      234,
      101,
      26,
      193,
      69,
      174,
      128,
      103,
      0,
      151,
      122,
      5,
      244,
      107,
      222,
      94,
      55,
      249,
      242,
      70,
      238,
      185,
      200,
      91,
      21,
      183,
      37,
      92,
      80
    ],
    "39": [
      81,
      118,
      42,
      245,
      234,
      98,
      94,
      70,
      162,
      137,
      56,
      80,
      165,
      243,
      12,
      182,
      209,
      16,
      150,
      39,
      168,
      167,
      185,
      112,
      116,
      221,
      34,
      196,
      200,
      32,
      224,
      239
    ],
    "0": [
      130,
      84,
      98,
      79,
      216,
      19,
      255,
      63,
      177,
      232,
      215,
      54,
      103,
      113,
      71,
      250,
      155,
      203,
      219,
      159,
      72,
      71,
      190,
      80,
      237,
      245,
      233,
      106,
      156,
      63,
      173,
      149
    ],
    "35": [
      5,
      81,
      195,
      229,
      20,
      143,
      212,
      192,
      127,
      208,
      185,
      10,
      167,
      121,
      237,
      76,
      233,
      153,
      125,
      24,
      125,
      165,
      83,
      139,
      175,
      155,
      55,
      135,
      165,
      114,
      71,
      120
    ],
    "12": [
      136,
      6,
      214,
      71,
      90,
      171,
      2,
      84,
      147,
      56,
      120,
      111,
      73,
      51,
      249,
      158,
      244,
      215,
      54,
      22,
      234,
      220,
      143,
      163,
      220,
      125,
      223,
      28,
      233,
      236,
      91,
      249
    ],
    "47": [
      130,
      39,
      41,
      155,
      6,
      3,
      36,
      159,
      39,
      152,
      93,
      226,
      174,
      246,
      66,
      64,
      13,
      148,
      35,
      189,
      183,
      143,
      229,
      82,
      54,
      129,
      116,
      158,
      147,
      48,
      133,
      209
    ],
    "8": [
      235,
      119,
      80,
      213,
      75,
      7,
      205,
      91,
      76,
      6,
      212,
      179,
      94,
      254,
      246,
      161,
      140,
      82,
      12,
      139,
      227,
      7,
      244,
      113,
      123,
      17,
      228,
      241,
      186,
      146,
      124,
      34
    ],
    "43": [
      1,
      153,
      29,
      241,
      110,
      245,
      101,
      82,
      122,
      16,
      41,
      211,
      220,
      155,
      14,
      177,
      55,
      85,
      195,
      52,
      228,
      142,
      170,
      30,
      226,
      87,
      68,
      174,
      24,
      24,
      100,
      22
    ],
    "20": [
      117,
      47,
      22,
      226,
      72,
      203,
      167,
      241,
      201,
      242,
      38,
      176,
      22,
      8,
      230,
      185,
      148,
      169,
      3,
      110,
      126,
      134,
      118,
      123,
      196,
      224,
      25,
      42,
      78,
      200,
      241,
      79
    ],
    "55": [
      22,
      110,
      255,
      92,
      240,
      211,
      252,
      171,
      62,
      119,
      5,
      3,
      0,
      59,
      132,
      112,
      250,
      12,
      14,
      63,
      196,
      215,
      237,
      104,
      201,
      37,
      49,
      177,
      158,
      156,
      177,
      157
    ],
    "16": [
      86,
      56,
      71,
      202,
      10,
      77,
      230,
      181,
      137,
      154,
      162,
      200,
      48,
      236,
      170,
      175,
      34,
      114,
      39,
      69,
      122,
      62,
      180,
      242,
      52,
      2,
      147,
      156,
      107,
      18,
      156,
      239
    ],
    "51": [
      109,
      200,
      245,
      96,
      147,
      65,
      131,
      109,
      200,
      42,
      20,
      203,
      5,
      126,
      234,
      19,
      115,
      230,
      21,
      181,
      47,
      138,
      85,
      236,
      216,
      50,
      23,
      134,
      99,
      118,
      67,
      210
    ],
    "28": [
      37,
      131,
      44,
      21,
      146,
      187,
      230,
      126,
      69,
      49,
      42,
      147,
      89,
      69,
      116,
      34,
      133,
      21,
      110,
      70,
      141,
      242,
      28,
      184,
      69,
      178,
      16,
      75,
      74,
      205,
      135,
      104
    ],
    "63": [
      12,
      100,
      15,
      44,
      245,
      31,
      173,
      3,
      57,
      251,
      222,
      126,
      144,
      24,
      45,
      15,
      45,
      192,
      67,
      179,
      250,
      255,
      133,
      152,
      10,
      190,
      189,
      159,
      39,
      123,
      130,
      237
    ],
    "24": [
      19,
      195,
      86,
      229,
      243,
      187,
      24,
      87,
      218,
      56,
      46,
      17,
      223,
      70,
      170,
      216,
      82,
      230,
      136,
      41,
      36,
      214,
      63,
      250,
      149,
      229,
      181,
      160,
      67,
      43,
      16,
      2
    ],
    "59": [
      59,
      54,
      221,
      122,
      155,
      82,
      206,
      162,
      131,
      115,
      84,
      33,
      145,
      29,
      28,
      93,
      184,
      244,
      195,
      11,
      96,
      50,
      246,
      204,
      56,
      249,
      81,
      130,
      93,
      119,
      187,
      108
    ],
    "7": [
      18,
      249,
      228,
      210,
      216,
      87,
      4,
      147,
      5,
      227,
      249,
      76,
      210,
      39,
      31,
      134,
      199,
      45,
      19,
      132,
      147,
      86,
      145,
      250,
      200,
      219,
      92,
      161,
      79,
      71,
      136,
      67
    ],
    "38": [
      133,
      225,
      50,
      8,
      133,
      186,
      153,
      238,
      243,
      18,
      7,
      37,
      247,
      27,
      166,
      56,
      210,
      167,
      84,
      213,
      180,
      186,
      120,
      60,
      46,
      76,
      27,
      253,
      131,
      92,
      27,
      229
    ],
    "3": [
      119,
      37,
      122,
      69,
      124,
      130,
      234,
      218,
      42,
      191,
      235,
      157,
      224,
      210,
      10,
      214,
      21,
      35,
      226,
      29,
      218,
      172,
      125,
      248,
      188,
      21,
      155,
      89,
      225,
      136,
      115,
      48
    ],
    "34": [
      140,
      215,
      17,
      81,
      53,
      38,
      107,
      164,
      63,
      206,
      39,
      21,
      221,
      60,
      231,
      55,
      2,
      28,
      120,
      24,
      245,
      4,
      130,
      208,
      94,
      96,
      81,
      80,
      10,
      118,
      98,
      112
    ],
    "15": [
      173,
      29,
      182,
      191,
      171,
      17,
      254,
      116,
      162,
      52,
      2,
      250,
      210,
      33,
      223,
      146,
      230,
      170,
      83,
      228,
      233,
      119,
      200,
      48,
      197,
      252,
      182,
      170,
      135,
      70,
      6,
      211
    ],
    "46": [
      253,
      91,
      207,
      27,
      214,
      214,
      11,
      98,
      181,
      126,
      186,
      160,
      44,
      216,
      170,
      210,
      102,
      47,
      150,
      52,
      245,
      32,
      114,
      51,
      75,
      127,
      79,
      109,
      93,
      159,
      204,
      80
    ],
    "11": [
      52,
      99,
      15,
      72,
      43,
      119,
      5,
      81,
      2,
      91,
      153,
      108,
      252,
      84,
      89,
      181,
      245,
      70,
      175,
      89,
      248,
      68,
      61,
      199,
      18,
      206,
      74,
      201,
      135,
      59,
      187,
      134
    ],
    "42": [
      251,
      207,
      22,
      173,
      149,
      191,
      64,
      46,
      250,
      37,
      33,
      19,
      253,
      31,
      113,
      253,
      185,
      82,
      169,
      117,
      246,
      41,
      69,
      171,
      28,
      116,
      110,
      68,
      76,
      217,
      77,
      22
    ],
    "23": [
      69,
      106,
      189,
      104,
      141,
      43,
      195,
      203,
      228,
      13,
      122,
      42,
      231,
      123,
      78,
      114,
      204,
      137,
      89,
      77,
      35,
      107,
      12,
      18,
      248,
      54,
      76,
      185,
      146,
      16,
      131,
      252
    ],
    "54": [
      195,
      75,
      227,
      184,
      241,
      36,
      18,
      96,
      30,
      49,
      86,
      224,
      172,
      107,
      255,
      174,
      21,
      148,
      243,
      47,
      84,
      244,
      162,
      136,
      68,
      26,
      191,
      216,
      211,
      19,
      186,
      169
    ],
    "19": [
      126,
      207,
      108,
      135,
      106,
      71,
      149,
      15,
      103,
      226,
      179,
      228,
      92,
      206,
      87,
      185,
      116,
      166,
      116,
      81,
      83,
      198,
      234,
      160,
      40,
      100,
      97,
      116,
      54,
      216,
      175,
      250
    ],
    "50": [
      79,
      115,
      153,
      129,
      21,
      12,
      184,
      25,
      33,
      24,
      193,
      157,
      32,
      200,
      215,
      253,
      236,
      68,
      129,
      225,
      150,
      175,
      36,
      195,
      244,
      183,
      80,
      218,
      52,
      178,
      123,
      41
    ],
    "31": [
      234,
      155,
      207,
      117,
      211,
      175,
      183,
      107,
      143,
      161,
      82,
      6,
      3,
      67,
      250,
      48,
      65,
      18,
      110,
      146,
      200,
      103,
      13,
      70,
      89,
      215,
      44,
      145,
      53,
      1,
      205,
      41
    ],
    "62": [
      184,
      236,
      119,
      216,
      198,
      172,
      149,
      192,
      157,
      134,
      248,
      93,
      102,
      241,
      181,
      104,
      233,
      106,
      236,
      251,
      119,
      189,
      214,
      56,
      245,
      146,
      122,
      203,
      165,
      10,
      218,
      18
    ],
    "27": [
      123,
      129,
      26,
      111,
      2,
      208,
      90,
      212,
      33,
      165,
      178,
      123,
      226,
      111,
      197,
      42,
      214,
      155,
      79,
      241,
      169,
      81,
      123,
      53,
      193,
      71,
      41,
      13,
      235,
      114,
      132,
      89
    ],
    "58": [
      54,
      80,
      180,
      179,
      198,
      204,
      199,
      75,
      161,
      77,
      102,
      83,
      110,
      176,
      135,
      77,
      100,
      202,
      87,
      155,
      246,
      245,
      216,
      193,
      36,
      79,
      51,
      46,
      114,
      251,
      194,
      232
    ]
  },
  "my_cert": [],
  "my_cert_key": [],
  "root_cert": []
}