{
  "net_map": {
    "37": "127.0.0.1:8537",
    "6": "127.0.0.1:8506",
    "33": "127.0.0.1:8533",
    "64": "127.0.0.1:9000",
    "2": "127.0.0.1:8502",
    "45": "127.0.0.1:8545",
    "14": "127.0.0.1:8514",
    "41": "127.0.0.1:8541",
    "10": "127.0.0.1:8510",
    "53": "127.0.0.1:8553",
    "22": "127.0.0.1:8522",
    "49": "127.0.0.1:8549",
    "18": "127.0.0.1:8518",
    "61": "127.0.0.1:8561",
    "30": "127.0.0.1:8530",
    "57": "127.0.0.1:8557",
    "26": "127.0.0.1:8526",
    "5": "127.0.0.1:8505",
    "36": "127.0.0.1:8536",
    "1": "127.0.0.1:8501",
    "32": "127.0.0.1:8532",
    "13": "127.0.0.1:8513",
    "44": "127.0.0.1:8544",
    "9": "127.0.0.1:8509",
    "40": "127.0.0.1:8540",
    "21": "127.0.0.1:8521",
    "52": "127.0.0.1:8552",
    "17": "127.0.0.1:8517",
    "48": "127.0.0.1:8548",
    "29": "127.0.0.1:8529",
    "60": "127.0.0.1:8560",
    "25": "127.0.0.1:8525",
    "56": "127.0.0.1:8556",
    "4": "127.0.0.1:8504",
    "39": "127.0.0.1:8539",
    "0": "127.0.0.1:8500",
    "35": "127.0.0.1:8535",
    "12": "127.0.0.1:8512",
    "47": "127.0.0.1:8547",
    "8": "127.0.0.1:8508",
    "43": "127.0.0.1:8543",
    "20": "127.0.0.1:8520",
    "55": "127.0.0.1:8555",
    "16": "127.0.0.1:8516",
    "51": "127.0.0.1:8551",
    "28": "127.0.0.1:8528",
    "63": "127.0.0.1:8563",
    "24": "127.0.0.1:8524",
    "59": "127.0.0.1:8559",
    "7": "127.0.0.1:8507",
    "38": "127.0.0.1:8538",
    "3": "127.0.0.1:8503",
    "34": "127.0.0.1:8534",
    "15": "127.0.0.1:8515",
    "46": "127.0.0.1:8546",
    "11": "127.0.0.1:8511",
    "42": "127.0.0.1:8542",
    "23": "127.0.0.1:8523",
    "54": "127.0.0.1:8554",
    "19": "127.0.0.1:8519",
    "50": "127.0.0.1:8550",
    "31": "127.0.0.1:8531",
    "62": "127.0.0.1:8562",
    "27": "127.0.0.1:8527",
    "58": "127.0.0.1:8558"
  },
  "delta": 100,
  "id": 16,
  "num_nodes": 64,
  "num_faults": 21,
  "block_size": 100,
  "client_port": 7016,
  "client_addr": "0.0.0.0:5000",
  "payload": 0,
  "prot_payload": "cc,/home/akhil/research/EEBA/libchatter/",
  "crypto_alg": "NOPKI",
  "pk_map": {},
  "secret_key_bytes": [],
  "sk_map": {
    "37": [
      176,
      92,
      24,
      44,
      89,
      16,
      87,
      248,
      38,
      148,
      6,
      200,
      192,
      37,
      46,
      218,
      112,
      219,
      166,
      172,
      18,
      82,
      150,
      127,
      166,
      19,
      55,
      201,
      133,
      43,
      125,
      14
    ],
    "6": [
      83,
      202,
      157,
      143,
      173,
      134,
      114,
      81,
      67,
      235,
      63,
      241,
      75,
      157,
      176,
      38,
      246,
      58,
      21,
      44,
      143,
      70,
      56,
      112,
      172,
      6,
      249,
      116,
      196,
      250,
      115,
      212
    ],
    "33": [
      64,
      241,
      246,
      17,
      123,
      21,
      203,
      69,
      167,
      48,
      20,
      166,
      92,
      193,
      131,
      36,
      0,
      6,
      57,
      137,
      78,
      127,
      189,
      242,
      249,
      206,
      65,
      169,
      92,
      95,
      98,
      49
    ],
    "2": [
      220,
      173,
      193,
      77,
      197,
      73,
      224,
      122,
      135,
      5,
      211,
      56,
      176,
      164,
      196,
      89,
      154,
      113,
      235,
      12,
      214,
      199,
      87,
      240,
      5,
      126,
      209,
      235,
      108,
      48,
      169,
      220
    ],
    "45": [
      16,
      80,
      72,
      181,
      204,
      12,
      21,
      245,
      251,
      240,
      74,
      67,
      56,
      120,
      175,
      237,
      124,
      145,
      138,
      108,
      42,
      239,
      182,
      237,
      31,
      70,
      232,
      55,
      214,
      2,
      148,
      188
    ],
    "14": [
      80,
      146,
      149,
      97,
      100,
      88,
      246,
      201,
      36,
      228,
      110,
      44,
      51,
      1,
      79,
      228,
      13,
      88,
      27,
      161,
      135,
      169,
      152,
      65,
      17,
      69,
      188,
      61,
      196,
      21,
      90,
      112
    ],
    "41": [
      173,
      89,
      39,
      51,
      31,
      230,
      253,
      8,
      89,
      131,
      19,
      207,
      154,
      215,
      117,
      149,
      188,
      249,
      72,
      73,
      149,
      98,
      25,
      172,
      51,
      145,
      30,
      13,
      77,
      78,
      44,
      194
    ],
    "10": [
      70,
      152,
      237,
      206,
      174,
      22,
      52,
      137,
      42,
      86,
      83,
      52,
      227,
      163,
      8,
      67,
      0,
      13,
      100,
      89,
      117,
      31,
      39,
      170,
      170,
      244,
      220,
      183,
      147,
      144,
      245,
      236
    ],
    "53": [
      196,
      91,
      216,
      179,
      162,
      100,
      244,
      91,
      58,
      217,
      174,
      60,
      70,
      204,
      32,
      89,
      8,
      186,
      66,
      100,
      13,
      115,
      203,
      43,
      208,
      122,
      167,
      55,
      118,
      215,
      95,
      254
    ],
    "22": [
      247,
      111,
      240,
      192,
      54,
      123,
      70,
      93,
      212,
      34,
      43,
      166,
      241,
      112,
      95,
      38,
      187,
      251,
      247,
      229,
      11,
      173,
      187,
      153,
      10,
      64,
      219,
      191,
      97,
      163,
      231,
      104
    ],
    "49": [
      193,
      150,
      72,
      254,
      214,
      233,
      67,
      34,
      43,
      110,
      82,
      234,
      215,
      38,
      137,
      54,
      252,
      94,
      128,
      60,
      236,
      9,
      182,
      233,
      81,
      194,
      14,
      82,
      209,
      158,
      138,
      57
    ],
    "18": [
      8,
      55,
      122,
      150,
      49,
      76,
      79,
      100,
      130,
      28,
      192,
      59,
      57,
      150,
      119,
      23,
      230,
      212,
      25,
      10,
      222,
      197,
      166,
      27,
      217,
      231,
      80,
      36,
      238,
      35,
      233,
      143
    ],
    "61": [
      26,
      104,
      175,
      138,
      168,
      32,
      13,
      75,
      7,
      142,
      30,
      82,
      78,
      14,
      219,
      5,
      205,
      19,
      192,
      52,
      223,
      58,
      128,
      236,
      197,
      200,
      56,
      192,
      39,
      2,
      145,
      11
    ],
    "30": [
      82,
      219,
      169,
      51,
      63,
      47,
      17,
      56,
      50,
      176,
      202,
      37,
      223,
      195,
      84,
      214,
      80,
      92,
      174,
      1,
      52,
      233,
      115,
      13,
      237,
      251,
      81,
      80,
      142,
      138,
      14,
      246
    ],
    "57": [
      237,
      74,
      133,
      47,
      139,
      131,
      81,
      174,
      108,
      178,
      18,
      222,
      145,
      13,
      2,
      206,
      108,
      15,
      53,
      101,
      40,
      176,
      137,
      93,
      122,
      40,
      210,
      213,
      239,
      76,
      171,
      211
    ],
    "26": [
      150,
      85,
      100,
      106,
      204,
      121,
      62,
      139,
      100,
      228,
      208,
      8,
      214,
      190,
      136,
      162,
      197,
      70,
      30,
      1,
      32,
      110,
      99,
      177,
      36,
      155,
      161,
      122,
      248,
      46,
      54,
      49
    ],
    "5": [
      171,
      172,
      104,
      85,
      14,
      241,
      52,
      41,
      114,
      255,
      88,
      77,
      148,
      46,
      171,
      225,
      149,
      76,
      204,
      47,
      10,
      229,
      75,
      11,
      229,
      185,
      97,
      104,
      200,
      85,
      96,
      123
    ],
    "36": [
      89,
      141,
      199,
      128,
      23,
      29,
      65,
      95,
      4,
      65,
      200,
      214,
      213,
      7,
      41,
      125,
      110,
      195,
      2,
      215,
      111,
      110,
      115,
      205,
      18,
      59,
      97,
      26,
      176,
      92,
      154,
      1
    ],
    "1": [
      86,
      56,
      71,
      202,
      10,
      77,
      230,
      181,
      137,
      154,
      162,
      200,
      48,
      236,
      170,
      175,
      34,
      114,
      39,
      69,
      122,
      62,
      180,
      242,
      52,
      2,
      147,
      156,
      107,
      18,
      156,
      239
    ],
    "32": [
      213,
      127,
      134,
      27,
      212,
      36,
      103,
      159,
      56,
      78,
      37,
      129,
      62,
      186,
      161,
      112,
      76,
      215,
      222,
      111,
      189,
      83,
      64,
      6,
      210,
      44,
      13,
      195,
      220,
      191,
      131,
      25
    ],
    "13": [
      144,
      235,
      49,
      229,
      96,
      60,
      99,
      36,
      3,
      180,
      149,
      45,
      235,
      87,
      251,
      45,
      118,
      198,
      185,
      17,
      226,
      60,
      255,
      91,
      16,
      196,
      213,
      173,
      179,
      121,
      62,
      204
    ],
    "44": [
      160,
      239,
      43,
      0,
      176,
      127,
      134,
      240,
      169,
      3,
      245,
      97,
      86,
      109,
      239,
      90,
      233,
      158,
      104,
      12,
      124,
      116,
      31,
      131,
      235,
      38,
      185,
      169,
      190,
      221,
      3,
      112
    ],
    "9": [
      240,
      128,
      70,
      239,
      254,
      254,
      7,
      207,
      41,
      196,
      71,
      108,
      137,
      144,
      167,
      207,
      67,
      122,
      154,
      248,
      217,
      67,
      165,
      251,
      125,
      192,
      156,
      209,
      99,
      153,
      39,
      147
    ],
    "40": [
      21,
      221,
      170,
      65,
      154,
      155,
      87,
      82,
      70,
      167,
      207,
      48,
      176,
      220,
      75,
      167,
      102,
      147,
      51,
      71,
      151,
      145,
      53,
      150,
      208,
      58,
      171,
      54,
      189,
      135,
      196,
      53
    ],
    "21": [
      91,
      211,
      175,
      102,
      123,
      57,
      97,
      124,
      225,
      131,
      98,
      104,
      9,
      29,
      141,
      99,
      194,
      254,
      159,
      49,
      20,
      173,
      98,
      120,
      214,
      7,
      45,
      131,
      196,
      231,
      183,
      56
    ],
    "52": [
      80,
      39,
      178,
      13,
      227,
      78,
      42,
      130,
      53,
      196,
      52,
      12,
      149,
      188,
      164,
      251,
      118,
      106,
      201,
      25,
      96,
      92,
      35,
      194,
      179,
      189,
      91,
      156,
      254,
      128,
      206,
      27
    ],
    "17": [
      62,
      117,
      215,
      51,
      103,
      234,
      101,
      160,
      65,
      126,
      21,
      94,
      237,
      141,
      254,
      240,
      43,
      35,
      29,
      136,
      19,
      255,
      211,
      223,
      151,
      160,
      204,
      47,
      187,
      77,
      24,
      84
    ],
    "48": [
      14,
      248,
      43,
      206,
      154,
      32,
      145,
      55,
      44,
      192,
      217,
      106,
      53,
      89,
      234,
      108,
      121,
      216,
      209,
      144,
      109,
      45,
      60,
      67,
      78,
      18,
      81,
      36,
      213,
      115,
      145,
      148
    ],
    "29": [
      208,
      71,
      122,
      241,
      121,
      134,
      181,
      199,
      38,
      141,
      96,
      184,
      99,
      68,
      220,
      74,
      179,
      116,
      50,
      162,
      107,
      91,
      119,
      240,
      15,
      179,
      46,
      44,
      45,
      125,
      233,
      212
    ],
    "60": [
      154,
      248,
      58,
      245,
      221,
      82,
      179,
      188,
      173,
      220,
      38,
      40,
      61,
      76,
      246,
      16,
      107,
      119,
      241,
      114,
      157,
      227,
      199,
      144,
      107,
      67,
      106,
      98,
      1,
      116,
      253,
      65
    ],
    "25": [
      41,
      37,
      19,
      251,
      238,
      199,
      177,
      141,
      7,
      166,
      182,
      95,
      67,
      215,
      212,
      223,
      51,
      49,
      218,
      81,
      30,
      188,
      95,
      84,
      144,
      208,
      52,
      142,
      161,
      121,
      0,
      38
    ],
    "56": [
      71,
      22,
      0,
      246,
      68,
      169,
      172,
      128,
      142,
      92,
      87,
      143,
      52,
      116,
      143,
      119,
      18,
      135,
      53,
      119,
      214,
      14,
      5,
      102,
      114,
      215,
      65,
      218,
      242,
      65,
      190,
      123
    ],
    "4": [
      112,
      197,
      135,
      113,
      81,
      95,
      38,
      4,
      12,
      203,
      136,
      159,
      219,
      63,
      134,
      106,
      104,
      59,
      218,
      117,
      92,
      142,
      39,
      14,
      94,
      62,
      0,
      104,
      219,
      47,
      29,
      77
    ],
    "39": [
      113,
      92,
      165,
      65,
      3,
      103,
      58,
      92,
      126,
      78,
      75,
      210,
      31,
      70,
      148,
      219,
      116,
      53,
      73,
      86,
      156,
      38,
      175,
      223,
      243,
      2,
      174,
      239,
      252,
      217,
      21,
      248
    ],
    "0": [
      37,
      105,
      218,
      133,
      190,
      51,
      0,
      210,
      255,
      86,
      99,
      183,
      195,
      18,
      59,
      159,
      103,
      159,
      114,
      186,
      35,
      11,
      80,
      196,
      77,
      187,
      196,
      78,
      208,
      127,
      53,
      158
    ],
    "35": [
      92,
      79,
      83,
      80,
      54,
      60,
      135,
      181,
      14,
      169,
      171,
      1,
      97,
      202,
      108,
      120,
      170,
      40,
      2,
      0,
      111,
      112,
      143,
      27,
      166,
      166,
      140,
      36,
      174,
      108,
      202,
      244
    ],
    "12": [
      211,
      79,
      152,
      113,
      9,
      142,
      92,
      47,
      44,
      97,
      21,
      121,
      73,
      249,
      3,
      14,
      149,
      191,
      185,
      173,
      110,
      151,
      97,
      212,
      87,
      144,
      51,
      245,
      189,
      225,
      109,
      176
    ],
    "47": [
      191,
      222,
      38,
      210,
      204,
      163,
      107,
      90,
      199,
      31,
      0,
      65,
      69,
      179,
      142,
      60,
      36,
      187,
      219,
      87,
      108,
      56,
      71,
      185,
      19,
      58,
      109,
      118,
      128,
      118,
      206,
      203
    ],
    "8": [
      173,
      130,
      6,
      220,
      150,
      246,
      227,
      223,
      73,
      31,
      56,
      194,
      83,
      73,
      132,
      74,
      219,
      176,
      194,
      3,
      61,
      10,
      227,
      50,
      128,
      241,
      237,
      4,
      245,
      118,
      156,
      180
    ],
    "43": [
      218,
      1,
      114,
      0,
      115,
      168,
      103,
      108,
      226,
      137,
      39,
      105,
      27,
      105,
      143,
      206,
      209,
      99,
      19,
      72,
      146,
      108,
      242,
      200,
      13,
      174,
      50,
      128,
      234,
      18,
      233,
      217
    ],
    "20": [
      72,
      66,
      60,
      13,
      154,
      146,
      57,
      179,
      226,
      252,
      36,
      119,
      180,
      174,
      138,
      250,
      3,
      16,
      187,
      213,
      140,
      145,
      121,
      124,
      1,
      68,
      244,
      93,
      153,
      133,
      184,
      94
    ],
    "55": [
      166,
      234,
      166,
      50,
      70,
      173,
      122,
      149,
      130,
      133,
      32,
      224,
      59,
      38,
      163,
      199,
      220,
      8,
      237,
      81,
      169,
      165,
      12,
      22,
      184,
      95,
      165,
      2,
      163,
      107,
      104,
      2
    ],
    "16": [
      11,
      93,
      196,
      173,
      17,
      190,
      53,
      103,
      198,
      71,
      252,
      55,
      195,
      80,
      94,
      155,
      169,
      78,
      245,
      56,
      74,
      136,
      170,
      96,
      37,
      254,
      57,
      147,
      203,
      234,
      41,
      67
    ],
    "51": [
      35,
      213,
      240,
      2,
      56,
      9,
      130,
      121,
      74,
      206,
      97,
      210,
      227,
      24,
      108,
      88,
      59,
      176,
      156,
      15,
      134,
      177,
      191,
      172,
      56,
      63,
      59,
      135,
      82,
      220,
      132,
      252
    ],
    "28": [
      180,
      157,
      205,
      44,
      28,
      59,
      7,
      61,
      94,
      170,
      129,
      79,
      237,
      108,
      166,
      39,
      181,
      145,
      177,
      202,
      96,
      158,
      181,
      127,
      167,
      18,
      17,
      203,
      186,
      248,
      213,
      13
    ],
    "63": [
      156,
      250,
      220,
      42,
      57,
      191,
      13,
      222,
      219,
      46,
      238,
      221,
      162,
      7,
      48,
      39,
      245,
      207,
      30,
      249,
      28,
      197,
      47,
      61,
      179,
      70,
      233,
      237,
      182,
      68,
      153,
      1
    ],
    "24": [
      252,
      124,
      172,
      36,
      239,
      154,
      123,
      90,
      86,
      106,
      186,
      118,
      88,
      253,
      232,
      0,
      148,
      2,
      241,
      197,
      184,
      21,
      33,
      0,
      52,
      136,
      197,
      12,
      138,
      195,
      97,
      207
    ],
    "59": [
      221,
      208,
      94,
      30,
      96,
      156,
      163,
      233,
      66,
      78,
      232,
      217,
      127,
      217,
      166,
      117,
      225,
      252,
      151,
      30,
      78,
      185,
      95,
      228,
      142,
      87,
      165,
      35,
      51,
      176,
      149,
      156
    ],
    "7": [
      245,
      51,
      194,
      53,
      24,
      173,
      232,
      204,
      6,
      240,
      93,
      61,
      78,
      44,
      197,
      111,
      224,
      93,
      93,
      111,
      91,
      229,
      194,
      11,
      160,
      104,
      111,
      55,
      206,
      153,
      141,
      27
    ],
    "38": [
      50,
      9,
      159,
      166,
      70,
      103,
      178,
      220,
      100,
      227,
      76,
      194,
      40,
      68,
      165,
      198,
      52,
      148,
      72,
      82,
      215,
      106,
      125,
      236,
      132,
      48,
      141,
      93,
      188,
      191,
      95,
      120
    ],
    "3": [
      113,
      178,
      5,
      152,
      10,
      124,
      223,
      248,
      26,
      127,
      95,
      103,
      195,
      82,
      156,
      0,
      227,
      2,
      93,
      44,
      131,
      229,
      92,
      22,
      152,
      62,
      106,
      96,
      31,
      141,
      85,
      124
    ],
    "34": [
      128,
      57,
      150,
      253,
      149,
      202,
      208,
      140,
      190,
      39,
      50,
      196,
      178,
      134,
      136,
      240,
      20,
      2,
      177,
      81,
      253,
      98,
      128,
      23,
      181,
      173,
      200,
      126,
      179,
      182,
      92,
      225
    ],
    "15": [
      162,
      51,
      184,
      249,
      13,
      65,
      220,
      237,
      124,
      151,
      12,
      101,
      4,
      35,
      16,
      55,
      122,
      99,
      117,
      201,
      223,
      78,
      20,
      171,
      166,
      229,
      12,
      9,
      198,
      12,
      13,
      90
    ],
    "46": [
      231,
      241,
      107,
      3,
      64,
      1,
      185,
      63,
      19,
      141,
      220,
      114,
      59,
      150,
      199,
      203,
      56,
      78,
      118,
      233,
      144,
      61,
      143,
      144,
      250,
      60,
      154,
      94,
      196,
      239,
      118,
      12
    ],
    "11": [
      2,
      54,
      25,
      13,
      228,
      149,
      109,
      64,
      178,
      181,
      114,
      151,
      211,
      10,
      251,
      89,
      14,
      231,
      164,
      2,
      43,
      87,
      146,
      29,
      189,
      208,
      68,
      215,
      118,
      244,
      159,
      113
    ],
    "42": [
      138,
      120,
      147,
      91,
      207,
      242,
      190,
      144,
      88,
      100,
      245,
      10,
      78,
      5,
      223,
      234,
      226,
      170,
      107,
      121,
      123,
      173,
      79,
      243,
      161,
      222,
      72,
      20,
      63,
      84,
      241,
      162
    ],
    "23": [
      100,
      108,
      185,
      243,
      190,
      42,
      99,
      231,
      51,
      17,
      148,
      238,
      35,
      180,
      243,
      27,
      48,
      159,
      181,
      219,
      75,
      210,
      202,
      233,
      136,
      203,
      102,
      206,
      97,
      5,
      177,
      53
    ],
    "54": [
      94,
      37,
      214,
      160,
      168,
      11,
      122,
      215,
      216,
      219,
      175,
      176,
      64,
      152,
      235,
      41,
      235,
      69,
      45,
      158,
      211,
      21,
      163,
      196,
      48,
      24,
      205,
      129,
      175,
      120,
      109,
      157
    ],
    "19": [
      78,
      86,
      102,
      94,
      169,
      248,
      167,
      166,
      99,
      116,
      60,
      238,
      113,
      7,
      142,
      232,
      1,
      9,
      29,
      251,
      108,
      12,
      30,
      198,
      8,
      26,
      51,
      249,
      90,
      171,
      225,
      248
    ],
    "50": [
      49,
      228,
      99,
      227,
      235,
      202,
      175,
      97,
      120,
      135,
      164,
      185,
      108,
      121,
      71,
      120,
      250,
      132,
      111,
      186,
      86,
      99,
      167,
      70,
      134,
      250,
      207,
      231,
      230,
      104,
      238,
      249
    ],
    "31": [
      160,
      239,
      34,
      86,
      24,
      93,
      210,
      98,
      235,
      118,
      76,
      145,
      207,
      254,
      189,
      201,
      127,
      221,
      101,
      179,
      25,
      214,
      207,
      28,
      115,
      106,
      158,
      27,
      114,
      180,
      58,
      47
    ],
    "62": [
      87,
      54,
      106,
      114,
      222,
      41,
      254,
      190,
      5,
      80,
      122,
      66,
      219,
      32,
      144,
      43,
      217,
      133,
      245,
      121,
      44,
      187,
      223,
      141,
      216,
      82,
      137,
      210,
      11,
      167,
      27,
      4
    ],
    "27": [
      161,
      7,
      112,
      65,
      4,
      212,
      196,
      120,
      207,
      249,
      220,
      169,
      132,
      161,
      201,
      37,
      190,
      74,
      226,
      104,
      253,
      6,
      116,
      54,
      23,
      33,
      114,
      59,
      247,
      118,
      29,
      149
    ],
    "58": [
      196,
      227,
      23,
      195,
      101,
      35,
      160,
      219,
      74,
      59,
      17,
      162,
      76,
      70,
      40,
      220,
      7,
      91,
      191,
      55,
      168,
      34,
      205,
      11,
      34,
      197,
      238,
      84,
      201,
      112,
      143,
      153
    ]
  },
  "my_cert": [],
  "my_cert_key": [],
  "root_cert": []
}