{
  "net_map": {
    "37": "127.0.0.1:8537",
    "6": "127.0.0.1:8506",
    "33": "127.0.0.1:8533",
    "64": "127.0.0.1:9000",
    "2": "127.0.0.1:8502",
    "45": "127.0.0.1:8545",
    "14": "127.0.0.1:8514",
    "41": "127.0.0.1:8541",
    "10": "127.0.0.1:8510",
    "53": "127.0.0.1:8553",
    "22": "127.0.0.1:8522",
    "49": "127.0.0.1:8549",
    "18": "127.0.0.1:8518",
    "61": "127.0.0.1:8561",
    "30": "127.0.0.1:8530",
    "57": "127.0.0.1:8557",
    "26": "127.0.0.1:8526",
    "5": "127.0.0.1:8505",
    "36": "127.0.0.1:8536",
    "1": "127.0.0.1:8501",
    "32": "127.0.0.1:8532",
    "13": "127.0.0.1:8513",
    "44": "127.0.0.1:8544",
    "9": "127.0.0.1:8509",
    "40": "127.0.0.1:8540",
    "21": "127.0.0.1:8521",
    "52": "127.0.0.1:8552",
    "17": "127.0.0.1:8517",
    "48": "127.0.0.1:8548",
    "29": "127.0.0.1:8529",
    "60": "127.0.0.1:8560",
    "25": "127.0.0.1:8525",
    "56": "127.0.0.1:8556",
    "4": "127.0.0.1:8504",
    "39": "127.0.0.1:8539",
    "0": "127.0.0.1:8500",
    "35": "127.0.0.1:8535",
    "12": "127.0.0.1:8512",
    "47": "127.0.0.1:8547",
    "8": "127.0.0.1:8508",
    "43": "127.0.0.1:8543",
    "20": "127.0.0.1:8520",
    "55": "127.0.0.1:8555",
    "16": "127.0.0.1:8516",
    "51": "127.0.0.1:8551",
    "28": "127.0.0.1:8528",
    "63": "127.0.0.1:8563",
    "24": "127.0.0.1:8524",
    "59": "127.0.0.1:8559",
    "7": "127.0.0.1:8507",
    "38": "127.0.0.1:8538",
    "3": "127.0.0.1:8503",
    "34": "127.0.0.1:8534",
    "15": "127.0.0.1:8515",
    "46": "127.0.0.1:8546",
    "11": "127.0.0.1:8511",
    "42": "127.0.0.1:8542",
    "23": "127.0.0.1:8523",
    "54": "127.0.0.1:8554",
    "19": "127.0.0.1:8519",
    "50": "127.0.0.1:8550",
    "31": "127.0.0.1:8531",
    "62": "127.0.0.1:8562",
    "27": "127.0.0.1:8527",
    "58": "127.0.0.1:8558"
  },
  "delta": 100,
  "id": 28,
  "num_nodes": 64,
  "num_faults": 21,
  "block_size": 100,
  "client_port": 7028,
  "client_addr": "0.0.0.0:5000",
  "payload": 0,
  "prot_payload": "cc,/home/akhil/research/EEBA/libchatter/",
  "crypto_alg": "NOPKI",
  "pk_map": {},
  "secret_key_bytes": [],
  "sk_map": {
    "37": [
      247,
      192,
      79,
      222,
      85,
      63,
      242,
      190,
      219,
      207,
      166,
      76,
      186,
      25,
      51,
      163,
      218,
      171,
      209,
      246,
      157,
      205,
      22,
      35,
      38,
      177,
      218,
      98,
      56,
      155,
      193,
      14
    ],
    "6": [
      199,
      28,
      201,
      85,
      221,
      124,
      138,
      130,
      244,
      212,
      156,
      112,
      180,
      3,
      187,
      26,
      79,
      56,
      8,
      47,
      50,
      114,
      85,
      113,
      216,
      14,
      168,
      8,
      183,
      172,
      107,
      142
    ],
    "33": [
      20,
      64,
      155,
      122,
      178,
      26,
      87,
      207,
      217,
      78,
      136,
      230,
      10,
      101,
      229,
      29,
      9,
      243,
      123,
      53,
      77,
      24,
      110,
      150,
      163,
      3,
      239,
      129,
      208,
      205,
      118,
      243
    ],
    "2": [
      225,
      254,
      75,
      172,
      30,
      62,
      52,
      136,
      112,
      198,
      138,
      71,
      7,
      147,
      125,
      243,
      237,
      86,
      147,
      79,
      112,
      156,
      107,
      181,
      2,
      167,
      171,
      238,
      9,
      209,
      144,
      21
    ],
    "45": [
      226,
      7,
      114,
      172,
      115,
      34,
      180,
      98,
      86,
      182,
      232,
      81,
      91,
      175,
      190,
      167,
      84,
      245,
      226,
      204,
      225,
      126,
      229,
      161,
      63,
      120,
      195,
      75,
      225,
      37,
      215,
      164
    ],
    "14": [
      156,
      144,
      28,
      185,
      90,
      213,
      5,
      162,
      249,
      2,
      196,
      73,
      165,
      32,
      18,
      51,
      185,
      77,
      145,
      91,
      163,
      170,
      20,
      81,
      55,
      17,
      231,
      122,
      87,
      92,
      187,
      158
    ],
    "41": [
      231,
      203,
      152,
      8,
      221,
      59,
      144,
      215,
      231,
      82,
      156,
      40,
      165,
      244,
      159,
      235,
      50,
      20,
      212,
      25,
      5,
      28,
      210,
      131,
      124,
      22,
      49,
      13,
      127,
      125,
      47,
      208
    ],
    "10": [
      197,
      91,
      214,
      242,
      74,
      252,
      56,
      78,
      44,
      13,
      114,
      45,
      142,
      180,
      212,
      42,
      32,
      49,
      106,
      178,
      15,
      2,
      177,
      17,
      174,
      7,
      83,
      8,
      5,
      93,
      254,
      30
    ],
    "53": [
      81,
      105,
      20,
      110,
      41,
      7,
      16,
      180,
      251,
      14,
      7,
      45,
      128,
      110,
      8,
      15,
      97,
      103,
      122,
      176,
      49,
      75,
      0,
      42,
      103,
      40,
      200,
      222,
      98,
      254,
      103,
      185
    ],
    "22": [
      146,
      88,
      124,
      90,
      207,
      234,
      131,
      224,
      237,
      196,
      25,
      43,
      110,
      38,
      104,
      12,
      60,
      97,
      174,
      141,
      171,
      228,
      120,
      0,
      87,
      56,
      166,
      57,
      118,
      139,
      99,
      101
    ],
    "49": [
      111,
      243,
      225,
      232,
      188,
      202,
      119,
      216,
      125,
      55,
      130,
      24,
      53,
      86,
      94,
      42,
      39,
      163,
      220,
      197,
      110,
      71,
      3,
      122,
      67,
      10,
      87,
      4,
      229,
      25,
      214,
      77
    ],
    "18": [
      207,
      111,
      13,
      28,
      58,
      206,
      98,
      176,
      242,
      93,
      188,
      22,
      11,
      20,
      7,
      146,
      77,
      25,
      240,
      126,
      198,
      241,
      31,
      218,
      252,
      151,
      163,
      85,
      183,
      86,
      66,
      90
    ],
    "61": [
      130,
      26,
      242,
      242,
      133,
      96,
      182,
      102,
      114,
      184,
      211,
      59,
      134,
      216,
      26,
      252,
      249,
      209,
      141,
      196,
      217,
      110,
      32,
      80,
      34,
      214,
      182,
      102,
      96,
      140,
      127,
      144
    ],
    "30": [
      42,
      67,
      217,
      61,
      166,
      207,
      43,
      4,
      113,
      204,
      209,
      241,
      146,
      218,
      97,
      97,
      69,
      54,
      127,
      5,
      66,
      97,
      204,
      232,
      68,
      15,
      11,
      192,
      249,
      226,
      245,
      141
    ],
    "57": [
      231,
      51,
      108,
      234,
      232,
      186,
      173,
      175,
      224,
      40,
      24,
      48,
      200,
      238,
      187,
      243,
      99,
      123,
      181,
      95,
      16,
      110,
      146,
      93,
      40,
      9,
      136,
      9,
      0,
      167,
      242,
      173
    ],
    "26": [
      189,
      80,
      136,
      133,
      212,
      169,
      50,
      17,
      141,
      203,
      26,
      160,
      189,
      123,
      179,
      32,
      12,
      111,
      134,
      105,
      227,
      133,
      99,
      228,
      240,
      60,
      154,
      109,
      98,
      20,
      133,
      130
    ],
    "5": [
      220,
      45,
      179,
      216,
      18,
      233,
      2,
      51,
      239,
      45,
      101,
      130,
      36,
      128,
      60,
      127,
      156,
      169,
      150,
      118,
      60,
      95,
      236,
      56,
      65,
      183,
      42,
      137,
      127,
      79,
      84,
      243
    ],
    "36": [
      55,
      233,
      200,
      227,
      143,
      141,
      239,
      223,
      231,
      101,
      80,
      102,
      116,
      178,
      244,
      247,
      51,
      56,
      91,
      218,
      232,
      64,
      53,
      223,
      38,
      157,
      34,
      136,
      123,
      37,
      243,
      58
    ],
    "1": [
      37,
      131,
      44,
      21,
      146,
      187,
      230,
      126,
      69,
      49,
      42,
      147,
      89,
      69,
      116,
      34,
      133,
      21,
      110,
      70,
      141,
      242,
      28,
      184,
      69,
      178,
      16,
      75,
      74,
      205,
      135,
      104
    ],
    "32": [
      19,
      212,
      37,
      142,
      125,
      118,
      12,
      223,
      162,
      148,
      27,
      135,
      31,
      25,
      70,
      104,
      38,
      132,
      142,
      168,
      97,
      127,
      10,
      48,
      167,
      249,
      216,
      129,
      20,
      179,
      75,
      71
    ],
    "13": [
      8,
      254,
      49,
      110,
      53,
      96,
      233,
      81,
      214,
      245,
      48,
      210,
      237,
      23,
      101,
      1,
      35,
      122,
      91,
      229,
      45,
      125,
      120,
      205,
      230,
      68,
      113,
      233,
      11,
      0,
      79,
      248
    ],
    "44": [
      110,
      154,
      126,
      112,
      168,
      27,
      145,
      45,
      107,
      123,
      88,
      227,
      82,
      59,
      191,
      32,
      82,
      170,
      76,
      141,
      210,
      147,
      90,
      100,
      59,
      56,
      74,
      224,
      170,
      246,
      11,
      86
    ],
    "9": [
      190,
      101,
      23,
      173,
      217,
      130,
      253,
      44,
      110,
      130,
      216,
      217,
      209,
      39,
      231,
      134,
      45,
      175,
      18,
      152,
      61,
      129,
      39,
      38,
      54,
      165,
      3,
      193,
      141,
      204,
      237,
      168
    ],
    "40": [
      53,
      254,
      223,
      164,
      168,
      33,
      228,
      13,
      175,
      166,
      165,
      162,
      97,
      221,
      76,
      248,
      120,
      249,
      46,
      249,
      243,
      66,
      106,
      189,
      193,
      217,
      207,
      239,
      93,
      101,
      94,
      177
    ],
    "21": [
      144,
      92,
      137,
      202,
      245,
      195,
      33,
      125,
      185,
      248,
      46,
      202,
      147,
      159,
      40,
      249,
      118,
      20,
      111,
      15,
      79,
      37,
      83,
      213,
      61,
      27,
      173,
      11,
      44,
      19,
      44,
      8
    ],
    "52": [
      96,
      253,
      154,
      162,
      8,
      113,
      144,
      147,
      73,
      140,
      151,
      245,
      43,
      64,
      223,
      63,
      138,
      153,
      128,
      119,
      139,
      139,
      23,
      30,
      236,
      16,
      221,
      108,
      253,
      141,
      94,
      103
    ],
    "17": [
      57,
      105,
      80,
      7,
      173,
      105,
      15,
      67,
      89,
      140,
      248,
      124,
      58,
      239,
      195,
      215,
      240,
      220,
      200,
      127,
      142,
      72,
      170,
      33,
      80,
      228,
      157,
      23,
      13,
      143,
      47,
      202
    ],
    "48": [
      30,
      173,
      238,
      56,
      58,
      157,
      168,
      163,
      189,
      61,
      103,
      51,
      31,
      221,
      189,
      200,
      40,
      242,
      53,
      22,
      138,
      81,
      68,
      141,
      189,
      179,
      47,
      203,
      133,
      219,
      128,
      55
    ],
    "29": [
      113,
      138,
      163,
      52,
      33,
      108,
      28,
      38,
      221,
      180,
      222,
      15,
      206,
      20,
      35,
      54,
      116,
      12,
      237,
      159,
      251,
      181,
      220,
      21,
      238,
      229,
      58,
      169,
      112,
      197,
      198,
      139
    ],
    "60": [
      79,
      228,
      171,
      93,
      229,
      130,
      146,
      158,
      156,
      246,
      44,
      86,
      47,
      80,
      48,
      153,
      200,
      38,
      197,
      124,
      230,
      233,
      143,
      243,
      250,
      114,
      174,
      20,
      244,
      230,
      179,
      101
    ],
    "25": [
      38,
      148,
      20,
      109,
      60,
      180,
      80,
      161,
      96,
      141,
      100,
      96,
      53,
      123,
      110,
      222,
      202,
      205,
      128,
      248,
      125,
      12,
      23,
      113,
      167,
      173,
      87,
      221,
      189,
      194,
      132,
      156
    ],
    "56": [
      99,
      89,
      236,
      70,
      227,
      195,
      216,
      248,
      215,
      238,
      61,
      234,
      236,
      139,
      29,
      174,
      172,
      179,
      245,
      153,
      66,
      26,
      109,
      227,
      175,
      170,
      56,
      96,
      140,
      45,
      75,
      126
    ],
    "4": [
      236,
      167,
      137,
      100,
      98,
      186,
      81,
      178,
      56,
      176,
      56,
      73,
      102,
      249,
      3,
      148,
      151,
      88,
      198,
      44,
      58,
      143,
      77,
      97,
      144,
      99,
      213,
      233,
      81,
      25,
      15,
      145
    ],
    "39": [
      123,
      178,
      26,
      171,
      29,
      26,
      23,
      234,
      35,
      61,
      247,
      128,
      185,
      103,
      9,
      40,
      47,
      43,
      75,
      252,
      173,
      218,
      42,
      109,
      93,
      18,
      244,
      65,
      14,
      20,
      147,
      194
    ],
    "0": [
      89,
      148,
      134,
      188,
      6,
      112,
      69,
      241,
      111,
      147,
      142,
      158,
      59,
      93,
      122,
      76,
      89,
      1,
      187,
      204,
      202,
      28,
      26,
      154,
      240,
      137,
      87,
      253,
      64,
      63,
      206,
      103
    ],
    "35": [
      16,
      202,
      78,
      26,
      71,
      177,
      208,
      187,
      15,
      222,
      143,
      184,
      203,
      6,
      37,
      117,
      185,
      129,
      251,
      214,
      100,
      41,
      197,
      202,
      177,
      51,
      145,
      222,
      155,
      133,
      198,
      170
    ],
    "12": [
      98,
      127,
      71,
      99,
      101,
      5,
      49,
      23,
      54,
      77,
      156,
      247,
      187,
      170,
      79,
      15,
      212,
      214,
      149,
      233,
      91,
      16,
      231,
      178,
      104,
      184,
      216,
      16,
      237,
      129,
      168,
      208
    ],
    "47": [
      31,
      227,
      158,
      194,
      48,
      172,
      236,
      104,
      216,
      157,
      181,
      148,
      2,
      72,
      87,
      115,
      108,
      107,
      233,
      178,
      17,
      29,
      15,
      116,
      218,
      109,
      193,
      106,
      146,
      18,
      135,
      43
    ],
    "8": [
      49,
      94,
      177,
      59,
      253,
      227,
      37,
      235,
      65,
      95,
      52,
      100,
      60,
      177,
      79,
      241,
      116,
      234,
      250,
      152,
      157,
      192,
      174,
      172,
      191,
      15,
      177,
      53,
      174,
      179,
      45,
      125
    ],
    "43": [
      136,
      20,
      227,
      172,
      115,
      66,
      104,
      129,
      62,
      199,
      233,
      46,
      139,
      247,
      151,
      88,
      224,
      214,
      188,
      197,
      96,
      137,
      104,
      59,
      30,
      36,
      118,
      150,
      52,
      201,
      172,
      133
    ],
    "20": [
      64,
      195,
      34,
      19,
      145,
      18,
      125,
      173,
      41,
      77,
      53,
      233,
      39,
      107,
      148,
      232,
      253,
      23,
      9,
      18,
      154,
      63,
      123,
      168,
      143,
      15,
      58,
      242,
      149,
      120,
      185,
      71
    ],
    "55": [
      51,
      22,
      118,
      184,
      199,
      222,
      99,
      73,
      99,
      185,
      226,
      223,
      78,
      151,
      248,
      60,
      156,
      141,
      193,
      209,
      72,
      221,
      49,
      5,
      193,
      53,
      12,
      173,
      94,
      61,
      234,
      225
    ],
    "16": [
      180,
      157,
      205,
      44,
      28,
      59,
      7,
      61,
      94,
      170,
      129,
      79,
      237,
      108,
      166,
      39,
      181,
      145,
      177,
      202,
      96,
      158,
      181,
      127,
      167,
      18,
      17,
      203,
      186,
      248,
      213,
      13
    ],
    "51": [
      20,
      250,
      22,
      71,
      179,
      17,
      175,
      155,
      125,
      120,
      37,
      151,
      208,
      160,
      83,
      174,
      15,
      3,
      202,
      91,
      7,
      161,
      144,
      205,
      139,
      216,
      18,
      116,
      76,
      101,
      6,
      86
    ],
    "28": [
      203,
      4,
      254,
      169,
      28,
      73,
      3,
      174,
      217,
      73,
      13,
      75,
      220,
      17,
      178,
      134,
      187,
      247,
      147,
      106,
      182,
      22,
      176,
      174,
      85,
      58,
      117,
      174,
      226,
      73,
      4,
      61
    ],
    "63": [
      79,
      196,
      228,
      74,
      123,
      190,
      129,
      57,
      233,
      112,
      83,
      244,
      173,
      185,
      159,
      127,
      96,
      84,
      165,
      226,
      118,
      57,
      181,
      177,
      198,
      18,
      114,
      142,
      13,
      77,
      213,
      114
    ],
    "24": [
      112,
      161,
      134,
      140,
      67,
      112,
      78,
      47,
      233,
      7,
      90,
      1,
      75,
      33,
      111,
      255,
      52,
      206,
      6,
      143,
      192,
      23,
      189,
      182,
      202,
      39,
      13,
      65,
      145,
      232,
      255,
      97
    ],
    "59": [
      113,
      81,
      227,
      230,
      251,
      165,
      60,
      119,
      178,
      187,
      78,
      56,
      166,
      60,
      241,
      10,
      125,
      112,
      141,
      58,
      50,
      36,
      33,
      244,
      19,
      159,
      192,
      235,
      19,
      49,
      179,
      234
    ],
    "7": [
      77,
      39,
      95,
      238,
      115,
      18,
      76,
      2,
      79,
      85,
      74,
      32,
      125,
      11,
      249,
      34,
      98,
      126,
      226,
      223,
      170,
      241,
      150,
      161,
      120,
      112,
      238,
      168,
      46,
      107,
      23,
      248
    ],
    "38": [
      125,
      226,
      142,
      61,
      103,
      130,
      58,
      174,
      97,
      4,
      144,
      232,
      112,
      63,
      57,
      172,
      189,
      165,
      193,
      82,
      231,
      183,
      242,
      189,
      126,
      113,
      210,
      102,
      61,
      42,
      157,
      205
    ],
    "3": [
      95,
      112,
      217,
      25,
      17,
      82,
      128,
      91,
      2,
      131,
      192,
      81,
      51,
      229,
      81,
      122,
      245,
      29,
      89,
      118,
      192,
      51,
      226,
      43,
      184,
      94,
      187,
      196,
      132,
      163,
      10,
      63
    ],
    "34": [
      225,
      217,
      223,
      213,
      59,
      78,
      16,
      125,
      116,
      50,
      90,
      17,
      150,
      52,
      240,
      22,
      126,
      167,
      145,
      207,
      133,
      103,
      61,
      61,
      236,
      238,
      162,
      43,
      145,
      210,
      5,
      149
    ],
    "15": [
      29,
      101,
      159,
      164,
      102,
      9,
      155,
      116,
      60,
      207,
      216,
      52,
      148,
      33,
      146,
      3,
      112,
      134,
      24,
      110,
      240,
      19,
      180,
      131,
      162,
      252,
      177,
      250,
      41,
      165,
      89,
      50
    ],
    "46": [
      101,
      77,
      86,
      203,
      21,
      102,
      82,
      118,
      93,
      66,
      21,
      137,
      50,
      250,
      103,
      170,
      102,
      38,
      41,
      7,
      0,
      32,
      168,
      207,
      236,
      197,
      105,
      43,
      124,
      182,
      111,
      27
    ],
    "11": [
      143,
      70,
      33,
      175,
      157,
      123,
      115,
      111,
      168,
      229,
      145,
      126,
      81,
      226,
      184,
      254,
      147,
      168,
      180,
      121,
      220,
      91,
      14,
      203,
      149,
      72,
      59,
      86,
      138,
      64,
      99,
      200
    ],
    "42": [
      190,
      131,
      50,
      199,
      14,
      177,
      16,
      24,
      77,
      225,
      61,
      175,
      232,
      149,
      238,
      245,
      114,
      118,
      53,
      242,
      89,
      41,
      59,
      186,
      212,
      21,
      211,
      215,
      245,
      221,
      83,
      155
    ],
    "23": [
      163,
      26,
      51,
      197,
      119,
      77,
      148,
      8,
      123,
      242,
      17,
      19,
      205,
      82,
      8,
      62,
      52,
      184,
      127,
      96,
      60,
      57,
      191,
      196,
      44,
      203,
      18,
      86,
      224,
      47,
      2,
      158
    ],
    "54": [
      20,
      45,
      17,
      189,
      83,
      160,
      110,
      191,
      138,
      77,
      123,
      198,
      57,
      65,
      22,
      67,
      12,
      209,
      41,
      250,
      85,
      156,
      3,
      98,
      123,
      113,
      111,
      176,
      212,
      140,
      149,
      59
    ],
    "19": [
      19,
      126,
      155,
      101,
      253,
      77,
      149,
      141,
      55,
      151,
      42,
      227,
      46,
      245,
      251,
      55,
      216,
      31,
      108,
      79,
      73,
      243,
      16,
      194,
      189,
      114,
      149,
      174,
      2,
      158,
      70,
      152
    ],
    "50": [
      106,
      253,
      87,
      222,
      236,
      253,
      66,
      165,
      202,
      33,
      116,
      174,
      198,
      203,
      251,
      173,
      138,
      152,
      120,
      102,
      175,
      212,
      7,
      118,
      137,
      13,
      24,
      214,
      44,
      94,
      252,
      33
    ],
    "31": [
      26,
      185,
      121,
      11,
      35,
      158,
      253,
      67,
      96,
      195,
      147,
      76,
      136,
      154,
      120,
      151,
      135,
      181,
      145,
      230,
      191,
      122,
      136,
      3,
      100,
      62,
      12,
      154,
      124,
      110,
      160,
      82
    ],
    "62": [
      59,
      161,
      137,
      224,
      132,
      106,
      98,
      249,
      198,
      79,
      156,
      0,
      254,
      193,
      183,
      5,
      53,
      56,
      193,
      191,
      164,
      135,
      125,
      119,
      231,
      177,
      142,
      200,
      144,
      69,
      79,
      47
    ],
    "27": [
      224,
      190,
      127,
      38,
      16,
      186,
      146,
      114,
      234,
      51,
      205,
      27,
      14,
      88,
      188,
      3,
      200,
      238,
      38,
      196,
      132,
      170,
      224,
      186,
      71,
      83,
      118,
      252,
      216,
      232,
      69,
      196
    ],
    "58": [
      117,
      42,
      229,
      124,
      87,
      35,
      124,
      123,
      225,
      186,
      194,
      243,
      249,
      131,
      148,
      217,
      63,
      253,
      108,
      85,
      227,
      230,
      11,
      182,
      244,
      185,
      123,
      32,
      217,
      186,
      111,
      244
    ]
  },
  "my_cert": [],
  "my_cert_key": [],
  "root_cert": []
}