{
  "net_map": {
    "37": "127.0.0.1:8537",
    "6": "127.0.0.1:8506",
    "33": "127.0.0.1:8533",
    "64": "127.0.0.1:9000",
    "2": "127.0.0.1:8502",
    "45": "127.0.0.1:8545",
    "14": "127.0.0.1:8514",
    "41": "127.0.0.1:8541",
    "10": "127.0.0.1:8510",
    "53": "127.0.0.1:8553",
    "22": "127.0.0.1:8522",
    "49": "127.0.0.1:8549",
    "18": "127.0.0.1:8518",
    "61": "127.0.0.1:8561",
    "30": "127.0.0.1:8530",
    "57": "127.0.0.1:8557",
    "26": "127.0.0.1:8526",
    "5": "127.0.0.1:8505",
    "36": "127.0.0.1:8536",
    "1": "127.0.0.1:8501",
    "32": "127.0.0.1:8532",
    "13": "127.0.0.1:8513",
    "44": "127.0.0.1:8544",
    "9": "127.0.0.1:8509",
    "40": "127.0.0.1:8540",
    "21": "127.0.0.1:8521",
    "52": "127.0.0.1:8552",
    "17": "127.0.0.1:8517",
    "48": "127.0.0.1:8548",
    "29": "127.0.0.1:8529",
    "60": "127.0.0.1:8560",
    "25": "127.0.0.1:8525",
    "56": "127.0.0.1:8556",
    "4": "127.0.0.1:8504",
    "39": "127.0.0.1:8539",
    "0": "127.0.0.1:8500",
    "35": "127.0.0.1:8535",
    "12": "127.0.0.1:8512",
    "47": "127.0.0.1:8547",
    "8": "127.0.0.1:8508",
    "43": "127.0.0.1:8543",
    "20": "127.0.0.1:8520",
    "55": "127.0.0.1:8555",
    "16": "127.0.0.1:8516",
    "51": "127.0.0.1:8551",
    "28": "127.0.0.1:8528",
    "63": "127.0.0.1:8563",
    "24": "127.0.0.1:8524",
    "59": "127.0.0.1:8559",
    "7": "127.0.0.1:8507",
    "38": "127.0.0.1:8538",
    "3": "127.0.0.1:8503",
    "34": "127.0.0.1:8534",
    "15": "127.0.0.1:8515",
    "46": "127.0.0.1:8546",
    "11": "127.0.0.1:8511",
    "42": "127.0.0.1:8542",
    "23": "127.0.0.1:8523",
    "54": "127.0.0.1:8554",
    "19": "127.0.0.1:8519",
    "50": "127.0.0.1:8550",
    "31": "127.0.0.1:8531",
    "62": "127.0.0.1:8562",
    "27": "127.0.0.1:8527",
    "58": "127.0.0.1:8558"
  },
  "delta": 100,
  "id": 38,
  "num_nodes": 64,
  "num_faults": 21,
  "block_size": 100,
  "client_port": 7038,
  "client_addr": "0.0.0.0:5000",
  "payload": 0,
  "prot_payload": "cc,/home/akhil/research/EEBA/libchatter/",
  "crypto_alg": "NOPKI",
  "pk_map": {},
  "secret_key_bytes": [],
  "sk_map": {
    "37": [
      123,
      23,
      200,
      230,
      74,
      158,
      2,
      184,
      240,
      186,
      254,
      244,
      87,
      130,
      9,
      160,
      25,
      92,
      247,
      113,
      63,
      179,
      84,
      169,
      117,
      191,
      165,
      217,
      213,
      215,
      32,
      29
    ],
    "6": [
      151,
      147,
      183,
      187,
      6,
      240,
      94,
      230,
      187,
      107,
      85,
      125,
      233,
      11,
      47,
      148,
      29,
      85,
      138,
      71,
      213,
      108,
      149,
      44,
      187,
      55,
      4,
      23,
      42,
      174,
      87,
      247
    ],
    "33": [
      188,
      97,
      134,
      5,
      77,
      233,
      204,
      182,
      88,
      19,
      100,
      45,
      191,
      179,
      96,
      223,
      28,
      231,
      70,
      89,
      34,
      245,
      106,
      254,
      68,
      142,
      69,
      93,
      201,
      125,
      131,
      184
    ],
    "2": [
      249,
      150,
      206,
      191,
      71,
      215,
      193,
      27,
      101,
      209,
      244,
      144,
      23,
      148,
      98,
      172,
      124,
      120,
      181,
      147,
      95,
      202,
      232,
      143,
      157,
      129,
      235,
      5,
      65,
      224,
      215,
      236
    ],
    "45": [
      9,
      131,
      87,
      223,
      78,
      62,
      182,
      63,
      175,
      41,
      170,
      193,
      249,
      55,
      198,
      175,
      130,
      174,
      139,
      16,
      18,
      39,
      188,
      177,
      157,
      181,
      128,
      154,
      86,
      69,
      201,
      2
    ],
    "14": [
      124,
      74,
      86,
      62,
      121,
      15,
      222,
      212,
      134,
      249,
      166,
      128,
      196,
      206,
      0,
      56,
      153,
      1,
      244,
      171,
      73,
      135,
      9,
      145,
      228,
      67,
      210,
      140,
      81,
      64,
      222,
      96
    ],
    "41": [
      132,
      118,
      254,
      218,
      148,
      181,
      104,
      104,
      25,
      188,
      71,
      57,
      141,
      7,
      22,
      23,
      159,
      155,
      16,
      97,
      126,
      176,
      162,
      239,
      105,
      4,
      123,
      17,
      220,
      26,
      182,
      13
    ],
    "10": [
      205,
      34,
      214,
      191,
      81,
      122,
      193,
      244,
      68,
      46,
      99,
      245,
      207,
      29,
      176,
      238,
      27,
      231,
      238,
      55,
      109,
      126,
      126,
      230,
      22,
      12,
      172,
      141,
      122,
      47,
      188,
      141
    ],
    "53": [
      198,
      57,
      85,
      131,
      100,
      212,
      40,
      121,
      119,
      77,
      125,
      234,
      39,
      124,
      53,
      155,
      108,
      209,
      55,
      77,
      236,
      244,
      210,
      24,
      39,
      195,
      22,
      150,
      43,
      0,
      86,
      87
    ],
    "22": [
      65,
      9,
      252,
      2,
      252,
      188,
      173,
      56,
      31,
      94,
      214,
      202,
      77,
      101,
      23,
      137,
      5,
      209,
      137,
      68,
      226,
      108,
      171,
      0,
      203,
      60,
      187,
      24,
      112,
      242,
      178,
      92
    ],
    "49": [
      144,
      123,
      27,
      52,
      206,
      62,
      171,
      244,
      115,
      97,
      152,
      13,
      237,
      29,
      213,
      80,
      86,
      26,
      46,
      248,
      10,
      116,
      5,
      164,
      68,
      196,
      118,
      43,
      46,
      15,
      66,
      145
    ],
    "18": [
      20,
      173,
      36,
      47,
      161,
      66,
      165,
      215,
      90,
      119,
      67,
      19,
      248,
      28,
      29,
      177,
      33,
      176,
      235,
      97,
      111,
      151,
      174,
      21,
      230,
      230,
      88,
      244,
      64,
      166,
      249,
      31
    ],
    "61": [
      54,
      68,
      37,
      3,
      4,
      212,
      236,
      11,
      188,
      83,
      138,
      212,
      15,
      118,
      148,
      203,
      55,
      241,
      39,
      147,
      187,
      241,
      169,
      194,
      202,
      126,
      92,
      81,
      124,
      176,
      15,
      103
    ],
    "30": [
      188,
      37,
      86,
      26,
      203,
      58,
      68,
      73,
      167,
      69,
      73,
      46,
      136,
      100,
      221,
      4,
      235,
      148,
      154,
      92,
      208,
      84,
      22,
      251,
      236,
      87,
      6,
      242,
      165,
      127,
      186,
      176
    ],
    "57": [
      153,
      85,
      62,
      94,
      110,
      111,
      66,
      21,
      63,
      153,
      46,
      132,
      216,
      190,
      195,
      244,
      240,
      172,
      140,
      4,
      137,
      139,
      210,
      168,
      84,
      12,
      183,
      132,
      168,
      49,
      59,
      117
    ],
    "26": [
      163,
      8,
      50,
      93,
      58,
      135,
      239,
      214,
      13,
      91,
      98,
      104,
      244,
      37,
      86,
      100,
      25,
      48,
      189,
      160,
      125,
      242,
      50,
      110,
      151,
      255,
      162,
      169,
      47,
      227,
      179,
      216
    ],
    "5": [
      121,
      91,
      222,
      184,
      198,
      142,
      25,
      61,
      221,
      252,
      83,
      14,
      139,
      110,
      242,
      12,
      105,
      209,
      67,
      168,
      56,
      122,
      42,
      82,
      158,
      96,
      7,
      211,
      90,
      3,
      64,
      16
    ],
    "36": [
      13,
      23,
      20,
      147,
      111,
      106,
      109,
      25,
      241,
      200,
      233,
      85,
      135,
      205,
      37,
      78,
      220,
      73,
      197,
      140,
      79,
      8,
      72,
      102,
      205,
      213,
      166,
      252,
      231,
      213,
      183,
      131
    ],
    "1": [
      133,
      225,
      50,
      8,
      133,
      186,
      153,
      238,
      243,
      18,
      7,
      37,
      247,
      27,
      166,
      56,
      210,
      167,
      84,
      213,
      180,
      186,
      120,
      60,
      46,
      76,
      27,
      253,
      131,
      92,
      27,
      229
    ],
    "32": [
      77,
      24,
      185,
      125,
      198,
      232,
      105,
      212,
      203,
      35,
      137,
      100,
      144,
      232,
      12,
      238,
      226,
      176,
      227,
      197,
      51,
      255,
      66,
      17,
      76,
      142,
      112,
      58,
      150,
      81,
      181,
      116
    ],
    "13": [
      240,
      122,
      175,
      161,
      14,
      249,
      234,
      197,
      67,
      38,
      53,
      199,
      46,
      219,
      5,
      224,
      173,
      185,
      181,
      148,
      221,
      65,
      213,
      12,
      150,
      4,
      11,
      210,
      46,
      121,
      155,
      120
    ],
    "44": [
      20,
      225,
      60,
      104,
      190,
      23,
      171,
      109,
      159,
      88,
      44,
      155,
      202,
      214,
      57,
      173,
      88,
      240,
      248,
      181,
      56,
      4,
      101,
      216,
      27,
      29,
      25,
      159,
      200,
      6,
      86,
      1
    ],
    "9": [
      224,
      54,
      15,
      62,
      39,
      130,
      39,
      125,
      159,
      181,
      141,
      142,
      194,
      124,
      56,
      179,
      30,
      247,
      157,
      218,
      45,
      81,
      127,
      60,
      248,
      42,
      134,
      65,
      150,
      46,
      200,
      44
    ],
    "40": [
      213,
      128,
      198,
      146,
      23,
      116,
      145,
      117,
      208,
      16,
      216,
      29,
      142,
      126,
      17,
      40,
      26,
      162,
      85,
      19,
      73,
      13,
      185,
      46,
      228,
      109,
      223,
      242,
      59,
      158,
      131,
      45
    ],
    "21": [
      132,
      134,
      186,
      239,
      200,
      167,
      252,
      137,
      244,
      166,
      34,
      47,
      15,
      40,
      36,
      250,
      225,
      230,
      250,
      166,
      149,
      205,
      228,
      178,
      143,
      74,
      138,
      120,
      47,
      39,
      9,
      176
    ],
    "52": [
      199,
      243,
      244,
      151,
      27,
      194,
      208,
      6,
      250,
      111,
      171,
      159,
      170,
      173,
      139,
      177,
      23,
      108,
      216,
      159,
      79,
      148,
      83,
      74,
      146,
      105,
      25,
      117,
      110,
      72,
      10,
      43
    ],
    "17": [
      146,
      46,
      68,
      59,
      130,
      129,
      173,
      134,
      179,
      172,
      121,
      204,
      17,
      88,
      113,
      202,
      176,
      71,
      39,
      9,
      193,
      76,
      8,
      130,
      163,
      131,
      157,
      31,
      192,
      233,
      32,
      142
    ],
    "48": [
      237,
      230,
      38,
      221,
      61,
      159,
      253,
      61,
      129,
      74,
      41,
      58,
      77,
      130,
      191,
      202,
      39,
      132,
      81,
      225,
      39,
      109,
      80,
      100,
      190,
      243,
      119,
      161,
      73,
      242,
      235,
      212
    ],
    "29": [
      174,
      143,
      176,
      102,
      177,
      101,
      131,
      94,
      111,
      165,
      101,
      113,
      72,
      53,
      64,
      231,
      151,
      165,
      94,
      150,
      131,
      211,
      142,
      95,
      118,
      7,
      185,
      158,
      222,
      49,
      236,
      247
    ],
    "60": [
      179,
      243,
      2,
      166,
      210,
      111,
      160,
      146,
      13,
      145,
      140,
      147,
      173,
      102,
      116,
      46,
      28,
      110,
      54,
      144,
      135,
      211,
      245,
      253,
      223,
      32,
      220,
      91,
      76,
      128,
      108,
      184
    ],
    "25": [
      205,
      133,
      65,
      159,
      180,
      183,
      35,
      0,
      135,
      156,
      62,
      129,
      151,
      23,
      248,
      40,
      160,
      92,
      68,
      0,
      228,
      97,
      145,
      167,
      207,
      10,
      98,
      239,
      16,
      176,
      207,
      25
    ],
    "56": [
      160,
      248,
      160,
      111,
      145,
      229,
      1,
      29,
      36,
      144,
      230,
      248,
      122,
      217,
      162,
      64,
      164,
      155,
      163,
      27,
      112,
      9,
      218,
      156,
      151,
      86,
      179,
      67,
      149,
      100,
      140,
      157
    ],
    "4": [
      190,
      150,
      152,
      187,
      36,
      88,
      148,
      228,
      103,
      197,
      165,
      70,
      221,
      182,
      40,
      3,
      142,
      96,
      254,
      147,
      67,
      87,
      246,
      160,
      133,
      224,
      111,
      138,
      241,
      0,
      2,
      187
    ],
    "39": [
      219,
      112,
      203,
      188,
      202,
      223,
      176,
      159,
      216,
      224,
      25,
      226,
      241,
      213,
      177,
      246,
      85,
      74,
      196,
      213,
      246,
      157,
      152,
      0,
      65,
      137,
      8,
      134,
      131,
      140,
      164,
      54
    ],
    "0": [
      153,
      14,
      37,
      172,
      162,
      103,
      131,
      202,
      162,
      49,
      166,
      23,
      60,
      207,
      154,
      120,
      190,
      196,
      83,
      88,
      6,
      253,
      130,
      166,
      108,
      94,
      73,
      131,
      232,
      249,
      205,
      20
    ],
    "35": [
      14,
      34,
      157,
      98,
      217,
      135,
      239,
      127,
      139,
      235,
      21,
      4,
      7,
      116,
      92,
      129,
      211,
      59,
      41,
      94,
      172,
      237,
      29,
      12,
      60,
      141,
      99,
      17,
      65,
      7,
      236,
      54
    ],
    "12": [
      155,
      224,
      250,
      112,
      151,
      89,
      132,
      133,
      97,
      131,
      241,
      65,
      223,
      189,
      39,
      173,
      166,
      97,
      136,
      143,
      121,
      83,
      90,
      92,
      210,
      29,
      102,
      184,
      126,
      58,
      251,
      96
    ],
    "47": [
      226,
      170,
      70,
      169,
      182,
      169,
      187,
      218,
      172,
      64,
      4,
      68,
      34,
      199,
      12,
      47,
      208,
      17,
      11,
      55,
      167,
      88,
      148,
      236,
      76,
      172,
      113,
      213,
      134,
      33,
      227,
      104
    ],
    "8": [
      162,
      156,
      150,
      190,
      242,
      242,
      38,
      253,
      113,
      29,
      96,
      254,
      190,
      113,
      27,
      106,
      253,
      173,
      161,
      146,
      164,
      179,
      5,
      92,
      51,
      52,
      1,
      144,
      121,
      20,
      66,
      136
    ],
    "43": [
      32,
      239,
      214,
      65,
      76,
      178,
      223,
      231,
      112,
      239,
      255,
      159,
      174,
      163,
      90,
      170,
      173,
      163,
      86,
      188,
      23,
      173,
      76,
      95,
      7,
      36,
      99,
      168,
      69,
      122,
      44,
      30
    ],
    "20": [
      194,
      234,
      206,
      67,
      84,
      126,
      18,
      249,
      162,
      176,
      80,
      194,
      79,
      236,
      30,
      141,
      83,
      119,
      87,
      172,
      17,
      146,
      123,
      84,
      181,
      139,
      17,
      197,
      249,
      79,
      42,
      167
    ],
    "55": [
      107,
      149,
      34,
      234,
      187,
      152,
      134,
      135,
      183,
      154,
      87,
      152,
      136,
      126,
      179,
      112,
      140,
      37,
      35,
      41,
      40,
      15,
      105,
      110,
      252,
      20,
      22,
      204,
      191,
      207,
      1,
      146
    ],
    "16": [
      50,
      9,
      159,
      166,
      70,
      103,
      178,
      220,
      100,
      227,
      76,
      194,
      40,
      68,
      165,
      198,
      52,
      148,
      72,
      82,
      215,
      106,
      125,
      236,
      132,
      48,
      141,
      93,
      188,
      191,
      95,
      120
    ],
    "51": [
      237,
      35,
      198,
      159,
      91,
      8,
      106,
      134,
      226,
      21,
      148,
      90,
      36,
      83,
      19,
      249,
      132,
      159,
      36,
      146,
      216,
      28,
      144,
      254,
      212,
      168,
      47,
      38,
      249,
      158,
      103,
      116
    ],
    "28": [
      125,
      226,
      142,
      61,
      103,
      130,
      58,
      174,
      97,
      4,
      144,
      232,
      112,
      63,
      57,
      172,
      189,
      165,
      193,
      82,
      231,
      183,
      242,
      189,
      126,
      113,
      210,
      102,
      61,
      42,
      157,
      205
    ],
    "63": [
      81,
      106,
      191,
      105,
      38,
      1,
      151,
      227,
      233,
      212,
      183,
      121,
      107,
      253,
      176,
      227,
      112,
      209,
      40,
      99,
      141,
      58,
      63,
      149,
      188,
      201,
      113,
      239,
      229,
      227,
      249,
      116
    ],
    "24": [
      103,
      255,
      8,
      74,
      84,
      80,
      179,
      219,
      94,
      159,
      145,
      79,
      194,
      49,
      3,
      189,
      107,
      136,
      240,
      244,
      215,
      205,
      232,
      53,
      114,
      233,
      101,
      181,
      110,
      234,
      50,
      0
    ],
    "59": [
      246,
      47,
      213,
      213,
      25,
      5,
      39,
      209,
      99,
      176,
      36,
      186,
      88,
      101,
      205,
      50,
      136,
      63,
      62,
      229,
      199,
      99,
      225,
      221,
      233,
      197,
      6,
      4,
      87,
      11,
      13,
      98
    ],
    "7": [
      248,
      30,
      218,
      87,
      200,
      112,
      107,
      117,
      146,
      14,
      86,
      30,
      60,
      20,
      64,
      253,
      71,
      195,
      255,
      47,
      7,
      250,
      69,
      173,
      242,
      191,
      215,
      221,
      251,
      99,
      95,
      248
    ],
    "38": [
      207,
      50,
      34,
      105,
      113,
      71,
      94,
      33,
      252,
      18,
      144,
      52,
      116,
      179,
      138,
      77,
      12,
      5,
      49,
      220,
      167,
      69,
      7,
      173,
      18,
      92,
      19,
      131,
      253,
      42,
      232,
      94
    ],
    "3": [
      145,
      14,
      213,
      237,
      22,
      244,
      144,
      88,
      9,
      235,
      150,
      190,
      75,
      10,
      227,
      136,
      135,
      135,
      41,
      86,
      209,
      18,
      64,
      20,
      247,
      84,
      52,
      35,
      109,
      4,
      67,
      242
    ],
    "34": [
      156,
      194,
      234,
      146,
      57,
      13,
      238,
      83,
      210,
      195,
      16,
      90,
      173,
      88,
      134,
      32,
      48,
      105,
      227,
      68,
      102,
      175,
      116,
      99,
      105,
      79,
      202,
      137,
      5,
      95,
      115,
      191
    ],
    "15": [
      32,
      54,
      175,
      230,
      238,
      38,
      61,
      182,
      75,
      104,
      182,
      78,
      191,
      174,
      141,
      59,
      89,
      14,
      20,
      193,
      118,
      159,
      82,
      166,
      51,
      47,
      225,
      148,
      77,
      120,
      137,
      105
    ],
    "46": [
      194,
      224,
      207,
      223,
      69,
      248,
      47,
      0,
      134,
      230,
      59,
      111,
      96,
      136,
      234,
      107,
      36,
      158,
      190,
      81,
      9,
      216,
      134,
      219,
      98,
      247,
      48,
      69,
      62,
      71,
      172,
      225
    ],
    "11": [
      76,
      87,
      255,
      227,
      125,
      90,
      164,
      66,
      211,
      218,
      147,
      203,
      22,
      47,
      242,
      216,
      115,
      88,
      41,
      75,
      12,
      143,
      165,
      134,
      192,
      137,
      160,
      173,
      199,
      255,
      220,
      207
    ],
    "42": [
      209,
      77,
      213,
      1,
      112,
      145,
      35,
      169,
      234,
      133,
      110,
      165,
      95,
      113,
      205,
      210,
      12,
      210,
      113,
      75,
      26,
      111,
      59,
      196,
      45,
      61,
      134,
      106,
      179,
      22,
      26,
      74
    ],
    "23": [
      126,
      121,
      189,
      183,
      156,
      25,
      75,
      123,
      195,
      245,
      182,
      11,
      165,
      13,
      228,
      232,
      116,
      102,
      204,
      108,
      232,
      195,
      9,
      152,
      61,
      209,
      101,
      218,
      219,
      184,
      232,
      222
    ],
    "54": [
      166,
      154,
      67,
      172,
      7,
      163,
      186,
      159,
      5,
      11,
      252,
      254,
      156,
      162,
      233,
      215,
      126,
      229,
      74,
      45,
      139,
      41,
      107,
      109,
      246,
      36,
      98,
      211,
      211,
      180,
      247,
      214
    ],
    "19": [
      119,
      26,
      110,
      136,
      228,
      142,
      119,
      128,
      130,
      19,
      111,
      212,
      247,
      46,
      141,
      229,
      245,
      30,
      100,
      246,
      89,
      138,
      232,
      232,
      177,
      252,
      158,
      123,
      133,
      118,
      197,
      185
    ],
    "50": [
      46,
      178,
      87,
      65,
      179,
      85,
      207,
      25,
      123,
      249,
      167,
      152,
      124,
      179,
      228,
      42,
      61,
      57,
      56,
      81,
      226,
      224,
      241,
      122,
      184,
      122,
      226,
      56,
      111,
      65,
      15,
      28
    ],
    "31": [
      108,
      161,
      187,
      188,
      84,
      60,
      21,
      47,
      164,
      123,
      207,
      98,
      255,
      164,
      171,
      220,
      44,
      114,
      192,
      154,
      250,
      121,
      121,
      128,
      211,
      77,
      162,
      173,
      211,
      62,
      186,
      171
    ],
    "62": [
      23,
      45,
      105,
      50,
      201,
      190,
      116,
      83,
      12,
      252,
      233,
      107,
      21,
      71,
      207,
      7,
      191,
      3,
      224,
      116,
      70,
      74,
      60,
      240,
      86,
      56,
      3,
      51,
      174,
      204,
      77,
      149
    ],
    "27": [
      226,
      254,
      39,
      207,
      169,
      151,
      247,
      118,
      235,
      218,
      109,
      232,
      138,
      234,
      63,
      230,
      45,
      189,
      116,
      118,
      157,
      54,
      125,
      205,
      51,
      248,
      125,
      2,
      197,
      61,
      11,
      211
    ],
    "58": [
      217,
      147,
      11,
      102,
      106,
      42,
      238,
      245,
      123,
      110,
      234,
      229,
      92,
      105,
      225,
      237,
      86,
      124,
      225,
      4,
      29,
      78,
      105,
      63,
      16,
      163,
      179,
      33,
      33,
      215,
      190,
      194
    ]
  },
  "my_cert": [],
  "my_cert_key": [],
  "root_cert": []
}