{
  "net_map": {
    "37": "127.0.0.1:8537",
    "6": "127.0.0.1:8506",
    "33": "127.0.0.1:8533",
    "64": "127.0.0.1:9000",
    "2": "127.0.0.1:8502",
    "45": "127.0.0.1:8545",
    "14": "127.0.0.1:8514",
    "41": "127.0.0.1:8541",
    "10": "127.0.0.1:8510",
    "53": "127.0.0.1:8553",
    "22": "127.0.0.1:8522",
    "49": "127.0.0.1:8549",
    "18": "127.0.0.1:8518",
    "61": "127.0.0.1:8561",
    "30": "127.0.0.1:8530",
    "57": "127.0.0.1:8557",
    "26": "127.0.0.1:8526",
    "5": "127.0.0.1:8505",
    "36": "127.0.0.1:8536",
    "1": "127.0.0.1:8501",
    "32": "127.0.0.1:8532",
    "13": "127.0.0.1:8513",
    "44": "127.0.0.1:8544",
    "9": "127.0.0.1:8509",
    "40": "127.0.0.1:8540",
    "21": "127.0.0.1:8521",
    "52": "127.0.0.1:8552",
    "17": "127.0.0.1:8517",
    "48": "127.0.0.1:8548",
    "29": "127.0.0.1:8529",
    "60": "127.0.0.1:8560",
    "25": "127.0.0.1:8525",
    "56": "127.0.0.1:8556",
    "4": "127.0.0.1:8504",
    "39": "127.0.0.1:8539",
    "0": "127.0.0.1:8500",
    "35": "127.0.0.1:8535",
    "12": "127.0.0.1:8512",
    "47": "127.0.0.1:8547",
    "8": "127.0.0.1:8508",
    "43": "127.0.0.1:8543",
    "20": "127.0.0.1:8520",
    "55": "127.0.0.1:8555",
    "16": "127.0.0.1:8516",
    "51": "127.0.0.1:8551",
    "28": "127.0.0.1:8528",
    "63": "127.0.0.1:8563",
    "24": "127.0.0.1:8524",
    "59": "127.0.0.1:8559",
    "7": "127.0.0.1:8507",
    "38": "127.0.0.1:8538",
    "3": "127.0.0.1:8503",
    "34": "127.0.0.1:8534",
    "15": "127.0.0.1:8515",
    "46": "127.0.0.1:8546",
    "11": "127.0.0.1:8511",
    "42": "127.0.0.1:8542",
    "23": "127.0.0.1:8523",
    "54": "127.0.0.1:8554",
    "19": "127.0.0.1:8519",
    "50": "127.0.0.1:8550",
    "31": "127.0.0.1:8531",
    "62": "127.0.0.1:8562",
    "27": "127.0.0.1:8527",
    "58": "127.0.0.1:8558"
  },
  "delta": 100,
  "id": 60,
  "num_nodes": 64,
  "num_faults": 21,
  "block_size": 100,
  "client_port": 7060,
  "client_addr": "0.0.0.0:5000",
  "payload": 0,
  "prot_payload": "cc,/home/akhil/research/EEBA/libchatter/",
  "crypto_alg": "NOPKI",
  "pk_map": {},
  "secret_key_bytes": [],
  "sk_map": {
    "37": [
      48,
      31,
      126,
      22,
      113,
      241,
      102,
      53,
      212,
      134,
      91,
      18,
      182,
      82,
      71,
      225,
      86,
      236,
      119,
      248,
      211,
      55,
      101,
      66,
      20,
      29,
      209,
      211,
      232,
      86,
      27,
      111
    ],
    "6": [
      117,
      236,
      171,
      41,
      8,
      199,
      139,
      83,
      238,
      34,
      166,
      91,
      53,
      42,
      221,
      241,
      159,
      201,
      200,
      49,
      47,
      78,
      249,
      189,
      171,
      143,
      199,
      11,
      139,
      245,
      192,
      3
    ],
    "33": [
      203,
      18,
      251,
      92,
      105,
      30,
      241,
      203,
      11,
      70,
      172,
      105,
      98,
      214,
      49,
      224,
      190,
      221,
      209,
      7,
      217,
      168,
      243,
      69,
      115,
      163,
      50,
      56,
      136,
      72,
      45,
      7
    ],
    "2": [
      175,
      18,
      247,
      132,
      61,
      192,
      44,
      173,
      228,
      8,
      45,
      211,
      2,
      124,
      216,
      166,
      222,
      97,
      34,
      21,
      8,
      132,
      171,
      103,
      58,
      16,
      180,
      30,
      204,
      104,
      122,
      102
    ],
    "45": [
      189,
      43,
      59,
      225,
      228,
      203,
      19,
      81,
      248,
      85,
      13,
      116,
      183,
      142,
      223,
      56,
      76,
      225,
      42,
      4,
      162,
      178,
      230,
      194,
      103,
      237,
      192,
      55,
      218,
      148,
      175,
      248
    ],
    "14": [
      33,
      21,
      237,
      166,
      88,
      188,
      3,
      155,
      207,
      145,
      200,
      91,
      168,
      100,
      31,
      222,
      55,
      253,
      26,
      190,
      48,
      34,
      221,
      212,
      249,
      203,
      212,
      30,
      80,
      133,
      188,
      252
    ],
    "41": [
      102,
      72,
      132,
      221,
      202,
      235,
      24,
      48,
      14,
      189,
      252,
      58,
      173,
      137,
      75,
      236,
      197,
      167,
      44,
      124,
      146,
      102,
      123,
      34,
      144,
      186,
      189,
      155,
      46,
      234,
      150,
      163
    ],
    "10": [
      158,
      217,
      14,
      238,
      52,
      186,
      132,
      211,
      17,
      53,
      125,
      60,
      112,
      155,
      51,
      253,
      141,
      158,
      109,
      75,
      198,
      89,
      103,
      43,
      76,
      219,
      135,
      24,
      211,
      105,
      176,
      20
    ],
    "53": [
      195,
      107,
      252,
      211,
      47,
      85,
      57,
      238,
      79,
      139,
      174,
      205,
      232,
      103,
      228,
      27,
      147,
      29,
      125,
      25,
      125,
      139,
      217,
      205,
      22,
      152,
      137,
      147,
      160,
      251,
      73,
      4
    ],
    "22": [
      183,
      83,
      46,
      119,
      7,
      42,
      60,
      79,
      200,
      92,
      59,
      8,
      15,
      110,
      157,
      176,
      57,
      34,
      225,
      141,
      209,
      109,
      75,
      64,
      176,
      82,
      191,
      34,
      177,
      197,
      194,
      59
    ],
    "49": [
      50,
      210,
      242,
      156,
      254,
      138,
      2,
      87,
      102,
      87,
      54,
      26,
      248,
      5,
      115,
      118,
      127,
      146,
      176,
      179,
      25,
      113,
      238,
      242,
      205,
      189,
      185,
      215,
      249,
      211,
      183,
      54
    ],
    "18": [
      158,
      226,
      191,
      42,
      229,
      87,
      95,
      104,
      147,
      199,
      182,
      210,
      221,
      144,
      78,
      37,
      195,
      86,
      55,
      84,
      186,
      21,
      74,
      61,
      116,
      158,
      59,
      74,
      241,
      76,
      99,
      154
    ],
    "61": [
      123,
      183,
      173,
      122,
      114,
      51,
      12,
      17,
      132,
      132,
      42,
      117,
      102,
      113,
      179,
      166,
      21,
      189,
      105,
      1,
      66,
      137,
      72,
      188,
      55,
      39,
      17,
      159,
      123,
      227,
      180,
      105
    ],
    "30": [
      217,
      103,
      123,
      198,
      213,
      21,
      223,
      139,
      99,
      17,
      78,
      177,
      200,
      147,
      249,
      202,
      131,
      36,
      29,
      106,
      189,
      67,
      136,
      9,
      154,
      131,
      190,
      57,
      44,
      207,
      119,
      146
    ],
    "57": [
      75,
      174,
      238,
      88,
      193,
      32,
      34,
      177,
      226,
      200,
      229,
      69,
      45,
      148,
      110,
      180,
      17,
      71,
      141,
      29,
      188,
      120,
      231,
      239,
      36,
      201,
      6,
      247,
      244,
      99,
      2,
      79
    ],
    "26": [
      196,
      86,
      193,
      115,
      142,
      128,
      164,
      31,
      26,
      245,
      73,
      218,
      78,
      220,
      23,
      54,
      214,
      154,
      178,
      89,
      200,
      13,
      168,
      190,
      157,
      44,
      223,
      60,
      37,
      141,
      132,
      18
    ],
    "5": [
      75,
      2,
      197,
      204,
      218,
      178,
      156,
      207,
      218,
      170,
      241,
      213,
      153,
      91,
      209,
      22,
      121,
      55,
      199,
      0,
      234,
      176,
      189,
      248,
      95,
      244,
      9,
      209,
      92,
      240,
      29,
      108
    ],
    "36": [
      58,
      131,
      173,
      101,
      38,
      5,
      128,
      222,
      61,
      85,
      51,
      89,
      250,
      236,
      40,
      21,
      160,
      133,
      163,
      169,
      237,
      4,
      254,
      213,
      29,
      143,
      204,
      163,
      178,
      191,
      57,
      66
    ],
    "1": [
      40,
      70,
      117,
      1,
      0,
      67,
      4,
      147,
      203,
      51,
      220,
      206,
      163,
      123,
      45,
      130,
      185,
      18,
      238,
      140,
      54,
      57,
      177,
      163,
      222,
      126,
      64,
      38,
      114,
      93,
      112,
      239
    ],
    "32": [
      171,
      232,
      139,
      73,
      63,
      238,
      147,
      221,
      254,
      10,
      117,
      4,
      21,
      5,
      122,
      27,
      178,
      41,
      89,
      62,
      77,
      171,
      254,
      199,
      226,
      79,
      70,
      44,
      129,
      93,
      220,
      198
    ],
    "13": [
      233,
      223,
      128,
      247,
      131,
      165,
      255,
      219,
      24,
      192,
      63,
      253,
      90,
      140,
      184,
      50,
      105,
      27,
      124,
      231,
      17,
      208,
      67,
      250,
      61,
      226,
      104,
      121,
      66,
      81,
      40,
      122
    ],
    "44": [
      205,
      171,
      85,
      141,
      39,
      4,
      196,
      222,
      192,
      213,
      166,
      242,
      240,
      122,
      250,
      162,
      108,
      10,
      122,
      38,
      110,
      40,
      93,
      132,
      70,
      72,
      180,
      12,
      147,
      247,
      169,
      61
    ],
    "9": [
      0,
      155,
      33,
      111,
      100,
      231,
      13,
      83,
      234,
      140,
      90,
      211,
      14,
      31,
      11,
      179,
      89,
      191,
      99,
      19,
      71,
      106,
      162,
      29,
      91,
      122,
      3,
      178,
      38,
      238,
      163,
      212
    ],
    "40": [
      34,
      195,
      135,
      121,
      106,
      166,
      42,
      144,
      69,
      182,
      168,
      88,
      152,
      190,
      14,
      12,
      93,
      107,
      219,
      211,
      233,
      53,
      63,
      221,
      238,
      72,
      96,
      111,
      136,
      46,
      41,
      233
    ],
    "21": [
      105,
      158,
      42,
      10,
      51,
      201,
      80,
      214,
      160,
      13,
      163,
      69,
      14,
      137,
      23,
      138,
      173,
      45,
      69,
      138,
      13,
      84,
      4,
      17,
      155,
      87,
      67,
      68,
      86,
      126,
      188,
      123
    ],
    "52": [
      252,
      199,
      219,
      158,
      226,
      155,
      110,
      198,
      193,
      96,
      244,
      166,
      82,
      22,
      136,
      223,
      206,
      229,
      81,
      138,
      42,
      6,
      241,
      228,
      139,
      103,
      167,
      235,
      52,
      160,
      142,
      20
    ],
    "17": [
      171,
      13,
      94,
      60,
      194,
      178,
      103,
      151,
      24,
      198,
      175,
      173,
      221,
      86,
      224,
      231,
      221,
      219,
      133,
      12,
      147,
      65,
      53,
      225,
      62,
      214,
      29,
      90,
      134,
      214,
      174,
      229
    ],
    "48": [
      165,
      173,
      0,
      7,
      82,
      142,
      86,
      157,
      181,
      239,
      211,
      52,
      235,
      237,
      217,
      97,
      126,
      135,
      244,
      23,
      253,
      187,
      141,
      216,
      227,
      179,
      249,
      61,
      175,
      247,
      134,
      250
    ],
    "29": [
      123,
      9,
      236,
      13,
      73,
      40,
      234,
      240,
      235,
      123,
      72,
      185,
      236,
      118,
      44,
      156,
      54,
      25,
      120,
      23,
      127,
      245,
      12,
      43,
      15,
      41,
      103,
      15,
      103,
      181,
      207,
      46
    ],
    "60": [
      193,
      83,
      64,
      165,
      1,
      162,
      121,
      196,
      146,
      1,
      158,
      35,
      18,
      110,
      219,
      238,
      63,
      130,
      88,
      150,
      183,
      60,
      37,
      220,
      194,
      154,
      38,
      125,
      241,
      86,
      168,
      65
    ],
    "25": [
      112,
      24,
      255,
      80,
      186,
      224,
      148,
      45,
      43,
      193,
      25,
      8,
      23,
      38,
      150,
      213,
      21,
      32,
      188,
      234,
      111,
      165,
      57,
      231,
      243,
      89,
      26,
      99,
      130,
      151,
      157,
      48
    ],
    "56": [
      136,
      145,
      127,
      235,
      68,
      237,
      166,
      57,
      223,
      131,
      234,
      245,
      58,
      36,
      122,
      61,
      72,
      74,
      8,
      40,
      223,
      185,
      131,
      190,
      19,
      148,
      24,
      228,
      231,
      99,
      66,
      86
    ],
    "4": [
      13,
      193,
      248,
      133,
      253,
      170,
      250,
      77,
      9,
      74,
      162,
      207,
      101,
      141,
      31,
      167,
      18,
      134,
      69,
      117,
      251,
      81,
      60,
      220,
      77,
      104,
      125,
      77,
      141,
      201,
      28,
      107
    ],
    "39": [
      19,
      116,
      113,
      72,
      219,
      70,
      69,
      73,
      54,
      2,
      239,
      116,
      72,
      65,
      255,
      186,
      114,
      154,
      87,
      128,
      87,
      153,
      239,
      206,
      81,
      176,
      50,
      224,
      210,
      120,
      246,
      54
    ],
    "0": [
      117,
      180,
      138,
      15,
      68,
      53,
      153,
      211,
      16,
      82,
      99,
      248,
      98,
      66,
      27,
      17,
      221,
      225,
      33,
      157,
      176,
      36,
      2,
      255,
      50,
      225,
      80,
      11,
      85,
      162,
      255,
      130
    ],
    "35": [
      238,
      212,
      204,
      103,
      154,
      109,
      73,
      225,
      246,
      156,
      180,
      196,
      239,
      128,
      30,
      8,
      4,
      253,
      122,
      4,
      100,
      26,
      15,
      174,
      246,
      175,
      152,
      139,
      190,
      234,
      201,
      83
    ],
    "12": [
      182,
      191,
      125,
      206,
      213,
      217,
      48,
      20,
      191,
      173,
      115,
      127,
      175,
      45,
      192,
      234,
      211,
      183,
      80,
      212,
      9,
      69,
      205,
      253,
      141,
      143,
      28,
      83,
      238,
      116,
      35,
      250
    ],
    "47": [
      87,
      207,
      217,
      247,
      27,
      18,
      172,
      79,
      188,
      114,
      159,
      48,
      112,
      129,
      76,
      243,
      111,
      84,
      45,
      152,
      129,
      86,
      253,
      117,
      14,
      145,
      37,
      37,
      129,
      24,
      48,
      234
    ],
    "8": [
      55,
      222,
      225,
      175,
      204,
      15,
      155,
      240,
      173,
      53,
      237,
      63,
      66,
      48,
      225,
      51,
      68,
      205,
      38,
      100,
      39,
      156,
      4,
      201,
      126,
      77,
      46,
      86,
      118,
      239,
      235,
      170
    ],
    "43": [
      253,
      106,
      41,
      153,
      10,
      216,
      73,
      40,
      221,
      152,
      112,
      71,
      138,
      237,
      178,
      198,
      244,
      195,
      125,
      3,
      175,
      134,
      251,
      53,
      141,
      237,
      241,
      29,
      179,
      172,
      187,
      141
    ],
    "20": [
      29,
      8,
      230,
      58,
      14,
      137,
      79,
      49,
      107,
      180,
      247,
      60,
      229,
      246,
      211,
      253,
      124,
      231,
      144,
      164,
      158,
      39,
      66,
      168,
      170,
      15,
      167,
      167,
      100,
      170,
      174,
      244
    ],
    "55": [
      138,
      113,
      40,
      138,
      170,
      155,
      10,
      96,
      127,
      176,
      166,
      56,
      109,
      160,
      96,
      182,
      252,
      175,
      59,
      1,
      204,
      218,
      196,
      183,
      107,
      205,
      48,
      93,
      110,
      112,
      2,
      69
    ],
    "16": [
      154,
      248,
      58,
      245,
      221,
      82,
      179,
      188,
      173,
      220,
      38,
      40,
      61,
      76,
      246,
      16,
      107,
      119,
      241,
      114,
      157,
      227,
      199,
      144,
      107,
      67,
      106,
      98,
      1,
      116,
      253,
      65
    ],
    "51": [
      35,
      141,
      64,
      67,
      181,
      173,
      6,
      216,
      178,
      229,
      214,
      17,
      247,
      15,
      149,
      53,
      247,
      248,
      195,
      20,
      5,
      206,
      122,
      52,
      102,
      77,
      206,
      178,
      11,
      136,
      205,
      183
    ],
    "28": [
      79,
      228,
      171,
      93,
      229,
      130,
      146,
      158,
      156,
      246,
      44,
      86,
      47,
      80,
      48,
      153,
      200,
      38,
      197,
      124,
      230,
      233,
      143,
      243,
      250,
      114,
      174,
      20,
      244,
      230,
      179,
      101
    ],
    "63": [
      54,
      173,
      246,
      91,
      167,
      80,
      192,
      107,
      153,
      141,
      251,
      121,
      192,
      34,
      166,
      44,
      119,
      50,
      90,
      132,
      141,
      114,
      11,
      134,
      198,
      215,
      74,
      202,
      179,
      252,
      176,
      245
    ],
    "24": [
      46,
      46,
      37,
      73,
      187,
      235,
      25,
      89,
      225,
      203,
      39,
      145,
      157,
      205,
      145,
      96,
      9,
      189,
      101,
      120,
      143,
      22,
      84,
      254,
      173,
      23,
      24,
      94,
      252,
      191,
      213,
      211
    ],
    "59": [
      23,
      30,
      237,
      221,
      9,
      8,
      157,
      22,
      90,
      133,
      165,
      73,
      221,
      20,
      22,
      186,
      61,
      6,
      251,
      57,
      18,
      236,
      23,
      114,
      106,
      182,
      255,
      250,
      74,
      139,
      196,
      89
    ],
    "7": [
      152,
      170,
      17,
      93,
      17,
      37,
      45,
      221,
      113,
      226,
      16,
      147,
      233,
      133,
      7,
      207,
      225,
      247,
      46,
      84,
      131,
      42,
      253,
      118,
      55,
      195,
      92,
      98,
      194,
      116,
      207,
      224
    ],
    "38": [
      179,
      243,
      2,
      166,
      210,
      111,
      160,
      146,
      13,
      145,
      140,
      147,
      173,
      102,
      116,
      46,
      28,
      110,
      54,
      144,
      135,
      211,
      245,
      253,
      223,
      32,
      220,
      91,
      76,
      128,
      108,
      184
    ],
    "3": [
      218,
      179,
      108,
      42,
      24,
      115,
      76,
      231,
      177,
      60,
      64,
      142,
      123,
      222,
      88,
      184,
      58,
      159,
      148,
      15,
      42,
      73,
      51,
      174,
      63,
      121,
      156,
      162,
      138,
      173,
      50,
      217
    ],
    "34": [
      207,
      209,
      156,
      82,
      47,
      84,
      121,
      182,
      211,
      9,
      67,
      161,
      43,
      49,
      53,
      111,
      150,
      144,
      66,
      71,
      162,
      251,
      99,
      190,
      191,
      225,
      155,
      1,
      195,
      32,
      50,
      227
    ],
    "15": [
      201,
      245,
      204,
      37,
      35,
      102,
      149,
      6,
      255,
      45,
      36,
      160,
      139,
      169,
      47,
      161,
      20,
      122,
      106,
      118,
      94,
      140,
      50,
      170,
      217,
      117,
      156,
      28,
      239,
      227,
      185,
      174
    ],
    "46": [
      79,
      147,
      138,
      62,
      210,
      119,
      145,
      86,
      235,
      116,
      183,
      69,
      213,
      27,
      202,
      62,
      2,
      30,
      156,
      157,
      115,
      35,
      91,
      63,
      228,
      241,
      174,
      16,
      144,
      239,
      243,
      42
    ],
    "11": [
      201,
      120,
      138,
      17,
      135,
      239,
      197,
      165,
      37,
      242,
      174,
      130,
      190,
      165,
      172,
      182,
      132,
      178,
      131,
      59,
      89,
      82,
      198,
      136,
      41,
      166,
      21,
      132,
      200,
      228,
      56,
      239
    ],
    "42": [
      136,
      44,
      144,
      236,
      223,
      3,
      232,
      77,
      227,
      57,
      79,
      208,
      199,
      28,
      190,
      182,
      95,
      39,
      249,
      217,
      181,
      46,
      56,
      112,
      36,
      85,
      134,
      63,
      65,
      234,
      160,
      161
    ],
    "23": [
      248,
      48,
      64,
      147,
      107,
      135,
      54,
      105,
      114,
      67,
      35,
      202,
      151,
      203,
      116,
      6,
      97,
      158,
      103,
      27,
      81,
      89,
      86,
      124,
      168,
      222,
      107,
      135,
      142,
      81,
      94,
      119
    ],
    "54": [
      169,
      78,
      169,
      119,
      236,
      244,
      155,
      68,
      14,
      149,
      121,
      19,
      188,
      156,
      150,
      89,
      93,
      68,
      45,
      136,
      224,
      37,
      45,
      52,
      192,
      59,
      216,
      35,
      171,
      12,
      58,
      106
    ],
    "19": [
      92,
      175,
      189,
      139,
      94,
      161,
      177,
      31,
      150,
      66,
      181,
      104,
      87,
      99,
      89,
      27,
      32,
      205,
      224,
      40,
      18,
      24,
      67,
      133,
      32,
      122,
      242,
      211,
      103,
      181,
      248,
      231
    ],
    "50": [
      110,
      66,
      125,
      9,
      26,
      69,
      175,
      124,
      164,
      47,
      166,
      184,
      110,
      226,
      125,
      71,
      112,
      28,
      175,
      54,
      47,
      26,
      2,
      99,
      208,
      179,
      65,
      186,
      184,
      62,
      41,
      1
    ],
    "31": [
      87,
      106,
      217,
      122,
      228,
      202,
      39,
      141,
      93,
      79,
      130,
      49,
      155,
      179,
      208,
      44,
      167,
      100,
      197,
      45,
      217,
      0,
      23,
      214,
      226,
      236,
      24,
      148,
      108,
      25,
      74,
      169
    ],
    "62": [
      218,
      85,
      145,
      126,
      146,
      240,
      109,
      102,
      179,
      236,
      42,
      212,
      56,
      172,
      55,
      158,
      47,
      128,
      195,
      38,
      55,
      160,
      149,
      29,
      44,
      77,
      152,
      157,
      55,
      224,
      252,
      161
    ],
    "27": [
      29,
      213,
      13,
      115,
      246,
      247,
      31,
      171,
      54,
      136,
      138,
      181,
      209,
      175,
      135,
      141,
      130,
      224,
      83,
      163,
      44,
      78,
      74,
      238,
      122,
      0,
      205,
      197,
      6,
      69,
      197,
      103
    ],
    "58": [
      80,
      34,
      124,
      213,
      78,
      212,
      207,
      72,
      79,
      248,
      206,
      227,
      209,
      10,
      34,
      104,
      172,
      192,
      26,
      185,
      75,
      66,
      151,
      191,
      10,
      225,
      67,
      203,
      27,
      51,
      169,
      118
    ]
  },
  "my_cert": [],
  "my_cert_key": [],
  "root_cert": []
}