{
  "net_map": {
    "37": "127.0.0.1:8537",
    "6": "127.0.0.1:8506",
    "33": "127.0.0.1:8533",
    "64": "127.0.0.1:9000",
    "2": "127.0.0.1:8502",
    "45": "127.0.0.1:8545",
    "14": "127.0.0.1:8514",
    "41": "127.0.0.1:8541",
    "10": "127.0.0.1:8510",
    "53": "127.0.0.1:8553",
    "22": "127.0.0.1:8522",
    "49": "127.0.0.1:8549",
    "18": "127.0.0.1:8518",
    "61": "127.0.0.1:8561",
    "30": "127.0.0.1:8530",
    "57": "127.0.0.1:8557",
    "26": "127.0.0.1:8526",
    "5": "127.0.0.1:8505",
    "36": "127.0.0.1:8536",
    "1": "127.0.0.1:8501",
    "32": "127.0.0.1:8532",
    "13": "127.0.0.1:8513",
    "44": "127.0.0.1:8544",
    "9": "127.0.0.1:8509",
    "40": "127.0.0.1:8540",
    "21": "127.0.0.1:8521",
    "52": "127.0.0.1:8552",
    "17": "127.0.0.1:8517",
    "48": "127.0.0.1:8548",
    "29": "127.0.0.1:8529",
    "60": "127.0.0.1:8560",
    "25": "127.0.0.1:8525",
    "56": "127.0.0.1:8556",
    "4": "127.0.0.1:8504",
    "39": "127.0.0.1:8539",
    "0": "127.0.0.1:8500",
    "35": "127.0.0.1:8535",
    "12": "127.0.0.1:8512",
    "47": "127.0.0.1:8547",
    "8": "127.0.0.1:8508",
    "43": "127.0.0.1:8543",
    "20": "127.0.0.1:8520",
    "55": "127.0.0.1:8555",
    "16": "127.0.0.1:8516",
    "51": "127.0.0.1:8551",
    "28": "127.0.0.1:8528",
    "63": "127.0.0.1:8563",
    "24": "127.0.0.1:8524",
    "59": "127.0.0.1:8559",
    "7": "127.0.0.1:8507",
    "38": "127.0.0.1:8538",
    "3": "127.0.0.1:8503",
    "34": "127.0.0.1:8534",
    "15": "127.0.0.1:8515",
    "46": "127.0.0.1:8546",
    "11": "127.0.0.1:8511",
    "42": "127.0.0.1:8542",
    "23": "127.0.0.1:8523",
    "54": "127.0.0.1:8554",
    "19": "127.0.0.1:8519",
    "50": "127.0.0.1:8550",
    "31": "127.0.0.1:8531",
    "62": "127.0.0.1:8562",
    "27": "127.0.0.1:8527",
    "58": "127.0.0.1:8558"
  },
  "delta": 100,
  "id": 0,
  "num_nodes": 64,
  "num_faults": 21,
  "block_size": 100,
  "client_port": 7000,
  "client_addr": "0.0.0.0:5000",
  "payload": 0,
  "prot_payload": "cc,/home/akhil/research/EEBA/libchatter/",
  "crypto_alg": "NOPKI",
  "pk_map": {},
  "secret_key_bytes": [],
  "sk_map": {
    "37": [
      58,
      251,
      162,
      124,
      41,
      88,
      249,
      5,
      13,
      19,
      142,
      93,
      145,
      156,
      35,
      204,
      160,
      124,
      67,
      239,
      109,
      87,
      244,
      129,
      103,
      64,
      252,
      188,
      140,
      156,
      125,
      200
    ],
    "6": [
      211,
      45,
      186,
      99,
      150,
      137,
      154,
      235,
      146,
      89,
      210,
      42,
      145,
      45,
      147,
      143,
      68,
      174,
      57,
      96,
      39,
      36,
      30,
      185,
      184,
      53,
      80,
      242,
      212,
      91,
      41,
      220
    ],
    "33": [
      229,
      237,
      152,
      187,
      162,
      185,
      208,
      173,
      140,
      179,
      101,
      57,
      251,
      50,
      33,
      206,
      222,
      222,
      149,
      190,
      104,
      145,
      192,
      160,
      23,
      207,
      193,
      36,
      92,
      154,
      164,
      203
    ],
    "2": [
      97,
      20,
      225,
      217,
      146,
      204,
      107,
      110,
      199,
      246,
      3,
      34,
      138,
      184,
      142,
      240,
      100,
      238,
      153,
      118,
      172,
      171,
      9,
      148,
      183,
      96,
      22,
      228,
      228,
      67,
      47,
      172
    ],
    "45": [
      113,
      40,
      54,
      113,
      144,
      212,
      17,
      186,
      49,
      10,
      4,
      49,
      28,
      163,
      63,
      246,
      156,
      177,
      237,
      17,
      1,
      246,
      54,
      70,
      160,
      130,
      47,
      212,
      161,
      160,
      164,
      29
    ],
    "14": [
      95,
      54,
      71,
      17,
      238,
      90,
      137,
      243,
      180,
      211,
      75,
      207,
      16,
      251,
      130,
      193,
      155,
      96,
      83,
      204,
      161,
      201,
      241,
      172,
      96,
      132,
      216,
      86,
      159,
      72,
      194,
      66
    ],
    "41": [
      58,
      213,
      141,
      71,
      105,
      68,
      198,
      124,
      47,
      212,
      225,
      25,
      86,
      201,
      194,
      100,
      173,
      50,
      22,
      178,
      125,
      210,
      69,
      60,
      12,
      72,
      250,
      98,
      144,
      47,
      176,
      6
    ],
    "10": [
      81,
      151,
      103,
      211,
      84,
      213,
      176,
      0,
      222,
      174,
      132,
      191,
      178,
      64,
      21,
      17,
      74,
      71,
      109,
      104,
      75,
      152,
      15,
      200,
      6,
      211,
      212,
      126,
      211,
      174,
      99,
      0
    ],
    "53": [
      78,
      20,
      165,
      134,
      157,
      8,
      64,
      70,
      177,
      253,
      64,
      15,
      172,
      108,
      52,
      93,
      147,
      7,
      160,
      207,
      46,
      245,
      165,
      44,
      178,
      183,
      146,
      11,
      226,
      23,
      69,
      187
    ],
    "22": [
      3,
      215,
      252,
      172,
      75,
      188,
      139,
      219,
      252,
      240,
      198,
      44,
      1,
      115,
      62,
      101,
      136,
      164,
      47,
      26,
      183,
      30,
      36,
      5,
      193,
      168,
      53,
      55,
      166,
      249,
      185,
      136
    ],
    "49": [
      54,
      28,
      251,
      49,
      150,
      233,
      5,
      4,
      208,
      37,
      51,
      105,
      33,
      71,
      238,
      2,
      76,
      212,
      3,
      132,
      26,
      99,
      118,
      253,
      77,
      192,
      141,
      82,
      221,
      44,
      35,
      47
    ],
    "18": [
      98,
      165,
      223,
      203,
      145,
      236,
      173,
      57,
      96,
      235,
      37,
      178,
      120,
      119,
      20,
      0,
      151,
      223,
      74,
      85,
      223,
      196,
      221,
      72,
      19,
      236,
      66,
      210,
      56,
      255,
      70,
      217
    ],
    "61": [
      162,
      243,
      101,
      51,
      69,
      140,
      244,
      20,
      36,
      154,
      132,
      20,
      116,
      250,
      200,
      242,
      15,
      147,
      87,
      72,
      229,
      18,
      218,
      244,
      186,
      5,
      168,
      11,
      197,
      132,
      118,
      193
    ],
    "30": [
      226,
      214,
      164,
      140,
      184,
      90,
      232,
      171,
      153,
      108,
      91,
      100,
      203,
      147,
      177,
      188,
      103,
      60,
      67,
      106,
      249,
      192,
      201,
      113,
      248,
      59,
      91,
      56,
      171,
      174,
      47,
      170
    ],
    "57": [
      15,
      80,
      188,
      242,
      235,
      208,
      150,
      51,
      216,
      40,
      160,
      180,
      155,
      232,
      233,
      101,
      222,
      184,
      30,
      61,
      99,
      180,
      59,
      89,
      167,
      223,
      85,
      204,
      7,
      8,
      130,
      206
    ],
    "26": [
      119,
      183,
      137,
      152,
      34,
      53,
      185,
      50,
      213,
      156,
      0,
      28,
      24,
      142,
      74,
      185,
      212,
      163,
      142,
      219,
      156,
      243,
      114,
      73,
      148,
      230,
      28,
      236,
      105,
      253,
      211,
      84
    ],
    "5": [
      202,
      56,
      187,
      239,
      171,
      37,
      193,
      4,
      85,
      216,
      36,
      140,
      52,
      0,
      114,
      92,
      228,
      76,
      236,
      43,
      244,
      155,
      193,
      8,
      195,
      205,
      140,
      122,
      224,
      160,
      227,
      30
    ],
    "36": [
      14,
      23,
      238,
      133,
      161,
      89,
      210,
      218,
      198,
      53,
      27,
      198,
      94,
      237,
      126,
      20,
      242,
      98,
      39,
      146,
      248,
      217,
      226,
      23,
      37,
      74,
      12,
      80,
      87,
      70,
      141,
      68
    ],
    "1": [
      130,
      84,
      98,
      79,
      216,
      19,
      255,
      63,
      177,
      232,
      215,
      54,
      103,
      113,
      71,
      250,
      155,
      203,
      219,
      159,
      72,
      71,
      190,
      80,
      237,
      245,
      233,
      106,
      156,
      63,
      173,
      149
    ],
    "32": [
      213,
      239,
      251,
      197,
      143,
      131,
      223,
      249,
      46,
      55,
      147,
      199,
      127,
      73,
      154,
      178,
      124,
      44,
      112,
      13,
      69,
      50,
      223,
      64,
      62,
      255,
      113,
      2,
      253,
      89,
      41,
      17
    ],
    "13": [
      251,
      23,
      42,
      101,
      179,
      62,
      230,
      142,
      112,
      77,
      129,
      67,
      19,
      27,
      144,
      44,
      57,
      32,
      50,
      3,
      242,
      63,
      83,
      141,
      127,
      116,
      83,
      94,
      66,
      97,
      207,
      93
    ],
    "44": [
      56,
      118,
      192,
      180,
      82,
      216,
      130,
      6,
      203,
      63,
      132,
      159,
      103,
      152,
      120,
      127,
      158,
      122,
      149,
      35,
      92,
      249,
      60,
      2,
      15,
      150,
      161,
      238,
      131,
      24,
      239,
      34
    ],
    "9": [
      43,
      81,
      109,
      0,
      110,
      122,
      137,
      130,
      231,
      82,
      173,
      201,
      38,
      151,
      172,
      105,
      21,
      23,
      71,
      248,
      201,
      103,
      142,
      59,
      251,
      140,
      221,
      209,
      57,
      103,
      243,
      195
    ],
    "40": [
      4,
      190,
      219,
      7,
      147,
      26,
      89,
      184,
      170,
      224,
      215,
      138,
      252,
      66,
      186,
      44,
      55,
      152,
      172,
      56,
      129,
      250,
      125,
      187,
      51,
      240,
      113,
      83,
      106,
      159,
      188,
      134
    ],
    "21": [
      44,
      221,
      20,
      145,
      214,
      48,
      108,
      217,
      221,
      236,
      145,
      144,
      199,
      177,
      178,
      34,
      173,
      200,
      31,
      62,
      20,
      188,
      91,
      65,
      150,
      60,
      118,
      190,
      58,
      63,
      98,
      24
    ],
    "52": [
      203,
      37,
      192,
      131,
      32,
      120,
      214,
      32,
      193,
      159,
      115,
      49,
      143,
      87,
      66,
      254,
      219,
      134,
      85,
      37,
      104,
      253,
      147,
      139,
      125,
      137,
      142,
      14,
      128,
      24,
      15,
      218
    ],
    "17": [
      94,
      40,
      202,
      93,
      204,
      236,
      137,
      123,
      171,
      3,
      29,
      250,
      117,
      97,
      59,
      49,
      17,
      23,
      177,
      99,
      159,
      238,
      223,
      70,
      208,
      252,
      151,
      101,
      73,
      170,
      246,
      72
    ],
    "48": [
      105,
      42,
      80,
      111,
      140,
      241,
      108,
      182,
      30,
      155,
      159,
      40,
      237,
      86,
      194,
      159,
      252,
      137,
      26,
      251,
      158,
      213,
      120,
      129,
      76,
      150,
      237,
      73,
      210,
      241,
      68,
      61
    ],
    "29": [
      223,
      239,
      32,
      122,
      124,
      122,
      19,
      181,
      2,
      67,
      214,
      215,
      159,
      231,
      61,
      207,
      168,
      255,
      110,
      83,
      94,
      61,
      126,
      118,
      100,
      206,
      194,
      123,
      191,
      224,
      194,
      224
    ],
    "60": [
      117,
      180,
      138,
      15,
      68,
      53,
      153,
      211,
      16,
      82,
      99,
      248,
      98,
      66,
      27,
      17,
      221,
      225,
      33,
      157,
      176,
      36,
      2,
      255,
      50,
      225,
      80,
      11,
      85,
      162,
      255,
      130
    ],
    "25": [
      184,
      231,
      116,
      207,
      205,
      94,
      93,
      128,
      115,
      227,
      39,
      47,
      23,
      249,
      39,
      203,
      209,
      60,
      146,
      102,
      206,
      74,
      171,
      250,
      32,
      192,
      158,
      131,
      86,
      164,
      173,
      239
    ],
    "56": [
      223,
      98,
      166,
      144,
      13,
      228,
      193,
      150,
      128,
      202,
      100,
      108,
      119,
      86,
      160,
      16,
      211,
      127,
      99,
      226,
      160,
      205,
      212,
      170,
      234,
      31,
      169,
      253,
      209,
      41,
      49,
      206
    ],
    "4": [
      40,
      95,
      95,
      232,
      211,
      139,
      107,
      163,
      94,
      130,
      192,
      22,
      20,
      104,
      16,
      138,
      202,
      52,
      73,
      233,
      138,
      20,
      16,
      247,
      11,
      183,
      180,
      109,
      212,
      184,
      184,
      60
    ],
    "39": [
      10,
      250,
      16,
      128,
      240,
      9,
      76,
      46,
      12,
      94,
      174,
      1,
      51,
      64,
      115,
      149,
      127,
      80,
      189,
      103,
      130,
      2,
      130,
      234,
      76,
      113,
      121,
      42,
      110,
      253,
      170,
      221
    ],
    "0": [
      41,
      168,
      182,
      148,
      96,
      241,
      250,
      200,
      21,
      130,
      204,
      201,
      46,
      140,
      134,
      204,
      77,
      179,
      206,
      69,
      166,
      174,
      152,
      2,
      254,
      103,
      158,
      81,
      245,
      76,
      219,
      96
    ],
    "35": [
      184,
      36,
      46,
      165,
      119,
      222,
      169,
      230,
      84,
      11,
      34,
      126,
      5,
      10,
      192,
      78,
      250,
      236,
      21,
      207,
      32,
      121,
      146,
      213,
      171,
      164,
      90,
      231,
      116,
      225,
      88,
      13
    ],
    "12": [
      206,
      177,
      48,
      94,
      213,
      33,
      189,
      57,
      3,
      156,
      140,
      250,
      47,
      90,
      134,
      106,
      240,
      253,
      10,
      31,
      42,
      169,
      63,
      192,
      151,
      201,
      18,
      4,
      57,
      178,
      193,
      111
    ],
    "47": [
      102,
      97,
      225,
      151,
      75,
      181,
      220,
      92,
      240,
      82,
      146,
      137,
      176,
      11,
      138,
      244,
      114,
      219,
      79,
      126,
      155,
      83,
      146,
      218,
      19,
      195,
      100,
      56,
      176,
      136,
      242,
      74
    ],
    "8": [
      206,
      144,
      250,
      214,
      44,
      233,
      193,
      56,
      63,
      135,
      165,
      38,
      3,
      205,
      143,
      198,
      29,
      184,
      28,
      224,
      160,
      102,
      110,
      113,
      98,
      69,
      91,
      202,
      14,
      145,
      70,
      139
    ],
    "43": [
      97,
      164,
      48,
      225,
      117,
      16,
      171,
      224,
      85,
      159,
      105,
      222,
      234,
      112,
      169,
      70,
      87,
      99,
      138,
      65,
      158,
      94,
      157,
      134,
      177,
      25,
      93,
      64,
      108,
      108,
      255,
      143
    ],
    "20": [
      162,
      195,
      123,
      26,
      24,
      230,
      85,
      107,
      168,
      114,
      214,
      233,
      20,
      159,
      165,
      74,
      109,
      242,
      8,
      45,
      133,
      25,
      15,
      252,
      239,
      112,
      132,
      30,
      131,
      91,
      93,
      40
    ],
    "55": [
      144,
      54,
      251,
      3,
      19,
      192,
      136,
      215,
      195,
      211,
      83,
      45,
      182,
      73,
      213,
      204,
      208,
      131,
      66,
      129,
      44,
      51,
      101,
      166,
      213,
      29,
      33,
      174,
      252,
      120,
      233,
      1
    ],
    "16": [
      37,
      105,
      218,
      133,
      190,
      51,
      0,
      210,
      255,
      86,
      99,
      183,
      195,
      18,
      59,
      159,
      103,
      159,
      114,
      186,
      35,
      11,
      80,
      196,
      77,
      187,
      196,
      78,
      208,
      127,
      53,
      158
    ],
    "51": [
      141,
      56,
      65,
      214,
      220,
      194,
      18,
      120,
      144,
      180,
      64,
      11,
      253,
      18,
      232,
      139,
      76,
      88,
      214,
      63,
      230,
      8,
      233,
      134,
      19,
      40,
      225,
      45,
      62,
      168,
      3,
      96
    ],
    "28": [
      89,
      148,
      134,
      188,
      6,
      112,
      69,
      241,
      111,
      147,
      142,
      158,
      59,
      93,
      122,
      76,
      89,
      1,
      187,
      204,
      202,
      28,
      26,
      154,
      240,
      137,
      87,
      253,
      64,
      63,
      206,
      103
    ],
    "63": [
      237,
      206,
      156,
      56,
      36,
      23,
      93,
      245,
      69,
      123,
      212,
      208,
      146,
      134,
      209,
      31,
      72,
      243,
      246,
      87,
      131,
      237,
      247,
      22,
      229,
      120,
      218,
      187,
      6,
      209,
      253,
      13
    ],
    "24": [
      134,
      146,
      109,
      88,
      148,
      119,
      85,
      37,
      163,
      92,
      93,
      228,
      66,
      134,
      227,
      25,
      224,
      45,
      31,
      130,
      119,
      181,
      161,
      22,
      150,
      225,
      194,
      183,
      235,
      142,
      85,
      157
    ],
    "59": [
      81,
      242,
      16,
      108,
      235,
      212,
      199,
      200,
      124,
      11,
      117,
      26,
      143,
      19,
      178,
      15,
      199,
      22,
      232,
      215,
      161,
      30,
      149,
      229,
      137,
      207,
      29,
      81,
      190,
      105,
      220,
      40
    ],
    "7": [
      131,
      142,
      13,
      82,
      79,
      221,
      136,
      110,
      148,
      176,
      43,
      210,
      78,
      209,
      144,
      42,
      146,
      6,
      13,
      91,
      184,
      7,
      13,
      121,
      63,
      122,
      139,
      66,
      196,
      200,
      86,
      95
    ],
    "38": [
      153,
      14,
      37,
      172,
      162,
      103,
      131,
      202,
      162,
      49,
      166,
      23,
      60,
      207,
      154,
      120,
      190,
      196,
      83,
      88,
      6,
      253,
      130,
      166,
      108,
      94,
      73,
      131,
      232,
      249,
      205,
      20
    ],
    "3": [
      163,
      27,
      115,
      201,
      220,
      87,
      213,
      211,
      72,
      29,
      33,
      119,
      166,
      152,
      84,
      77,
      55,
      213,
      215,
      201,
      156,
      51,
      144,
      157,
      132,
      188,
      74,
      85,
      136,
      229,
      241,
      68
    ],
    "34": [
      249,
      114,
      193,
      93,
      200,
      97,
      133,
      233,
      26,
      29,
      167,
      50,
      5,
      22,
      235,
      196,
      41,
      84,
      232,
      17,
      246,
      104,
      218,
      78,
      88,
      51,
      75,
      37,
      227,
      142,
      105,
      109
    ],
    "15": [
      4,
      251,
      146,
      116,
      117,
      66,
      241,
      12,
      215,
      192,
      7,
      237,
      56,
      221,
      235,
      240,
      186,
      21,
      132,
      203,
      37,
      132,
      80,
      108,
      156,
      131,
      24,
      95,
      255,
      179,
      206,
      251
    ],
    "46": [
      44,
      126,
      255,
      44,
      60,
      152,
      130,
      27,
      47,
      251,
      219,
      87,
      48,
      58,
      3,
      49,
      56,
      39,
      139,
      89,
      11,
      251,
      230,
      136,
      94,
      50,
      131,
      146,
      122,
      96,
      88,
      50
    ],
    "11": [
      229,
      115,
      53,
      171,
      75,
      26,
      76,
      168,
      145,
      128,
      255,
      96,
      153,
      152,
      11,
      2,
      63,
      120,
      63,
      2,
      47,
      8,
      67,
      235,
      8,
      71,
      121,
      222,
      182,
      39,
      193,
      143
    ],
    "42": [
      141,
      153,
      102,
      229,
      103,
      184,
      223,
      54,
      198,
      153,
      28,
      210,
      235,
      211,
      252,
      198,
      166,
      49,
      12,
      147,
      137,
      140,
      61,
      113,
      143,
      183,
      205,
      135,
      118,
      38,
      167,
      145
    ],
    "23": [
      247,
      75,
      214,
      129,
      153,
      96,
      171,
      37,
      38,
      150,
      229,
      161,
      253,
      188,
      220,
      156,
      112,
      23,
      182,
      242,
      150,
      245,
      206,
      180,
      146,
      184,
      251,
      108,
      219,
      190,
      101,
      15
    ],
    "54": [
      35,
      250,
      142,
      61,
      44,
      190,
      249,
      55,
      70,
      158,
      135,
      21,
      197,
      102,
      1,
      109,
      71,
      96,
      163,
      229,
      179,
      250,
      16,
      97,
      35,
      23,
      254,
      116,
      175,
      209,
      7,
      54
    ],
    "19": [
      210,
      127,
      240,
      52,
      75,
      166,
      63,
      209,
      219,
      193,
      96,
      62,
      44,
      216,
      19,
      235,
      243,
      149,
      73,
      120,
      3,
      109,
      127,
      181,
      97,
      175,
      41,
      162,
      29,
      124,
      248,
      28
    ],
    "50": [
      59,
      255,
      194,
      114,
      37,
      40,
      198,
      82,
      189,
      149,
      78,
      104,
      94,
      128,
      170,
      123,
      78,
      148,
      223,
      63,
      207,
      60,
      11,
      64,
      43,
      83,
      107,
      16,
      151,
      12,
      153,
      200
    ],
    "31": [
      184,
      97,
      57,
      191,
      16,
      218,
      230,
      162,
      247,
      30,
      154,
      172,
      190,
      87,
      212,
      103,
      76,
      114,
      214,
      136,
      216,
      126,
      192,
      255,
      48,
      218,
      76,
      5,
      81,
      144,
      240,
      188
    ],
    "62": [
      169,
      209,
      133,
      178,
      147,
      227,
      67,
      101,
      214,
      54,
      113,
      69,
      202,
      175,
      19,
      139,
      11,
      131,
      68,
      9,
      138,
      72,
      62,
      19,
      128,
      162,
      66,
      70,
      162,
      207,
      84,
      74
    ],
    "27": [
      5,
      69,
      140,
      250,
      10,
      103,
      190,
      164,
      21,
      136,
      233,
      31,
      214,
      242,
      98,
      35,
      75,
      106,
      55,
      195,
      67,
      180,
      96,
      68,
      231,
      29,
      229,
      246,
      100,
      175,
      84,
      113
    ],
    "58": [
      28,
      79,
      89,
      244,
      66,
      33,
      90,
      112,
      144,
      78,
      189,
      176,
      249,
      145,
      57,
      244,
      239,
      250,
      232,
      139,
      167,
      65,
      57,
      150,
      189,
      150,
      122,
      23,
      177,
      243,
      35,
      69
    ]
  },
  "my_cert": [],
  "my_cert_key": [],
  "root_cert": []
}