{
  "net_map": {
    "37": "127.0.0.1:8537",
    "6": "127.0.0.1:8506",
    "33": "127.0.0.1:8533",
    "64": "127.0.0.1:9000",
    "2": "127.0.0.1:8502",
    "45": "127.0.0.1:8545",
    "14": "127.0.0.1:8514",
    "41": "127.0.0.1:8541",
    "10": "127.0.0.1:8510",
    "53": "127.0.0.1:8553",
    "22": "127.0.0.1:8522",
    "49": "127.0.0.1:8549",
    "18": "127.0.0.1:8518",
    "61": "127.0.0.1:8561",
    "30": "127.0.0.1:8530",
    "57": "127.0.0.1:8557",
    "26": "127.0.0.1:8526",
    "5": "127.0.0.1:8505",
    "36": "127.0.0.1:8536",
    "1": "127.0.0.1:8501",
    "32": "127.0.0.1:8532",
    "13": "127.0.0.1:8513",
    "44": "127.0.0.1:8544",
    "9": "127.0.0.1:8509",
    "40": "127.0.0.1:8540",
    "21": "127.0.0.1:8521",
    "52": "127.0.0.1:8552",
    "17": "127.0.0.1:8517",
    "48": "127.0.0.1:8548",
    "29": "127.0.0.1:8529",
    "60": "127.0.0.1:8560",
    "25": "127.0.0.1:8525",
    "56": "127.0.0.1:8556",
    "4": "127.0.0.1:8504",
    "39": "127.0.0.1:8539",
    "0": "127.0.0.1:8500",
    "35": "127.0.0.1:8535",
    "12": "127.0.0.1:8512",
    "47": "127.0.0.1:8547",
    "8": "127.0.0.1:8508",
    "43": "127.0.0.1:8543",
    "20": "127.0.0.1:8520",
    "55": "127.0.0.1:8555",
    "16": "127.0.0.1:8516",
    "51": "127.0.0.1:8551",
    "28": "127.0.0.1:8528",
    "63": "127.0.0.1:8563",
    "24": "127.0.0.1:8524",
    "59": "127.0.0.1:8559",
    "7": "127.0.0.1:8507",
    "38": "127.0.0.1:8538",
    "3": "127.0.0.1:8503",
    "34": "127.0.0.1:8534",
    "15": "127.0.0.1:8515",
    "46": "127.0.0.1:8546",
    "11": "127.0.0.1:8511",
    "42": "127.0.0.1:8542",
    "23": "127.0.0.1:8523",
    "54": "127.0.0.1:8554",
    "19": "127.0.0.1:8519",
    "50": "127.0.0.1:8550",
    "31": "127.0.0.1:8531",
    "62": "127.0.0.1:8562",
    "27": "127.0.0.1:8527",
    "58": "127.0.0.1:8558"
  },
  "delta": 100,
  "id": 10,
  "num_nodes": 64,
  "num_faults": 21,
  "block_size": 100,
  "client_port": 7010,
  "client_addr": "0.0.0.0:5000",
  "payload": 0,
  "prot_payload": "cc,/home/akhil/research/EEBA/libchatter/",
  "crypto_alg": "NOPKI",
  "pk_map": {},
  "secret_key_bytes": [],
  "sk_map": {
    "37": [
      7,
      95,
      12,
      208,
      170,
      53,
      132,
      161,
      223,
      199,
      141,
      70,
      65,
      23,
      83,
      245,
      0,
      120,
      102,
      189,
      24,
      114,
      229,
      170,
      32,
      120,
      103,
      227,
      40,
      164,
      116,
      92
    ],
    "6": [
      132,
      65,
      126,
      71,
      24,
      186,
      118,
      92,
      44,
      61,
      117,
      236,
      193,
      59,
      82,
      138,
      58,
      164,
      189,
      107,
      10,
      239,
      181,
      188,
      61,
      158,
      21,
      28,
      109,
      74,
      55,
      11
    ],
    "33": [
      130,
      192,
      112,
      109,
      66,
      178,
      122,
      47,
      71,
      80,
      56,
      195,
      207,
      200,
      96,
      219,
      98,
      63,
      7,
      72,
      205,
      189,
      162,
      93,
      36,
      123,
      47,
      83,
      88,
      43,
      40,
      64
    ],
    "2": [
      34,
      50,
      165,
      200,
      136,
      102,
      13,
      8,
      31,
      17,
      177,
      232,
      125,
      131,
      185,
      99,
      162,
      143,
      133,
      255,
      4,
      249,
      245,
      166,
      148,
      149,
      94,
      87,
      216,
      201,
      108,
      11
    ],
    "45": [
      185,
      46,
      234,
      90,
      4,
      94,
      247,
      108,
      71,
      68,
      225,
      139,
      202,
      125,
      80,
      123,
      88,
      174,
      102,
      22,
      166,
      34,
      92,
      113,
      67,
      216,
      173,
      81,
      226,
      22,
      86,
      185
    ],
    "14": [
      195,
      116,
      248,
      90,
      159,
      127,
      176,
      188,
      231,
      31,
      251,
      43,
      129,
      84,
      252,
      148,
      67,
      130,
      223,
      16,
      72,
      154,
      155,
      69,
      3,
      156,
      68,
      37,
      210,
      64,
      93,
      208
    ],
    "41": [
      208,
      67,
      42,
      135,
      108,
      203,
      115,
      74,
      249,
      129,
      72,
      191,
      220,
      184,
      92,
      90,
      3,
      210,
      205,
      194,
      227,
      34,
      201,
      111,
      32,
      222,
      17,
      47,
      203,
      20,
      217,
      191
    ],
    "10": [
      71,
      96,
      180,
      69,
      142,
      114,
      90,
      56,
      39,
      142,
      82,
      254,
      102,
      106,
      212,
      178,
      135,
      187,
      6,
      0,
      33,
      185,
      75,
      83,
      193,
      144,
      169,
      200,
      16,
      184,
      195,
      110
    ],
    "53": [
      165,
      52,
      129,
      102,
      69,
      1,
      97,
      39,
      130,
      33,
      0,
      94,
      137,
      22,
      68,
      111,
      52,
      163,
      70,
      164,
      209,
      175,
      107,
      166,
      121,
      138,
      145,
      165,
      209,
      84,
      121,
      72
    ],
    "22": [
      34,
      47,
      196,
      138,
      123,
      175,
      180,
      172,
      122,
      141,
      45,
      138,
      253,
      107,
      106,
      106,
      192,
      162,
      151,
      238,
      42,
      142,
      25,
      249,
      55,
      19,
      117,
      250,
      114,
      65,
      181,
      59
    ],
    "49": [
      58,
      21,
      190,
      209,
      194,
      81,
      72,
      92,
      184,
      242,
      250,
      135,
      225,
      117,
      92,
      181,
      3,
      143,
      176,
      203,
      29,
      44,
      137,
      241,
      16,
      96,
      76,
      143,
      54,
      118,
      118,
      182
    ],
    "18": [
      188,
      16,
      106,
      147,
      108,
      46,
      232,
      71,
      191,
      246,
      16,
      78,
      114,
      216,
      116,
      136,
      6,
      172,
      216,
      227,
      40,
      196,
      58,
      135,
      17,
      210,
      134,
      22,
      67,
      221,
      210,
      145
    ],
    "61": [
      161,
      168,
      237,
      206,
      133,
      242,
      190,
      68,
      144,
      47,
      97,
      89,
      34,
      74,
      138,
      185,
      41,
      140,
      199,
      253,
      95,
      108,
      155,
      42,
      9,
      39,
      43,
      31,
      6,
      124,
      23,
      141
    ],
    "30": [
      156,
      247,
      200,
      155,
      82,
      1,
      28,
      153,
      51,
      71,
      163,
      235,
      111,
      43,
      255,
      198,
      119,
      98,
      190,
      74,
      174,
      181,
      226,
      60,
      60,
      212,
      249,
      131,
      194,
      153,
      11,
      126
    ],
    "57": [
      135,
      47,
      63,
      21,
      50,
      234,
      61,
      157,
      143,
      243,
      196,
      158,
      203,
      145,
      115,
      176,
      159,
      208,
      232,
      51,
      64,
      232,
      22,
      5,
      119,
      211,
      125,
      31,
      95,
      213,
      65,
      237
    ],
    "26": [
      126,
      32,
      43,
      144,
      94,
      229,
      112,
      111,
      83,
      182,
      236,
      14,
      136,
      175,
      110,
      243,
      254,
      4,
      39,
      94,
      145,
      79,
      132,
      203,
      77,
      138,
      233,
      107,
      2,
      245,
      209,
      219
    ],
    "5": [
      129,
      191,
      157,
      115,
      124,
      212,
      116,
      144,
      122,
      14,
      135,
      142,
      92,
      118,
      207,
      176,
      0,
      196,
      131,
      109,
      74,
      110,
      56,
      213,
      83,
      227,
      25,
      137,
      7,
      175,
      102,
      85
    ],
    "36": [
      40,
      245,
      126,
      195,
      102,
      86,
      38,
      74,
      196,
      193,
      18,
      154,
      81,
      145,
      55,
      146,
      117,
      4,
      131,
      181,
      165,
      244,
      2,
      133,
      220,
      105,
      186,
      66,
      78,
      75,
      128,
      170
    ],
    "1": [
      110,
      131,
      243,
      199,
      223,
      157,
      191,
      33,
      20,
      179,
      108,
      55,
      115,
      50,
      19,
      225,
      55,
      233,
      208,
      24,
      27,
      206,
      20,
      43,
      199,
      39,
      55,
      182,
      128,
      241,
      97,
      97
    ],
    "32": [
      97,
      204,
      213,
      76,
      5,
      95,
      156,
      207,
      125,
      215,
      199,
      117,
      27,
      78,
      37,
      204,
      179,
      75,
      84,
      18,
      225,
      172,
      181,
      20,
      56,
      193,
      70,
      85,
      45,
      159,
      218,
      75
    ],
    "13": [
      245,
      127,
      161,
      134,
      35,
      218,
      159,
      25,
      226,
      76,
      149,
      255,
      116,
      62,
      164,
      139,
      232,
      240,
      125,
      65,
      100,
      10,
      34,
      58,
      67,
      246,
      205,
      109,
      62,
      72,
      192,
      247
    ],
    "44": [
      114,
      31,
      200,
      36,
      161,
      89,
      177,
      135,
      138,
      77,
      132,
      15,
      39,
      75,
      193,
      147,
      149,
      164,
      98,
      148,
      244,
      53,
      188,
      13,
      112,
      53,
      69,
      32,
      220,
      32,
      30,
      102
    ],
    "9": [
      227,
      213,
      114,
      187,
      5,
      99,
      201,
      46,
      126,
      243,
      45,
      112,
      195,
      4,
      71,
      252,
      20,
      154,
      50,
      23,
      49,
      183,
      75,
      136,
      73,
      193,
      218,
      218,
      83,
      63,
      71,
      172
    ],
    "40": [
      73,
      116,
      55,
      154,
      192,
      153,
      100,
      83,
      103,
      120,
      148,
      233,
      70,
      136,
      213,
      139,
      254,
      38,
      19,
      162,
      135,
      176,
      24,
      37,
      254,
      194,
      201,
      105,
      84,
      79,
      109,
      114
    ],
    "21": [
      112,
      145,
      58,
      11,
      158,
      26,
      198,
      92,
      216,
      251,
      68,
      7,
      173,
      114,
      87,
      70,
      159,
      50,
      148,
      205,
      166,
      212,
      63,
      77,
      172,
      186,
      52,
      214,
      196,
      223,
      158,
      254
    ],
    "52": [
      126,
      64,
      213,
      134,
      201,
      42,
      206,
      159,
      92,
      132,
      218,
      167,
      170,
      94,
      151,
      182,
      2,
      250,
      121,
      193,
      231,
      110,
      15,
      105,
      147,
      184,
      91,
      16,
      178,
      20,
      159,
      252
    ],
    "17": [
      253,
      172,
      1,
      166,
      58,
      219,
      111,
      44,
      48,
      26,
      177,
      249,
      92,
      96,
      93,
      202,
      127,
      72,
      176,
      9,
      80,
      133,
      106,
      168,
      154,
      243,
      14,
      248,
      125,
      73,
      114,
      1
    ],
    "48": [
      216,
      42,
      51,
      158,
      2,
      233,
      77,
      224,
      47,
      20,
      124,
      205,
      189,
      235,
      50,
      116,
      229,
      155,
      100,
      185,
      45,
      169,
      227,
      137,
      85,
      72,
      219,
      60,
      248,
      60,
      58,
      51
    ],
    "29": [
      216,
      58,
      231,
      26,
      22,
      45,
      100,
      26,
      80,
      136,
      18,
      226,
      185,
      77,
      81,
      218,
      234,
      54,
      184,
      105,
      75,
      82,
      39,
      118,
      242,
      216,
      209,
      70,
      33,
      210,
      246,
      50
    ],
    "60": [
      158,
      217,
      14,
      238,
      52,
      186,
      132,
      211,
      17,
      53,
      125,
      60,
      112,
      155,
      51,
      253,
      141,
      158,
      109,
      75,
      198,
      89,
      103,
      43,
      76,
      219,
      135,
      24,
      211,
      105,
      176,
      20
    ],
    "25": [
      25,
      165,
      56,
      214,
      204,
      1,
      64,
      190,
      36,
      221,
      14,
      81,
      241,
      33,
      215,
      91,
      163,
      51,
      23,
      238,
      72,
      108,
      116,
      98,
      37,
      2,
      71,
      132,
      96,
      156,
      150,
      61
    ],
    "56": [
      29,
      249,
      121,
      11,
      134,
      172,
      51,
      54,
      151,
      25,
      250,
      190,
      175,
      143,
      232,
      200,
      214,
      61,
      40,
      228,
      211,
      80,
      50,
      246,
      247,
      254,
      235,
      152,
      91,
      192,
      183,
      214
    ],
    "4": [
      106,
      139,
      136,
      142,
      249,
      11,
      139,
      194,
      147,
      122,
      210,
      92,
      91,
      238,
      30,
      162,
      33,
      18,
      108,
      162,
      65,
      46,
      100,
      39,
      15,
      182,
      254,
      131,
      113,
      218,
      70,
      20
    ],
    "39": [
      164,
      236,
      0,
      17,
      51,
      34,
      59,
      164,
      8,
      177,
      56,
      105,
      196,
      253,
      89,
      141,
      114,
      121,
      180,
      189,
      141,
      63,
      66,
      205,
      130,
      186,
      189,
      133,
      30,
      193,
      59,
      26
    ],
    "0": [
      81,
      151,
      103,
      211,
      84,
      213,
      176,
      0,
      222,
      174,
      132,
      191,
      178,
      64,
      21,
      17,
      74,
      71,
      109,
      104,
      75,
      152,
      15,
      200,
      6,
      211,
      212,
      126,
      211,
      174,
      99,
      0
    ],
    "35": [
      253,
      26,
      154,
      155,
      252,
      229,
      229,
      217,
      21,
      20,
      193,
      57,
      18,
      31,
      99,
      138,
      140,
      113,
      31,
      197,
      37,
      114,
      80,
      207,
      238,
      220,
      94,
      151,
      167,
      87,
      170,
      13
    ],
    "12": [
      131,
      237,
      238,
      17,
      68,
      17,
      141,
      195,
      11,
      114,
      3,
      4,
      160,
      61,
      144,
      95,
      170,
      1,
      230,
      230,
      37,
      50,
      127,
      115,
      40,
      163,
      62,
      24,
      200,
      49,
      130,
      144
    ],
    "47": [
      210,
      36,
      234,
      178,
      221,
      222,
      19,
      11,
      226,
      20,
      253,
      218,
      73,
      220,
      12,
      171,
      130,
      54,
      203,
      23,
      201,
      64,
      55,
      49,
      67,
      89,
      80,
      211,
      188,
      247,
      231,
      34
    ],
    "8": [
      189,
      45,
      234,
      156,
      51,
      153,
      135,
      34,
      47,
      46,
      216,
      5,
      0,
      112,
      194,
      148,
      47,
      164,
      163,
      20,
      94,
      240,
      231,
      2,
      40,
      222,
      64,
      18,
      17,
      181,
      90,
      217
    ],
    "43": [
      238,
      7,
      64,
      210,
      67,
      6,
      3,
      76,
      187,
      163,
      31,
      249,
      79,
      160,
      171,
      12,
      212,
      55,
      55,
      204,
      193,
      108,
      99,
      128,
      233,
      9,
      243,
      81,
      155,
      54,
      83,
      191
    ],
    "20": [
      245,
      241,
      251,
      104,
      143,
      238,
      232,
      169,
      240,
      195,
      141,
      39,
      174,
      51,
      63,
      49,
      154,
      28,
      207,
      114,
      232,
      138,
      80,
      142,
      18,
      86,
      119,
      97,
      214,
      24,
      250,
      91
    ],
    "55": [
      187,
      106,
      45,
      92,
      146,
      192,
      124,
      243,
      140,
      123,
      116,
      64,
      155,
      187,
      153,
      22,
      185,
      205,
      178,
      192,
      19,
      145,
      147,
      132,
      160,
      175,
      70,
      215,
      178,
      99,
      178,
      244
    ],
    "16": [
      70,
      152,
      237,
      206,
      174,
      22,
      52,
      137,
      42,
      86,
      83,
      52,
      227,
      163,
      8,
      67,
      0,
      13,
      100,
      89,
      117,
      31,
      39,
      170,
      170,
      244,
      220,
      183,
      147,
      144,
      245,
      236
    ],
    "51": [
      155,
      144,
      12,
      186,
      22,
      109,
      32,
      43,
      192,
      166,
      87,
      18,
      127,
      188,
      186,
      85,
      70,
      71,
      148,
      207,
      142,
      163,
      202,
      193,
      145,
      215,
      30,
      106,
      114,
      125,
      231,
      151
    ],
    "28": [
      197,
      91,
      214,
      242,
      74,
      252,
      56,
      78,
      44,
      13,
      114,
      45,
      142,
      180,
      212,
      42,
      32,
      49,
      106,
      178,
      15,
      2,
      177,
      17,
      174,
      7,
      83,
      8,
      5,
      93,
      254,
      30
    ],
    "63": [
      114,
      109,
      112,
      204,
      60,
      66,
      81,
      218,
      14,
      250,
      252,
      240,
      83,
      131,
      204,
      77,
      169,
      236,
      12,
      140,
      153,
      161,
      204,
      137,
      166,
      124,
      210,
      1,
      52,
      19,
      199,
      63
    ],
    "24": [
      28,
      122,
      4,
      187,
      5,
      62,
      6,
      242,
      58,
      20,
      126,
      229,
      74,
      22,
      149,
      203,
      210,
      42,
      170,
      129,
      68,
      100,
      49,
      222,
      157,
      36,
      132,
      73,
      53,
      233,
      68,
      190
    ],
    "59": [
      236,
      180,
      62,
      217,
      36,
      47,
      35,
      184,
      215,
      125,
      41,
      115,
      80,
      232,
      41,
      73,
      26,
      131,
      14,
      68,
      248,
      14,
      46,
      206,
      163,
      38,
      165,
      41,
      240,
      241,
      6,
      231
    ],
    "7": [
      219,
      201,
      12,
      42,
      213,
      217,
      98,
      168,
      182,
      179,
      47,
      198,
      182,
      112,
      84,
      69,
      62,
      103,
      185,
      195,
      205,
      148,
      207,
      21,
      70,
      20,
      155,
      170,
      46,
      29,
      158,
      16
    ],
    "38": [
      205,
      34,
      214,
      191,
      81,
      122,
      193,
      244,
      68,
      46,
      99,
      245,
      207,
      29,
      176,
      238,
      27,
      231,
      238,
      55,
      109,
      126,
      126,
      230,
      22,
      12,
      172,
      141,
      122,
      47,
      188,
      141
    ],
    "3": [
      107,
      8,
      38,
      42,
      29,
      13,
      171,
      100,
      246,
      98,
      204,
      228,
      203,
      47,
      196,
      52,
      5,
      6,
      115,
      161,
      122,
      34,
      40,
      198,
      223,
      201,
      83,
      183,
      191,
      157,
      31,
      73
    ],
    "34": [
      38,
      64,
      65,
      83,
      245,
      214,
      245,
      130,
      220,
      243,
      132,
      167,
      248,
      174,
      64,
      12,
      127,
      254,
      199,
      29,
      183,
      74,
      206,
      161,
      250,
      18,
      205,
      35,
      97,
      168,
      12,
      31
    ],
    "15": [
      246,
      87,
      148,
      238,
      2,
      238,
      88,
      2,
      208,
      87,
      215,
      98,
      92,
      253,
      122,
      224,
      189,
      27,
      119,
      234,
      241,
      88,
      9,
      13,
      172,
      97,
      239,
      30,
      249,
      97,
      31,
      182
    ],
    "46": [
      231,
      234,
      50,
      243,
      13,
      155,
      236,
      225,
      189,
      51,
      154,
      103,
      129,
      200,
      108,
      204,
      121,
      243,
      57,
      95,
      131,
      113,
      248,
      104,
      205,
      141,
      39,
      98,
      90,
      88,
      99,
      113
    ],
    "11": [
      97,
      245,
      158,
      253,
      57,
      77,
      253,
      109,
      119,
      29,
      146,
      34,
      116,
      97,
      3,
      119,
      227,
      53,
      49,
      180,
      12,
      117,
      89,
      80,
      100,
      117,
      217,
      179,
      128,
      1,
      237,
      91
    ],
    "42": [
      36,
      106,
      131,
      128,
      130,
      27,
      4,
      158,
      183,
      31,
      114,
      174,
      147,
      76,
      205,
      55,
      161,
      183,
      97,
      80,
      54,
      47,
      46,
      174,
      124,
      213,
      27,
      146,
      115,
      108,
      62,
      49
    ],
    "23": [
      52,
      146,
      243,
      16,
      70,
      99,
      144,
      204,
      253,
      155,
      170,
      29,
      166,
      109,
      84,
      145,
      25,
      194,
      111,
      145,
      183,
      253,
      106,
      45,
      36,
      42,
      142,
      32,
      228,
      26,
      131,
      24
    ],
    "54": [
      112,
      42,
      82,
      244,
      148,
      32,
      70,
      196,
      151,
      220,
      242,
      108,
      52,
      118,
      59,
      66,
      196,
      83,
      75,
      2,
      38,
      83,
      138,
      75,
      173,
      68,
      21,
      183,
      36,
      145,
      95,
      251
    ],
    "19": [
      160,
      35,
      27,
      212,
      222,
      133,
      228,
      180,
      53,
      219,
      69,
      88,
      143,
      185,
      69,
      112,
      170,
      51,
      53,
      245,
      246,
      119,
      159,
      202,
      158,
      26,
      165,
      127,
      185,
      77,
      28,
      128
    ],
    "50": [
      2,
      88,
      215,
      234,
      98,
      34,
      205,
      195,
      223,
      134,
      60,
      150,
      166,
      149,
      166,
      183,
      157,
      136,
      222,
      197,
      249,
      214,
      30,
      179,
      127,
      162,
      228,
      61,
      63,
      103,
      251,
      189
    ],
    "31": [
      142,
      179,
      26,
      121,
      250,
      39,
      166,
      79,
      235,
      127,
      217,
      13,
      241,
      89,
      70,
      221,
      27,
      102,
      100,
      115,
      78,
      136,
      124,
      151,
      47,
      217,
      178,
      227,
      57,
      91,
      81,
      22
    ],
    "62": [
      174,
      188,
      248,
      112,
      182,
      111,
      49,
      112,
      211,
      94,
      107,
      59,
      73,
      80,
      16,
      253,
      253,
      0,
      249,
      181,
      196,
      153,
      159,
      250,
      228,
      122,
      52,
      50,
      197,
      235,
      112,
      246
    ],
    "27": [
      226,
      100,
      195,
      198,
      186,
      162,
      19,
      223,
      59,
      173,
      153,
      8,
      233,
      49,
      76,
      219,
      193,
      66,
      60,
      253,
      155,
      226,
      140,
      113,
      215,
      4,
      86,
      131,
      221,
      58,
      123,
      71
    ],
    "58": [
      7,
      169,
      185,
      24,
      133,
      44,
      82,
      7,
      69,
      65,
      251,
      162,
      104,
      241,
      167,
      125,
      199,
      79,
      2,
      138,
      51,
      35,
      245,
      11,
      66,
      200,
      115,
      89,
      116,
      8,
      117,
      203
    ]
  },
  "my_cert": [],
  "my_cert_key": [],
  "root_cert": []
}