{
  "net_map": {
    "37": "127.0.0.1:8537",
    "6": "127.0.0.1:8506",
    "33": "127.0.0.1:8533",
    "64": "127.0.0.1:9000",
    "2": "127.0.0.1:8502",
    "45": "127.0.0.1:8545",
    "14": "127.0.0.1:8514",
    "41": "127.0.0.1:8541",
    "10": "127.0.0.1:8510",
    "53": "127.0.0.1:8553",
    "22": "127.0.0.1:8522",
    "49": "127.0.0.1:8549",
    "18": "127.0.0.1:8518",
    "61": "127.0.0.1:8561",
    "30": "127.0.0.1:8530",
    "57": "127.0.0.1:8557",
    "26": "127.0.0.1:8526",
    "5": "127.0.0.1:8505",
    "36": "127.0.0.1:8536",
    "1": "127.0.0.1:8501",
    "32": "127.0.0.1:8532",
    "13": "127.0.0.1:8513",
    "44": "127.0.0.1:8544",
    "9": "127.0.0.1:8509",
    "40": "127.0.0.1:8540",
    "21": "127.0.0.1:8521",
    "52": "127.0.0.1:8552",
    "17": "127.0.0.1:8517",
    "48": "127.0.0.1:8548",
    "29": "127.0.0.1:8529",
    "60": "127.0.0.1:8560",
    "25": "127.0.0.1:8525",
    "56": "127.0.0.1:8556",
    "4": "127.0.0.1:8504",
    "39": "127.0.0.1:8539",
    "0": "127.0.0.1:8500",
    "35": "127.0.0.1:8535",
    "12": "127.0.0.1:8512",
    "47": "127.0.0.1:8547",
    "8": "127.0.0.1:8508",
    "43": "127.0.0.1:8543",
    "20": "127.0.0.1:8520",
    "55": "127.0.0.1:8555",
    "16": "127.0.0.1:8516",
    "51": "127.0.0.1:8551",
    "28": "127.0.0.1:8528",
    "63": "127.0.0.1:8563",
    "24": "127.0.0.1:8524",
    "59": "127.0.0.1:8559",
    "7": "127.0.0.1:8507",
    "38": "127.0.0.1:8538",
    "3": "127.0.0.1:8503",
    "34": "127.0.0.1:8534",
    "15": "127.0.0.1:8515",
    "46": "127.0.0.1:8546",
    "11": "127.0.0.1:8511",
    "42": "127.0.0.1:8542",
    "23": "127.0.0.1:8523",
    "54": "127.0.0.1:8554",
    "19": "127.0.0.1:8519",
    "50": "127.0.0.1:8550",
    "31": "127.0.0.1:8531",
    "62": "127.0.0.1:8562",
    "27": "127.0.0.1:8527",
    "58": "127.0.0.1:8558"
  },
  "delta": 100,
  "id": 5,
  "num_nodes": 64,
  "num_faults": 21,
  "block_size": 100,
  "client_port": 7005,
  "client_addr": "0.0.0.0:5000",
  "payload": 0,
  "prot_payload": "cc,/home/akhil/research/EEBA/libchatter/",
  "crypto_alg": "NOPKI",
  "pk_map": {},
  "secret_key_bytes": [],
  "sk_map": {
    "37": [
      125,
      253,
      70,
      113,
      8,
      160,
      166,
      204,
      139,
      94,
      199,
      228,
      114,
      180,
      192,
      248,
      226,
      224,
      106,
      196,
      235,
      40,
      31,
      23,
      166,
      240,
      201,
      245,
      238,
      180,
      61,
      148
    ],
    "6": [
      87,
      203,
      104,
      118,
      45,
      119,
      31,
      102,
      185,
      42,
      148,
      99,
      171,
      118,
      83,
      16,
      207,
      13,
      223,
      230,
      12,
      105,
      87,
      82,
      199,
      105,
      132,
      184,
      110,
      221,
      155,
      223
    ],
    "33": [
      5,
      164,
      101,
      235,
      171,
      94,
      147,
      212,
      154,
      228,
      151,
      63,
      55,
      184,
      74,
      169,
      197,
      172,
      197,
      244,
      110,
      248,
      11,
      113,
      48,
      110,
      136,
      131,
      126,
      223,
      201,
      79
    ],
    "2": [
      161,
      194,
      166,
      223,
      98,
      248,
      22,
      161,
      231,
      234,
      174,
      254,
      8,
      121,
      86,
      242,
      224,
      99,
      202,
      18,
      194,
      138,
      102,
      246,
      89,
      215,
      68,
      120,
      39,
      79,
      197,
      51
    ],
    "45": [
      84,
      91,
      86,
      212,
      115,
      141,
      218,
      104,
      228,
      214,
      156,
      111,
      88,
      231,
      153,
      214,
      169,
      12,
      45,
      109,
      9,
      154,
      120,
      189,
      61,
      142,
      182,
      206,
      121,
      197,
      32,
      28
    ],
    "14": [
      193,
      108,
      53,
      24,
      15,
      154,
      189,
      254,
      87,
      114,
      99,
      242,
      242,
      107,
      170,
      40,
      224,
      239,
      195,
      57,
      198,
      59,
      213,
      229,
      16,
      197,
      217,
      12,
      59,
      90,
      225,
      135
    ],
    "41": [
      128,
      5,
      8,
      4,
      134,
      116,
      216,
      146,
      243,
      110,
      95,
      202,
      158,
      53,
      185,
      75,
      198,
      82,
      53,
      142,
      230,
      241,
      106,
      82,
      47,
      229,
      186,
      4,
      135,
      90,
      61,
      221
    ],
    "10": [
      129,
      191,
      157,
      115,
      124,
      212,
      116,
      144,
      122,
      14,
      135,
      142,
      92,
      118,
      207,
      176,
      0,
      196,
      131,
      109,
      74,
      110,
      56,
      213,
      83,
      227,
      25,
      137,
      7,
      175,
      102,
      85
    ],
    "53": [
      159,
      93,
      125,
      192,
      185,
      126,
      114,
      163,
      209,
      144,
      88,
      193,
      124,
      5,
      55,
      172,
      26,
      175,
      67,
      58,
      149,
      191,
      114,
      161,
      232,
      181,
      181,
      152,
      29,
      241,
      147,
      112
    ],
    "22": [
      14,
      206,
      158,
      178,
      245,
      218,
      238,
      250,
      44,
      246,
      125,
      23,
      2,
      47,
      42,
      191,
      79,
      204,
      51,
      41,
      62,
      240,
      172,
      102,
      13,
      31,
      182,
      120,
      94,
      23,
      238,
      58
    ],
    "49": [
      47,
      40,
      111,
      161,
      208,
      158,
      34,
      121,
      146,
      132,
      208,
      31,
      13,
      140,
      5,
      2,
      252,
      107,
      42,
      248,
      47,
      19,
      239,
      96,
      96,
      207,
      148,
      190,
      16,
      120,
      248,
      117
    ],
    "18": [
      174,
      252,
      151,
      23,
      123,
      136,
      151,
      92,
      130,
      111,
      134,
      173,
      84,
      224,
      144,
      117,
      251,
      117,
      111,
      15,
      5,
      175,
      53,
      192,
      169,
      57,
      230,
      177,
      55,
      24,
      89,
      45
    ],
    "61": [
      12,
      27,
      238,
      143,
      154,
      241,
      84,
      113,
      97,
      115,
      22,
      184,
      121,
      28,
      20,
      169,
      41,
      97,
      238,
      107,
      147,
      68,
      65,
      164,
      243,
      213,
      40,
      153,
      117,
      6,
      154,
      25
    ],
    "30": [
      104,
      207,
      5,
      111,
      99,
      41,
      220,
      247,
      176,
      162,
      21,
      244,
      20,
      119,
      42,
      16,
      153,
      37,
      144,
      232,
      91,
      214,
      252,
      83,
      227,
      234,
      176,
      63,
      95,
      28,
      247,
      37
    ],
    "57": [
      40,
      132,
      173,
      170,
      112,
      22,
      103,
      24,
      228,
      71,
      68,
      106,
      152,
      73,
      255,
      195,
      0,
      31,
      177,
      35,
      224,
      87,
      153,
      47,
      252,
      150,
      17,
      13,
      254,
      83,
      154,
      218
    ],
    "26": [
      225,
      3,
      139,
      79,
      95,
      98,
      113,
      188,
      52,
      119,
      143,
      211,
      82,
      37,
      238,
      148,
      61,
      61,
      106,
      236,
      28,
      59,
      212,
      26,
      147,
      245,
      152,
      41,
      212,
      29,
      232,
      235
    ],
    "5": [
      223,
      106,
      50,
      190,
      35,
      118,
      38,
      211,
      8,
      196,
      156,
      185,
      95,
      54,
      2,
      37,
      185,
      11,
      214,
      104,
      144,
      131,
      46,
      127,
      195,
      179,
      193,
      190,
      23,
      178,
      155,
      27
    ],
    "36": [
      219,
      162,
      247,
      216,
      38,
      10,
      33,
      107,
      216,
      252,
      108,
      242,
      8,
      66,
      214,
      120,
      115,
      114,
      22,
      143,
      39,
      174,
      1,
      42,
      56,
      45,
      132,
      229,
      228,
      170,
      219,
      113
    ],
    "1": [
      103,
      128,
      109,
      36,
      135,
      241,
      127,
      138,
      54,
      97,
      238,
      124,
      37,
      33,
      215,
      152,
      58,
      174,
      113,
      77,
      53,
      124,
      30,
      230,
      244,
      158,
      3,
      201,
      97,
      255,
      201,
      126
    ],
    "32": [
      12,
      203,
      3,
      183,
      36,
      169,
      76,
      58,
      32,
      20,
      112,
      74,
      173,
      30,
      221,
      36,
      202,
      149,
      1,
      122,
      58,
      232,
      78,
      155,
      217,
      48,
      74,
      103,
      212,
      102,
      214,
      200
    ],
    "13": [
      78,
      198,
      213,
      214,
      113,
      73,
      249,
      162,
      56,
      40,
      134,
      7,
      187,
      84,
      168,
      102,
      241,
      212,
      180,
      49,
      186,
      44,
      30,
      9,
      98,
      168,
      179,
      115,
      72,
      254,
      191,
      9
    ],
    "44": [
      243,
      44,
      228,
      47,
      225,
      62,
      216,
      90,
      73,
      230,
      125,
      207,
      184,
      190,
      34,
      16,
      8,
      239,
      173,
      162,
      230,
      33,
      250,
      73,
      40,
      20,
      20,
      235,
      199,
      110,
      150,
      70
    ],
    "9": [
      4,
      121,
      155,
      212,
      231,
      133,
      125,
      138,
      102,
      102,
      191,
      235,
      204,
      129,
      223,
      191,
      208,
      18,
      109,
      26,
      250,
      122,
      208,
      74,
      119,
      220,
      35,
      60,
      230,
      214,
      195,
      119
    ],
    "40": [
      57,
      198,
      206,
      221,
      143,
      251,
      18,
      190,
      201,
      241,
      150,
      174,
      115,
      155,
      216,
      252,
      44,
      29,
      37,
      254,
      139,
      167,
      87,
      132,
      82,
      60,
      244,
      143,
      6,
      172,
      64,
      243
    ],
    "21": [
      250,
      237,
      217,
      226,
      14,
      25,
      107,
      157,
      235,
      18,
      0,
      246,
      226,
      32,
      167,
      23,
      141,
      103,
      161,
      222,
      225,
      99,
      49,
      206,
      128,
      231,
      93,
      170,
      88,
      44,
      97,
      14
    ],
    "52": [
      92,
      81,
      221,
      31,
      30,
      180,
      72,
      246,
      107,
      94,
      203,
      32,
      164,
      155,
      21,
      147,
      162,
      241,
      209,
      202,
      34,
      125,
      117,
      100,
      27,
      149,
      188,
      148,
      204,
      223,
      160,
      236
    ],
    "17": [
      47,
      162,
      89,
      42,
      102,
      61,
      212,
      180,
      45,
      113,
      33,
      172,
      149,
      12,
      37,
      14,
      135,
      32,
      175,
      233,
      118,
      144,
      8,
      241,
      29,
      165,
      199,
      87,
      99,
      203,
      43,
      50
    ],
    "48": [
      57,
      66,
      180,
      211,
      12,
      64,
      112,
      251,
      52,
      230,
      177,
      194,
      52,
      232,
      168,
      110,
      30,
      38,
      36,
      167,
      103,
      85,
      66,
      99,
      217,
      40,
      99,
      211,
      202,
      156,
      38,
      217
    ],
    "29": [
      15,
      69,
      8,
      17,
      250,
      77,
      234,
      150,
      197,
      249,
      11,
      68,
      33,
      193,
      34,
      94,
      240,
      44,
      140,
      126,
      197,
      169,
      55,
      248,
      232,
      209,
      138,
      246,
      47,
      240,
      141,
      85
    ],
    "60": [
      75,
      2,
      197,
      204,
      218,
      178,
      156,
      207,
      218,
      170,
      241,
      213,
      153,
      91,
      209,
      22,
      121,
      55,
      199,
      0,
      234,
      176,
      189,
      248,
      95,
      244,
      9,
      209,
      92,
      240,
      29,
      108
    ],
    "25": [
      244,
      16,
      109,
      238,
      32,
      19,
      101,
      71,
      147,
      249,
      206,
      76,
      51,
      225,
      179,
      40,
      157,
      155,
      40,
      15,
      116,
      140,
      177,
      15,
      111,
      90,
      117,
      254,
      43,
      206,
      159,
      79
    ],
    "56": [
      56,
      35,
      161,
      17,
      24,
      221,
      20,
      49,
      190,
      9,
      167,
      69,
      23,
      184,
      222,
      51,
      187,
      205,
      45,
      249,
      46,
      150,
      147,
      103,
      112,
      174,
      169,
      100,
      177,
      88,
      37,
      248
    ],
    "4": [
      108,
      150,
      250,
      211,
      63,
      193,
      4,
      101,
      14,
      17,
      39,
      162,
      173,
      38,
      120,
      76,
      4,
      120,
      10,
      237,
      64,
      89,
      111,
      45,
      67,
      197,
      234,
      40,
      35,
      140,
      188,
      92
    ],
    "39": [
      93,
      43,
      78,
      254,
      242,
      119,
      3,
      159,
      203,
      37,
      186,
      55,
      137,
      210,
      167,
      59,
      64,
      44,
      194,
      185,
      175,
      78,
      70,
      60,
      201,
      66,
      11,
      4,
      91,
      146,
      196,
      19
    ],
    "0": [
      202,
      56,
      187,
      239,
      171,
      37,
      193,
      4,
      85,
      216,
      36,
      140,
      52,
      0,
      114,
      92,
      228,
      76,
      236,
      43,
      244,
      155,
      193,
      8,
      195,
      205,
      140,
      122,
      224,
      160,
      227,
      30
    ],
    "35": [
      167,
      201,
      85,
      83,
      149,
      189,
      18,
      6,
      124,
      74,
      38,
      171,
      191,
      60,
      239,
      252,
      252,
      55,
      106,
      95,
      78,
      162,
      245,
      83,
      185,
      100,
      228,
      94,
      159,
      176,
      136,
      214
    ],
    "12": [
      107,
      34,
      225,
      22,
      52,
      89,
      107,
      93,
      232,
      50,
      100,
      4,
      131,
      64,
      127,
      123,
      175,
      11,
      7,
      30,
      225,
      178,
      79,
      85,
      70,
      63,
      65,
      238,
      189,
      25,
      56,
      11
    ],
    "47": [
      34,
      234,
      167,
      194,
      118,
      123,
      178,
      9,
      49,
      13,
      242,
      169,
      42,
      201,
      195,
      13,
      157,
      31,
      193,
      64,
      202,
      9,
      55,
      192,
      154,
      31,
      163,
      175,
      188,
      126,
      68,
      115
    ],
    "8": [
      77,
      13,
      36,
      125,
      37,
      28,
      119,
      165,
      37,
      99,
      89,
      48,
      159,
      203,
      42,
      13,
      79,
      120,
      181,
      28,
      137,
      50,
      248,
      243,
      122,
      241,
      184,
      81,
      173,
      85,
      40,
      155
    ],
    "43": [
      6,
      47,
      37,
      105,
      120,
      206,
      90,
      230,
      32,
      169,
      16,
      204,
      137,
      241,
      182,
      10,
      118,
      123,
      8,
      190,
      220,
      69,
      85,
      207,
      60,
      139,
      241,
      32,
      227,
      252,
      167,
      70
    ],
    "20": [
      242,
      16,
      32,
      129,
      81,
      136,
      130,
      5,
      46,
      138,
      19,
      201,
      48,
      216,
      205,
      55,
      143,
      58,
      254,
      85,
      152,
      4,
      130,
      94,
      246,
      194,
      100,
      121,
      66,
      242,
      86,
      75
    ],
    "55": [
      107,
      54,
      99,
      20,
      89,
      102,
      85,
      252,
      200,
      101,
      147,
      25,
      5,
      103,
      57,
      219,
      129,
      254,
      213,
      194,
      149,
      137,
      87,
      155,
      97,
      223,
      94,
      112,
      200,
      55,
      118,
      99
    ],
    "16": [
      171,
      172,
      104,
      85,
      14,
      241,
      52,
      41,
      114,
      255,
      88,
      77,
      148,
      46,
      171,
      225,
      149,
      76,
      204,
      47,
      10,
      229,
      75,
      11,
      229,
      185,
      97,
      104,
      200,
      85,
      96,
      123
    ],
    "51": [
      235,
      31,
      135,
      206,
      42,
      84,
      105,
      109,
      192,
      228,
      72,
      224,
      13,
      88,
      107,
      183,
      222,
      217,
      75,
      218,
      190,
      197,
      41,
      54,
      220,
      148,
      105,
      97,
      192,
      209,
      147,
      67
    ],
    "28": [
      220,
      45,
      179,
      216,
      18,
      233,
      2,
      51,
      239,
      45,
      101,
      130,
      36,
      128,
      60,
      127,
      156,
      169,
      150,
      118,
      60,
      95,
      236,
      56,
      65,
      183,
      42,
      137,
      127,
      79,
      84,
      243
    ],
    "63": [
      85,
      218,
      2,
      120,
      83,
      143,
      217,
      151,
      85,
      6,
      125,
      105,
      171,
      76,
      175,
      254,
      27,
      173,
      90,
      54,
      241,
      195,
      196,
      220,
      135,
      18,
      231,
      98,
      147,
      71,
      247,
      239
    ],
    "24": [
      143,
      92,
      27,
      39,
      97,
      221,
      56,
      177,
      238,
      218,
      154,
      26,
      86,
      97,
      2,
      44,
      97,
      25,
      62,
      121,
      147,
      8,
      30,
      197,
      208,
      168,
      130,
      233,
      127,
      40,
      11,
      138
    ],
    "59": [
      176,
      88,
      65,
      18,
      214,
      22,
      14,
      142,
      133,
      181,
      104,
      31,
      144,
      81,
      173,
      134,
      143,
      237,
      226,
      139,
      220,
      205,
      158,
      73,
      43,
      136,
      182,
      54,
      180,
      84,
      158,
      203
    ],
    "7": [
      166,
      130,
      136,
      46,
      183,
      219,
      198,
      168,
      198,
      158,
      84,
      56,
      71,
      237,
      5,
      217,
      0,
      131,
      252,
      120,
      106,
      252,
      137,
      136,
      23,
      97,
      254,
      45,
      239,
      142,
      245,
      159
    ],
    "38": [
      121,
      91,
      222,
      184,
      198,
      142,
      25,
      61,
      221,
      252,
      83,
      14,
      139,
      110,
      242,
      12,
      105,
      209,
      67,
      168,
      56,
      122,
      42,
      82,
      158,
      96,
      7,
      211,
      90,
      3,
      64,
      16
    ],
    "3": [
      151,
      173,
      147,
      40,
      251,
      177,
      163,
      55,
      100,
      7,
      64,
      179,
      128,
      245,
      35,
      4,
      132,
      221,
      174,
      46,
      227,
      10,
      255,
      197,
      174,
      233,
      218,
      213,
      67,
      253,
      164,
      142
    ],
    "34": [
      132,
      198,
      185,
      224,
      147,
      23,
      7,
      85,
      51,
      13,
      89,
      171,
      8,
      149,
      139,
      246,
      116,
      181,
      117,
      112,
      124,
      193,
      17,
      93,
      91,
      136,
      238,
      19,
      219,
      188,
      202,
      57
    ],
    "15": [
      62,
      148,
      46,
      7,
      35,
      101,
      92,
      192,
      96,
      79,
      137,
      80,
      119,
      170,
      61,
      230,
      63,
      229,
      64,
      20,
      130,
      18,
      94,
      22,
      106,
      112,
      242,
      90,
      54,
      212,
      35,
      149
    ],
    "46": [
      146,
      67,
      54,
      204,
      59,
      52,
      94,
      52,
      229,
      38,
      137,
      44,
      108,
      53,
      188,
      183,
      121,
      84,
      182,
      7,
      160,
      212,
      83,
      251,
      223,
      180,
      145,
      193,
      188,
      159,
      181,
      195
    ],
    "11": [
      114,
      5,
      239,
      226,
      21,
      36,
      163,
      78,
      95,
      91,
      94,
      76,
      96,
      187,
      105,
      53,
      164,
      97,
      45,
      229,
      23,
      63,
      107,
      107,
      42,
      199,
      178,
      166,
      183,
      89,
      33,
      151
    ],
    "42": [
      100,
      174,
      7,
      163,
      20,
      177,
      113,
      246,
      80,
      125,
      246,
      5,
      209,
      171,
      5,
      221,
      243,
      146,
      29,
      59,
      22,
      167,
      143,
      196,
      129,
      12,
      193,
      9,
      53,
      13,
      113,
      44
    ],
    "23": [
      160,
      155,
      132,
      23,
      198,
      4,
      46,
      245,
      190,
      54,
      31,
      27,
      20,
      26,
      207,
      180,
      131,
      22,
      44,
      247,
      244,
      115,
      60,
      82,
      17,
      103,
      134,
      30,
      244,
      206,
      213,
      130
    ],
    "54": [
      150,
      246,
      174,
      114,
      138,
      98,
      26,
      101,
      91,
      10,
      199,
      223,
      81,
      205,
      114,
      105,
      125,
      130,
      149,
      25,
      213,
      112,
      1,
      52,
      54,
      102,
      43,
      176,
      9,
      46,
      125,
      25
    ],
    "19": [
      255,
      204,
      134,
      89,
      76,
      171,
      13,
      196,
      126,
      92,
      228,
      27,
      97,
      84,
      180,
      142,
      201,
      228,
      122,
      231,
      66,
      120,
      114,
      103,
      220,
      179,
      213,
      144,
      218,
      128,
      140,
      72
    ],
    "50": [
      26,
      186,
      233,
      93,
      42,
      193,
      14,
      252,
      59,
      23,
      70,
      103,
      34,
      15,
      127,
      9,
      17,
      147,
      161,
      55,
      81,
      22,
      192,
      86,
      157,
      209,
      15,
      92,
      50,
      219,
      245,
      240
    ],
    "31": [
      218,
      16,
      132,
      217,
      4,
      211,
      169,
      245,
      159,
      37,
      232,
      188,
      71,
      248,
      117,
      73,
      25,
      106,
      35,
      143,
      85,
      162,
      147,
      237,
      109,
      16,
      47,
      7,
      75,
      49,
      180,
      2
    ],
    "62": [
      184,
      131,
      174,
      136,
      249,
      29,
      218,
      24,
      94,
      154,
      55,
      230,
      15,
      214,
      179,
      188,
      113,
      66,
      56,
      168,
      94,
      91,
      214,
      242,
      117,
      240,
      219,
      15,
      161,
      17,
      107,
      42
    ],
    "27": [
      80,
      150,
      8,
      134,
      238,
      77,
      5,
      196,
      180,
      14,
      92,
      10,
      206,
      187,
      207,
      80,
      72,
      209,
      16,
      42,
      112,
      90,
      195,
      152,
      21,
      43,
      149,
      23,
      166,
      254,
      78,
      238
    ],
    "58": [
      41,
      250,
      102,
      18,
      205,
      30,
      232,
      41,
      22,
      245,
      70,
      200,
      145,
      20,
      135,
      52,
      211,
      63,
      141,
      96,
      17,
      72,
      193,
      176,
      233,
      231,
      126,
      233,
      41,
      56,
      224,
      60
    ]
  },
  "my_cert": [],
  "my_cert_key": [],
  "root_cert": []
}