{
  "net_map": {
    "37": "127.0.0.1:8537",
    "6": "127.0.0.1:8506",
    "33": "127.0.0.1:8533",
    "64": "127.0.0.1:9000",
    "2": "127.0.0.1:8502",
    "45": "127.0.0.1:8545",
    "14": "127.0.0.1:8514",
    "41": "127.0.0.1:8541",
    "10": "127.0.0.1:8510",
    "53": "127.0.0.1:8553",
    "22": "127.0.0.1:8522",
    "49": "127.0.0.1:8549",
    "18": "127.0.0.1:8518",
    "61": "127.0.0.1:8561",
    "30": "127.0.0.1:8530",
    "57": "127.0.0.1:8557",
    "26": "127.0.0.1:8526",
    "5": "127.0.0.1:8505",
    "36": "127.0.0.1:8536",
    "1": "127.0.0.1:8501",
    "32": "127.0.0.1:8532",
    "13": "127.0.0.1:8513",
    "44": "127.0.0.1:8544",
    "9": "127.0.0.1:8509",
    "40": "127.0.0.1:8540",
    "21": "127.0.0.1:8521",
    "52": "127.0.0.1:8552",
    "17": "127.0.0.1:8517",
    "48": "127.0.0.1:8548",
    "29": "127.0.0.1:8529",
    "60": "127.0.0.1:8560",
    "25": "127.0.0.1:8525",
    "56": "127.0.0.1:8556",
    "4": "127.0.0.1:8504",
    "39": "127.0.0.1:8539",
    "0": "127.0.0.1:8500",
    "35": "127.0.0.1:8535",
    "12": "127.0.0.1:8512",
    "47": "127.0.0.1:8547",
    "8": "127.0.0.1:8508",
    "43": "127.0.0.1:8543",
    "20": "127.0.0.1:8520",
    "55": "127.0.0.1:8555",
    "16": "127.0.0.1:8516",
    "51": "127.0.0.1:8551",
    "28": "127.0.0.1:8528",
    "63": "127.0.0.1:8563",
    "24": "127.0.0.1:8524",
    "59": "127.0.0.1:8559",
    "7": "127.0.0.1:8507",
    "38": "127.0.0.1:8538",
    "3": "127.0.0.1:8503",
    "34": "127.0.0.1:8534",
    "15": "127.0.0.1:8515",
    "46": "127.0.0.1:8546",
    "11": "127.0.0.1:8511",
    "42": "127.0.0.1:8542",
    "23": "127.0.0.1:8523",
    "54": "127.0.0.1:8554",
    "19": "127.0.0.1:8519",
    "50": "127.0.0.1:8550",
    "31": "127.0.0.1:8531",
    "62": "127.0.0.1:8562",
    "27": "127.0.0.1:8527",
    "58": "127.0.0.1:8558"
  },
  "delta": 100,
  "id": 56,
  "num_nodes": 64,
  "num_faults": 21,
  "block_size": 100,
  "client_port": 7056,
  "client_addr": "0.0.0.0:5000",
  "payload": 0,
  "prot_payload": "cc,/home/akhil/research/EEBA/libchatter/",
  "crypto_alg": "NOPKI",
  "pk_map": {},
  "secret_key_bytes": [],
  "sk_map": {
    "37": [
      9,
      149,
      145,
      213,
      204,
      41,
      68,
      143,
      51,
      190,
      124,
      11,
      180,
      119,
      66,
      224,
      225,
      185,
      225,
      15,
      138,
      220,
      44,
      113,
      203,
      206,
      17,
      63,
      100,
      207,
      78,
      28
    ],
    "6": [
      35,
      244,
      245,
      166,
      197,
      238,
      169,
      133,
      161,
      180,
      109,
      196,
      203,
      124,
      56,
      213,
      105,
      217,
      8,
      153,
      133,
      72,
      39,
      146,
      126,
      240,
      87,
      183,
      229,
      86,
      154,
      119
    ],
    "33": [
      131,
      199,
      35,
      47,
      131,
      187,
      158,
      180,
      99,
      88,
      0,
      53,
      95,
      142,
      176,
      8,
      90,
      65,
      94,
      221,
      192,
      172,
      182,
      40,
      13,
      162,
      247,
      160,
      28,
      23,
      246,
      184
    ],
    "2": [
      48,
      24,
      214,
      23,
      160,
      201,
      22,
      43,
      197,
      216,
      30,
      30,
      202,
      31,
      249,
      253,
      57,
      18,
      59,
      4,
      228,
      80,
      136,
      41,
      62,
      225,
      252,
      12,
      164,
      134,
      0,
      122
    ],
    "45": [
      5,
      108,
      6,
      214,
      89,
      205,
      215,
      63,
      139,
      149,
      58,
      194,
      100,
      122,
      203,
      85,
      223,
      162,
      98,
      80,
      157,
      111,
      161,
      139,
      31,
      4,
      132,
      189,
      61,
      2,
      128,
      50
    ],
    "14": [
      62,
      130,
      80,
      29,
      22,
      232,
      108,
      246,
      215,
      6,
      163,
      236,
      58,
      7,
      126,
      105,
      67,
      218,
      145,
      183,
      6,
      67,
      217,
      31,
      67,
      2,
      96,
      98,
      59,
      147,
      243,
      141
    ],
    "41": [
      18,
      142,
      15,
      139,
      177,
      225,
      116,
      177,
      188,
      255,
      46,
      70,
      197,
      117,
      207,
      67,
      195,
      24,
      81,
      130,
      87,
      215,
      60,
      237,
      207,
      223,
      186,
      154,
      99,
      92,
      72,
      69
    ],
    "10": [
      29,
      249,
      121,
      11,
      134,
      172,
      51,
      54,
      151,
      25,
      250,
      190,
      175,
      143,
      232,
      200,
      214,
      61,
      40,
      228,
      211,
      80,
      50,
      246,
      247,
      254,
      235,
      152,
      91,
      192,
      183,
      214
    ],
    "53": [
      230,
      69,
      152,
      183,
      52,
      9,
      141,
      17,
      208,
      125,
      24,
      140,
      104,
      103,
      211,
      159,
      147,
      150,
      210,
      223,
      153,
      191,
      18,
      192,
      164,
      170,
      250,
      211,
      116,
      69,
      105,
      147
    ],
    "22": [
      254,
      179,
      157,
      88,
      18,
      218,
      1,
      104,
      223,
      211,
      135,
      142,
      146,
      81,
      8,
      208,
      194,
      90,
      60,
      178,
      238,
      190,
      232,
      9,
      127,
      117,
      33,
      223,
      128,
      84,
      65,
      167
    ],
    "49": [
      27,
      65,
      223,
      135,
      112,
      224,
      25,
      162,
      251,
      97,
      216,
      126,
      250,
      170,
      0,
      237,
      255,
      128,
      76,
      107,
      202,
      104,
      208,
      196,
      182,
      66,
      179,
      75,
      157,
      165,
      249,
      194
    ],
    "18": [
      69,
      94,
      205,
      62,
      29,
      166,
      104,
      152,
      22,
      252,
      97,
      67,
      82,
      14,
      217,
      222,
      106,
      86,
      242,
      228,
      193,
      234,
      217,
      212,
      95,
      32,
      171,
      219,
      21,
      171,
      174,
      206
    ],
    "61": [
      10,
      5,
      77,
      154,
      7,
      79,
      9,
      185,
      151,
      81,
      43,
      210,
      177,
      146,
      32,
      239,
      163,
      150,
      43,
      221,
      71,
      73,
      27,
      206,
      26,
      106,
      78,
      146,
      65,
      193,
      43,
      241
    ],
    "30": [
      198,
      225,
      210,
      224,
      69,
      251,
      53,
      80,
      70,
      111,
      69,
      219,
      221,
      164,
      151,
      91,
      157,
      222,
      193,
      211,
      130,
      239,
      54,
      154,
      39,
      169,
      176,
      33,
      110,
      102,
      35,
      75
    ],
    "57": [
      166,
      207,
      18,
      133,
      95,
      52,
      160,
      1,
      189,
      15,
      50,
      62,
      31,
      100,
      66,
      123,
      162,
      183,
      221,
      245,
      211,
      131,
      37,
      224,
      5,
      135,
      217,
      39,
      158,
      233,
      210,
      22
    ],
    "26": [
      79,
      207,
      105,
      0,
      119,
      55,
      5,
      178,
      181,
      15,
      11,
      195,
      95,
      240,
      101,
      1,
      233,
      7,
      73,
      197,
      255,
      175,
      109,
      161,
      1,
      68,
      140,
      21,
      198,
      164,
      35,
      59
    ],
    "5": [
      56,
      35,
      161,
      17,
      24,
      221,
      20,
      49,
      190,
      9,
      167,
      69,
      23,
      184,
      222,
      51,
      187,
      205,
      45,
      249,
      46,
      150,
      147,
      103,
      112,
      174,
      169,
      100,
      177,
      88,
      37,
      248
    ],
    "36": [
      54,
      112,
      222,
      40,
      134,
      184,
      217,
      95,
      86,
      229,
      123,
      19,
      102,
      191,
      145,
      102,
      76,
      178,
      153,
      178,
      214,
      146,
      169,
      89,
      65,
      247,
      239,
      159,
      229,
      113,
      56,
      129
    ],
    "1": [
      6,
      143,
      148,
      171,
      101,
      88,
      137,
      76,
      183,
      55,
      207,
      34,
      172,
      235,
      192,
      0,
      75,
      82,
      13,
      249,
      72,
      250,
      229,
      203,
      122,
      16,
      58,
      99,
      46,
      199,
      79,
      65
    ],
    "32": [
      177,
      205,
      155,
      3,
      250,
      51,
      240,
      101,
      34,
      200,
      135,
      33,
      150,
      57,
      92,
      36,
      63,
      2,
      203,
      32,
      197,
      255,
      247,
      183,
      4,
      73,
      121,
      41,
      126,
      207,
      120,
      83
    ],
    "13": [
      142,
      21,
      22,
      253,
      196,
      107,
      89,
      154,
      12,
      132,
      10,
      129,
      105,
      241,
      99,
      213,
      252,
      207,
      209,
      160,
      162,
      58,
      96,
      161,
      56,
      108,
      162,
      174,
      140,
      7,
      221,
      84
    ],
    "44": [
      42,
      158,
      136,
      226,
      47,
      140,
      41,
      111,
      49,
      58,
      25,
      253,
      27,
      137,
      163,
      91,
      34,
      213,
      81,
      215,
      39,
      223,
      93,
      153,
      72,
      202,
      92,
      111,
      210,
      68,
      75,
      32
    ],
    "9": [
      77,
      135,
      71,
      192,
      251,
      152,
      14,
      44,
      81,
      120,
      61,
      47,
      254,
      252,
      214,
      31,
      64,
      183,
      106,
      7,
      81,
      180,
      46,
      42,
      108,
      231,
      245,
      201,
      191,
      181,
      23,
      141
    ],
    "40": [
      46,
      152,
      0,
      202,
      212,
      174,
      9,
      197,
      140,
      51,
      182,
      143,
      102,
      12,
      135,
      92,
      110,
      83,
      191,
      79,
      214,
      103,
      104,
      225,
      93,
      177,
      187,
      160,
      67,
      15,
      216,
      195
    ],
    "21": [
      180,
      225,
      172,
      222,
      94,
      206,
      171,
      172,
      105,
      206,
      191,
      212,
      104,
      93,
      7,
      217,
      153,
      72,
      43,
      157,
      171,
      65,
      209,
      218,
      187,
      107,
      241,
      216,
      231,
      60,
      242,
      48
    ],
    "52": [
      62,
      212,
      109,
      167,
      132,
      62,
      182,
      29,
      198,
      87,
      66,
      30,
      200,
      159,
      180,
      205,
      4,
      84,
      238,
      180,
      255,
      10,
      243,
      170,
      3,
      120,
      187,
      121,
      202,
      80,
      151,
      127
    ],
    "17": [
      119,
      246,
      241,
      119,
      156,
      255,
      254,
      238,
      43,
      175,
      238,
      106,
      221,
      178,
      197,
      187,
      35,
      150,
      63,
      1,
      141,
      47,
      196,
      229,
      121,
      174,
      87,
      160,
      174,
      62,
      251,
      63
    ],
    "48": [
      185,
      183,
      46,
      77,
      64,
      41,
      65,
      27,
      110,
      175,
      79,
      87,
      247,
      205,
      56,
      39,
      51,
      238,
      78,
      79,
      68,
      118,
      56,
      79,
      178,
      48,
      204,
      241,
      9,
      68,
      106,
      171
    ],
    "29": [
      165,
      184,
      119,
      172,
      25,
      210,
      254,
      169,
      156,
      180,
      25,
      163,
      183,
      25,
      252,
      74,
      14,
      140,
      192,
      146,
      209,
      126,
      2,
      206,
      201,
      239,
      31,
      40,
      157,
      237,
      177,
      237
    ],
    "60": [
      136,
      145,
      127,
      235,
      68,
      237,
      166,
      57,
      223,
      131,
      234,
      245,
      58,
      36,
      122,
      61,
      72,
      74,
      8,
      40,
      223,
      185,
      131,
      190,
      19,
      148,
      24,
      228,
      231,
      99,
      66,
      86
    ],
    "25": [
      125,
      166,
      163,
      32,
      160,
      238,
      42,
      123,
      19,
      177,
      142,
      126,
      32,
      233,
      200,
      43,
      161,
      251,
      2,
      172,
      234,
      143,
      213,
      100,
      37,
      192,
      43,
      116,
      157,
      154,
      1,
      152
    ],
    "56": [
      248,
      96,
      208,
      176,
      172,
      159,
      46,
      61,
      95,
      94,
      216,
      13,
      82,
      203,
      56,
      63,
      158,
      0,
      246,
      207,
      26,
      174,
      81,
      83,
      138,
      83,
      14,
      111,
      70,
      239,
      184,
      1
    ],
    "4": [
      3,
      117,
      90,
      105,
      84,
      170,
      7,
      183,
      44,
      143,
      50,
      23,
      243,
      127,
      138,
      21,
      145,
      84,
      154,
      22,
      166,
      24,
      66,
      190,
      239,
      245,
      228,
      151,
      250,
      56,
      164,
      197
    ],
    "39": [
      232,
      243,
      9,
      137,
      75,
      193,
      4,
      170,
      248,
      207,
      186,
      13,
      139,
      95,
      236,
      120,
      88,
      136,
      46,
      108,
      166,
      70,
      218,
      37,
      178,
      84,
      124,
      108,
      72,
      70,
      18,
      29
    ],
    "0": [
      223,
      98,
      166,
      144,
      13,
      228,
      193,
      150,
      128,
      202,
      100,
      108,
      119,
      86,
      160,
      16,
      211,
      127,
      99,
      226,
      160,
      205,
      212,
      170,
      234,
      31,
      169,
      253,
      209,
      41,
      49,
      206
    ],
    "35": [
      2,
      63,
      233,
      64,
      173,
      199,
      116,
      209,
      251,
      40,
      31,
      102,
      44,
      189,
      227,
      239,
      21,
      171,
      24,
      19,
      78,
      63,
      229,
      64,
      252,
      9,
      96,
      71,
      225,
      52,
      3,
      4
    ],
    "12": [
      78,
      123,
      218,
      159,
      234,
      26,
      49,
      184,
      17,
      242,
      102,
      223,
      114,
      7,
      181,
      3,
      118,
      5,
      149,
      96,
      132,
      46,
      64,
      88,
      219,
      17,
      210,
      79,
      15,
      84,
      223,
      84
    ],
    "47": [
      165,
      141,
      35,
      225,
      203,
      88,
      129,
      34,
      13,
      45,
      74,
      243,
      213,
      31,
      140,
      128,
      118,
      247,
      194,
      192,
      173,
      188,
      107,
      118,
      97,
      141,
      181,
      169,
      35,
      57,
      158,
      150
    ],
    "8": [
      142,
      253,
      82,
      238,
      93,
      47,
      29,
      28,
      81,
      11,
      185,
      66,
      184,
      185,
      49,
      150,
      134,
      241,
      57,
      7,
      218,
      87,
      185,
      218,
      246,
      142,
      166,
      23,
      159,
      19,
      192,
      88
    ],
    "43": [
      150,
      35,
      66,
      146,
      92,
      8,
      27,
      4,
      177,
      43,
      150,
      67,
      56,
      10,
      167,
      87,
      236,
      2,
      152,
      153,
      166,
      22,
      35,
      47,
      215,
      225,
      223,
      244,
      127,
      85,
      197,
      93
    ],
    "20": [
      159,
      150,
      185,
      184,
      128,
      82,
      3,
      144,
      15,
      255,
      242,
      228,
      151,
      0,
      25,
      251,
      217,
      153,
      134,
      196,
      121,
      144,
      22,
      244,
      234,
      174,
      168,
      255,
      138,
      116,
      156,
      172
    ],
    "55": [
      241,
      179,
      67,
      91,
      167,
      6,
      3,
      132,
      56,
      73,
      147,
      182,
      204,
      166,
      192,
      208,
      108,
      104,
      218,
      159,
      199,
      140,
      63,
      32,
      70,
      243,
      138,
      235,
      177,
      84,
      200,
      29
    ],
    "16": [
      71,
      22,
      0,
      246,
      68,
      169,
      172,
      128,
      142,
      92,
      87,
      143,
      52,
      116,
      143,
      119,
      18,
      135,
      53,
      119,
      214,
      14,
      5,
      102,
      114,
      215,
      65,
      218,
      242,
      65,
      190,
      123
    ],
    "51": [
      199,
      228,
      132,
      14,
      12,
      181,
      61,
      241,
      184,
      31,
      9,
      145,
      218,
      143,
      31,
      194,
      4,
      58,
      127,
      231,
      210,
      34,
      247,
      233,
      254,
      239,
      33,
      62,
      58,
      240,
      79,
      136
    ],
    "28": [
      99,
      89,
      236,
      70,
      227,
      195,
      216,
      248,
      215,
      238,
      61,
      234,
      236,
      139,
      29,
      174,
      172,
      179,
      245,
      153,
      66,
      26,
      109,
      227,
      175,
      170,
      56,
      96,
      140,
      45,
      75,
      126
    ],
    "63": [
      250,
      25,
      84,
      131,
      158,
      72,
      99,
      10,
      213,
      199,
      123,
      152,
      218,
      71,
      38,
      114,
      101,
      8,
      231,
      15,
      86,
      215,
      214,
      4,
      30,
      140,
      250,
      123,
      199,
      35,
      155,
      200
    ],
    "24": [
      175,
      179,
      64,
      29,
      146,
      39,
      83,
      51,
      200,
      122,
      169,
      186,
      248,
      149,
      187,
      221,
      176,
      23,
      111,
      47,
      22,
      126,
      169,
      42,
      205,
      23,
      138,
      2,
      18,
      6,
      231,
      72
    ],
    "59": [
      132,
      109,
      135,
      78,
      97,
      145,
      144,
      25,
      215,
      198,
      129,
      115,
      30,
      50,
      240,
      254,
      246,
      67,
      137,
      70,
      32,
      119,
      116,
      27,
      163,
      147,
      102,
      170,
      223,
      150,
      91,
      231
    ],
    "7": [
      251,
      183,
      219,
      244,
      79,
      39,
      165,
      0,
      228,
      38,
      62,
      24,
      54,
      43,
      204,
      5,
      211,
      83,
      207,
      192,
      172,
      216,
      89,
      5,
      53,
      3,
      201,
      104,
      186,
      240,
      151,
      196
    ],
    "38": [
      160,
      248,
      160,
      111,
      145,
      229,
      1,
      29,
      36,
      144,
      230,
      248,
      122,
      217,
      162,
      64,
      164,
      155,
      163,
      27,
      112,
      9,
      218,
      156,
      151,
      86,
      179,
      67,
      149,
      100,
      140,
      157
    ],
    "3": [
      225,
      100,
      203,
      17,
      177,
      92,
      95,
      0,
      66,
      255,
      99,
      157,
      125,
      115,
      83,
      41,
      71,
      164,
      194,
      132,
      237,
      49,
      179,
      90,
      96,
      150,
      74,
      142,
      207,
      71,
      225,
      128
    ],
    "34": [
      191,
      5,
      93,
      164,
      163,
      88,
      175,
      30,
      186,
      218,
      167,
      102,
      175,
      39,
      142,
      195,
      60,
      33,
      112,
      97,
      156,
      47,
      94,
      42,
      166,
      33,
      73,
      212,
      223,
      158,
      27,
      17
    ],
    "15": [
      165,
      37,
      82,
      190,
      140,
      160,
      126,
      186,
      142,
      84,
      232,
      145,
      252,
      57,
      164,
      130,
      94,
      0,
      54,
      174,
      88,
      88,
      170,
      113,
      151,
      96,
      37,
      216,
      110,
      187,
      242,
      66
    ],
    "46": [
      135,
      171,
      222,
      24,
      51,
      251,
      45,
      121,
      64,
      244,
      241,
      69,
      190,
      154,
      47,
      237,
      132,
      223,
      55,
      140,
      4,
      198,
      117,
      57,
      237,
      154,
      64,
      46,
      4,
      193,
      101,
      32
    ],
    "11": [
      168,
      145,
      124,
      61,
      156,
      46,
      168,
      59,
      250,
      202,
      181,
      24,
      119,
      152,
      177,
      149,
      4,
      72,
      198,
      170,
      103,
      152,
      3,
      198,
      78,
      64,
      245,
      81,
      74,
      78,
      118,
      163
    ],
    "42": [
      168,
      7,
      125,
      57,
      228,
      249,
      82,
      131,
      167,
      84,
      26,
      49,
      98,
      157,
      226,
      121,
      200,
      205,
      204,
      125,
      17,
      116,
      217,
      160,
      34,
      255,
      100,
      235,
      189,
      185,
      169,
      87
    ],
    "23": [
      51,
      23,
      37,
      122,
      32,
      1,
      200,
      38,
      66,
      95,
      153,
      4,
      241,
      39,
      29,
      109,
      59,
      13,
      39,
      43,
      213,
      127,
      67,
      89,
      0,
      174,
      55,
      89,
      1,
      98,
      160,
      125
    ],
    "54": [
      57,
      206,
      108,
      133,
      245,
      203,
      134,
      208,
      223,
      151,
      98,
      82,
      232,
      67,
      79,
      64,
      207,
      187,
      50,
      58,
      161,
      49,
      154,
      113,
      154,
      86,
      213,
      75,
      161,
      34,
      155,
      19
    ],
    "19": [
      69,
      59,
      92,
      251,
      39,
      45,
      35,
      209,
      217,
      77,
      202,
      65,
      51,
      193,
      211,
      155,
      154,
      90,
      149,
      36,
      92,
      26,
      7,
      177,
      83,
      169,
      82,
      196,
      223,
      163,
      40,
      107
    ],
    "50": [
      90,
      112,
      173,
      76,
      201,
      218,
      229,
      105,
      146,
      109,
      139,
      5,
      108,
      56,
      158,
      71,
      4,
      58,
      20,
      184,
      127,
      111,
      215,
      22,
      66,
      45,
      132,
      175,
      245,
      125,
      164,
      62
    ],
    "31": [
      70,
      196,
      100,
      255,
      82,
      166,
      245,
      22,
      187,
      197,
      243,
      1,
      233,
      226,
      191,
      66,
      92,
      41,
      35,
      46,
      26,
      93,
      138,
      135,
      201,
      90,
      130,
      132,
      140,
      53,
      169,
      191
    ],
    "62": [
      100,
      110,
      207,
      207,
      48,
      45,
      239,
      148,
      199,
      1,
      146,
      61,
      46,
      218,
      40,
      203,
      243,
      231,
      32,
      23,
      98,
      201,
      137,
      254,
      105,
      76,
      100,
      207,
      87,
      204,
      139,
      239
    ],
    "27": [
      241,
      251,
      207,
      182,
      142,
      126,
      116,
      186,
      132,
      243,
      79,
      216,
      145,
      33,
      52,
      217,
      199,
      32,
      8,
      149,
      212,
      135,
      110,
      139,
      119,
      242,
      193,
      23,
      176,
      56,
      212,
      205
    ],
    "58": [
      67,
      1,
      42,
      163,
      112,
      62,
      102,
      227,
      188,
      16,
      94,
      176,
      94,
      235,
      81,
      225,
      113,
      143,
      122,
      243,
      240,
      179,
      199,
      1,
      186,
      119,
      246,
      24,
      160,
      44,
      84,
      224
    ]
  },
  "my_cert": [],
  "my_cert_key": [],
  "root_cert": []
}