{
  "net_map": {
    "37": "127.0.0.1:8537",
    "6": "127.0.0.1:8506",
    "33": "127.0.0.1:8533",
    "64": "127.0.0.1:9000",
    "2": "127.0.0.1:8502",
    "45": "127.0.0.1:8545",
    "14": "127.0.0.1:8514",
    "41": "127.0.0.1:8541",
    "10": "127.0.0.1:8510",
    "53": "127.0.0.1:8553",
    "22": "127.0.0.1:8522",
    "49": "127.0.0.1:8549",
    "18": "127.0.0.1:8518",
    "61": "127.0.0.1:8561",
    "30": "127.0.0.1:8530",
    "57": "127.0.0.1:8557",
    "26": "127.0.0.1:8526",
    "5": "127.0.0.1:8505",
    "36": "127.0.0.1:8536",
    "1": "127.0.0.1:8501",
    "32": "127.0.0.1:8532",
    "13": "127.0.0.1:8513",
    "44": "127.0.0.1:8544",
    "9": "127.0.0.1:8509",
    "40": "127.0.0.1:8540",
    "21": "127.0.0.1:8521",
    "52": "127.0.0.1:8552",
    "17": "127.0.0.1:8517",
    "48": "127.0.0.1:8548",
    "29": "127.0.0.1:8529",
    "60": "127.0.0.1:8560",
    "25": "127.0.0.1:8525",
    "56": "127.0.0.1:8556",
    "4": "127.0.0.1:8504",
    "39": "127.0.0.1:8539",
    "0": "127.0.0.1:8500",
    "35": "127.0.0.1:8535",
    "12": "127.0.0.1:8512",
    "47": "127.0.0.1:8547",
    "8": "127.0.0.1:8508",
    "43": "127.0.0.1:8543",
    "20": "127.0.0.1:8520",
    "55": "127.0.0.1:8555",
    "16": "127.0.0.1:8516",
    "51": "127.0.0.1:8551",
    "28": "127.0.0.1:8528",
    "63": "127.0.0.1:8563",
    "24": "127.0.0.1:8524",
    "59": "127.0.0.1:8559",
    "7": "127.0.0.1:8507",
    "38": "127.0.0.1:8538",
    "3": "127.0.0.1:8503",
    "34": "127.0.0.1:8534",
    "15": "127.0.0.1:8515",
    "46": "127.0.0.1:8546",
    "11": "127.0.0.1:8511",
    "42": "127.0.0.1:8542",
    "23": "127.0.0.1:8523",
    "54": "127.0.0.1:8554",
    "19": "127.0.0.1:8519",
    "50": "127.0.0.1:8550",
    "31": "127.0.0.1:8531",
    "62": "127.0.0.1:8562",
    "27": "127.0.0.1:8527",
    "58": "127.0.0.1:8558"
  },
  "delta": 100,
  "id": 46,
  "num_nodes": 64,
  "num_faults": 21,
  "block_size": 100,
  "client_port": 7046,
  "client_addr": "0.0.0.0:5000",
  "payload": 0,
  "prot_payload": "cc,/home/akhil/research/EEBA/libchatter/",
  "crypto_alg": "NOPKI",
  "pk_map": {},
  "secret_key_bytes": [],
  "sk_map": {
    "37": [
      130,
      200,
      91,
      111,
      14,
      163,
      195,
      177,
      75,
      222,
      147,
      235,
      61,
      217,
      219,
      164,
      100,
      173,
      75,
      173,
      155,
      31,
      244,
      190,
      254,
      67,
      194,
      23,
      242,
      14,
      102,
      31
    ],
    "6": [
      141,
      140,
      79,
      23,
      177,
      152,
      19,
      223,
      214,
      79,
      12,
      59,
      127,
      7,
      23,
      208,
      202,
      131,
      70,
      21,
      110,
      173,
      77,
      228,
      106,
      62,
      166,
      10,
      174,
      19,
      240,
      173
    ],
    "33": [
      159,
      253,
      206,
      195,
      123,
      137,
      104,
      232,
      168,
      239,
      59,
      127,
      74,
      20,
      3,
      120,
      234,
      219,
      188,
      128,
      156,
      59,
      151,
      224,
      225,
      15,
      178,
      29,
      49,
      252,
      28,
      2
    ],
    "2": [
      187,
      158,
      147,
      204,
      187,
      56,
      171,
      185,
      128,
      61,
      34,
      166,
      60,
      225,
      221,
      148,
      253,
      125,
      163,
      233,
      216,
      61,
      72,
      218,
      182,
      127,
      24,
      105,
      19,
      26,
      76,
      161
    ],
    "45": [
      231,
      184,
      42,
      209,
      73,
      241,
      27,
      80,
      159,
      36,
      109,
      101,
      161,
      158,
      251,
      99,
      131,
      29,
      38,
      3,
      108,
      53,
      9,
      134,
      100,
      241,
      185,
      188,
      61,
      5,
      118,
      214
    ],
    "14": [
      120,
      133,
      65,
      249,
      240,
      142,
      15,
      118,
      201,
      206,
      151,
      175,
      56,
      93,
      167,
      244,
      238,
      103,
      240,
      245,
      4,
      124,
      87,
      57,
      67,
      31,
      140,
      83,
      237,
      87,
      51,
      46
    ],
    "41": [
      209,
      173,
      214,
      114,
      140,
      91,
      79,
      57,
      30,
      243,
      172,
      188,
      130,
      158,
      21,
      28,
      180,
      88,
      149,
      220,
      164,
      143,
      130,
      95,
      137,
      156,
      239,
      97,
      26,
      77,
      218,
      28
    ],
    "10": [
      231,
      234,
      50,
      243,
      13,
      155,
      236,
      225,
      189,
      51,
      154,
      103,
      129,
      200,
      108,
      204,
      121,
      243,
      57,
      95,
      131,
      113,
      248,
      104,
      205,
      141,
      39,
      98,
      90,
      88,
      99,
      113
    ],
    "53": [
      49,
      62,
      70,
      216,
      235,
      194,
      123,
      214,
      243,
      233,
      41,
      183,
      7,
      138,
      91,
      37,
      85,
      241,
      208,
      244,
      179,
      215,
      250,
      105,
      253,
      209,
      54,
      191,
      15,
      250,
      38,
      161
    ],
    "22": [
      109,
      107,
      143,
      65,
      127,
      66,
      199,
      67,
      115,
      67,
      197,
      223,
      94,
      205,
      10,
      1,
      23,
      105,
      139,
      172,
      76,
      157,
      164,
      193,
      44,
      186,
      101,
      151,
      37,
      139,
      41,
      254
    ],
    "49": [
      4,
      183,
      158,
      234,
      139,
      136,
      38,
      123,
      19,
      161,
      156,
      102,
      199,
      157,
      142,
      158,
      124,
      106,
      28,
      188,
      204,
      162,
      16,
      87,
      59,
      129,
      87,
      11,
      61,
      213,
      213,
      99
    ],
    "18": [
      21,
      13,
      21,
      12,
      89,
      235,
      210,
      28,
      140,
      73,
      24,
      52,
      160,
      240,
      25,
      204,
      174,
      236,
      244,
      145,
      30,
      252,
      101,
      136,
      163,
      85,
      244,
      47,
      143,
      75,
      44,
      68
    ],
    "61": [
      137,
      44,
      205,
      234,
      123,
      236,
      179,
      51,
      103,
      205,
      247,
      116,
      92,
      191,
      201,
      39,
      234,
      247,
      169,
      115,
      185,
      197,
      88,
      120,
      213,
      85,
      84,
      250,
      226,
      27,
      168,
      75
    ],
    "30": [
      33,
      227,
      96,
      86,
      215,
      101,
      109,
      171,
      28,
      8,
      199,
      15,
      212,
      210,
      134,
      103,
      176,
      78,
      183,
      50,
      107,
      23,
      15,
      80,
      184,
      18,
      199,
      7,
      1,
      21,
      131,
      105
    ],
    "57": [
      255,
      112,
      34,
      238,
      49,
      232,
      71,
      158,
      45,
      59,
      183,
      252,
      243,
      246,
      83,
      247,
      233,
      189,
      212,
      34,
      40,
      24,
      146,
      47,
      20,
      144,
      175,
      153,
      233,
      92,
      81,
      124
    ],
    "26": [
      107,
      241,
      147,
      20,
      246,
      138,
      96,
      141,
      104,
      223,
      124,
      186,
      27,
      138,
      27,
      24,
      77,
      182,
      193,
      159,
      135,
      78,
      247,
      243,
      106,
      183,
      30,
      31,
      225,
      249,
      240,
      182
    ],
    "5": [
      146,
      67,
      54,
      204,
      59,
      52,
      94,
      52,
      229,
      38,
      137,
      44,
      108,
      53,
      188,
      183,
      121,
      84,
      182,
      7,
      160,
      212,
      83,
      251,
      223,
      180,
      145,
      193,
      188,
      159,
      181,
      195
    ],
    "36": [
      105,
      108,
      50,
      223,
      3,
      186,
      94,
      69,
      27,
      159,
      81,
      180,
      6,
      210,
      197,
      134,
      71,
      6,
      138,
      8,
      250,
      140,
      141,
      149,
      84,
      79,
      172,
      241,
      48,
      225,
      90,
      251
    ],
    "1": [
      253,
      91,
      207,
      27,
      214,
      214,
      11,
      98,
      181,
      126,
      186,
      160,
      44,
      216,
      170,
      210,
      102,
      47,
      150,
      52,
      245,
      32,
      114,
      51,
      75,
      127,
      79,
      109,
      93,
      159,
      204,
      80
    ],
    "32": [
      55,
      151,
      7,
      200,
      26,
      217,
      44,
      86,
      155,
      128,
      202,
      3,
      171,
      246,
      146,
      180,
      181,
      126,
      73,
      173,
      229,
      116,
      166,
      209,
      73,
      57,
      106,
      235,
      182,
      96,
      153,
      142
    ],
    "13": [
      130,
      242,
      141,
      195,
      41,
      20,
      175,
      164,
      56,
      5,
      184,
      45,
      100,
      224,
      118,
      164,
      80,
      58,
      195,
      133,
      202,
      106,
      137,
      124,
      78,
      113,
      228,
      47,
      151,
      183,
      255,
      130
    ],
    "44": [
      111,
      130,
      80,
      76,
      217,
      129,
      56,
      76,
      91,
      127,
      245,
      131,
      85,
      12,
      48,
      200,
      251,
      36,
      111,
      95,
      44,
      220,
      161,
      245,
      21,
      195,
      90,
      146,
      45,
      35,
      65,
      79
    ],
    "9": [
      3,
      245,
      21,
      15,
      241,
      222,
      36,
      117,
      27,
      208,
      209,
      198,
      245,
      40,
      103,
      243,
      31,
      90,
      143,
      156,
      64,
      59,
      9,
      61,
      150,
      8,
      175,
      114,
      59,
      99,
      79,
      205
    ],
    "40": [
      202,
      158,
      71,
      56,
      54,
      234,
      127,
      44,
      120,
      207,
      197,
      153,
      140,
      172,
      21,
      16,
      238,
      71,
      34,
      31,
      85,
      127,
      37,
      18,
      136,
      32,
      209,
      164,
      133,
      210,
      53,
      151
    ],
    "21": [
      149,
      126,
      81,
      154,
      126,
      243,
      206,
      13,
      159,
      37,
      203,
      56,
      84,
      148,
      34,
      180,
      209,
      229,
      71,
      237,
      9,
      104,
      155,
      78,
      197,
      143,
      15,
      23,
      237,
      131,
      185,
      110
    ],
    "52": [
      2,
      180,
      225,
      155,
      165,
      3,
      243,
      185,
      10,
      138,
      109,
      94,
      8,
      197,
      145,
      30,
      127,
      2,
      0,
      148,
      4,
      90,
      57,
      111,
      95,
      31,
      131,
      206,
      234,
      52,
      208,
      161
    ],
    "17": [
      63,
      181,
      56,
      124,
      17,
      196,
      79,
      240,
      235,
      118,
      36,
      25,
      216,
      31,
      237,
      164,
      133,
      52,
      35,
      59,
      131,
      73,
      136,
      163,
      123,
      105,
      156,
      253,
      42,
      119,
      87,
      207
    ],
    "48": [
      223,
      231,
      138,
      59,
      11,
      254,
      153,
      183,
      54,
      16,
      49,
      168,
      90,
      217,
      215,
      114,
      161,
      99,
      125,
      56,
      215,
      251,
      190,
      219,
      41,
      244,
      78,
      0,
      40,
      193,
      36,
      114
    ],
    "29": [
      81,
      15,
      74,
      12,
      226,
      196,
      15,
      13,
      223,
      254,
      153,
      184,
      151,
      53,
      251,
      141,
      9,
      91,
      117,
      252,
      25,
      181,
      166,
      216,
      48,
      183,
      2,
      84,
      207,
      112,
      38,
      226
    ],
    "60": [
      79,
      147,
      138,
      62,
      210,
      119,
      145,
      86,
      235,
      116,
      183,
      69,
      213,
      27,
      202,
      62,
      2,
      30,
      156,
      157,
      115,
      35,
      91,
      63,
      228,
      241,
      174,
      16,
      144,
      239,
      243,
      42
    ],
    "25": [
      241,
      31,
      235,
      232,
      90,
      114,
      84,
      222,
      190,
      151,
      64,
      64,
      164,
      146,
      197,
      242,
      44,
      71,
      32,
      50,
      151,
      175,
      49,
      147,
      0,
      145,
      214,
      117,
      125,
      136,
      49,
      253
    ],
    "56": [
      135,
      171,
      222,
      24,
      51,
      251,
      45,
      121,
      64,
      244,
      241,
      69,
      190,
      154,
      47,
      237,
      132,
      223,
      55,
      140,
      4,
      198,
      117,
      57,
      237,
      154,
      64,
      46,
      4,
      193,
      101,
      32
    ],
    "4": [
      109,
      162,
      215,
      79,
      183,
      144,
      167,
      250,
      74,
      186,
      78,
      61,
      133,
      67,
      247,
      77,
      47,
      229,
      167,
      188,
      92,
      15,
      113,
      91,
      77,
      130,
      94,
      145,
      26,
      207,
      3,
      86
    ],
    "39": [
      45,
      187,
      139,
      209,
      110,
      13,
      22,
      6,
      18,
      8,
      0,
      13,
      125,
      90,
      84,
      7,
      246,
      10,
      191,
      92,
      77,
      44,
      84,
      116,
      74,
      145,
      34,
      218,
      96,
      3,
      162,
      174
    ],
    "0": [
      44,
      126,
      255,
      44,
      60,
      152,
      130,
      27,
      47,
      251,
      219,
      87,
      48,
      58,
      3,
      49,
      56,
      39,
      139,
      89,
      11,
      251,
      230,
      136,
      94,
      50,
      131,
      146,
      122,
      96,
      88,
      50
    ],
    "35": [
      23,
      19,
      251,
      173,
      165,
      224,
      60,
      104,
      26,
      164,
      33,
      148,
      34,
      121,
      115,
      201,
      81,
      145,
      108,
      172,
      1,
      44,
      183,
      124,
      199,
      8,
      199,
      37,
      69,
      42,
      232,
      177
    ],
    "12": [
      124,
      52,
      123,
      75,
      203,
      5,
      106,
      70,
      28,
      49,
      94,
      33,
      224,
      137,
      32,
      54,
      167,
      166,
      36,
      159,
      27,
      44,
      251,
      246,
      188,
      65,
      17,
      141,
      88,
      43,
      231,
      201
    ],
    "47": [
      239,
      61,
      237,
      235,
      218,
      211,
      219,
      94,
      74,
      183,
      196,
      197,
      180,
      25,
      0,
      251,
      206,
      79,
      101,
      228,
      2,
      171,
      78,
      23,
      170,
      12,
      121,
      92,
      202,
      129,
      105,
      253
    ],
    "8": [
      183,
      170,
      103,
      110,
      97,
      104,
      186,
      5,
      139,
      175,
      232,
      97,
      216,
      48,
      226,
      167,
      204,
      34,
      80,
      37,
      146,
      67,
      173,
      109,
      211,
      7,
      124,
      175,
      187,
      205,
      107,
      23
    ],
    "43": [
      157,
      195,
      44,
      81,
      104,
      127,
      98,
      139,
      129,
      247,
      143,
      78,
      117,
      118,
      215,
      76,
      155,
      163,
      0,
      176,
      95,
      127,
      140,
      143,
      227,
      44,
      161,
      213,
      55,
      42,
      100,
      144
    ],
    "20": [
      246,
      53,
      230,
      138,
      213,
      65,
      45,
      158,
      211,
      161,
      166,
      139,
      202,
      127,
      197,
      11,
      244,
      176,
      224,
      217,
      172,
      86,
      13,
      159,
      104,
      190,
      221,
      141,
      136,
      82,
      136,
      18
    ],
    "55": [
      73,
      118,
      144,
      114,
      46,
      24,
      229,
      199,
      33,
      77,
      221,
      187,
      183,
      46,
      189,
      74,
      155,
      212,
      74,
      175,
      177,
      248,
      105,
      73,
      94,
      84,
      242,
      171,
      28,
      73,
      146,
      145
    ],
    "16": [
      231,
      241,
      107,
      3,
      64,
      1,
      185,
      63,
      19,
      141,
      220,
      114,
      59,
      150,
      199,
      203,
      56,
      78,
      118,
      233,
      144,
      61,
      143,
      144,
      250,
      60,
      154,
      94,
      196,
      239,
      118,
      12
    ],
    "51": [
      148,
      47,
      62,
      41,
      106,
      213,
      31,
      219,
      133,
      176,
      207,
      75,
      96,
      91,
      163,
      118,
      133,
      41,
      207,
      253,
      47,
      176,
      251,
      194,
      207,
      165,
      220,
      160,
      0,
      35,
      248,
      107
    ],
    "28": [
      101,
      77,
      86,
      203,
      21,
      102,
      82,
      118,
      93,
      66,
      21,
      137,
      50,
      250,
      103,
      170,
      102,
      38,
      41,
      7,
      0,
      32,
      168,
      207,
      236,
      197,
      105,
      43,
      124,
      182,
      111,
      27
    ],
    "63": [
      92,
      176,
      2,
      21,
      155,
      230,
      115,
      93,
      187,
      151,
      138,
      135,
      138,
      225,
      84,
      114,
      143,
      254,
      131,
      137,
      7,
      206,
      155,
      31,
      3,
      96,
      123,
      250,
      176,
      135,
      197,
      15
    ],
    "24": [
      253,
      248,
      211,
      194,
      133,
      2,
      5,
      71,
      59,
      160,
      40,
      12,
      234,
      36,
      137,
      222,
      64,
      8,
      144,
      200,
      186,
      164,
      160,
      91,
      173,
      127,
      96,
      120,
      19,
      92,
      166,
      179
    ],
    "59": [
      217,
      51,
      110,
      205,
      59,
      21,
      6,
      237,
      101,
      192,
      219,
      159,
      99,
      217,
      152,
      112,
      124,
      67,
      63,
      4,
      138,
      71,
      32,
      99,
      146,
      193,
      25,
      66,
      38,
      226,
      231,
      79
    ],
    "7": [
      179,
      85,
      230,
      242,
      96,
      202,
      35,
      236,
      68,
      124,
      14,
      233,
      114,
      73,
      252,
      160,
      20,
      41,
      42,
      147,
      210,
      101,
      28,
      215,
      62,
      33,
      143,
      192,
      31,
      186,
      15,
      181
    ],
    "38": [
      194,
      224,
      207,
      223,
      69,
      248,
      47,
      0,
      134,
      230,
      59,
      111,
      96,
      136,
      234,
      107,
      36,
      158,
      190,
      81,
      9,
      216,
      134,
      219,
      98,
      247,
      48,
      69,
      62,
      71,
      172,
      225
    ],
    "3": [
      13,
      159,
      14,
      203,
      179,
      12,
      144,
      135,
      252,
      81,
      65,
      96,
      199,
      96,
      5,
      100,
      55,
      44,
      130,
      230,
      151,
      188,
      167,
      213,
      43,
      1,
      188,
      196,
      10,
      27,
      196,
      34
    ],
    "34": [
      98,
      74,
      79,
      198,
      105,
      61,
      198,
      83,
      84,
      48,
      176,
      243,
      119,
      80,
      239,
      194,
      167,
      135,
      161,
      216,
      39,
      172,
      97,
      106,
      184,
      178,
      65,
      36,
      58,
      35,
      102,
      201
    ],
    "15": [
      208,
      42,
      201,
      128,
      138,
      195,
      254,
      162,
      2,
      160,
      226,
      175,
      150,
      183,
      96,
      87,
      195,
      56,
      223,
      207,
      20,
      153,
      217,
      208,
      222,
      0,
      135,
      165,
      62,
      227,
      174,
      99
    ],
    "46": [
      222,
      4,
      151,
      51,
      23,
      76,
      25,
      0,
      3,
      159,
      223,
      115,
      172,
      210,
      131,
      64,
      61,
      157,
      205,
      177,
      39,
      99,
      243,
      19,
      117,
      121,
      252,
      0,
      128,
      77,
      215,
      255
    ],
    "11": [
      110,
      77,
      199,
      35,
      121,
      56,
      32,
      136,
      151,
      61,
      249,
      97,
      93,
      106,
      5,
      10,
      174,
      68,
      242,
      20,
      198,
      129,
      109,
      0,
      249,
      192,
      31,
      89,
      221,
      153,
      120,
      141
    ],
    "42": [
      48,
      18,
      215,
      156,
      163,
      93,
      54,
      151,
      161,
      69,
      165,
      126,
      199,
      216,
      142,
      84,
      70,
      148,
      176,
      87,
      212,
      247,
      198,
      237,
      122,
      47,
      241,
      126,
      177,
      73,
      22,
      240
    ],
    "23": [
      220,
      174,
      195,
      232,
      115,
      110,
      255,
      42,
      171,
      166,
      144,
      25,
      213,
      179,
      209,
      197,
      147,
      151,
      10,
      19,
      197,
      76,
      28,
      10,
      20,
      43,
      79,
      128,
      94,
      135,
      10,
      248
    ],
    "54": [
      108,
      231,
      223,
      0,
      6,
      53,
      100,
      213,
      223,
      152,
      194,
      75,
      253,
      194,
      166,
      251,
      216,
      214,
      25,
      204,
      163,
      112,
      119,
      130,
      26,
      26,
      27,
      236,
      50,
      120,
      65,
      149
    ],
    "19": [
      215,
      7,
      131,
      63,
      110,
      12,
      26,
      8,
      150,
      132,
      150,
      104,
      126,
      223,
      213,
      47,
      163,
      183,
      224,
      238,
      180,
      79,
      211,
      238,
      167,
      61,
      214,
      53,
      241,
      100,
      79,
      20
    ],
    "50": [
      118,
      79,
      35,
      29,
      143,
      74,
      92,
      163,
      222,
      212,
      15,
      69,
      36,
      54,
      150,
      92,
      14,
      214,
      97,
      33,
      70,
      85,
      221,
      186,
      165,
      199,
      27,
      206,
      105,
      7,
      70,
      45
    ],
    "31": [
      127,
      102,
      15,
      98,
      177,
      3,
      139,
      121,
      196,
      222,
      39,
      59,
      171,
      53,
      139,
      83,
      133,
      87,
      196,
      239,
      56,
      66,
      148,
      15,
      236,
      137,
      49,
      4,
      129,
      96,
      114,
      17
    ],
    "62": [
      242,
      177,
      217,
      161,
      232,
      37,
      143,
      108,
      203,
      204,
      103,
      170,
      98,
      181,
      87,
      225,
      242,
      117,
      12,
      253,
      246,
      142,
      53,
      234,
      197,
      39,
      111,
      250,
      142,
      148,
      233,
      134
    ],
    "27": [
      55,
      78,
      211,
      174,
      108,
      250,
      7,
      250,
      33,
      248,
      110,
      243,
      41,
      169,
      129,
      216,
      237,
      244,
      49,
      41,
      223,
      147,
      167,
      63,
      45,
      69,
      189,
      51,
      174,
      204,
      49,
      234
    ],
    "58": [
      134,
      20,
      196,
      231,
      165,
      172,
      40,
      247,
      74,
      117,
      41,
      2,
      104,
      23,
      197,
      61,
      56,
      116,
      106,
      26,
      213,
      113,
      172,
      87,
      245,
      71,
      109,
      53,
      70,
      149,
      84,
      78
    ]
  },
  "my_cert": [],
  "my_cert_key": [],
  "root_cert": []
}