{
  "net_map": {
    "37": "127.0.0.1:8537",
    "6": "127.0.0.1:8506",
    "33": "127.0.0.1:8533",
    "64": "127.0.0.1:9000",
    "2": "127.0.0.1:8502",
    "45": "127.0.0.1:8545",
    "14": "127.0.0.1:8514",
    "41": "127.0.0.1:8541",
    "10": "127.0.0.1:8510",
    "53": "127.0.0.1:8553",
    "22": "127.0.0.1:8522",
    "49": "127.0.0.1:8549",
    "18": "127.0.0.1:8518",
    "61": "127.0.0.1:8561",
    "30": "127.0.0.1:8530",
    "57": "127.0.0.1:8557",
    "26": "127.0.0.1:8526",
    "5": "127.0.0.1:8505",
    "36": "127.0.0.1:8536",
    "1": "127.0.0.1:8501",
    "32": "127.0.0.1:8532",
    "13": "127.0.0.1:8513",
    "44": "127.0.0.1:8544",
    "9": "127.0.0.1:8509",
    "40": "127.0.0.1:8540",
    "21": "127.0.0.1:8521",
    "52": "127.0.0.1:8552",
    "17": "127.0.0.1:8517",
    "48": "127.0.0.1:8548",
    "29": "127.0.0.1:8529",
    "60": "127.0.0.1:8560",
    "25": "127.0.0.1:8525",
    "56": "127.0.0.1:8556",
    "4": "127.0.0.1:8504",
    "39": "127.0.0.1:8539",
    "0": "127.0.0.1:8500",
    "35": "127.0.0.1:8535",
    "12": "127.0.0.1:8512",
    "47": "127.0.0.1:8547",
    "8": "127.0.0.1:8508",
    "43": "127.0.0.1:8543",
    "20": "127.0.0.1:8520",
    "55": "127.0.0.1:8555",
    "16": "127.0.0.1:8516",
    "51": "127.0.0.1:8551",
    "28": "127.0.0.1:8528",
    "63": "127.0.0.1:8563",
    "24": "127.0.0.1:8524",
    "59": "127.0.0.1:8559",
    "7": "127.0.0.1:8507",
    "38": "127.0.0.1:8538",
    "3": "127.0.0.1:8503",
    "34": "127.0.0.1:8534",
    "15": "127.0.0.1:8515",
    "46": "127.0.0.1:8546",
    "11": "127.0.0.1:8511",
    "42": "127.0.0.1:8542",
    "23": "127.0.0.1:8523",
    "54": "127.0.0.1:8554",
    "19": "127.0.0.1:8519",
    "50": "127.0.0.1:8550",
    "31": "127.0.0.1:8531",
    "62": "127.0.0.1:8562",
    "27": "127.0.0.1:8527",
    "58": "127.0.0.1:8558"
  },
  "delta": 100,
  "id": 55,
  "num_nodes": 64,
  "num_faults": 21,
  "block_size": 100,
  "client_port": 7055,
  "client_addr": "0.0.0.0:5000",
  "payload": 0,
  "prot_payload": "cc,/home/akhil/research/EEBA/libchatter/",
  "crypto_alg": "NOPKI",
  "pk_map": {},
  "secret_key_bytes": [],
  "sk_map": {
    "37": [
      173,
      233,
      223,
      99,
      136,
      237,
      31,
      159,
      196,
      185,
      9,
      109,
      218,
      149,
      24,
      27,
      81,
      105,
      69,
      18,
      66,
      169,
      138,
      214,
      128,
      104,
      19,
      181,
      154,
      240,
      150,
      11
    ],
    "6": [
      202,
      105,
      184,
      222,
      45,
      184,
      95,
      18,
      83,
      77,
      67,
      43,
      169,
      101,
      77,
      11,
      255,
      29,
      203,
      143,
      149,
      43,
      80,
      244,
      171,
      114,
      26,
      106,
      196,
      118,
      106,
      13
    ],
    "33": [
      110,
      236,
      83,
      244,
      203,
      160,
      183,
      84,
      12,
      213,
      21,
      242,
      117,
      182,
      135,
      11,
      116,
      25,
      217,
      152,
      49,
      75,
      19,
      41,
      163,
      159,
      229,
      2,
      71,
      234,
      130,
      107
    ],
    "2": [
      156,
      183,
      136,
      119,
      29,
      105,
      166,
      182,
      239,
      50,
      61,
      207,
      220,
      48,
      237,
      59,
      206,
      110,
      90,
      187,
      122,
      122,
      236,
      199,
      62,
      246,
      111,
      47,
      246,
      130,
      137,
      237
    ],
    "45": [
      122,
      238,
      5,
      172,
      113,
      124,
      237,
      36,
      241,
      167,
      161,
      144,
      212,
      241,
      240,
      14,
      127,
      29,
      20,
      42,
      226,
      75,
      93,
      214,
      244,
      33,
      231,
      237,
      86,
      16,
      104,
      239
    ],
    "14": [
      107,
      74,
      135,
      82,
      231,
      225,
      47,
      183,
      173,
      185,
      214,
      117,
      229,
      246,
      81,
      35,
      1,
      1,
      113,
      26,
      176,
      53,
      98,
      219,
      186,
      193,
      228,
      201,
      247,
      60,
      242,
      198
    ],
    "41": [
      102,
      14,
      251,
      35,
      149,
      200,
      126,
      79,
      27,
      241,
      17,
      162,
      89,
      56,
      216,
      51,
      214,
      160,
      46,
      172,
      227,
      92,
      255,
      172,
      122,
      122,
      86,
      20,
      203,
      10,
      234,
      8
    ],
    "10": [
      187,
      106,
      45,
      92,
      146,
      192,
      124,
      243,
      140,
      123,
      116,
      64,
      155,
      187,
      153,
      22,
      185,
      205,
      178,
      192,
      19,
      145,
      147,
      132,
      160,
      175,
      70,
      215,
      178,
      99,
      178,
      244
    ],
    "53": [
      143,
      45,
      6,
      90,
      238,
      123,
      78,
      1,
      248,
      122,
      242,
      107,
      84,
      110,
      246,
      102,
      184,
      11,
      234,
      114,
      195,
      155,
      173,
      145,
      51,
      170,
      156,
      102,
      159,
      155,
      180,
      62
    ],
    "22": [
      24,
      63,
      227,
      50,
      114,
      100,
      220,
      199,
      165,
      56,
      177,
      98,
      254,
      24,
      160,
      197,
      130,
      11,
      142,
      89,
      26,
      50,
      233,
      10,
      111,
      19,
      182,
      38,
      173,
      4,
      61,
      14
    ],
    "49": [
      229,
      40,
      87,
      187,
      232,
      232,
      167,
      254,
      168,
      182,
      18,
      179,
      87,
      254,
      237,
      98,
      48,
      59,
      188,
      7,
      60,
      39,
      197,
      100,
      179,
      42,
      136,
      11,
      144,
      39,
      24,
      243
    ],
    "18": [
      25,
      153,
      174,
      176,
      123,
      210,
      109,
      22,
      9,
      206,
      163,
      110,
      2,
      107,
      244,
      238,
      8,
      199,
      252,
      228,
      227,
      173,
      162,
      49,
      121,
      207,
      73,
      13,
      80,
      141,
      198,
      127
    ],
    "61": [
      81,
      95,
      185,
      165,
      7,
      95,
      109,
      199,
      6,
      223,
      244,
      190,
      64,
      205,
      109,
      206,
      122,
      20,
      107,
      6,
      255,
      194,
      135,
      11,
      254,
      50,
      126,
      82,
      159,
      206,
      92,
      33
    ],
    "30": [
      203,
      80,
      252,
      48,
      113,
      12,
      29,
      176,
      11,
      30,
      145,
      236,
      15,
      45,
      57,
      238,
      242,
      71,
      41,
      107,
      31,
      231,
      58,
      9,
      165,
      34,
      103,
      64,
      195,
      18,
      221,
      218
    ],
    "57": [
      90,
      12,
      238,
      33,
      200,
      97,
      104,
      97,
      100,
      247,
      28,
      51,
      146,
      220,
      98,
      51,
      88,
      212,
      163,
      200,
      89,
      180,
      214,
      12,
      46,
      128,
      211,
      119,
      216,
      92,
      187,
      37
    ],
    "26": [
      122,
      36,
      31,
      229,
      245,
      55,
      143,
      147,
      13,
      142,
      228,
      238,
      207,
      98,
      35,
      180,
      158,
      220,
      61,
      53,
      5,
      90,
      75,
      109,
      61,
      219,
      219,
      204,
      84,
      19,
      179,
      64
    ],
    "5": [
      107,
      54,
      99,
      20,
      89,
      102,
      85,
      252,
      200,
      101,
      147,
      25,
      5,
      103,
      57,
      219,
      129,
      254,
      213,
      194,
      149,
      137,
      87,
      155,
      97,
      223,
      94,
      112,
      200,
      55,
      118,
      99
    ],
    "36": [
      30,
      143,
      88,
      41,
      129,
      11,
      252,
      82,
      17,
      134,
      132,
      196,
      52,
      215,
      255,
      1,
      241,
      214,
      209,
      88,
      191,
      118,
      158,
      183,
      72,
      160,
      186,
      186,
      234,
      77,
      45,
      2
    ],
    "1": [
      22,
      110,
      255,
      92,
      240,
      211,
      252,
      171,
      62,
      119,
      5,
      3,
      0,
      59,
      132,
      112,
      250,
      12,
      14,
      63,
      196,
      215,
      237,
      104,
      201,
      37,
      49,
      177,
      158,
      156,
      177,
      157
    ],
    "32": [
      209,
      64,
      253,
      65,
      83,
      174,
      52,
      6,
      252,
      169,
      228,
      130,
      176,
      43,
      0,
      8,
      68,
      227,
      10,
      100,
      236,
      39,
      228,
      27,
      196,
      243,
      58,
      138,
      19,
      156,
      123,
      251
    ],
    "13": [
      87,
      163,
      90,
      60,
      15,
      179,
      87,
      113,
      61,
      212,
      237,
      201,
      205,
      173,
      225,
      249,
      71,
      188,
      74,
      155,
      201,
      129,
      19,
      221,
      49,
      188,
      159,
      28,
      72,
      62,
      196,
      129
    ],
    "44": [
      4,
      36,
      8,
      104,
      47,
      55,
      157,
      237,
      140,
      35,
      190,
      227,
      5,
      101,
      121,
      145,
      67,
      99,
      57,
      51,
      59,
      109,
      251,
      188,
      96,
      185,
      42,
      36,
      157,
      120,
      20,
      177
    ],
    "9": [
      60,
      52,
      30,
      194,
      242,
      149,
      26,
      142,
      160,
      2,
      173,
      202,
      235,
      123,
      251,
      170,
      79,
      190,
      190,
      101,
      58,
      19,
      92,
      69,
      213,
      140,
      140,
      229,
      232,
      210,
      206,
      33
    ],
    "40": [
      4,
      110,
      211,
      240,
      106,
      204,
      7,
      44,
      70,
      17,
      218,
      251,
      210,
      39,
      162,
      31,
      94,
      33,
      58,
      124,
      242,
      186,
      30,
      162,
      16,
      64,
      148,
      104,
      86,
      198,
      6,
      176
    ],
    "21": [
      97,
      123,
      33,
      86,
      34,
      255,
      55,
      124,
      46,
      242,
      178,
      62,
      119,
      179,
      86,
      135,
      93,
      105,
      123,
      255,
      237,
      56,
      210,
      93,
      40,
      212,
      195,
      26,
      204,
      101,
      143,
      213
    ],
    "52": [
      206,
      181,
      243,
      235,
      85,
      109,
      144,
      137,
      65,
      173,
      26,
      227,
      129,
      165,
      195,
      19,
      142,
      127,
      177,
      198,
      144,
      111,
      240,
      240,
      89,
      133,
      236,
      38,
      185,
      186,
      27,
      80
    ],
    "17": [
      19,
      30,
      70,
      136,
      23,
      55,
      233,
      190,
      53,
      123,
      190,
      93,
      130,
      41,
      34,
      52,
      221,
      177,
      73,
      160,
      6,
      246,
      139,
      98,
      251,
      244,
      252,
      8,
      218,
      179,
      218,
      122
    ],
    "48": [
      73,
      175,
      146,
      45,
      255,
      145,
      130,
      51,
      177,
      68,
      110,
      218,
      85,
      205,
      119,
      21,
      72,
      52,
      222,
      129,
      40,
      83,
      211,
      63,
      61,
      82,
      225,
      2,
      144,
      80,
      182,
      216
    ],
    "29": [
      209,
      139,
      58,
      173,
      124,
      151,
      100,
      134,
      82,
      114,
      59,
      222,
      115,
      232,
      69,
      97,
      149,
      157,
      196,
      90,
      123,
      110,
      102,
      71,
      139,
      155,
      194,
      174,
      160,
      17,
      6,
      138
    ],
    "60": [
      138,
      113,
      40,
      138,
      170,
      155,
      10,
      96,
      127,
      176,
      166,
      56,
      109,
      160,
      96,
      182,
      252,
      175,
      59,
      1,
      204,
      218,
      196,
      183,
      107,
      205,
      48,
      93,
      110,
      112,
      2,
      69
    ],
    "25": [
      89,
      195,
      99,
      155,
      243,
      251,
      178,
      27,
      137,
      90,
      180,
      60,
      144,
      136,
      15,
      201,
      143,
      4,
      231,
      48,
      35,
      7,
      255,
      101,
      210,
      66,
      109,
      80,
      170,
      34,
      100,
      36
    ],
    "56": [
      241,
      179,
      67,
      91,
      167,
      6,
      3,
      132,
      56,
      73,
      147,
      182,
      204,
      166,
      192,
      208,
      108,
      104,
      218,
      159,
      199,
      140,
      63,
      32,
      70,
      243,
      138,
      235,
      177,
      84,
      200,
      29
    ],
    "4": [
      231,
      102,
      188,
      226,
      20,
      243,
      60,
      61,
      223,
      196,
      86,
      49,
      236,
      164,
      245,
      43,
      80,
      134,
      188,
      171,
      181,
      116,
      56,
      76,
      239,
      76,
      97,
      66,
      94,
      163,
      70,
      147
    ],
    "39": [
      53,
      183,
      15,
      28,
      212,
      61,
      237,
      215,
      157,
      215,
      59,
      239,
      113,
      51,
      104,
      111,
      75,
      167,
      73,
      173,
      109,
      152,
      152,
      81,
      245,
      84,
      7,
      207,
      80,
      38,
      25,
      111
    ],
    "0": [
      144,
      54,
      251,
      3,
      19,
      192,
      136,
      215,
      195,
      211,
      83,
      45,
      182,
      73,
      213,
      204,
      208,
      131,
      66,
      129,
      44,
      51,
      101,
      166,
      213,
      29,
      33,
      174,
      252,
      120,
      233,
      1
    ],
    "35": [
      167,
      150,
      187,
      138,
      5,
      127,
      29,
      158,
      40,
      22,
      60,
      241,
      38,
      10,
      202,
      254,
      228,
      150,
      67,
      126,
      10,
      142,
      229,
      217,
      221,
      153,
      37,
      164,
      156,
      7,
      170,
      218
    ],
    "12": [
      35,
      194,
      189,
      190,
      250,
      2,
      177,
      224,
      25,
      241,
      89,
      175,
      157,
      59,
      47,
      42,
      159,
      246,
      29,
      139,
      229,
      209,
      95,
      219,
      0,
      235,
      216,
      253,
      24,
      3,
      202,
      33
    ],
    "47": [
      171,
      246,
      70,
      123,
      142,
      201,
      112,
      218,
      21,
      190,
      61,
      240,
      137,
      101,
      216,
      113,
      122,
      135,
      156,
      205,
      179,
      40,
      19,
      5,
      143,
      221,
      179,
      93,
      159,
      238,
      233,
      117
    ],
    "8": [
      105,
      240,
      41,
      78,
      40,
      4,
      162,
      207,
      39,
      124,
      5,
      244,
      156,
      26,
      186,
      114,
      207,
      110,
      13,
      172,
      54,
      159,
      121,
      12,
      243,
      39,
      68,
      118,
      40,
      115,
      17,
      14
    ],
    "43": [
      218,
      80,
      76,
      210,
      245,
      196,
      103,
      45,
      63,
      255,
      76,
      106,
      203,
      149,
      228,
      185,
      202,
      58,
      81,
      253,
      130,
      107,
      65,
      201,
      15,
      11,
      220,
      135,
      190,
      172,
      156,
      34
    ],
    "20": [
      140,
      14,
      126,
      77,
      251,
      38,
      106,
      243,
      192,
      79,
      18,
      101,
      32,
      220,
      76,
      13,
      228,
      200,
      131,
      198,
      39,
      37,
      131,
      110,
      94,
      97,
      38,
      189,
      107,
      194,
      80,
      26
    ],
    "55": [
      24,
      239,
      45,
      155,
      22,
      31,
      154,
      232,
      120,
      172,
      247,
      185,
      69,
      161,
      177,
      110,
      10,
      238,
      154,
      139,
      125,
      59,
      71,
      103,
      164,
      215,
      223,
      20,
      196,
      23,
      182,
      66
    ],
    "16": [
      166,
      234,
      166,
      50,
      70,
      173,
      122,
      149,
      130,
      133,
      32,
      224,
      59,
      38,
      163,
      199,
      220,
      8,
      237,
      81,
      169,
      165,
      12,
      22,
      184,
      95,
      165,
      2,
      163,
      107,
      104,
      2
    ],
    "51": [
      253,
      18,
      212,
      213,
      85,
      172,
      66,
      124,
      205,
      219,
      253,
      66,
      120,
      180,
      97,
      49,
      242,
      213,
      50,
      59,
      162,
      112,
      152,
      90,
      91,
      148,
      43,
      161,
      36,
      247,
      221,
      220
    ],
    "28": [
      51,
      22,
      118,
      184,
      199,
      222,
      99,
      73,
      99,
      185,
      226,
      223,
      78,
      151,
      248,
      60,
      156,
      141,
      193,
      209,
      72,
      221,
      49,
      5,
      193,
      53,
      12,
      173,
      94,
      61,
      234,
      225
    ],
    "63": [
      177,
      81,
      66,
      141,
      175,
      47,
      87,
      251,
      229,
      196,
      214,
      25,
      236,
      217,
      226,
      52,
      55,
      246,
      99,
      6,
      66,
      35,
      199,
      32,
      238,
      44,
      13,
      219,
      239,
      206,
      4,
      160
    ],
    "24": [
      46,
      124,
      87,
      40,
      153,
      221,
      95,
      52,
      243,
      119,
      227,
      76,
      228,
      225,
      86,
      220,
      101,
      90,
      30,
      157,
      135,
      160,
      178,
      29,
      40,
      35,
      12,
      146,
      209,
      107,
      46,
      16
    ],
    "59": [
      9,
      222,
      111,
      47,
      111,
      230,
      220,
      244,
      1,
      90,
      78,
      198,
      113,
      230,
      218,
      177,
      227,
      45,
      182,
      243,
      237,
      109,
      45,
      49,
      118,
      32,
      164,
      195,
      166,
      64,
      84,
      190
    ],
    "7": [
      165,
      16,
      241,
      183,
      68,
      112,
      30,
      244,
      221,
      243,
      92,
      236,
      26,
      248,
      103,
      212,
      212,
      203,
      212,
      134,
      125,
      105,
      234,
      83,
      31,
      245,
      51,
      223,
      169,
      103,
      199,
      143
    ],
    "38": [
      107,
      149,
      34,
      234,
      187,
      152,
      134,
      135,
      183,
      154,
      87,
      152,
      136,
      126,
      179,
      112,
      140,
      37,
      35,
      41,
      40,
      15,
      105,
      110,
      252,
      20,
      22,
      204,
      191,
      207,
      1,
      146
    ],
    "3": [
      188,
      200,
      121,
      190,
      8,
      100,
      115,
      228,
      158,
      238,
      59,
      88,
      78,
      138,
      215,
      66,
      165,
      78,
      178,
      1,
      117,
      97,
      181,
      250,
      135,
      176,
      180,
      236,
      117,
      51,
      225,
      254
    ],
    "34": [
      33,
      105,
      136,
      143,
      31,
      87,
      74,
      163,
      60,
      153,
      106,
      158,
      208,
      19,
      128,
      239,
      43,
      34,
      103,
      108,
      172,
      167,
      168,
      6,
      243,
      240,
      29,
      247,
      226,
      163,
      70,
      14
    ],
    "15": [
      235,
      182,
      238,
      240,
      111,
      142,
      7,
      231,
      116,
      254,
      151,
      71,
      199,
      210,
      85,
      238,
      240,
      222,
      138,
      71,
      205,
      158,
      63,
      25,
      236,
      30,
      54,
      112,
      3,
      242,
      105,
      171
    ],
    "46": [
      73,
      118,
      144,
      114,
      46,
      24,
      229,
      199,
      33,
      77,
      221,
      187,
      183,
      46,
      189,
      74,
      155,
      212,
      74,
      175,
      177,
      248,
      105,
      73,
      94,
      84,
      242,
      171,
      28,
      73,
      146,
      145
    ],
    "11": [
      84,
      188,
      4,
      193,
      74,
      86,
      67,
      148,
      8,
      213,
      64,
      241,
      182,
      9,
      210,
      39,
      226,
      219,
      43,
      69,
      196,
      143,
      202,
      211,
      182,
      74,
      123,
      22,
      162,
      248,
      146,
      217
    ],
    "42": [
      195,
      126,
      110,
      18,
      71,
      32,
      181,
      34,
      63,
      116,
      3,
      97,
      16,
      182,
      224,
      109,
      38,
      211,
      90,
      204,
      230,
      166,
      42,
      62,
      94,
      204,
      66,
      180,
      51,
      145,
      83,
      80
    ],
    "23": [
      31,
      36,
      217,
      250,
      13,
      234,
      42,
      74,
      198,
      135,
      81,
      244,
      158,
      72,
      123,
      28,
      88,
      233,
      71,
      212,
      247,
      51,
      210,
      218,
      239,
      134,
      85,
      235,
      84,
      65,
      135,
      109
    ],
    "54": [
      146,
      252,
      73,
      215,
      135,
      162,
      37,
      234,
      149,
      8,
      254,
      210,
      229,
      175,
      195,
      44,
      95,
      198,
      208,
      22,
      29,
      233,
      206,
      22,
      14,
      121,
      187,
      186,
      140,
      106,
      176,
      23
    ],
    "19": [
      230,
      203,
      50,
      147,
      109,
      178,
      240,
      162,
      106,
      128,
      83,
      249,
      147,
      85,
      247,
      230,
      83,
      116,
      169,
      101,
      159,
      110,
      41,
      116,
      223,
      137,
      225,
      75,
      234,
      102,
      147,
      87
    ],
    "50": [
      29,
      21,
      225,
      236,
      112,
      83,
      188,
      55,
      137,
      81,
      42,
      195,
      247,
      55,
      56,
      171,
      180,
      243,
      248,
      208,
      3,
      144,
      175,
      18,
      132,
      45,
      183,
      253,
      177,
      224,
      210,
      113
    ],
    "31": [
      134,
      200,
      99,
      174,
      156,
      72,
      218,
      64,
      210,
      154,
      24,
      64,
      233,
      44,
      101,
      175,
      225,
      59,
      63,
      133,
      6,
      201,
      165,
      34,
      188,
      210,
      164,
      138,
      219,
      164,
      31,
      209
    ],
    "62": [
      152,
      118,
      202,
      38,
      0,
      225,
      183,
      102,
      184,
      68,
      38,
      4,
      222,
      129,
      79,
      201,
      113,
      250,
      238,
      158,
      99,
      9,
      87,
      95,
      94,
      93,
      246,
      180,
      41,
      205,
      143,
      129
    ],
    "27": [
      91,
      23,
      78,
      16,
      187,
      212,
      99,
      66,
      234,
      218,
      162,
      18,
      102,
      89,
      24,
      231,
      47,
      93,
      183,
      67,
      95,
      187,
      213,
      78,
      134,
      169,
      6,
      202,
      75,
      176,
      59,
      34
    ],
    "58": [
      46,
      21,
      181,
      61,
      54,
      144,
      251,
      61,
      152,
      18,
      241,
      79,
      105,
      143,
      132,
      207,
      99,
      29,
      84,
      131,
      132,
      170,
      75,
      191,
      34,
      214,
      121,
      93,
      38,
      108,
      109,
      201
    ]
  },
  "my_cert": [],
  "my_cert_key": [],
  "root_cert": []
}