{
  "net_map": {
    "37": "127.0.0.1:8537",
    "6": "127.0.0.1:8506",
    "33": "127.0.0.1:8533",
    "64": "127.0.0.1:9000",
    "2": "127.0.0.1:8502",
    "45": "127.0.0.1:8545",
    "14": "127.0.0.1:8514",
    "41": "127.0.0.1:8541",
    "10": "127.0.0.1:8510",
    "53": "127.0.0.1:8553",
    "22": "127.0.0.1:8522",
    "49": "127.0.0.1:8549",
    "18": "127.0.0.1:8518",
    "61": "127.0.0.1:8561",
    "30": "127.0.0.1:8530",
    "57": "127.0.0.1:8557",
    "26": "127.0.0.1:8526",
    "5": "127.0.0.1:8505",
    "36": "127.0.0.1:8536",
    "1": "127.0.0.1:8501",
    "32": "127.0.0.1:8532",
    "13": "127.0.0.1:8513",
    "44": "127.0.0.1:8544",
    "9": "127.0.0.1:8509",
    "40": "127.0.0.1:8540",
    "21": "127.0.0.1:8521",
    "52": "127.0.0.1:8552",
    "17": "127.0.0.1:8517",
    "48": "127.0.0.1:8548",
    "29": "127.0.0.1:8529",
    "60": "127.0.0.1:8560",
    "25": "127.0.0.1:8525",
    "56": "127.0.0.1:8556",
    "4": "127.0.0.1:8504",
    "39": "127.0.0.1:8539",
    "0": "127.0.0.1:8500",
    "35": "127.0.0.1:8535",
    "12": "127.0.0.1:8512",
    "47": "127.0.0.1:8547",
    "8": "127.0.0.1:8508",
    "43": "127.0.0.1:8543",
    "20": "127.0.0.1:8520",
    "55": "127.0.0.1:8555",
    "16": "127.0.0.1:8516",
    "51": "127.0.0.1:8551",
    "28": "127.0.0.1:8528",
    "63": "127.0.0.1:8563",
    "24": "127.0.0.1:8524",
    "59": "127.0.0.1:8559",
    "7": "127.0.0.1:8507",
    "38": "127.0.0.1:8538",
    "3": "127.0.0.1:8503",
    "34": "127.0.0.1:8534",
    "15": "127.0.0.1:8515",
    "46": "127.0.0.1:8546",
    "11": "127.0.0.1:8511",
    "42": "127.0.0.1:8542",
    "23": "127.0.0.1:8523",
    "54": "127.0.0.1:8554",
    "19": "127.0.0.1:8519",
    "50": "127.0.0.1:8550",
    "31": "127.0.0.1:8531",
    "62": "127.0.0.1:8562",
    "27": "127.0.0.1:8527",
    "58": "127.0.0.1:8558"
  },
  "delta": 100,
  "id": 35,
  "num_nodes": 64,
  "num_faults": 21,
  "block_size": 100,
  "client_port": 7035,
  "client_addr": "0.0.0.0:5000",
  "payload": 0,
  "prot_payload": "cc,/home/akhil/research/EEBA/libchatter/",
  "crypto_alg": "NOPKI",
  "pk_map": {},
  "secret_key_bytes": [],
  "sk_map": {
    "37": [
      216,
      241,
      84,
      216,
      101,
      93,
      87,
      39,
      225,
      244,
      185,
      36,
      179,
      144,
      187,
      137,
      123,
      157,
      198,
      15,
      38,
      195,
      67,
      250,
      136,
      56,
      102,
      189,
      247,
      62,
      169,
      169
    ],
    "6": [
      219,
      220,
      182,
      71,
      229,
      75,
      113,
      125,
      44,
      206,
      111,
      138,
      176,
      99,
      9,
      67,
      245,
      196,
      92,
      136,
      153,
      20,
      231,
      115,
      162,
      173,
      196,
      209,
      81,
      251,
      235,
      41
    ],
    "33": [
      100,
      20,
      195,
      120,
      126,
      5,
      131,
      172,
      117,
      169,
      85,
      49,
      167,
      8,
      224,
      115,
      95,
      186,
      57,
      219,
      115,
      7,
      97,
      67,
      136,
      166,
      13,
      3,
      233,
      203,
      180,
      51
    ],
    "2": [
      138,
      73,
      64,
      249,
      30,
      141,
      205,
      230,
      213,
      68,
      146,
      111,
      15,
      239,
      147,
      45,
      85,
      52,
      250,
      156,
      6,
      225,
      247,
      235,
      250,
      2,
      172,
      157,
      166,
      28,
      133,
      124
    ],
    "45": [
      74,
      139,
      93,
      133,
      250,
      252,
      192,
      86,
      114,
      173,
      148,
      144,
      230,
      185,
      233,
      148,
      100,
      143,
      209,
      67,
      168,
      112,
      195,
      143,
      198,
      206,
      89,
      164,
      5,
      61,
      134,
      252
    ],
    "14": [
      145,
      222,
      176,
      145,
      165,
      210,
      137,
      241,
      247,
      105,
      119,
      210,
      77,
      90,
      106,
      60,
      68,
      238,
      122,
      212,
      4,
      5,
      135,
      87,
      237,
      130,
      34,
      216,
      57,
      103,
      250,
      131
    ],
    "41": [
      87,
      89,
      153,
      210,
      120,
      31,
      119,
      240,
      181,
      198,
      168,
      176,
      2,
      235,
      90,
      154,
      252,
      43,
      99,
      24,
      205,
      35,
      146,
      207,
      122,
      249,
      222,
      6,
      213,
      21,
      250,
      95
    ],
    "10": [
      253,
      26,
      154,
      155,
      252,
      229,
      229,
      217,
      21,
      20,
      193,
      57,
      18,
      31,
      99,
      138,
      140,
      113,
      31,
      197,
      37,
      114,
      80,
      207,
      238,
      220,
      94,
      151,
      167,
      87,
      170,
      13
    ],
    "53": [
      112,
      63,
      45,
      93,
      27,
      238,
      122,
      253,
      167,
      102,
      100,
      48,
      9,
      9,
      156,
      84,
      117,
      88,
      174,
      80,
      151,
      158,
      96,
      85,
      31,
      87,
      205,
      4,
      158,
      100,
      94,
      193
    ],
    "22": [
      64,
      54,
      67,
      75,
      2,
      207,
      107,
      230,
      128,
      95,
      149,
      229,
      116,
      162,
      164,
      214,
      191,
      209,
      213,
      74,
      26,
      187,
      172,
      179,
      210,
      53,
      226,
      145,
      128,
      205,
      97,
      93
    ],
    "49": [
      45,
      228,
      54,
      118,
      120,
      16,
      48,
      155,
      218,
      200,
      120,
      181,
      19,
      70,
      32,
      82,
      176,
      131,
      52,
      29,
      10,
      132,
      59,
      119,
      85,
      184,
      186,
      136,
      193,
      90,
      192,
      50
    ],
    "18": [
      98,
      113,
      155,
      223,
      110,
      190,
      205,
      89,
      209,
      143,
      57,
      199,
      87,
      106,
      219,
      13,
      19,
      241,
      77,
      188,
      200,
      198,
      170,
      205,
      180,
      150,
      231,
      63,
      157,
      47,
      233,
      244
    ],
    "61": [
      123,
      222,
      196,
      237,
      207,
      160,
      24,
      153,
      73,
      26,
      189,
      166,
      229,
      88,
      41,
      214,
      218,
      29,
      226,
      42,
      208,
      2,
      222,
      243,
      3,
      108,
      167,
      85,
      46,
      53,
      149,
      185
    ],
    "30": [
      193,
      153,
      184,
      100,
      222,
      94,
      112,
      213,
      40,
      51,
      239,
      133,
      4,
      89,
      206,
      38,
      166,
      172,
      165,
      162,
      102,
      137,
      127,
      117,
      15,
      158,
      52,
      184,
      191,
      21,
      136,
      25
    ],
    "57": [
      19,
      213,
      125,
      174,
      11,
      197,
      97,
      214,
      2,
      3,
      145,
      136,
      34,
      30,
      94,
      242,
      130,
      253,
      139,
      39,
      4,
      108,
      88,
      59,
      9,
      21,
      44,
      154,
      59,
      105,
      78,
      10
    ],
    "26": [
      89,
      53,
      102,
      231,
      52,
      202,
      60,
      178,
      197,
      25,
      233,
      8,
      147,
      109,
      69,
      37,
      102,
      187,
      119,
      242,
      254,
      100,
      79,
      220,
      50,
      210,
      97,
      88,
      236,
      217,
      54,
      235
    ],
    "5": [
      167,
      201,
      85,
      83,
      149,
      189,
      18,
      6,
      124,
      74,
      38,
      171,
      191,
      60,
      239,
      252,
      252,
      55,
      106,
      95,
      78,
      162,
      245,
      83,
      185,
      100,
      228,
      94,
      159,
      176,
      136,
      214
    ],
    "36": [
      33,
      229,
      247,
      159,
      233,
      230,
      230,
      151,
      230,
      239,
      249,
      120,
      132,
      210,
      52,
      100,
      36,
      248,
      86,
      236,
      145,
      143,
      171,
      180,
      165,
      57,
      211,
      237,
      76,
      161,
      86,
      177
    ],
    "1": [
      5,
      81,
      195,
      229,
      20,
      143,
      212,
      192,
      127,
      208,
      185,
      10,
      167,
      121,
      237,
      76,
      233,
      153,
      125,
      24,
      125,
      165,
      83,
      139,
      175,
      155,
      55,
      135,
      165,
      114,
      71,
      120
    ],
    "32": [
      237,
      180,
      116,
      231,
      121,
      58,
      27,
      130,
      108,
      14,
      188,
      50,
      235,
      112,
      42,
      142,
      206,
      190,
      13,
      6,
      43,
      176,
      154,
      27,
      122,
      6,
      153,
      32,
      95,
      230,
      193,
      223
    ],
    "13": [
      69,
      117,
      101,
      26,
      148,
      29,
      229,
      148,
      198,
      79,
      225,
      37,
      14,
      6,
      143,
      53,
      169,
      219,
      167,
      7,
      143,
      99,
      218,
      220,
      52,
      219,
      2,
      17,
      157,
      181,
      168,
      9
    ],
    "44": [
      205,
      188,
      25,
      231,
      156,
      102,
      16,
      176,
      180,
      181,
      46,
      42,
      38,
      212,
      106,
      110,
      206,
      131,
      83,
      76,
      182,
      181,
      212,
      30,
      48,
      214,
      163,
      136,
      206,
      80,
      82,
      81
    ],
    "9": [
      146,
      192,
      202,
      203,
      113,
      150,
      252,
      163,
      58,
      122,
      16,
      11,
      186,
      126,
      130,
      38,
      252,
      17,
      19,
      213,
      216,
      108,
      141,
      22,
      191,
      243,
      54,
      243,
      121,
      151,
      156,
      15
    ],
    "40": [
      50,
      22,
      235,
      114,
      194,
      93,
      67,
      101,
      37,
      155,
      181,
      221,
      104,
      12,
      190,
      81,
      32,
      92,
      94,
      132,
      212,
      240,
      38,
      199,
      165,
      199,
      242,
      104,
      168,
      237,
      128,
      197
    ],
    "21": [
      134,
      212,
      93,
      91,
      84,
      72,
      169,
      83,
      174,
      109,
      85,
      120,
      14,
      228,
      220,
      244,
      204,
      34,
      115,
      25,
      134,
      77,
      37,
      198,
      137,
      201,
      194,
      124,
      253,
      59,
      96,
      251
    ],
    "52": [
      59,
      66,
      57,
      225,
      206,
      25,
      217,
      76,
      193,
      237,
      98,
      170,
      21,
      4,
      139,
      42,
      101,
      153,
      130,
      240,
      207,
      168,
      3,
      3,
      15,
      162,
      140,
      76,
      151,
      166,
      150,
      77
    ],
    "17": [
      198,
      161,
      139,
      12,
      217,
      127,
      161,
      133,
      249,
      35,
      77,
      117,
      225,
      52,
      21,
      188,
      140,
      32,
      118,
      214,
      77,
      49,
      40,
      234,
      12,
      7,
      104,
      230,
      251,
      23,
      33,
      238
    ],
    "48": [
      239,
      172,
      223,
      250,
      191,
      106,
      98,
      254,
      147,
      169,
      120,
      133,
      64,
      40,
      152,
      82,
      106,
      196,
      112,
      201,
      139,
      184,
      63,
      128,
      249,
      118,
      63,
      16,
      97,
      196,
      172,
      145
    ],
    "29": [
      182,
      100,
      138,
      255,
      12,
      208,
      166,
      35,
      44,
      227,
      130,
      189,
      54,
      88,
      204,
      176,
      157,
      216,
      203,
      176,
      132,
      143,
      181,
      4,
      111,
      12,
      181,
      160,
      10,
      110,
      240,
      245
    ],
    "60": [
      238,
      212,
      204,
      103,
      154,
      109,
      73,
      225,
      246,
      156,
      180,
      196,
      239,
      128,
      30,
      8,
      4,
      253,
      122,
      4,
      100,
      26,
      15,
      174,
      246,
      175,
      152,
      139,
      190,
      234,
      201,
      83
    ],
    "25": [
      124,
      72,
      113,
      35,
      111,
      150,
      143,
      164,
      237,
      148,
      210,
      194,
      197,
      250,
      1,
      106,
      101,
      132,
      12,
      186,
      128,
      44,
      176,
      70,
      69,
      205,
      148,
      98,
      102,
      10,
      185,
      10
    ],
    "56": [
      2,
      63,
      233,
      64,
      173,
      199,
      116,
      209,
      251,
      40,
      31,
      102,
      44,
      189,
      227,
      239,
      21,
      171,
      24,
      19,
      78,
      63,
      229,
      64,
      252,
      9,
      96,
      71,
      225,
      52,
      3,
      4
    ],
    "4": [
      235,
      174,
      180,
      182,
      26,
      94,
      76,
      230,
      131,
      176,
      16,
      122,
      6,
      14,
      113,
      234,
      199,
      176,
      45,
      71,
      157,
      30,
      63,
      109,
      89,
      185,
      25,
      252,
      172,
      193,
      189,
      145
    ],
    "39": [
      142,
      154,
      95,
      218,
      57,
      241,
      22,
      190,
      108,
      152,
      247,
      227,
      227,
      235,
      194,
      195,
      171,
      167,
      184,
      28,
      176,
      177,
      23,
      126,
      139,
      124,
      227,
      241,
      84,
      5,
      139,
      75
    ],
    "0": [
      184,
      36,
      46,
      165,
      119,
      222,
      169,
      230,
      84,
      11,
      34,
      126,
      5,
      10,
      192,
      78,
      250,
      236,
      21,
      207,
      32,
      121,
      146,
      213,
      171,
      164,
      90,
      231,
      116,
      225,
      88,
      13
    ],
    "35": [
      140,
      173,
      66,
      47,
      114,
      99,
      219,
      30,
      30,
      60,
      98,
      185,
      167,
      212,
      199,
      73,
      174,
      232,
      181,
      97,
      173,
      132,
      190,
      173,
      108,
      220,
      85,
      165,
      247,
      246,
      94,
      218
    ],
    "12": [
      164,
      73,
      242,
      92,
      101,
      8,
      170,
      14,
      91,
      18,
      85,
      88,
      80,
      220,
      140,
      120,
      115,
      45,
      211,
      200,
      11,
      59,
      14,
      144,
      78,
      36,
      45,
      81,
      12,
      42,
      44,
      78
    ],
    "47": [
      225,
      10,
      32,
      132,
      234,
      187,
      152,
      93,
      184,
      136,
      76,
      126,
      224,
      180,
      34,
      244,
      252,
      63,
      207,
      35,
      207,
      226,
      75,
      33,
      219,
      207,
      225,
      84,
      134,
      225,
      203,
      186
    ],
    "8": [
      172,
      123,
      128,
      70,
      9,
      51,
      199,
      136,
      20,
      60,
      100,
      168,
      199,
      223,
      158,
      190,
      247,
      41,
      230,
      100,
      119,
      68,
      226,
      12,
      108,
      40,
      156,
      227,
      12,
      120,
      24,
      108
    ],
    "43": [
      165,
      250,
      72,
      181,
      45,
      250,
      31,
      142,
      26,
      56,
      193,
      253,
      14,
      153,
      246,
      61,
      97,
      124,
      160,
      23,
      33,
      57,
      250,
      103,
      67,
      27,
      93,
      212,
      86,
      90,
      54,
      165
    ],
    "20": [
      79,
      12,
      149,
      205,
      232,
      248,
      137,
      118,
      63,
      235,
      222,
      222,
      50,
      175,
      23,
      1,
      5,
      39,
      202,
      169,
      163,
      85,
      81,
      48,
      196,
      210,
      49,
      93,
      203,
      77,
      20,
      134
    ],
    "55": [
      167,
      150,
      187,
      138,
      5,
      127,
      29,
      158,
      40,
      22,
      60,
      241,
      38,
      10,
      202,
      254,
      228,
      150,
      67,
      126,
      10,
      142,
      229,
      217,
      221,
      153,
      37,
      164,
      156,
      7,
      170,
      218
    ],
    "16": [
      92,
      79,
      83,
      80,
      54,
      60,
      135,
      181,
      14,
      169,
      171,
      1,
      97,
      202,
      108,
      120,
      170,
      40,
      2,
      0,
      111,
      112,
      143,
      27,
      166,
      166,
      140,
      36,
      174,
      108,
      202,
      244
    ],
    "51": [
      217,
      174,
      126,
      237,
      65,
      235,
      11,
      110,
      146,
      135,
      249,
      47,
      228,
      216,
      47,
      67,
      205,
      163,
      53,
      50,
      8,
      128,
      66,
      115,
      139,
      203,
      61,
      98,
      235,
      232,
      49,
      161
    ],
    "28": [
      16,
      202,
      78,
      26,
      71,
      177,
      208,
      187,
      15,
      222,
      143,
      184,
      203,
      6,
      37,
      117,
      185,
      129,
      251,
      214,
      100,
      41,
      197,
      202,
      177,
      51,
      145,
      222,
      155,
      133,
      198,
      170
    ],
    "63": [
      54,
      163,
      177,
      99,
      116,
      73,
      212,
      30,
      159,
      175,
      23,
      121,
      132,
      100,
      49,
      247,
      156,
      162,
      150,
      35,
      187,
      59,
      244,
      198,
      12,
      67,
      62,
      64,
      114,
      96,
      157,
      145
    ],
    "24": [
      206,
      113,
      117,
      135,
      135,
      197,
      252,
      182,
      10,
      3,
      88,
      220,
      35,
      251,
      224,
      50,
      107,
      86,
      185,
      31,
      54,
      225,
      59,
      69,
      83,
      186,
      74,
      134,
      126,
      131,
      178,
      245
    ],
    "59": [
      182,
      204,
      140,
      214,
      115,
      78,
      16,
      15,
      170,
      226,
      174,
      102,
      104,
      132,
      183,
      57,
      86,
      202,
      199,
      214,
      249,
      243,
      37,
      121,
      207,
      27,
      164,
      141,
      6,
      218,
      236,
      38
    ],
    "7": [
      25,
      112,
      165,
      196,
      187,
      131,
      60,
      216,
      211,
      23,
      123,
      190,
      163,
      103,
      138,
      210,
      236,
      79,
      212,
      241,
      107,
      142,
      19,
      101,
      37,
      227,
      234,
      44,
      174,
      106,
      234,
      146
    ],
    "38": [
      14,
      34,
      157,
      98,
      217,
      135,
      239,
      127,
      139,
      235,
      21,
      4,
      7,
      116,
      92,
      129,
      211,
      59,
      41,
      94,
      172,
      237,
      29,
      12,
      60,
      141,
      99,
      17,
      65,
      7,
      236,
      54
    ],
    "3": [
      24,
      189,
      206,
      236,
      155,
      240,
      69,
      105,
      98,
      19,
      126,
      32,
      165,
      246,
      120,
      134,
      151,
      69,
      131,
      137,
      45,
      18,
      160,
      173,
      44,
      85,
      250,
      205,
      119,
      246,
      62,
      162
    ],
    "34": [
      212,
      125,
      219,
      163,
      177,
      125,
      44,
      45,
      208,
      233,
      138,
      175,
      32,
      154,
      87,
      129,
      21,
      147,
      44,
      66,
      223,
      55,
      173,
      104,
      1,
      72,
      211,
      43,
      29,
      229,
      126,
      173
    ],
    "15": [
      142,
      52,
      97,
      118,
      178,
      237,
      86,
      187,
      191,
      72,
      24,
      232,
      114,
      70,
      111,
      91,
      162,
      94,
      137,
      135,
      79,
      222,
      217,
      60,
      242,
      200,
      174,
      151,
      147,
      123,
      206,
      86
    ],
    "46": [
      23,
      19,
      251,
      173,
      165,
      224,
      60,
      104,
      26,
      164,
      33,
      148,
      34,
      121,
      115,
      201,
      81,
      145,
      108,
      172,
      1,
      44,
      183,
      124,
      199,
      8,
      199,
      37,
      69,
      42,
      232,
      177
    ],
    "11": [
      199,
      41,
      2,
      186,
      175,
      37,
      224,
      85,
      214,
      154,
      177,
      149,
      68,
      146,
      90,
      122,
      232,
      101,
      202,
      154,
      128,
      114,
      110,
      166,
      46,
      17,
      200,
      2,
      101,
      207,
      201,
      50
    ],
    "42": [
      186,
      145,
      100,
      216,
      150,
      240,
      193,
      254,
      21,
      75,
      194,
      140,
      25,
      28,
      45,
      101,
      179,
      65,
      208,
      208,
      90,
      112,
      196,
      38,
      217,
      46,
      17,
      76,
      99,
      60,
      190,
      34
    ],
    "23": [
      17,
      27,
      74,
      113,
      90,
      96,
      148,
      148,
      100,
      67,
      64,
      67,
      56,
      6,
      101,
      234,
      156,
      171,
      15,
      169,
      20,
      141,
      156,
      75,
      94,
      67,
      9,
      17,
      209,
      75,
      155,
      236
    ],
    "54": [
      0,
      122,
      246,
      41,
      211,
      59,
      50,
      101,
      16,
      44,
      35,
      254,
      78,
      110,
      22,
      233,
      77,
      71,
      5,
      69,
      184,
      9,
      219,
      177,
      148,
      165,
      104,
      95,
      217,
      53,
      172,
      181
    ],
    "19": [
      219,
      244,
      249,
      69,
      83,
      140,
      93,
      232,
      98,
      243,
      227,
      136,
      236,
      93,
      146,
      76,
      177,
      60,
      44,
      25,
      187,
      187,
      97,
      41,
      177,
      103,
      161,
      208,
      13,
      52,
      16,
      184
    ],
    "50": [
      81,
      137,
      137,
      104,
      14,
      31,
      209,
      218,
      94,
      34,
      185,
      198,
      85,
      1,
      188,
      228,
      214,
      183,
      145,
      231,
      53,
      255,
      17,
      202,
      68,
      254,
      1,
      116,
      136,
      4,
      143,
      70
    ],
    "31": [
      4,
      158,
      221,
      81,
      253,
      66,
      32,
      203,
      63,
      106,
      4,
      89,
      123,
      137,
      204,
      139,
      65,
      19,
      81,
      250,
      107,
      26,
      21,
      74,
      46,
      180,
      104,
      40,
      133,
      208,
      34,
      143
    ],
    "62": [
      224,
      231,
      1,
      111,
      106,
      249,
      197,
      170,
      4,
      80,
      226,
      135,
      181,
      3,
      94,
      207,
      231,
      189,
      52,
      177,
      136,
      79,
      94,
      66,
      117,
      148,
      70,
      116,
      165,
      47,
      185,
      18
    ],
    "27": [
      239,
      20,
      46,
      200,
      56,
      151,
      20,
      228,
      163,
      215,
      61,
      127,
      149,
      37,
      56,
      24,
      16,
      110,
      104,
      37,
      108,
      28,
      179,
      36,
      233,
      219,
      77,
      69,
      161,
      1,
      238,
      213
    ],
    "58": [
      90,
      83,
      103,
      136,
      119,
      94,
      216,
      93,
      18,
      227,
      201,
      217,
      121,
      138,
      138,
      165,
      225,
      110,
      39,
      223,
      83,
      153,
      121,
      242,
      92,
      182,
      235,
      53,
      61,
      220,
      194,
      187
    ]
  },
  "my_cert": [],
  "my_cert_key": [],
  "root_cert": []
}