{
  "net_map": {
    "37": "127.0.0.1:8537",
    "6": "127.0.0.1:8506",
    "33": "127.0.0.1:8533",
    "64": "127.0.0.1:9000",
    "2": "127.0.0.1:8502",
    "45": "127.0.0.1:8545",
    "14": "127.0.0.1:8514",
    "41": "127.0.0.1:8541",
    "10": "127.0.0.1:8510",
    "53": "127.0.0.1:8553",
    "22": "127.0.0.1:8522",
    "49": "127.0.0.1:8549",
    "18": "127.0.0.1:8518",
    "61": "127.0.0.1:8561",
    "30": "127.0.0.1:8530",
    "57": "127.0.0.1:8557",
    "26": "127.0.0.1:8526",
    "5": "127.0.0.1:8505",
    "36": "127.0.0.1:8536",
    "1": "127.0.0.1:8501",
    "32": "127.0.0.1:8532",
    "13": "127.0.0.1:8513",
    "44": "127.0.0.1:8544",
    "9": "127.0.0.1:8509",
    "40": "127.0.0.1:8540",
    "21": "127.0.0.1:8521",
    "52": "127.0.0.1:8552",
    "17": "127.0.0.1:8517",
    "48": "127.0.0.1:8548",
    "29": "127.0.0.1:8529",
    "60": "127.0.0.1:8560",
    "25": "127.0.0.1:8525",
    "56": "127.0.0.1:8556",
    "4": "127.0.0.1:8504",
    "39": "127.0.0.1:8539",
    "0": "127.0.0.1:8500",
    "35": "127.0.0.1:8535",
    "12": "127.0.0.1:8512",
    "47": "127.0.0.1:8547",
    "8": "127.0.0.1:8508",
    "43": "127.0.0.1:8543",
    "20": "127.0.0.1:8520",
    "55": "127.0.0.1:8555",
    "16": "127.0.0.1:8516",
    "51": "127.0.0.1:8551",
    "28": "127.0.0.1:8528",
    "63": "127.0.0.1:8563",
    "24": "127.0.0.1:8524",
    "59": "127.0.0.1:8559",
    "7": "127.0.0.1:8507",
    "38": "127.0.0.1:8538",
    "3": "127.0.0.1:8503",
    "34": "127.0.0.1:8534",
    "15": "127.0.0.1:8515",
    "46": "127.0.0.1:8546",
    "11": "127.0.0.1:8511",
    "42": "127.0.0.1:8542",
    "23": "127.0.0.1:8523",
    "54": "127.0.0.1:8554",
    "19": "127.0.0.1:8519",
    "50": "127.0.0.1:8550",
    "31": "127.0.0.1:8531",
    "62": "127.0.0.1:8562",
    "27": "127.0.0.1:8527",
    "58": "127.0.0.1:8558"
  },
  "delta": 100,
  "id": 19,
  "num_nodes": 64,
  "num_faults": 21,
  "block_size": 100,
  "client_port": 7019,
  "client_addr": "0.0.0.0:5000",
  "payload": 0,
  "prot_payload": "cc,/home/akhil/research/EEBA/libchatter/",
  "crypto_alg": "NOPKI",
  "pk_map": {},
  "secret_key_bytes": [],
  "sk_map": {
    "37": [
      78,
      72,
      128,
      97,
      22,
      94,
      92,
      116,
      178,
      28,
      155,
      22,
      26,
      154,
      180,
      206,
      92,
      212,
      112,
      170,
      104,
      30,
      217,
      122,
      91,
      253,
      136,
      185,
      86,
      10,
      110,
      15
    ],
    "6": [
      189,
      152,
      186,
      151,
      84,
      121,
      209,
      31,
      1,
      177,
      15,
      71,
      107,
      189,
      51,
      181,
      163,
      8,
      219,
      212,
      171,
      70,
      113,
      161,
      182,
      153,
      93,
      38,
      35,
      109,
      7,
      232
    ],
    "33": [
      83,
      127,
      174,
      8,
      24,
      9,
      183,
      171,
      87,
      14,
      144,
      65,
      164,
      210,
      140,
      236,
      70,
      164,
      131,
      82,
      6,
      207,
      220,
      35,
      184,
      160,
      217,
      224,
      85,
      76,
      231,
      44
    ],
    "2": [
      67,
      131,
      95,
      228,
      3,
      221,
      144,
      95,
      57,
      50,
      55,
      138,
      229,
      109,
      65,
      228,
      116,
      214,
      215,
      27,
      178,
      4,
      34,
      151,
      22,
      143,
      230,
      240,
      132,
      26,
      18,
      55
    ],
    "45": [
      207,
      58,
      223,
      46,
      142,
      80,
      231,
      141,
      215,
      27,
      89,
      201,
      82,
      35,
      20,
      153,
      109,
      8,
      17,
      33,
      119,
      76,
      82,
      219,
      35,
      167,
      35,
      72,
      246,
      98,
      60,
      233
    ],
    "14": [
      59,
      153,
      155,
      178,
      116,
      133,
      162,
      193,
      185,
      33,
      235,
      227,
      185,
      195,
      139,
      132,
      169,
      9,
      93,
      89,
      226,
      175,
      215,
      223,
      142,
      114,
      246,
      48,
      19,
      70,
      200,
      187
    ],
    "41": [
      32,
      152,
      34,
      240,
      121,
      218,
      0,
      240,
      94,
      88,
      24,
      241,
      90,
      199,
      145,
      189,
      60,
      19,
      125,
      241,
      31,
      100,
      208,
      76,
      236,
      173,
      19,
      207,
      49,
      6,
      178,
      174
    ],
    "10": [
      160,
      35,
      27,
      212,
      222,
      133,
      228,
      180,
      53,
      219,
      69,
      88,
      143,
      185,
      69,
      112,
      170,
      51,
      53,
      245,
      246,
      119,
      159,
      202,
      158,
      26,
      165,
      127,
      185,
      77,
      28,
      128
    ],
    "53": [
      217,
      245,
      56,
      233,
      1,
      249,
      25,
      198,
      36,
      66,
      39,
      122,
      171,
      240,
      156,
      50,
      172,
      158,
      114,
      115,
      209,
      195,
      247,
      58,
      60,
      137,
      121,
      148,
      189,
      212,
      200,
      31
    ],
    "22": [
      192,
      245,
      137,
      35,
      8,
      45,
      241,
      143,
      82,
      99,
      250,
      146,
      95,
      74,
      153,
      60,
      125,
      98,
      253,
      26,
      32,
      94,
      186,
      48,
      231,
      194,
      7,
      199,
      1,
      173,
      244,
      217
    ],
    "49": [
      70,
      82,
      183,
      164,
      143,
      134,
      23,
      133,
      145,
      24,
      198,
      166,
      233,
      124,
      1,
      179,
      155,
      169,
      3,
      206,
      28,
      5,
      201,
      212,
      98,
      149,
      208,
      134,
      247,
      255,
      83,
      23
    ],
    "18": [
      119,
      242,
      2,
      44,
      9,
      99,
      16,
      216,
      193,
      53,
      82,
      181,
      132,
      218,
      195,
      214,
      223,
      4,
      62,
      5,
      91,
      219,
      59,
      86,
      247,
      24,
      203,
      0,
      203,
      121,
      0,
      190
    ],
    "61": [
      90,
      88,
      17,
      249,
      165,
      177,
      17,
      168,
      70,
      208,
      4,
      135,
      112,
      209,
      188,
      144,
      157,
      252,
      115,
      242,
      79,
      101,
      91,
      237,
      185,
      91,
      197,
      134,
      105,
      100,
      69,
      187
    ],
    "30": [
      117,
      90,
      39,
      148,
      138,
      172,
      72,
      170,
      171,
      45,
      51,
      172,
      154,
      93,
      183,
      183,
      162,
      196,
      187,
      239,
      133,
      125,
      14,
      218,
      183,
      55,
      46,
      36,
      130,
      206,
      241,
      118
    ],
    "57": [
      146,
      0,
      27,
      174,
      173,
      131,
      129,
      190,
      177,
      95,
      66,
      147,
      41,
      57,
      16,
      28,
      82,
      120,
      35,
      206,
      171,
      244,
      75,
      240,
      68,
      5,
      100,
      225,
      114,
      71,
      206,
      159
    ],
    "26": [
      37,
      222,
      193,
      34,
      30,
      119,
      149,
      114,
      196,
      229,
      62,
      133,
      0,
      233,
      48,
      165,
      126,
      26,
      46,
      98,
      106,
      114,
      86,
      5,
      173,
      222,
      201,
      111,
      11,
      163,
      255,
      172
    ],
    "5": [
      255,
      204,
      134,
      89,
      76,
      171,
      13,
      196,
      126,
      92,
      228,
      27,
      97,
      84,
      180,
      142,
      201,
      228,
      122,
      231,
      66,
      120,
      114,
      103,
      220,
      179,
      213,
      144,
      218,
      128,
      140,
      72
    ],
    "36": [
      184,
      61,
      172,
      32,
      94,
      182,
      38,
      107,
      59,
      84,
      86,
      23,
      181,
      10,
      101,
      93,
      17,
      62,
      160,
      53,
      4,
      169,
      181,
      215,
      90,
      42,
      43,
      202,
      31,
      226,
      121,
      209
    ],
    "1": [
      126,
      207,
      108,
      135,
      106,
      71,
      149,
      15,
      103,
      226,
      179,
      228,
      92,
      206,
      87,
      185,
      116,
      166,
      116,
      81,
      83,
      198,
      234,
      160,
      40,
      100,
      97,
      116,
      54,
      216,
      175,
      250
    ],
    "32": [
      225,
      68,
      210,
      150,
      236,
      132,
      235,
      218,
      223,
      251,
      72,
      0,
      22,
      95,
      231,
      251,
      189,
      137,
      230,
      192,
      122,
      100,
      231,
      225,
      86,
      158,
      140,
      66,
      118,
      101,
      56,
      56
    ],
    "13": [
      150,
      9,
      137,
      218,
      231,
      143,
      107,
      222,
      101,
      36,
      179,
      76,
      73,
      7,
      137,
      137,
      29,
      42,
      229,
      220,
      110,
      165,
      199,
      177,
      193,
      47,
      64,
      57,
      207,
      171,
      162,
      188
    ],
    "44": [
      80,
      38,
      251,
      212,
      25,
      102,
      223,
      12,
      120,
      246,
      22,
      246,
      88,
      187,
      247,
      221,
      56,
      148,
      253,
      194,
      33,
      104,
      198,
      184,
      176,
      71,
      132,
      59,
      200,
      126,
      236,
      85
    ],
    "9": [
      132,
      40,
      176,
      168,
      34,
      118,
      27,
      141,
      229,
      7,
      117,
      171,
      216,
      123,
      191,
      188,
      69,
      206,
      125,
      197,
      246,
      64,
      154,
      233,
      177,
      173,
      145,
      112,
      141,
      109,
      127,
      95
    ],
    "40": [
      253,
      48,
      13,
      197,
      140,
      36,
      117,
      158,
      138,
      248,
      26,
      155,
      160,
      2,
      59,
      164,
      106,
      166,
      186,
      243,
      39,
      192,
      248,
      143,
      113,
      56,
      149,
      5,
      74,
      193,
      189,
      57
    ],
    "21": [
      59,
      31,
      44,
      191,
      106,
      116,
      240,
      205,
      35,
      32,
      116,
      254,
      145,
      240,
      121,
      205,
      236,
      25,
      176,
      141,
      17,
      80,
      196,
      71,
      176,
      94,
      76,
      36,
      29,
      131,
      169,
      131
    ],
    "52": [
      20,
      156,
      189,
      104,
      20,
      49,
      96,
      18,
      106,
      46,
      188,
      35,
      124,
      242,
      59,
      195,
      249,
      219,
      19,
      48,
      100,
      79,
      24,
      23,
      30,
      246,
      119,
      113,
      155,
      96,
      179,
      5
    ],
    "17": [
      250,
      19,
      44,
      253,
      77,
      226,
      131,
      11,
      70,
      174,
      50,
      51,
      9,
      99,
      240,
      149,
      222,
      170,
      223,
      38,
      29,
      164,
      186,
      192,
      63,
      164,
      254,
      212,
      124,
      26,
      74,
      12
    ],
    "48": [
      241,
      149,
      130,
      206,
      86,
      197,
      196,
      191,
      206,
      124,
      147,
      116,
      146,
      83,
      23,
      28,
      205,
      57,
      157,
      173,
      96,
      158,
      1,
      97,
      123,
      133,
      89,
      192,
      191,
      157,
      11,
      72
    ],
    "29": [
      146,
      146,
      158,
      80,
      128,
      179,
      5,
      214,
      162,
      219,
      129,
      7,
      60,
      241,
      169,
      117,
      207,
      96,
      220,
      75,
      207,
      40,
      35,
      255,
      104,
      133,
      140,
      28,
      17,
      219,
      240,
      159
    ],
    "60": [
      92,
      175,
      189,
      139,
      94,
      161,
      177,
      31,
      150,
      66,
      181,
      104,
      87,
      99,
      89,
      27,
      32,
      205,
      224,
      40,
      18,
      24,
      67,
      133,
      32,
      122,
      242,
      211,
      103,
      181,
      248,
      231
    ],
    "25": [
      148,
      89,
      226,
      135,
      61,
      71,
      62,
      180,
      188,
      143,
      156,
      50,
      196,
      150,
      204,
      6,
      17,
      137,
      250,
      201,
      129,
      51,
      83,
      68,
      117,
      179,
      247,
      36,
      133,
      82,
      136,
      36
    ],
    "56": [
      69,
      59,
      92,
      251,
      39,
      45,
      35,
      209,
      217,
      77,
      202,
      65,
      51,
      193,
      211,
      155,
      154,
      90,
      149,
      36,
      92,
      26,
      7,
      177,
      83,
      169,
      82,
      196,
      223,
      163,
      40,
      107
    ],
    "4": [
      125,
      23,
      211,
      248,
      228,
      86,
      117,
      226,
      134,
      0,
      169,
      65,
      74,
      141,
      166,
      183,
      150,
      186,
      123,
      28,
      73,
      166,
      218,
      5,
      199,
      150,
      179,
      102,
      50,
      158,
      228,
      249
    ],
    "39": [
      139,
      132,
      147,
      143,
      99,
      122,
      172,
      21,
      231,
      20,
      249,
      86,
      159,
      200,
      170,
      233,
      41,
      231,
      30,
      31,
      18,
      95,
      86,
      140,
      118,
      75,
      63,
      248,
      55,
      228,
      118,
      144
    ],
    "0": [
      210,
      127,
      240,
      52,
      75,
      166,
      63,
      209,
      219,
      193,
      96,
      62,
      44,
      216,
      19,
      235,
      243,
      149,
      73,
      120,
      3,
      109,
      127,
      181,
      97,
      175,
      41,
      162,
      29,
      124,
      248,
      28
    ],
    "35": [
      219,
      244,
      249,
      69,
      83,
      140,
      93,
      232,
      98,
      243,
      227,
      136,
      236,
      93,
      146,
      76,
      177,
      60,
      44,
      25,
      187,
      187,
      97,
      41,
      177,
      103,
      161,
      208,
      13,
      52,
      16,
      184
    ],
    "12": [
      229,
      230,
      184,
      218,
      53,
      40,
      178,
      30,
      125,
      115,
      219,
      122,
      142,
      235,
      142,
      130,
      32,
      192,
      54,
      64,
      255,
      62,
      87,
      92,
      112,
      179,
      89,
      140,
      132,
      96,
      97,
      120
    ],
    "47": [
      193,
      174,
      228,
      191,
      70,
      224,
      150,
      140,
      123,
      214,
      163,
      27,
      12,
      105,
      218,
      104,
      176,
      168,
      53,
      254,
      159,
      137,
      131,
      106,
      174,
      37,
      225,
      57,
      164,
      169,
      228,
      180
    ],
    "8": [
      171,
      106,
      24,
      123,
      241,
      251,
      225,
      33,
      233,
      58,
      19,
      233,
      106,
      22,
      190,
      81,
      144,
      221,
      241,
      124,
      140,
      135,
      90,
      164,
      131,
      8,
      238,
      43,
      83,
      195,
      170,
      212
    ],
    "43": [
      21,
      166,
      78,
      108,
      120,
      167,
      141,
      226,
      69,
      186,
      14,
      178,
      134,
      217,
      54,
      186,
      123,
      255,
      246,
      22,
      207,
      97,
      98,
      185,
      20,
      198,
      86,
      87,
      27,
      3,
      150,
      130
    ],
    "20": [
      199,
      240,
      63,
      106,
      83,
      27,
      83,
      200,
      42,
      138,
      95,
      167,
      127,
      2,
      181,
      255,
      149,
      25,
      42,
      2,
      174,
      210,
      149,
      7,
      58,
      154,
      11,
      158,
      62,
      33,
      82,
      169
    ],
    "55": [
      230,
      203,
      50,
      147,
      109,
      178,
      240,
      162,
      106,
      128,
      83,
      249,
      147,
      85,
      247,
      230,
      83,
      116,
      169,
      101,
      159,
      110,
      41,
      116,
      223,
      137,
      225,
      75,
      234,
      102,
      147,
      87
    ],
    "16": [
      78,
      86,
      102,
      94,
      169,
      248,
      167,
      166,
      99,
      116,
      60,
      238,
      113,
      7,
      142,
      232,
      1,
      9,
      29,
      251,
      108,
      12,
      30,
      198,
      8,
      26,
      51,
      249,
      90,
      171,
      225,
      248
    ],
    "51": [
      102,
      34,
      180,
      150,
      50,
      198,
      243,
      72,
      239,
      135,
      62,
      85,
      129,
      201,
      188,
      104,
      26,
      158,
      244,
      189,
      82,
      34,
      58,
      22,
      253,
      253,
      29,
      165,
      41,
      211,
      90,
      169
    ],
    "28": [
      19,
      126,
      155,
      101,
      253,
      77,
      149,
      141,
      55,
      151,
      42,
      227,
      46,
      245,
      251,
      55,
      216,
      31,
      108,
      79,
      73,
      243,
      16,
      194,
      189,
      114,
      149,
      174,
      2,
      158,
      70,
      152
    ],
    "63": [
      140,
      52,
      193,
      79,
      193,
      156,
      130,
      66,
      174,
      134,
      105,
      108,
      65,
      228,
      131,
      183,
      61,
      142,
      206,
      113,
      240,
      235,
      154,
      13,
      59,
      72,
      181,
      167,
      0,
      26,
      61,
      23
    ],
    "24": [
      124,
      153,
      3,
      129,
      209,
      167,
      156,
      105,
      99,
      71,
      175,
      136,
      96,
      204,
      98,
      107,
      96,
      6,
      252,
      47,
      72,
      245,
      211,
      74,
      70,
      209,
      119,
      215,
      127,
      119,
      13,
      217
    ],
    "59": [
      199,
      46,
      233,
      184,
      12,
      203,
      147,
      149,
      72,
      84,
      80,
      183,
      107,
      26,
      122,
      109,
      179,
      220,
      94,
      100,
      164,
      183,
      84,
      40,
      171,
      253,
      27,
      229,
      226,
      5,
      164,
      126
    ],
    "7": [
      63,
      192,
      16,
      216,
      163,
      168,
      105,
      127,
      182,
      30,
      124,
      198,
      255,
      211,
      71,
      193,
      75,
      230,
      11,
      28,
      164,
      175,
      36,
      241,
      158,
      91,
      169,
      206,
      74,
      58,
      183,
      85
    ],
    "38": [
      119,
      26,
      110,
      136,
      228,
      142,
      119,
      128,
      130,
      19,
      111,
      212,
      247,
      46,
      141,
      229,
      245,
      30,
      100,
      246,
      89,
      138,
      232,
      232,
      177,
      252,
      158,
      123,
      133,
      118,
      197,
      185
    ],
    "3": [
      200,
      172,
      25,
      222,
      61,
      161,
      226,
      204,
      243,
      20,
      238,
      0,
      110,
      1,
      110,
      180,
      30,
      115,
      218,
      163,
      180,
      18,
      117,
      95,
      87,
      74,
      3,
      52,
      222,
      39,
      16,
      125
    ],
    "34": [
      214,
      3,
      128,
      198,
      208,
      78,
      7,
      215,
      72,
      179,
      181,
      59,
      150,
      48,
      60,
      168,
      165,
      132,
      223,
      31,
      154,
      104,
      118,
      99,
      62,
      88,
      78,
      242,
      199,
      198,
      132,
      175
    ],
    "15": [
      59,
      86,
      40,
      136,
      164,
      218,
      234,
      178,
      237,
      159,
      189,
      220,
      39,
      177,
      113,
      246,
      130,
      199,
      247,
      162,
      223,
      172,
      234,
      187,
      35,
      179,
      39,
      213,
      61,
      122,
      137,
      38
    ],
    "46": [
      215,
      7,
      131,
      63,
      110,
      12,
      26,
      8,
      150,
      132,
      150,
      104,
      126,
      223,
      213,
      47,
      163,
      183,
      224,
      238,
      180,
      79,
      211,
      238,
      167,
      61,
      214,
      53,
      241,
      100,
      79,
      20
    ],
    "11": [
      103,
      175,
      45,
      76,
      126,
      72,
      210,
      200,
      56,
      224,
      12,
      116,
      100,
      228,
      200,
      144,
      191,
      105,
      153,
      65,
      240,
      27,
      168,
      255,
      167,
      145,
      254,
      231,
      110,
      25,
      37,
      69
    ],
    "42": [
      60,
      5,
      67,
      158,
      217,
      162,
      10,
      0,
      84,
      38,
      48,
      115,
      30,
      37,
      172,
      63,
      111,
      255,
      100,
      8,
      223,
      7,
      77,
      57,
      137,
      10,
      109,
      65,
      106,
      21,
      1,
      128
    ],
    "23": [
      131,
      194,
      51,
      57,
      19,
      230,
      198,
      85,
      212,
      209,
      23,
      181,
      32,
      180,
      215,
      47,
      241,
      104,
      195,
      196,
      124,
      157,
      51,
      123,
      143,
      141,
      97,
      185,
      118,
      196,
      91,
      241
    ],
    "54": [
      161,
      47,
      179,
      33,
      179,
      201,
      222,
      88,
      134,
      191,
      55,
      143,
      132,
      26,
      110,
      18,
      160,
      121,
      95,
      130,
      135,
      153,
      74,
      172,
      39,
      7,
      13,
      235,
      5,
      93,
      168,
      51
    ],
    "19": [
      167,
      7,
      226,
      205,
      234,
      241,
      57,
      80,
      138,
      174,
      199,
      154,
      95,
      10,
      29,
      24,
      144,
      174,
      49,
      216,
      174,
      104,
      37,
      193,
      38,
      37,
      25,
      143,
      194,
      34,
      33,
      7
    ],
    "50": [
      24,
      62,
      74,
      75,
      63,
      167,
      224,
      237,
      48,
      231,
      237,
      162,
      186,
      131,
      113,
      67,
      247,
      215,
      42,
      90,
      74,
      35,
      129,
      157,
      43,
      46,
      190,
      167,
      94,
      237,
      124,
      45
    ],
    "31": [
      21,
      244,
      99,
      188,
      32,
      219,
      198,
      210,
      154,
      35,
      243,
      61,
      138,
      186,
      231,
      119,
      172,
      76,
      142,
      173,
      49,
      243,
      135,
      125,
      218,
      104,
      70,
      233,
      136,
      173,
      161,
      209
    ],
    "62": [
      69,
      210,
      84,
      191,
      137,
      132,
      89,
      123,
      230,
      225,
      167,
      138,
      137,
      247,
      195,
      174,
      204,
      92,
      164,
      51,
      95,
      117,
      75,
      81,
      73,
      18,
      9,
      8,
      59,
      17,
      90,
      106
    ],
    "27": [
      111,
      109,
      190,
      209,
      170,
      243,
      44,
      203,
      67,
      185,
      244,
      124,
      231,
      36,
      227,
      57,
      252,
      119,
      141,
      73,
      189,
      248,
      1,
      252,
      236,
      181,
      154,
      94,
      50,
      44,
      149,
      84
    ],
    "58": [
      141,
      182,
      239,
      95,
      24,
      181,
      13,
      173,
      223,
      194,
      42,
      135,
      0,
      129,
      78,
      242,
      21,
      189,
      37,
      186,
      88,
      29,
      126,
      212,
      216,
      65,
      229,
      197,
      77,
      203,
      254,
      211
    ]
  },
  "my_cert": [],
  "my_cert_key": [],
  "root_cert": []
}