{
  "net_map": {
    "37": "127.0.0.1:8537",
    "6": "127.0.0.1:8506",
    "33": "127.0.0.1:8533",
    "64": "127.0.0.1:9000",
    "2": "127.0.0.1:8502",
    "45": "127.0.0.1:8545",
    "14": "127.0.0.1:8514",
    "41": "127.0.0.1:8541",
    "10": "127.0.0.1:8510",
    "53": "127.0.0.1:8553",
    "22": "127.0.0.1:8522",
    "49": "127.0.0.1:8549",
    "18": "127.0.0.1:8518",
    "61": "127.0.0.1:8561",
    "30": "127.0.0.1:8530",
    "57": "127.0.0.1:8557",
    "26": "127.0.0.1:8526",
    "5": "127.0.0.1:8505",
    "36": "127.0.0.1:8536",
    "1": "127.0.0.1:8501",
    "32": "127.0.0.1:8532",
    "13": "127.0.0.1:8513",
    "44": "127.0.0.1:8544",
    "9": "127.0.0.1:8509",
    "40": "127.0.0.1:8540",
    "21": "127.0.0.1:8521",
    "52": "127.0.0.1:8552",
    "17": "127.0.0.1:8517",
    "48": "127.0.0.1:8548",
    "29": "127.0.0.1:8529",
    "60": "127.0.0.1:8560",
    "25": "127.0.0.1:8525",
    "56": "127.0.0.1:8556",
    "4": "127.0.0.1:8504",
    "39": "127.0.0.1:8539",
    "0": "127.0.0.1:8500",
    "35": "127.0.0.1:8535",
    "12": "127.0.0.1:8512",
    "47": "127.0.0.1:8547",
    "8": "127.0.0.1:8508",
    "43": "127.0.0.1:8543",
    "20": "127.0.0.1:8520",
    "55": "127.0.0.1:8555",
    "16": "127.0.0.1:8516",
    "51": "127.0.0.1:8551",
    "28": "127.0.0.1:8528",
    "63": "127.0.0.1:8563",
    "24": "127.0.0.1:8524",
    "59": "127.0.0.1:8559",
    "7": "127.0.0.1:8507",
    "38": "127.0.0.1:8538",
    "3": "127.0.0.1:8503",
    "34": "127.0.0.1:8534",
    "15": "127.0.0.1:8515",
    "46": "127.0.0.1:8546",
    "11": "127.0.0.1:8511",
    "42": "127.0.0.1:8542",
    "23": "127.0.0.1:8523",
    "54": "127.0.0.1:8554",
    "19": "127.0.0.1:8519",
    "50": "127.0.0.1:8550",
    "31": "127.0.0.1:8531",
    "62": "127.0.0.1:8562",
    "27": "127.0.0.1:8527",
    "58": "127.0.0.1:8558"
  },
  "delta": 100,
  "id": 15,
  "num_nodes": 64,
  "num_faults": 21,
  "block_size": 100,
  "client_port": 7015,
  "client_addr": "0.0.0.0:5000",
  "payload": 0,
  "prot_payload": "cc,/home/akhil/research/EEBA/libchatter/",
  "crypto_alg": "NOPKI",
  "pk_map": {},
  "secret_key_bytes": [],
  "sk_map": {
    "37": [
      40,
      250,
      27,
      178,
      124,
      7,
      88,
      197,
      216,
      239,
      179,
      28,
      222,
      225,
      11,
      106,
      9,
      12,
      122,
      45,
      120,
      202,
      72,
      103,
      133,
      182,
      101,
      77,
      183,
      102,
      91,
      208
    ],
    "6": [
      224,
      198,
      86,
      221,
      92,
      139,
      255,
      251,
      221,
      241,
      225,
      254,
      169,
      249,
      255,
      96,
      170,
      208,
      223,
      180,
      214,
      191,
      15,
      45,
      37,
      242,
      200,
      46,
      137,
      91,
      130,
      235
    ],
    "33": [
      26,
      113,
      99,
      106,
      237,
      80,
      126,
      186,
      49,
      72,
      140,
      0,
      127,
      50,
      102,
      130,
      19,
      192,
      26,
      152,
      25,
      70,
      122,
      146,
      149,
      202,
      152,
      199,
      107,
      66,
      28,
      240
    ],
    "2": [
      174,
      207,
      170,
      71,
      54,
      166,
      213,
      251,
      112,
      56,
      218,
      102,
      197,
      243,
      223,
      52,
      19,
      180,
      60,
      191,
      145,
      82,
      109,
      31,
      39,
      18,
      250,
      48,
      49,
      240,
      149,
      7
    ],
    "45": [
      171,
      202,
      4,
      10,
      234,
      26,
      234,
      129,
      213,
      59,
      232,
      205,
      157,
      255,
      148,
      95,
      110,
      150,
      54,
      195,
      23,
      10,
      41,
      31,
      88,
      85,
      76,
      178,
      50,
      168,
      111,
      33
    ],
    "14": [
      241,
      149,
      91,
      203,
      50,
      53,
      177,
      162,
      166,
      86,
      222,
      105,
      160,
      189,
      252,
      157,
      29,
      166,
      92,
      57,
      247,
      3,
      248,
      175,
      118,
      47,
      133,
      182,
      51,
      83,
      193,
      0
    ],
    "41": [
      78,
      46,
      254,
      109,
      108,
      249,
      51,
      40,
      215,
      190,
      188,
      250,
      220,
      42,
      84,
      2,
      28,
      69,
      123,
      228,
      220,
      51,
      139,
      134,
      151,
      158,
      27,
      204,
      137,
      199,
      210,
      54
    ],
    "10": [
      246,
      87,
      148,
      238,
      2,
      238,
      88,
      2,
      208,
      87,
      215,
      98,
      92,
      253,
      122,
      224,
      189,
      27,
      119,
      234,
      241,
      88,
      9,
      13,
      172,
      97,
      239,
      30,
      249,
      97,
      31,
      182
    ],
    "53": [
      166,
      254,
      129,
      27,
      81,
      48,
      133,
      76,
      139,
      245,
      202,
      79,
      20,
      197,
      36,
      168,
      77,
      169,
      94,
      84,
      151,
      89,
      199,
      71,
      230,
      34,
      29,
      74,
      167,
      199,
      130,
      222
    ],
    "22": [
      155,
      13,
      228,
      25,
      232,
      88,
      11,
      33,
      53,
      117,
      230,
      183,
      28,
      245,
      57,
      22,
      67,
      4,
      138,
      13,
      205,
      198,
      66,
      101,
      94,
      122,
      179,
      150,
      164,
      166,
      240,
      81
    ],
    "49": [
      113,
      211,
      12,
      110,
      249,
      58,
      27,
      15,
      228,
      8,
      103,
      168,
      10,
      195,
      75,
      183,
      170,
      29,
      46,
      1,
      207,
      31,
      17,
      252,
      193,
      99,
      44,
      86,
      191,
      107,
      172,
      173
    ],
    "18": [
      70,
      31,
      102,
      226,
      218,
      115,
      242,
      81,
      170,
      187,
      121,
      229,
      98,
      66,
      253,
      199,
      108,
      148,
      70,
      110,
      114,
      131,
      190,
      187,
      252,
      238,
      106,
      75,
      138,
      212,
      137,
      166
    ],
    "61": [
      66,
      206,
      135,
      108,
      203,
      157,
      222,
      170,
      225,
      182,
      249,
      153,
      231,
      140,
      254,
      179,
      189,
      205,
      99,
      114,
      3,
      70,
      199,
      252,
      9,
      132,
      192,
      57,
      174,
      228,
      103,
      67
    ],
    "30": [
      224,
      108,
      170,
      10,
      138,
      224,
      134,
      70,
      132,
      81,
      237,
      39,
      247,
      244,
      238,
      147,
      36,
      34,
      149,
      212,
      86,
      129,
      176,
      224,
      31,
      74,
      187,
      121,
      13,
      114,
      248,
      69
    ],
    "57": [
      6,
      199,
      167,
      82,
      25,
      128,
      239,
      138,
      230,
      150,
      222,
      137,
      253,
      18,
      253,
      36,
      237,
      254,
      173,
      73,
      121,
      0,
      166,
      135,
      131,
      119,
      42,
      246,
      134,
      209,
      43,
      120
    ],
    "26": [
      43,
      211,
      83,
      55,
      91,
      96,
      220,
      132,
      176,
      237,
      150,
      151,
      170,
      245,
      139,
      22,
      182,
      25,
      11,
      129,
      30,
      55,
      19,
      8,
      136,
      102,
      52,
      240,
      147,
      107,
      69,
      170
    ],
    "5": [
      62,
      148,
      46,
      7,
      35,
      101,
      92,
      192,
      96,
      79,
      137,
      80,
      119,
      170,
      61,
      230,
      63,
      229,
      64,
      20,
      130,
      18,
      94,
      22,
      106,
      112,
      242,
      90,
      54,
      212,
      35,
      149
    ],
    "36": [
      22,
      236,
      9,
      128,
      167,
      49,
      230,
      213,
      30,
      17,
      52,
      134,
      73,
      179,
      193,
      187,
      192,
      22,
      108,
      68,
      111,
      107,
      84,
      189,
      0,
      131,
      235,
      135,
      20,
      63,
      189,
      15
    ],
    "1": [
      173,
      29,
      182,
      191,
      171,
      17,
      254,
      116,
      162,
      52,
      2,
      250,
      210,
      33,
      223,
      146,
      230,
      170,
      83,
      228,
      233,
      119,
      200,
      48,
      197,
      252,
      182,
      170,
      135,
      70,
      6,
      211
    ],
    "32": [
      214,
      163,
      118,
      211,
      193,
      129,
      142,
      162,
      9,
      203,
      161,
      135,
      115,
      128,
      210,
      109,
      248,
      252,
      36,
      235,
      205,
      182,
      160,
      194,
      196,
      93,
      52,
      247,
      10,
      180,
      206,
      153
    ],
    "13": [
      201,
      53,
      176,
      121,
      236,
      76,
      79,
      164,
      51,
      190,
      21,
      162,
      123,
      186,
      150,
      160,
      173,
      14,
      252,
      71,
      60,
      18,
      20,
      23,
      148,
      254,
      228,
      26,
      39,
      40,
      167,
      36
    ],
    "44": [
      174,
      84,
      36,
      122,
      123,
      56,
      155,
      153,
      57,
      46,
      87,
      162,
      215,
      174,
      237,
      253,
      53,
      140,
      140,
      76,
      34,
      15,
      15,
      227,
      53,
      10,
      124,
      19,
      90,
      19,
      201,
      112
    ],
    "9": [
      73,
      213,
      145,
      253,
      81,
      152,
      10,
      29,
      239,
      78,
      243,
      133,
      94,
      236,
      213,
      80,
      158,
      42,
      81,
      26,
      207,
      157,
      236,
      230,
      35,
      52,
      132,
      18,
      30,
      9,
      152,
      99
    ],
    "40": [
      62,
      103,
      186,
      141,
      235,
      51,
      236,
      254,
      185,
      112,
      189,
      168,
      238,
      35,
      178,
      169,
      73,
      19,
      149,
      138,
      157,
      43,
      192,
      40,
      191,
      117,
      208,
      143,
      19,
      154,
      247,
      16
    ],
    "21": [
      80,
      223,
      184,
      0,
      63,
      208,
      155,
      48,
      73,
      50,
      106,
      90,
      246,
      16,
      107,
      106,
      232,
      224,
      64,
      181,
      56,
      50,
      90,
      105,
      1,
      213,
      96,
      213,
      86,
      56,
      8,
      21
    ],
    "52": [
      71,
      133,
      79,
      246,
      224,
      50,
      137,
      199,
      43,
      33,
      18,
      211,
      55,
      123,
      115,
      33,
      188,
      180,
      166,
      120,
      49,
      1,
      254,
      53,
      50,
      40,
      23,
      143,
      71,
      227,
      249,
      157
    ],
    "17": [
      198,
      118,
      10,
      107,
      153,
      102,
      175,
      216,
      236,
      251,
      227,
      152,
      19,
      198,
      174,
      44,
      132,
      184,
      39,
      57,
      163,
      146,
      94,
      159,
      101,
      72,
      22,
      81,
      229,
      214,
      2,
      188
    ],
    "48": [
      163,
      179,
      96,
      243,
      130,
      123,
      174,
      189,
      36,
      25,
      237,
      207,
      60,
      183,
      156,
      92,
      187,
      68,
      195,
      222,
      197,
      17,
      145,
      252,
      223,
      230,
      147,
      105,
      54,
      244,
      216,
      132
    ],
    "29": [
      6,
      145,
      158,
      54,
      195,
      137,
      249,
      192,
      250,
      105,
      188,
      203,
      190,
      140,
      213,
      165,
      130,
      130,
      39,
      103,
      238,
      81,
      224,
      245,
      24,
      126,
      111,
      2,
      239,
      82,
      174,
      224
    ],
    "60": [
      201,
      245,
      204,
      37,
      35,
      102,
      149,
      6,
      255,
      45,
      36,
      160,
      139,
      169,
      47,
      161,
      20,
      122,
      106,
      118,
      94,
      140,
      50,
      170,
      217,
      117,
      156,
      28,
      239,
      227,
      185,
      174
    ],
    "25": [
      42,
      133,
      244,
      8,
      18,
      236,
      242,
      28,
      102,
      103,
      29,
      87,
      214,
      202,
      96,
      24,
      150,
      66,
      126,
      20,
      9,
      70,
      88,
      7,
      103,
      104,
      85,
      2,
      114,
      35,
      89,
      246
    ],
    "56": [
      165,
      37,
      82,
      190,
      140,
      160,
      126,
      186,
      142,
      84,
      232,
      145,
      252,
      57,
      164,
      130,
      94,
      0,
      54,
      174,
      88,
      88,
      170,
      113,
      151,
      96,
      37,
      216,
      110,
      187,
      242,
      66
    ],
    "4": [
      36,
      63,
      145,
      23,
      24,
      149,
      200,
      92,
      228,
      192,
      196,
      175,
      104,
      107,
      103,
      142,
      179,
      211,
      245,
      23,
      152,
      217,
      114,
      153,
      134,
      209,
      90,
      81,
      5,
      143,
      172,
      158
    ],
    "39": [
      45,
      8,
      82,
      137,
      60,
      93,
      85,
      81,
      179,
      170,
      201,
      32,
      78,
      221,
      211,
      159,
      120,
      110,
      115,
      172,
      75,
      28,
      54,
      60,
      135,
      216,
      200,
      207,
      9,
      145,
      151,
      62
    ],
    "0": [
      4,
      251,
      146,
      116,
      117,
      66,
      241,
      12,
      215,
      192,
      7,
      237,
      56,
      221,
      235,
      240,
      186,
      21,
      132,
      203,
      37,
      132,
      80,
      108,
      156,
      131,
      24,
      95,
      255,
      179,
      206,
      251
    ],
    "35": [
      142,
      52,
      97,
      118,
      178,
      237,
      86,
      187,
      191,
      72,
      24,
      232,
      114,
      70,
      111,
      91,
      162,
      94,
      137,
      135,
      79,
      222,
      217,
      60,
      242,
      200,
      174,
      151,
      147,
      123,
      206,
      86
    ],
    "12": [
      182,
      135,
      151,
      179,
      240,
      91,
      39,
      234,
      83,
      49,
      151,
      107,
      69,
      1,
      40,
      122,
      32,
      8,
      32,
      118,
      0,
      141,
      215,
      26,
      241,
      180,
      58,
      36,
      9,
      243,
      232,
      11
    ],
    "47": [
      250,
      42,
      234,
      76,
      38,
      10,
      224,
      8,
      187,
      186,
      95,
      248,
      213,
      246,
      92,
      174,
      180,
      116,
      120,
      0,
      107,
      23,
      70,
      255,
      253,
      84,
      193,
      235,
      144,
      112,
      21,
      198
    ],
    "8": [
      159,
      48,
      225,
      63,
      109,
      148,
      95,
      157,
      101,
      195,
      91,
      200,
      49,
      156,
      184,
      110,
      186,
      194,
      51,
      223,
      44,
      222,
      123,
      125,
      223,
      95,
      221,
      126,
      198,
      53,
      106,
      139
    ],
    "43": [
      129,
      47,
      100,
      245,
      125,
      179,
      221,
      93,
      194,
      238,
      194,
      219,
      16,
      245,
      5,
      130,
      67,
      152,
      220,
      116,
      194,
      73,
      228,
      180,
      217,
      136,
      37,
      46,
      217,
      238,
      33,
      39
    ],
    "20": [
      61,
      211,
      227,
      23,
      251,
      14,
      87,
      35,
      192,
      165,
      75,
      106,
      119,
      250,
      5,
      132,
      209,
      229,
      56,
      18,
      213,
      254,
      249,
      55,
      141,
      127,
      165,
      167,
      103,
      77,
      96,
      60
    ],
    "55": [
      235,
      182,
      238,
      240,
      111,
      142,
      7,
      231,
      116,
      254,
      151,
      71,
      199,
      210,
      85,
      238,
      240,
      222,
      138,
      71,
      205,
      158,
      63,
      25,
      236,
      30,
      54,
      112,
      3,
      242,
      105,
      171
    ],
    "16": [
      162,
      51,
      184,
      249,
      13,
      65,
      220,
      237,
      124,
      151,
      12,
      101,
      4,
      35,
      16,
      55,
      122,
      99,
      117,
      201,
      223,
      78,
      20,
      171,
      166,
      229,
      12,
      9,
      198,
      12,
      13,
      90
    ],
    "51": [
      221,
      57,
      157,
      12,
      10,
      5,
      172,
      31,
      124,
      217,
      184,
      248,
      240,
      233,
      49,
      155,
      157,
      71,
      199,
      137,
      237,
      61,
      35,
      109,
      148,
      41,
      185,
      18,
      183,
      180,
      97,
      136
    ],
    "28": [
      29,
      101,
      159,
      164,
      102,
      9,
      155,
      116,
      60,
      207,
      216,
      52,
      148,
      33,
      146,
      3,
      112,
      134,
      24,
      110,
      240,
      19,
      180,
      131,
      162,
      252,
      177,
      250,
      41,
      165,
      89,
      50
    ],
    "63": [
      172,
      162,
      189,
      9,
      28,
      189,
      36,
      255,
      24,
      233,
      195,
      210,
      133,
      196,
      183,
      23,
      54,
      250,
      134,
      225,
      249,
      161,
      241,
      64,
      92,
      50,
      207,
      67,
      161,
      29,
      242,
      193
    ],
    "24": [
      96,
      110,
      245,
      247,
      85,
      14,
      206,
      202,
      197,
      157,
      113,
      122,
      54,
      31,
      161,
      161,
      1,
      203,
      236,
      90,
      101,
      154,
      239,
      99,
      172,
      178,
      199,
      196,
      5,
      178,
      157,
      207
    ],
    "59": [
      242,
      156,
      67,
      92,
      100,
      198,
      163,
      1,
      240,
      214,
      142,
      215,
      255,
      111,
      60,
      193,
      39,
      211,
      248,
      66,
      61,
      91,
      251,
      151,
      53,
      220,
      167,
      28,
      131,
      142,
      3,
      244
    ],
    "7": [
      55,
      204,
      83,
      211,
      241,
      7,
      20,
      105,
      230,
      85,
      40,
      153,
      169,
      52,
      118,
      124,
      149,
      85,
      245,
      167,
      125,
      181,
      209,
      52,
      220,
      97,
      77,
      208,
      175,
      186,
      228,
      101
    ],
    "38": [
      32,
      54,
      175,
      230,
      238,
      38,
      61,
      182,
      75,
      104,
      182,
      78,
      191,
      174,
      141,
      59,
      89,
      14,
      20,
      193,
      118,
      159,
      82,
      166,
      51,
      47,
      225,
      148,
      77,
      120,
      137,
      105
    ],
    "3": [
      91,
      100,
      212,
      207,
      228,
      231,
      62,
      211,
      220,
      109,
      61,
      217,
      18,
      46,
      102,
      24,
      59,
      32,
      35,
      107,
      160,
      127,
      108,
      153,
      62,
      223,
      216,
      132,
      95,
      85,
      121,
      177
    ],
    "34": [
      170,
      156,
      137,
      195,
      64,
      49,
      18,
      204,
      6,
      153,
      129,
      69,
      195,
      48,
      52,
      106,
      191,
      217,
      81,
      134,
      247,
      241,
      208,
      173,
      206,
      68,
      38,
      150,
      153,
      162,
      206,
      251
    ],
    "15": [
      158,
      93,
      231,
      177,
      221,
      80,
      149,
      251,
      19,
      88,
      245,
      77,
      70,
      172,
      214,
      46,
      186,
      78,
      219,
      95,
      71,
      69,
      20,
      108,
      136,
      176,
      249,
      231,
      227,
      150,
      245,
      200
    ],
    "46": [
      208,
      42,
      201,
      128,
      138,
      195,
      254,
      162,
      2,
      160,
      226,
      175,
      150,
      183,
      96,
      87,
      195,
      56,
      223,
      207,
      20,
      153,
      217,
      208,
      222,
      0,
      135,
      165,
      62,
      227,
      174,
      99
    ],
    "11": [
      54,
      162,
      134,
      163,
      195,
      119,
      87,
      103,
      166,
      9,
      159,
      10,
      59,
      29,
      177,
      229,
      189,
      63,
      154,
      48,
      167,
      244,
      229,
      193,
      47,
      28,
      79,
      8,
      2,
      112,
      117,
      183
    ],
    "42": [
      106,
      180,
      154,
      1,
      143,
      231,
      131,
      167,
      161,
      248,
      55,
      198,
      141,
      239,
      188,
      37,
      220,
      87,
      191,
      136,
      51,
      181,
      43,
      31,
      140,
      161,
      97,
      53,
      181,
      205,
      159,
      76
    ],
    "23": [
      60,
      79,
      179,
      141,
      94,
      25,
      211,
      163,
      28,
      162,
      20,
      0,
      83,
      250,
      133,
      227,
      195,
      145,
      11,
      130,
      50,
      163,
      69,
      33,
      138,
      102,
      151,
      164,
      65,
      195,
      35,
      70
    ],
    "54": [
      14,
      22,
      200,
      226,
      96,
      144,
      240,
      191,
      85,
      189,
      207,
      127,
      13,
      163,
      207,
      187,
      170,
      139,
      229,
      165,
      193,
      9,
      43,
      47,
      203,
      25,
      47,
      48,
      147,
      145,
      51,
      182
    ],
    "19": [
      59,
      86,
      40,
      136,
      164,
      218,
      234,
      178,
      237,
      159,
      189,
      220,
      39,
      177,
      113,
      246,
      130,
      199,
      247,
      162,
      223,
      172,
      234,
      187,
      35,
      179,
      39,
      213,
      61,
      122,
      137,
      38
    ],
    "50": [
      44,
      200,
      236,
      105,
      18,
      168,
      139,
      198,
      206,
      151,
      131,
      191,
      122,
      10,
      1,
      30,
      54,
      206,
      185,
      61,
      20,
      167,
      143,
      141,
      131,
      170,
      3,
      144,
      108,
      234,
      205,
      63
    ],
    "31": [
      156,
      12,
      98,
      210,
      68,
      22,
      170,
      13,
      7,
      95,
      153,
      124,
      46,
      31,
      33,
      88,
      100,
      6,
      191,
      8,
      115,
      16,
      216,
      67,
      149,
      57,
      47,
      136,
      38,
      223,
      254,
      120
    ],
    "62": [
      34,
      164,
      87,
      239,
      249,
      173,
      148,
      24,
      80,
      118,
      40,
      27,
      49,
      71,
      18,
      93,
      44,
      23,
      202,
      184,
      205,
      193,
      93,
      80,
      177,
      60,
      154,
      201,
      136,
      239,
      233,
      31
    ],
    "27": [
      27,
      222,
      171,
      137,
      146,
      244,
      167,
      204,
      74,
      74,
      141,
      161,
      183,
      164,
      118,
      115,
      126,
      176,
      242,
      115,
      196,
      92,
      179,
      174,
      116,
      19,
      246,
      70,
      173,
      174,
      89,
      227
    ],
    "58": [
      221,
      25,
      7,
      43,
      103,
      13,
      239,
      10,
      179,
      237,
      29,
      51,
      213,
      206,
      46,
      239,
      204,
      193,
      47,
      167,
      247,
      217,
      123,
      175,
      251,
      221,
      209,
      234,
      89,
      187,
      46,
      65
    ]
  },
  "my_cert": [],
  "my_cert_key": [],
  "root_cert": []
}