{
  "net_map": {
    "37": "127.0.0.1:8537",
    "6": "127.0.0.1:8506",
    "33": "127.0.0.1:8533",
    "64": "127.0.0.1:9000",
    "2": "127.0.0.1:8502",
    "45": "127.0.0.1:8545",
    "14": "127.0.0.1:8514",
    "41": "127.0.0.1:8541",
    "10": "127.0.0.1:8510",
    "53": "127.0.0.1:8553",
    "22": "127.0.0.1:8522",
    "49": "127.0.0.1:8549",
    "18": "127.0.0.1:8518",
    "61": "127.0.0.1:8561",
    "30": "127.0.0.1:8530",
    "57": "127.0.0.1:8557",
    "26": "127.0.0.1:8526",
    "5": "127.0.0.1:8505",
    "36": "127.0.0.1:8536",
    "1": "127.0.0.1:8501",
    "32": "127.0.0.1:8532",
    "13": "127.0.0.1:8513",
    "44": "127.0.0.1:8544",
    "9": "127.0.0.1:8509",
    "40": "127.0.0.1:8540",
    "21": "127.0.0.1:8521",
    "52": "127.0.0.1:8552",
    "17": "127.0.0.1:8517",
    "48": "127.0.0.1:8548",
    "29": "127.0.0.1:8529",
    "60": "127.0.0.1:8560",
    "25": "127.0.0.1:8525",
    "56": "127.0.0.1:8556",
    "4": "127.0.0.1:8504",
    "39": "127.0.0.1:8539",
    "0": "127.0.0.1:8500",
    "35": "127.0.0.1:8535",
    "12": "127.0.0.1:8512",
    "47": "127.0.0.1:8547",
    "8": "127.0.0.1:8508",
    "43": "127.0.0.1:8543",
    "20": "127.0.0.1:8520",
    "55": "127.0.0.1:8555",
    "16": "127.0.0.1:8516",
    "51": "127.0.0.1:8551",
    "28": "127.0.0.1:8528",
    "63": "127.0.0.1:8563",
    "24": "127.0.0.1:8524",
    "59": "127.0.0.1:8559",
    "7": "127.0.0.1:8507",
    "38": "127.0.0.1:8538",
    "3": "127.0.0.1:8503",
    "34": "127.0.0.1:8534",
    "15": "127.0.0.1:8515",
    "46": "127.0.0.1:8546",
    "11": "127.0.0.1:8511",
    "42": "127.0.0.1:8542",
    "23": "127.0.0.1:8523",
    "54": "127.0.0.1:8554",
    "19": "127.0.0.1:8519",
    "50": "127.0.0.1:8550",
    "31": "127.0.0.1:8531",
    "62": "127.0.0.1:8562",
    "27": "127.0.0.1:8527",
    "58": "127.0.0.1:8558"
  },
  "delta": 100,
  "id": 18,
  "num_nodes": 64,
  "num_faults": 21,
  "block_size": 100,
  "client_port": 7018,
  "client_addr": "0.0.0.0:5000",
  "payload": 0,
  "prot_payload": "cc,/home/akhil/research/EEBA/libchatter/",
  "crypto_alg": "NOPKI",
  "pk_map": {},
  "secret_key_bytes": [],
  "sk_map": {
    "37": [
      37,
      54,
      42,
      224,
      171,
      51,
      120,
      72,
      203,
      242,
      44,
      125,
      230,
      18,
      73,
      172,
      152,
      4,
      54,
      133,
      48,
      233,
      238,
      95,
      220,
      139,
      221,
      185,
      194,
      124,
      96,
      253
    ],
    "6": [
      61,
      181,
      90,
      229,
      148,
      84,
      86,
      24,
      7,
      207,
      206,
      149,
      35,
      241,
      134,
      65,
      209,
      130,
      190,
      41,
      75,
      84,
      38,
      63,
      109,
      145,
      19,
      29,
      175,
      52,
      224,
      155
    ],
    "33": [
      42,
      37,
      15,
      78,
      58,
      236,
      4,
      207,
      192,
      91,
      164,
      6,
      27,
      163,
      120,
      225,
      125,
      152,
      201,
      38,
      0,
      43,
      95,
      158,
      44,
      179,
      89,
      43,
      123,
      118,
      108,
      43
    ],
    "2": [
      236,
      77,
      186,
      171,
      176,
      184,
      145,
      125,
      44,
      118,
      130,
      212,
      217,
      148,
      75,
      36,
      115,
      116,
      107,
      7,
      218,
      119,
      86,
      212,
      185,
      101,
      120,
      59,
      40,
      48,
      216,
      103
    ],
    "45": [
      213,
      219,
      213,
      154,
      61,
      56,
      98,
      249,
      172,
      77,
      51,
      16,
      132,
      21,
      145,
      128,
      221,
      202,
      244,
      188,
      191,
      211,
      238,
      245,
      118,
      2,
      139,
      38,
      7,
      158,
      110,
      16
    ],
    "14": [
      107,
      148,
      138,
      143,
      189,
      221,
      213,
      144,
      137,
      153,
      222,
      108,
      176,
      41,
      223,
      85,
      173,
      176,
      123,
      175,
      102,
      240,
      223,
      99,
      169,
      116,
      69,
      9,
      121,
      59,
      202,
      115
    ],
    "41": [
      71,
      14,
      54,
      227,
      0,
      228,
      218,
      248,
      90,
      26,
      100,
      16,
      80,
      249,
      79,
      211,
      16,
      212,
      70,
      13,
      109,
      72,
      245,
      40,
      128,
      39,
      95,
      56,
      114,
      214,
      200,
      105
    ],
    "10": [
      188,
      16,
      106,
      147,
      108,
      46,
      232,
      71,
      191,
      246,
      16,
      78,
      114,
      216,
      116,
      136,
      6,
      172,
      216,
      227,
      40,
      196,
      58,
      135,
      17,
      210,
      134,
      22,
      67,
      221,
      210,
      145
    ],
    "53": [
      71,
      158,
      145,
      116,
      155,
      80,
      42,
      4,
      115,
      77,
      183,
      75,
      119,
      206,
      4,
      114,
      217,
      255,
      110,
      194,
      145,
      18,
      107,
      123,
      228,
      52,
      218,
      229,
      136,
      222,
      96,
      7
    ],
    "22": [
      127,
      62,
      133,
      102,
      21,
      172,
      92,
      215,
      235,
      140,
      124,
      196,
      181,
      79,
      19,
      222,
      41,
      255,
      94,
      139,
      65,
      106,
      215,
      149,
      33,
      12,
      55,
      112,
      157,
      239,
      167,
      245
    ],
    "49": [
      171,
      232,
      96,
      78,
      116,
      196,
      71,
      158,
      50,
      43,
      125,
      1,
      89,
      17,
      59,
      30,
      171,
      32,
      207,
      196,
      83,
      123,
      33,
      49,
      82,
      34,
      53,
      182,
      193,
      153,
      137,
      46
    ],
    "18": [
      17,
      140,
      234,
      46,
      61,
      31,
      244,
      135,
      153,
      164,
      64,
      110,
      143,
      135,
      25,
      69,
      182,
      78,
      185,
      74,
      67,
      24,
      178,
      109,
      107,
      205,
      163,
      2,
      237,
      217,
      77,
      115
    ],
    "61": [
      57,
      5,
      13,
      14,
      49,
      70,
      228,
      88,
      175,
      25,
      15,
      164,
      98,
      218,
      175,
      38,
      217,
      105,
      130,
      105,
      110,
      0,
      47,
      242,
      231,
      106,
      54,
      181,
      136,
      55,
      114,
      26
    ],
    "30": [
      48,
      250,
      34,
      44,
      247,
      152,
      243,
      177,
      190,
      227,
      27,
      83,
      194,
      179,
      179,
      125,
      59,
      99,
      152,
      231,
      75,
      196,
      248,
      88,
      77,
      124,
      7,
      183,
      121,
      132,
      86,
      62
    ],
    "57": [
      128,
      194,
      156,
      120,
      37,
      59,
      37,
      97,
      250,
      45,
      128,
      36,
      43,
      85,
      147,
      43,
      153,
      226,
      146,
      126,
      192,
      87,
      67,
      35,
      148,
      251,
      57,
      126,
      9,
      129,
      28,
      244
    ],
    "26": [
      244,
      156,
      127,
      230,
      202,
      170,
      160,
      62,
      5,
      159,
      139,
      207,
      26,
      94,
      189,
      216,
      138,
      105,
      7,
      138,
      205,
      251,
      174,
      114,
      139,
      109,
      57,
      174,
      72,
      93,
      171,
      97
    ],
    "5": [
      174,
      252,
      151,
      23,
      123,
      136,
      151,
      92,
      130,
      111,
      134,
      173,
      84,
      224,
      144,
      117,
      251,
      117,
      111,
      15,
      5,
      175,
      53,
      192,
      169,
      57,
      230,
      177,
      55,
      24,
      89,
      45
    ],
    "36": [
      26,
      73,
      113,
      8,
      75,
      184,
      41,
      172,
      250,
      157,
      225,
      117,
      222,
      160,
      252,
      222,
      145,
      21,
      126,
      159,
      210,
      11,
      39,
      90,
      161,
      141,
      61,
      172,
      246,
      174,
      52,
      160
    ],
    "1": [
      133,
      32,
      9,
      53,
      203,
      3,
      214,
      226,
      241,
      233,
      250,
      110,
      61,
      203,
      106,
      99,
      181,
      253,
      242,
      225,
      64,
      189,
      42,
      9,
      114,
      82,
      163,
      93,
      195,
      61,
      119,
      191
    ],
    "32": [
      216,
      150,
      182,
      180,
      39,
      166,
      25,
      115,
      149,
      206,
      148,
      71,
      81,
      22,
      225,
      195,
      24,
      182,
      45,
      104,
      85,
      243,
      203,
      151,
      179,
      50,
      58,
      150,
      222,
      246,
      224,
      112
    ],
    "13": [
      156,
      89,
      201,
      73,
      161,
      111,
      128,
      151,
      77,
      191,
      136,
      5,
      240,
      17,
      160,
      4,
      103,
      47,
      31,
      79,
      129,
      28,
      163,
      42,
      92,
      121,
      5,
      88,
      143,
      205,
      51,
      31
    ],
    "44": [
      17,
      197,
      74,
      118,
      65,
      163,
      180,
      11,
      173,
      79,
      175,
      165,
      54,
      105,
      195,
      247,
      93,
      206,
      3,
      96,
      243,
      162,
      230,
      40,
      102,
      203,
      231,
      83,
      18,
      138,
      89,
      174
    ],
    "9": [
      127,
      62,
      246,
      97,
      240,
      237,
      122,
      115,
      141,
      233,
      50,
      92,
      200,
      156,
      74,
      55,
      154,
      45,
      151,
      41,
      107,
      75,
      127,
      231,
      56,
      132,
      60,
      100,
      186,
      198,
      134,
      108
    ],
    "40": [
      13,
      104,
      150,
      28,
      218,
      133,
      103,
      199,
      44,
      165,
      126,
      227,
      24,
      46,
      71,
      111,
      8,
      133,
      37,
      125,
      140,
      118,
      155,
      32,
      235,
      91,
      6,
      13,
      176,
      34,
      209,
      229
    ],
    "21": [
      155,
      153,
      86,
      83,
      209,
      152,
      227,
      139,
      252,
      178,
      242,
      102,
      102,
      129,
      245,
      130,
      168,
      66,
      78,
      72,
      11,
      250,
      130,
      119,
      200,
      118,
      20,
      58,
      95,
      9,
      202,
      196
    ],
    "52": [
      141,
      133,
      137,
      18,
      37,
      151,
      46,
      131,
      121,
      70,
      28,
      208,
      190,
      222,
      148,
      0,
      49,
      202,
      17,
      25,
      185,
      191,
      138,
      139,
      110,
      38,
      189,
      155,
      138,
      116,
      43,
      151
    ],
    "17": [
      17,
      247,
      124,
      248,
      171,
      103,
      133,
      120,
      117,
      142,
      224,
      47,
      209,
      58,
      195,
      148,
      158,
      19,
      131,
      174,
      51,
      147,
      126,
      47,
      229,
      190,
      98,
      131,
      68,
      84,
      75,
      44
    ],
    "48": [
      175,
      198,
      53,
      217,
      16,
      171,
      185,
      214,
      32,
      96,
      154,
      53,
      205,
      184,
      106,
      91,
      206,
      95,
      201,
      1,
      217,
      119,
      50,
      255,
      36,
      117,
      92,
      27,
      85,
      38,
      25,
      180
    ],
    "29": [
      74,
      71,
      27,
      35,
      152,
      189,
      163,
      96,
      168,
      154,
      92,
      32,
      22,
      21,
      84,
      169,
      76,
      147,
      14,
      78,
      193,
      116,
      48,
      18,
      191,
      31,
      8,
      79,
      68,
      250,
      183,
      223
    ],
    "60": [
      158,
      226,
      191,
      42,
      229,
      87,
      95,
      104,
      147,
      199,
      182,
      210,
      221,
      144,
      78,
      37,
      195,
      86,
      55,
      84,
      186,
      21,
      74,
      61,
      116,
      158,
      59,
      74,
      241,
      76,
      99,
      154
    ],
    "25": [
      24,
      88,
      43,
      255,
      69,
      67,
      192,
      163,
      96,
      196,
      91,
      164,
      254,
      242,
      187,
      49,
      118,
      22,
      158,
      187,
      39,
      234,
      59,
      30,
      64,
      174,
      250,
      47,
      238,
      87,
      250,
      134
    ],
    "56": [
      69,
      94,
      205,
      62,
      29,
      166,
      104,
      152,
      22,
      252,
      97,
      67,
      82,
      14,
      217,
      222,
      106,
      86,
      242,
      228,
      193,
      234,
      217,
      212,
      95,
      32,
      171,
      219,
      21,
      171,
      174,
      206
    ],
    "4": [
      93,
      76,
      39,
      103,
      130,
      168,
      43,
      158,
      130,
      203,
      240,
      136,
      9,
      142,
      179,
      164,
      139,
      4,
      157,
      75,
      124,
      25,
      213,
      116,
      152,
      158,
      236,
      175,
      115,
      28,
      28,
      222
    ],
    "39": [
      231,
      26,
      136,
      35,
      112,
      76,
      189,
      139,
      131,
      167,
      96,
      39,
      223,
      229,
      68,
      156,
      85,
      46,
      231,
      255,
      223,
      36,
      104,
      54,
      173,
      178,
      142,
      9,
      156,
      217,
      90,
      186
    ],
    "0": [
      98,
      165,
      223,
      203,
      145,
      236,
      173,
      57,
      96,
      235,
      37,
      178,
      120,
      119,
      20,
      0,
      151,
      223,
      74,
      85,
      223,
      196,
      221,
      72,
      19,
      236,
      66,
      210,
      56,
      255,
      70,
      217
    ],
    "35": [
      98,
      113,
      155,
      223,
      110,
      190,
      205,
      89,
      209,
      143,
      57,
      199,
      87,
      106,
      219,
      13,
      19,
      241,
      77,
      188,
      200,
      198,
      170,
      205,
      180,
      150,
      231,
      63,
      157,
      47,
      233,
      244
    ],
    "12": [
      88,
      99,
      110,
      73,
      190,
      27,
      244,
      36,
      220,
      226,
      146,
      57,
      54,
      44,
      40,
      52,
      177,
      7,
      143,
      250,
      166,
      237,
      68,
      147,
      118,
      155,
      111,
      57,
      165,
      77,
      170,
      36
    ],
    "47": [
      151,
      97,
      180,
      78,
      60,
      240,
      76,
      3,
      253,
      53,
      158,
      225,
      71,
      198,
      207,
      245,
      234,
      145,
      202,
      45,
      96,
      130,
      38,
      192,
      67,
      167,
      159,
      137,
      30,
      24,
      229,
      17
    ],
    "8": [
      26,
      13,
      112,
      94,
      104,
      144,
      227,
      111,
      204,
      106,
      193,
      210,
      141,
      191,
      200,
      117,
      154,
      67,
      201,
      136,
      82,
      209,
      1,
      215,
      117,
      151,
      69,
      105,
      31,
      13,
      57,
      214
    ],
    "43": [
      83,
      14,
      239,
      219,
      80,
      250,
      56,
      19,
      42,
      126,
      159,
      30,
      192,
      27,
      16,
      173,
      221,
      81,
      2,
      222,
      133,
      165,
      103,
      133,
      170,
      117,
      96,
      203,
      30,
      29,
      57,
      246
    ],
    "20": [
      107,
      53,
      37,
      1,
      88,
      129,
      126,
      219,
      26,
      197,
      135,
      53,
      149,
      33,
      232,
      14,
      143,
      245,
      140,
      208,
      110,
      35,
      38,
      79,
      204,
      108,
      96,
      207,
      180,
      30,
      152,
      0
    ],
    "55": [
      25,
      153,
      174,
      176,
      123,
      210,
      109,
      22,
      9,
      206,
      163,
      110,
      2,
      107,
      244,
      238,
      8,
      199,
      252,
      228,
      227,
      173,
      162,
      49,
      121,
      207,
      73,
      13,
      80,
      141,
      198,
      127
    ],
    "16": [
      8,
      55,
      122,
      150,
      49,
      76,
      79,
      100,
      130,
      28,
      192,
      59,
      57,
      150,
      119,
      23,
      230,
      212,
      25,
      10,
      222,
      197,
      166,
      27,
      217,
      231,
      80,
      36,
      238,
      35,
      233,
      143
    ],
    "51": [
      185,
      111,
      94,
      119,
      155,
      119,
      208,
      164,
      97,
      193,
      39,
      7,
      195,
      78,
      53,
      93,
      195,
      141,
      215,
      133,
      3,
      36,
      205,
      57,
      10,
      192,
      104,
      204,
      186,
      204,
      56,
      33
    ],
    "28": [
      207,
      111,
      13,
      28,
      58,
      206,
      98,
      176,
      242,
      93,
      188,
      22,
      11,
      20,
      7,
      146,
      77,
      25,
      240,
      126,
      198,
      241,
      31,
      218,
      252,
      151,
      163,
      85,
      183,
      86,
      66,
      90
    ],
    "63": [
      2,
      99,
      242,
      220,
      137,
      151,
      173,
      70,
      211,
      126,
      159,
      67,
      227,
      152,
      87,
      72,
      32,
      241,
      240,
      81,
      122,
      181,
      26,
      128,
      210,
      234,
      157,
      162,
      97,
      13,
      33,
      14
    ],
    "24": [
      68,
      106,
      42,
      59,
      37,
      52,
      126,
      8,
      16,
      216,
      33,
      123,
      94,
      148,
      199,
      190,
      29,
      189,
      224,
      31,
      203,
      171,
      149,
      244,
      38,
      126,
      2,
      190,
      250,
      234,
      20,
      34
    ],
    "59": [
      59,
      0,
      36,
      33,
      60,
      59,
      32,
      216,
      158,
      237,
      252,
      44,
      127,
      214,
      107,
      254,
      102,
      151,
      102,
      13,
      238,
      88,
      0,
      143,
      86,
      128,
      184,
      96,
      116,
      64,
      11,
      139
    ],
    "7": [
      100,
      87,
      61,
      79,
      204,
      21,
      232,
      168,
      84,
      255,
      102,
      249,
      207,
      48,
      183,
      101,
      169,
      119,
      216,
      170,
      75,
      76,
      213,
      224,
      82,
      188,
      14,
      129,
      146,
      48,
      193,
      121
    ],
    "38": [
      20,
      173,
      36,
      47,
      161,
      66,
      165,
      215,
      90,
      119,
      67,
      19,
      248,
      28,
      29,
      177,
      33,
      176,
      235,
      97,
      111,
      151,
      174,
      21,
      230,
      230,
      88,
      244,
      64,
      166,
      249,
      31
    ],
    "3": [
      121,
      0,
      228,
      166,
      27,
      172,
      177,
      46,
      116,
      190,
      214,
      146,
      31,
      27,
      53,
      218,
      94,
      114,
      160,
      169,
      215,
      14,
      92,
      82,
      28,
      241,
      148,
      156,
      161,
      163,
      40,
      148
    ],
    "34": [
      244,
      213,
      155,
      110,
      1,
      200,
      96,
      169,
      197,
      210,
      131,
      202,
      153,
      54,
      185,
      39,
      244,
      183,
      139,
      142,
      45,
      130,
      86,
      6,
      123,
      84,
      203,
      23,
      90,
      242,
      252,
      178
    ],
    "15": [
      70,
      31,
      102,
      226,
      218,
      115,
      242,
      81,
      170,
      187,
      121,
      229,
      98,
      66,
      253,
      199,
      108,
      148,
      70,
      110,
      114,
      131,
      190,
      187,
      252,
      238,
      106,
      75,
      138,
      212,
      137,
      166
    ],
    "46": [
      21,
      13,
      21,
      12,
      89,
      235,
      210,
      28,
      140,
      73,
      24,
      52,
      160,
      240,
      25,
      204,
      174,
      236,
      244,
      145,
      30,
      252,
      101,
      136,
      163,
      85,
      244,
      47,
      143,
      75,
      44,
      68
    ],
    "11": [
      35,
      34,
      20,
      29,
      67,
      235,
      162,
      160,
      195,
      254,
      13,
      72,
      72,
      239,
      14,
      28,
      49,
      250,
      208,
      200,
      36,
      213,
      242,
      219,
      225,
      76,
      155,
      235,
      80,
      231,
      0,
      221
    ],
    "42": [
      244,
      50,
      255,
      75,
      190,
      89,
      223,
      4,
      37,
      128,
      21,
      159,
      114,
      46,
      48,
      232,
      222,
      14,
      167,
      6,
      146,
      168,
      174,
      113,
      92,
      67,
      204,
      45,
      186,
      69,
      52,
      102
    ],
    "23": [
      241,
      157,
      98,
      92,
      32,
      191,
      205,
      34,
      99,
      135,
      211,
      114,
      252,
      148,
      143,
      134,
      17,
      190,
      183,
      215,
      69,
      76,
      92,
      104,
      195,
      79,
      77,
      222,
      109,
      222,
      218,
      171
    ],
    "54": [
      20,
      111,
      254,
      232,
      186,
      235,
      136,
      71,
      69,
      152,
      112,
      250,
      25,
      6,
      1,
      168,
      151,
      80,
      195,
      101,
      54,
      3,
      145,
      116,
      118,
      111,
      142,
      241,
      205,
      248,
      89,
      160
    ],
    "19": [
      119,
      242,
      2,
      44,
      9,
      99,
      16,
      216,
      193,
      53,
      82,
      181,
      132,
      218,
      195,
      214,
      223,
      4,
      62,
      5,
      91,
      219,
      59,
      86,
      247,
      24,
      203,
      0,
      203,
      121,
      0,
      190
    ],
    "50": [
      244,
      55,
      53,
      177,
      103,
      105,
      161,
      103,
      6,
      210,
      52,
      6,
      166,
      141,
      50,
      214,
      98,
      248,
      150,
      255,
      213,
      92,
      4,
      198,
      242,
      46,
      142,
      35,
      58,
      61,
      231,
      75
    ],
    "31": [
      163,
      40,
      14,
      175,
      236,
      242,
      218,
      75,
      29,
      163,
      93,
      11,
      190,
      77,
      229,
      213,
      118,
      92,
      193,
      218,
      234,
      81,
      176,
      5,
      38,
      228,
      196,
      199,
      37,
      7,
      253,
      243
    ],
    "62": [
      118,
      99,
      181,
      166,
      217,
      10,
      101,
      31,
      230,
      9,
      158,
      6,
      112,
      31,
      28,
      135,
      195,
      131,
      48,
      238,
      241,
      9,
      27,
      109,
      111,
      28,
      163,
      186,
      135,
      183,
      159,
      221
    ],
    "27": [
      29,
      7,
      99,
      162,
      142,
      33,
      113,
      9,
      151,
      165,
      182,
      121,
      2,
      193,
      33,
      123,
      151,
      103,
      32,
      254,
      157,
      99,
      231,
      40,
      154,
      201,
      195,
      208,
      59,
      113,
      104,
      49
    ],
    "58": [
      219,
      243,
      126,
      152,
      249,
      6,
      202,
      48,
      87,
      76,
      247,
      165,
      99,
      92,
      179,
      41,
      24,
      222,
      212,
      82,
      92,
      101,
      71,
      108,
      167,
      244,
      229,
      82,
      7,
      81,
      243,
      148
    ]
  },
  "my_cert": [],
  "my_cert_key": [],
  "root_cert": []
}