{
  "net_map": {
    "37": "127.0.0.1:8537",
    "6": "127.0.0.1:8506",
    "33": "127.0.0.1:8533",
    "64": "127.0.0.1:9000",
    "2": "127.0.0.1:8502",
    "45": "127.0.0.1:8545",
    "14": "127.0.0.1:8514",
    "41": "127.0.0.1:8541",
    "10": "127.0.0.1:8510",
    "53": "127.0.0.1:8553",
    "22": "127.0.0.1:8522",
    "49": "127.0.0.1:8549",
    "18": "127.0.0.1:8518",
    "61": "127.0.0.1:8561",
    "30": "127.0.0.1:8530",
    "57": "127.0.0.1:8557",
    "26": "127.0.0.1:8526",
    "5": "127.0.0.1:8505",
    "36": "127.0.0.1:8536",
    "1": "127.0.0.1:8501",
    "32": "127.0.0.1:8532",
    "13": "127.0.0.1:8513",
    "44": "127.0.0.1:8544",
    "9": "127.0.0.1:8509",
    "40": "127.0.0.1:8540",
    "21": "127.0.0.1:8521",
    "52": "127.0.0.1:8552",
    "17": "127.0.0.1:8517",
    "48": "127.0.0.1:8548",
    "29": "127.0.0.1:8529",
    "60": "127.0.0.1:8560",
    "25": "127.0.0.1:8525",
    "56": "127.0.0.1:8556",
    "4": "127.0.0.1:8504",
    "39": "127.0.0.1:8539",
    "0": "127.0.0.1:8500",
    "35": "127.0.0.1:8535",
    "12": "127.0.0.1:8512",
    "47": "127.0.0.1:8547",
    "8": "127.0.0.1:8508",
    "43": "127.0.0.1:8543",
    "20": "127.0.0.1:8520",
    "55": "127.0.0.1:8555",
    "16": "127.0.0.1:8516",
    "51": "127.0.0.1:8551",
    "28": "127.0.0.1:8528",
    "63": "127.0.0.1:8563",
    "24": "127.0.0.1:8524",
    "59": "127.0.0.1:8559",
    "7": "127.0.0.1:8507",
    "38": "127.0.0.1:8538",
    "3": "127.0.0.1:8503",
    "34": "127.0.0.1:8534",
    "15": "127.0.0.1:8515",
    "46": "127.0.0.1:8546",
    "11": "127.0.0.1:8511",
    "42": "127.0.0.1:8542",
    "23": "127.0.0.1:8523",
    "54": "127.0.0.1:8554",
    "19": "127.0.0.1:8519",
    "50": "127.0.0.1:8550",
    "31": "127.0.0.1:8531",
    "62": "127.0.0.1:8562",
    "27": "127.0.0.1:8527",
    "58": "127.0.0.1:8558"
  },
  "delta": 100,
  "id": 21,
  "num_nodes": 64,
  "num_faults": 21,
  "block_size": 100,
  "client_port": 7021,
  "client_addr": "0.0.0.0:5000",
  "payload": 0,
  "prot_payload": "cc,/home/akhil/research/EEBA/libchatter/",
  "crypto_alg": "NOPKI",
  "pk_map": {},
  "secret_key_bytes": [],
  "sk_map": {
    "37": [
      206,
      10,
      225,
      12,
      144,
      219,
      160,
      13,
      43,
      185,
      139,
      1,
      208,
      203,
      216,
      62,
      147,
      64,
      161,
      50,
      61,
      49,
      127,
      97,
      119,
      246,
      4,
      162,
      247,
      86,
      231,
      145
    ],
    "6": [
      48,
      7,
      142,
      192,
      153,
      10,
      241,
      198,
      225,
      241,
      245,
      143,
      138,
      149,
      136,
      247,
      112,
      151,
      207,
      187,
      66,
      126,
      246,
      183,
      134,
      214,
      141,
      202,
      66,
      216,
      167,
      145
    ],
    "33": [
      209,
      173,
      99,
      116,
      61,
      93,
      24,
      225,
      14,
      14,
      211,
      215,
      62,
      17,
      159,
      64,
      58,
      140,
      174,
      69,
      233,
      168,
      198,
      151,
      153,
      64,
      109,
      49,
      16,
      140,
      216,
      192
    ],
    "2": [
      64,
      225,
      35,
      57,
      135,
      218,
      40,
      233,
      48,
      235,
      76,
      141,
      128,
      32,
      70,
      73,
      210,
      226,
      41,
      147,
      232,
      157,
      134,
      212,
      193,
      220,
      160,
      148,
      89,
      20,
      190,
      41
    ],
    "45": [
      112,
      173,
      46,
      131,
      54,
      88,
      75,
      24,
      153,
      11,
      72,
      152,
      202,
      205,
      89,
      124,
      48,
      81,
      250,
      186,
      43,
      142,
      55,
      195,
      32,
      203,
      248,
      197,
      46,
      44,
      22,
      250
    ],
    "14": [
      145,
      91,
      141,
      206,
      92,
      118,
      122,
      113,
      59,
      227,
      116,
      156,
      215,
      101,
      211,
      164,
      174,
      152,
      175,
      110,
      37,
      201,
      66,
      58,
      69,
      99,
      162,
      91,
      170,
      83,
      146,
      213
    ],
    "41": [
      5,
      147,
      198,
      25,
      218,
      171,
      21,
      176,
      3,
      212,
      61,
      218,
      88,
      103,
      252,
      84,
      122,
      167,
      228,
      153,
      21,
      139,
      174,
      21,
      16,
      68,
      27,
      4,
      166,
      40,
      72,
      193
    ],
    "10": [
      112,
      145,
      58,
      11,
      158,
      26,
      198,
      92,
      216,
      251,
      68,
      7,
      173,
      114,
      87,
      70,
      159,
      50,
      148,
      205,
      166,
      212,
      63,
      77,
      172,
      186,
      52,
      214,
      196,
      223,
      158,
      254
    ],
    "53": [
      202,
      214,
      204,
      186,
      228,
      157,
      214,
      61,
      126,
      138,
      205,
      130,
      157,
      55,
      36,
      92,
      242,
      57,
      197,
      43,
      128,
      95,
      127,
      220,
      128,
      42,
      186,
      1,
      42,
      161,
      202,
      179
    ],
    "22": [
      91,
      49,
      28,
      2,
      47,
      90,
      180,
      108,
      217,
      8,
      193,
      104,
      172,
      119,
      239,
      64,
      94,
      131,
      82,
      181,
      229,
      122,
      194,
      108,
      58,
      32,
      82,
      184,
      41,
      195,
      196,
      85
    ],
    "49": [
      246,
      38,
      215,
      28,
      86,
      243,
      237,
      168,
      71,
      181,
      226,
      34,
      68,
      217,
      120,
      195,
      218,
      19,
      169,
      227,
      220,
      118,
      224,
      207,
      93,
      36,
      206,
      224,
      179,
      116,
      91,
      37
    ],
    "18": [
      155,
      153,
      86,
      83,
      209,
      152,
      227,
      139,
      252,
      178,
      242,
      102,
      102,
      129,
      245,
      130,
      168,
      66,
      78,
      72,
      11,
      250,
      130,
      119,
      200,
      118,
      20,
      58,
      95,
      9,
      202,
      196
    ],
    "61": [
      201,
      176,
      82,
      64,
      2,
      188,
      226,
      38,
      252,
      60,
      29,
      80,
      77,
      8,
      56,
      237,
      237,
      99,
      74,
      62,
      108,
      233,
      102,
      105,
      36,
      16,
      195,
      33,
      46,
      175,
      40,
      66
    ],
    "30": [
      228,
      70,
      183,
      104,
      239,
      173,
      93,
      165,
      206,
      203,
      54,
      66,
      134,
      170,
      136,
      174,
      227,
      143,
      237,
      94,
      36,
      91,
      32,
      28,
      43,
      90,
      126,
      101,
      251,
      144,
      97,
      192
    ],
    "57": [
      61,
      139,
      210,
      213,
      6,
      171,
      91,
      240,
      55,
      244,
      241,
      229,
      180,
      117,
      220,
      183,
      237,
      214,
      205,
      89,
      1,
      189,
      242,
      153,
      77,
      104,
      210,
      213,
      173,
      152,
      151,
      224
    ],
    "26": [
      114,
      247,
      17,
      61,
      249,
      179,
      166,
      205,
      233,
      201,
      50,
      246,
      142,
      123,
      137,
      79,
      77,
      0,
      120,
      19,
      165,
      227,
      227,
      166,
      128,
      50,
      95,
      78,
      235,
      92,
      106,
      223
    ],
    "5": [
      250,
      237,
      217,
      226,
      14,
      25,
      107,
      157,
      235,
      18,
      0,
      246,
      226,
      32,
      167,
      23,
      141,
      103,
      161,
      222,
      225,
      99,
      49,
      206,
      128,
      231,
      93,
      170,
      88,
      44,
      97,
      14
    ],
    "36": [
      186,
      163,
      220,
      116,
      94,
      168,
      251,
      4,
      42,
      188,
      138,
      75,
      24,
      96,
      98,
      242,
      108,
      160,
      196,
      72,
      245,
      95,
      241,
      31,
      253,
      224,
      205,
      128,
      210,
      175,
      48,
      72
    ],
    "1": [
      156,
      100,
      50,
      102,
      134,
      107,
      53,
      41,
      70,
      172,
      37,
      28,
      154,
      156,
      88,
      155,
      213,
      91,
      20,
      203,
      240,
      32,
      106,
      185,
      247,
      143,
      222,
      32,
      173,
      63,
      36,
      183
    ],
    "32": [
      126,
      61,
      214,
      46,
      199,
      24,
      47,
      107,
      178,
      235,
      17,
      16,
      51,
      231,
      231,
      121,
      141,
      85,
      34,
      189,
      80,
      52,
      92,
      3,
      85,
      234,
      204,
      61,
      241,
      140,
      113,
      177
    ],
    "13": [
      159,
      95,
      147,
      59,
      114,
      52,
      152,
      112,
      7,
      198,
      225,
      197,
      159,
      95,
      110,
      140,
      249,
      59,
      80,
      245,
      85,
      254,
      240,
      5,
      23,
      71,
      144,
      81,
      149,
      67,
      29,
      132
    ],
    "44": [
      144,
      147,
      11,
      141,
      166,
      196,
      18,
      5,
      209,
      225,
      161,
      112,
      214,
      122,
      149,
      55,
      148,
      13,
      14,
      25,
      143,
      165,
      201,
      42,
      121,
      89,
      150,
      91,
      200,
      13,
      119,
      123
    ],
    "9": [
      74,
      68,
      212,
      145,
      147,
      249,
      163,
      147,
      217,
      187,
      168,
      211,
      186,
      119,
      36,
      95,
      179,
      143,
      49,
      194,
      95,
      28,
      252,
      252,
      72,
      4,
      139,
      168,
      71,
      37,
      205,
      124
    ],
    "40": [
      24,
      200,
      136,
      23,
      216,
      139,
      62,
      39,
      59,
      94,
      96,
      55,
      208,
      3,
      219,
      30,
      130,
      140,
      235,
      252,
      209,
      106,
      234,
      196,
      50,
      35,
      246,
      74,
      119,
      56,
      254,
      33
    ],
    "21": [
      209,
      206,
      38,
      31,
      19,
      26,
      105,
      75,
      188,
      45,
      171,
      22,
      210,
      1,
      171,
      85,
      52,
      84,
      236,
      179,
      53,
      57,
      67,
      73,
      107,
      187,
      204,
      5,
      234,
      16,
      174,
      187
    ],
    "52": [
      174,
      160,
      60,
      103,
      106,
      168,
      188,
      201,
      111,
      62,
      136,
      105,
      181,
      252,
      201,
      18,
      189,
      46,
      34,
      241,
      46,
      101,
      73,
      132,
      154,
      245,
      142,
      83,
      162,
      60,
      227,
      215
    ],
    "17": [
      36,
      125,
      213,
      244,
      100,
      99,
      158,
      179,
      162,
      43,
      34,
      134,
      92,
      229,
      135,
      179,
      181,
      89,
      25,
      156,
      84,
      50,
      44,
      215,
      120,
      183,
      239,
      207,
      83,
      146,
      134,
      36
    ],
    "48": [
      97,
      75,
      26,
      70,
      139,
      16,
      2,
      159,
      108,
      194,
      34,
      21,
      226,
      22,
      206,
      48,
      121,
      69,
      7,
      52,
      76,
      242,
      31,
      205,
      219,
      230,
      233,
      192,
      2,
      174,
      227,
      210
    ],
    "29": [
      135,
      145,
      157,
      233,
      5,
      70,
      201,
      245,
      252,
      138,
      171,
      98,
      125,
      163,
      118,
      137,
      120,
      91,
      191,
      87,
      135,
      239,
      162,
      29,
      84,
      247,
      65,
      72,
      242,
      96,
      225,
      110
    ],
    "60": [
      105,
      158,
      42,
      10,
      51,
      201,
      80,
      214,
      160,
      13,
      163,
      69,
      14,
      137,
      23,
      138,
      173,
      45,
      69,
      138,
      13,
      84,
      4,
      17,
      155,
      87,
      67,
      68,
      86,
      126,
      188,
      123
    ],
    "25": [
      95,
      92,
      85,
      118,
      136,
      136,
      108,
      7,
      219,
      57,
      202,
      204,
      219,
      160,
      147,
      183,
      160,
      72,
      61,
      117,
      125,
      94,
      5,
      17,
      89,
      158,
      3,
      45,
      201,
      191,
      21,
      185
    ],
    "56": [
      180,
      225,
      172,
      222,
      94,
      206,
      171,
      172,
      105,
      206,
      191,
      212,
      104,
      93,
      7,
      217,
      153,
      72,
      43,
      157,
      171,
      65,
      209,
      218,
      187,
      107,
      241,
      216,
      231,
      60,
      242,
      48
    ],
    "4": [
      86,
      197,
      248,
      73,
      167,
      211,
      174,
      92,
      136,
      119,
      117,
      252,
      228,
      123,
      58,
      124,
      253,
      219,
      50,
      146,
      132,
      126,
      237,
      33,
      212,
      18,
      6,
      87,
      216,
      162,
      86,
      85
    ],
    "39": [
      197,
      59,
      102,
      175,
      2,
      92,
      194,
      141,
      222,
      66,
      139,
      39,
      220,
      64,
      164,
      201,
      112,
      45,
      202,
      215,
      160,
      214,
      244,
      177,
      239,
      59,
      72,
      26,
      158,
      246,
      222,
      239
    ],
    "0": [
      44,
      221,
      20,
      145,
      214,
      48,
      108,
      217,
      221,
      236,
      145,
      144,
      199,
      177,
      178,
      34,
      173,
      200,
      31,
      62,
      20,
      188,
      91,
      65,
      150,
      60,
      118,
      190,
      58,
      63,
      98,
      24
    ],
    "35": [
      134,
      212,
      93,
      91,
      84,
      72,
      169,
      83,
      174,
      109,
      85,
      120,
      14,
      228,
      220,
      244,
      204,
      34,
      115,
      25,
      134,
      77,
      37,
      198,
      137,
      201,
      194,
      124,
      253,
      59,
      96,
      251
    ],
    "12": [
      237,
      171,
      40,
      166,
      250,
      140,
      171,
      139,
      226,
      243,
      42,
      235,
      134,
      102,
      152,
      172,
      56,
      70,
      40,
      84,
      4,
      220,
      4,
      89,
      129,
      208,
      174,
      84,
      29,
      114,
      66,
      22
    ],
    "47": [
      24,
      88,
      154,
      150,
      6,
      181,
      49,
      150,
      106,
      126,
      37,
      250,
      218,
      100,
      200,
      123,
      175,
      250,
      50,
      245,
      140,
      168,
      169,
      123,
      115,
      10,
      38,
      83,
      168,
      86,
      130,
      46
    ],
    "8": [
      190,
      102,
      32,
      72,
      105,
      150,
      177,
      233,
      186,
      40,
      150,
      60,
      187,
      239,
      173,
      200,
      196,
      120,
      94,
      249,
      14,
      162,
      197,
      15,
      78,
      53,
      140,
      26,
      145,
      235,
      112,
      20
    ],
    "43": [
      157,
      191,
      96,
      183,
      61,
      147,
      176,
      199,
      9,
      101,
      122,
      66,
      2,
      148,
      55,
      128,
      173,
      80,
      70,
      127,
      60,
      118,
      193,
      41,
      36,
      47,
      87,
      207,
      142,
      21,
      192,
      77
    ],
    "20": [
      238,
      8,
      113,
      207,
      202,
      34,
      11,
      199,
      245,
      201,
      130,
      46,
      31,
      217,
      251,
      237,
      39,
      114,
      92,
      151,
      104,
      64,
      148,
      30,
      219,
      104,
      16,
      29,
      62,
      232,
      147,
      96
    ],
    "55": [
      97,
      123,
      33,
      86,
      34,
      255,
      55,
      124,
      46,
      242,
      178,
      62,
      119,
      179,
      86,
      135,
      93,
      105,
      123,
      255,
      237,
      56,
      210,
      93,
      40,
      212,
      195,
      26,
      204,
      101,
      143,
      213
    ],
    "16": [
      91,
      211,
      175,
      102,
      123,
      57,
      97,
      124,
      225,
      131,
      98,
      104,
      9,
      29,
      141,
      99,
      194,
      254,
      159,
      49,
      20,
      173,
      98,
      120,
      214,
      7,
      45,
      131,
      196,
      231,
      183,
      56
    ],
    "51": [
      79,
      198,
      245,
      79,
      134,
      210,
      2,
      213,
      42,
      89,
      109,
      247,
      171,
      74,
      89,
      254,
      40,
      35,
      237,
      225,
      2,
      5,
      196,
      173,
      233,
      137,
      20,
      218,
      186,
      226,
      220,
      111
    ],
    "28": [
      144,
      92,
      137,
      202,
      245,
      195,
      33,
      125,
      185,
      248,
      46,
      202,
      147,
      159,
      40,
      249,
      118,
      20,
      111,
      15,
      79,
      37,
      83,
      213,
      61,
      27,
      173,
      11,
      44,
      19,
      44,
      8
    ],
    "63": [
      247,
      29,
      237,
      55,
      88,
      237,
      48,
      28,
      80,
      53,
      96,
      51,
      34,
      208,
      39,
      225,
      248,
      84,
      22,
      104,
      244,
      57,
      84,
      30,
      196,
      114,
      70,
      162,
      131,
      102,
      56,
      75
    ],
    "24": [
      217,
      53,
      129,
      149,
      79,
      11,
      26,
      135,
      162,
      245,
      8,
      126,
      81,
      238,
      66,
      164,
      129,
      247,
      19,
      7,
      64,
      222,
      142,
      71,
      200,
      58,
      153,
      105,
      194,
      123,
      205,
      13
    ],
    "59": [
      187,
      192,
      240,
      245,
      124,
      247,
      114,
      182,
      192,
      46,
      24,
      166,
      22,
      126,
      79,
      46,
      72,
      60,
      208,
      9,
      155,
      251,
      199,
      45,
      184,
      167,
      185,
      160,
      204,
      129,
      84,
      125
    ],
    "7": [
      161,
      207,
      230,
      159,
      184,
      131,
      225,
      17,
      161,
      150,
      47,
      245,
      216,
      166,
      17,
      235,
      97,
      208,
      134,
      202,
      228,
      56,
      252,
      203,
      58,
      109,
      250,
      218,
      208,
      116,
      174,
      199
    ],
    "38": [
      132,
      134,
      186,
      239,
      200,
      167,
      252,
      137,
      244,
      166,
      34,
      47,
      15,
      40,
      36,
      250,
      225,
      230,
      250,
      166,
      149,
      205,
      228,
      178,
      143,
      74,
      138,
      120,
      47,
      39,
      9,
      176
    ],
    "3": [
      65,
      134,
      151,
      219,
      238,
      47,
      21,
      44,
      187,
      160,
      43,
      173,
      92,
      122,
      170,
      199,
      173,
      54,
      219,
      186,
      158,
      216,
      84,
      56,
      41,
      213,
      141,
      167,
      12,
      46,
      198,
      65
    ],
    "34": [
      11,
      123,
      18,
      222,
      221,
      125,
      170,
      252,
      247,
      233,
      52,
      109,
      232,
      126,
      6,
      107,
      102,
      247,
      228,
      91,
      72,
      34,
      29,
      243,
      233,
      104,
      211,
      208,
      73,
      52,
      231,
      198
    ],
    "15": [
      80,
      223,
      184,
      0,
      63,
      208,
      155,
      48,
      73,
      50,
      106,
      90,
      246,
      16,
      107,
      106,
      232,
      224,
      64,
      181,
      56,
      50,
      90,
      105,
      1,
      213,
      96,
      213,
      86,
      56,
      8,
      21
    ],
    "46": [
      149,
      126,
      81,
      154,
      126,
      243,
      206,
      13,
      159,
      37,
      203,
      56,
      84,
      148,
      34,
      180,
      209,
      229,
      71,
      237,
      9,
      104,
      155,
      78,
      197,
      143,
      15,
      23,
      237,
      131,
      185,
      110
    ],
    "11": [
      129,
      160,
      202,
      230,
      212,
      8,
      71,
      77,
      148,
      32,
      237,
      83,
      4,
      217,
      129,
      18,
      151,
      116,
      242,
      145,
      240,
      155,
      67,
      119,
      68,
      94,
      81,
      56,
      197,
      126,
      83,
      129
    ],
    "42": [
      98,
      200,
      155,
      128,
      129,
      83,
      194,
      183,
      208,
      155,
      203,
      252,
      107,
      60,
      149,
      117,
      48,
      162,
      58,
      95,
      234,
      121,
      253,
      128,
      72,
      205,
      156,
      179,
      142,
      122,
      75,
      155
    ],
    "23": [
      176,
      88,
      131,
      81,
      125,
      220,
      48,
      144,
      132,
      146,
      96,
      139,
      240,
      223,
      155,
      3,
      110,
      167,
      192,
      15,
      69,
      11,
      7,
      206,
      105,
      19,
      211,
      74,
      114,
      4,
      76,
      83
    ],
    "54": [
      2,
      36,
      210,
      253,
      95,
      18,
      170,
      142,
      33,
      84,
      109,
      29,
      246,
      115,
      109,
      46,
      27,
      133,
      132,
      5,
      90,
      252,
      206,
      222,
      90,
      40,
      84,
      189,
      51,
      159,
      169,
      95
    ],
    "19": [
      59,
      31,
      44,
      191,
      106,
      116,
      240,
      205,
      35,
      32,
      116,
      254,
      145,
      240,
      121,
      205,
      236,
      25,
      176,
      141,
      17,
      80,
      196,
      71,
      176,
      94,
      76,
      36,
      29,
      131,
      169,
      131
    ],
    "50": [
      35,
      26,
      89,
      96,
      168,
      25,
      253,
      149,
      236,
      60,
      208,
      64,
      160,
      114,
      81,
      120,
      151,
      86,
      72,
      197,
      248,
      5,
      59,
      200,
      130,
      33,
      43,
      227,
      166,
      239,
      245,
      81
    ],
    "31": [
      222,
      224,
      222,
      101,
      65,
      186,
      54,
      120,
      230,
      246,
      69,
      44,
      160,
      90,
      246,
      254,
      65,
      60,
      226,
      247,
      3,
      58,
      92,
      123,
      175,
      130,
      25,
      195,
      112,
      1,
      64,
      229
    ],
    "62": [
      46,
      174,
      168,
      168,
      122,
      27,
      122,
      30,
      177,
      81,
      17,
      227,
      126,
      90,
      217,
      109,
      76,
      83,
      198,
      177,
      94,
      147,
      97,
      207,
      200,
      41,
      99,
      71,
      7,
      24,
      119,
      21
    ],
    "27": [
      127,
      210,
      97,
      41,
      186,
      113,
      84,
      232,
      137,
      166,
      107,
      113,
      112,
      199,
      163,
      9,
      250,
      174,
      105,
      93,
      43,
      68,
      46,
      37,
      202,
      190,
      217,
      245,
      228,
      132,
      170,
      93
    ],
    "58": [
      165,
      218,
      209,
      219,
      40,
      11,
      35,
      58,
      135,
      128,
      204,
      212,
      27,
      137,
      64,
      197,
      58,
      90,
      167,
      5,
      167,
      221,
      255,
      39,
      54,
      86,
      194,
      33,
      28,
      139,
      51,
      192
    ]
  },
  "my_cert": [],
  "my_cert_key": [],
  "root_cert": []
}