{
  "net_map": {
    "37": "127.0.0.1:8537",
    "6": "127.0.0.1:8506",
    "33": "127.0.0.1:8533",
    "64": "127.0.0.1:9000",
    "2": "127.0.0.1:8502",
    "45": "127.0.0.1:8545",
    "14": "127.0.0.1:8514",
    "41": "127.0.0.1:8541",
    "10": "127.0.0.1:8510",
    "53": "127.0.0.1:8553",
    "22": "127.0.0.1:8522",
    "49": "127.0.0.1:8549",
    "18": "127.0.0.1:8518",
    "61": "127.0.0.1:8561",
    "30": "127.0.0.1:8530",
    "57": "127.0.0.1:8557",
    "26": "127.0.0.1:8526",
    "5": "127.0.0.1:8505",
    "36": "127.0.0.1:8536",
    "1": "127.0.0.1:8501",
    "32": "127.0.0.1:8532",
    "13": "127.0.0.1:8513",
    "44": "127.0.0.1:8544",
    "9": "127.0.0.1:8509",
    "40": "127.0.0.1:8540",
    "21": "127.0.0.1:8521",
    "52": "127.0.0.1:8552",
    "17": "127.0.0.1:8517",
    "48": "127.0.0.1:8548",
    "29": "127.0.0.1:8529",
    "60": "127.0.0.1:8560",
    "25": "127.0.0.1:8525",
    "56": "127.0.0.1:8556",
    "4": "127.0.0.1:8504",
    "39": "127.0.0.1:8539",
    "0": "127.0.0.1:8500",
    "35": "127.0.0.1:8535",
    "12": "127.0.0.1:8512",
    "47": "127.0.0.1:8547",
    "8": "127.0.0.1:8508",
    "43": "127.0.0.1:8543",
    "20": "127.0.0.1:8520",
    "55": "127.0.0.1:8555",
    "16": "127.0.0.1:8516",
    "51": "127.0.0.1:8551",
    "28": "127.0.0.1:8528",
    "63": "127.0.0.1:8563",
    "24": "127.0.0.1:8524",
    "59": "127.0.0.1:8559",
    "7": "127.0.0.1:8507",
    "38": "127.0.0.1:8538",
    "3": "127.0.0.1:8503",
    "34": "127.0.0.1:8534",
    "15": "127.0.0.1:8515",
    "46": "127.0.0.1:8546",
    "11": "127.0.0.1:8511",
    "42": "127.0.0.1:8542",
    "23": "127.0.0.1:8523",
    "54": "127.0.0.1:8554",
    "19": "127.0.0.1:8519",
    "50": "127.0.0.1:8550",
    "31": "127.0.0.1:8531",
    "62": "127.0.0.1:8562",
    "27": "127.0.0.1:8527",
    "58": "127.0.0.1:8558"
  },
  "delta": 100,
  "id": 22,
  "num_nodes": 64,
  "num_faults": 21,
  "block_size": 100,
  "client_port": 7022,
  "client_addr": "0.0.0.0:5000",
  "payload": 0,
  "prot_payload": "cc,/home/akhil/research/EEBA/libchatter/",
  "crypto_alg": "NOPKI",
  "pk_map": {},
  "secret_key_bytes": [],
  "sk_map": {
    "37": [
      18,
      17,
      219,
      113,
      90,
      121,
      63,
      176,
      64,
      48,
      213,
      190,
      137,
      53,
      198,
      72,
      8,
      37,
      250,
      243,
      216,
      28,
      165,
      219,
      167,
      148,
      61,
      164,
      32,
      112,
      16,
      111
    ],
    "6": [
      48,
      172,
      81,
      83,
      59,
      99,
      50,
      169,
      220,
      141,
      133,
      92,
      194,
      185,
      142,
      193,
      39,
      36,
      64,
      246,
      187,
      7,
      219,
      20,
      151,
      169,
      130,
      39,
      134,
      65,
      126,
      95
    ],
    "33": [
      21,
      206,
      249,
      63,
      206,
      203,
      190,
      66,
      197,
      157,
      27,
      196,
      108,
      88,
      164,
      200,
      1,
      136,
      153,
      251,
      146,
      108,
      230,
      162,
      50,
      202,
      55,
      222,
      67,
      109,
      24,
      87
    ],
    "2": [
      216,
      10,
      98,
      142,
      247,
      54,
      197,
      199,
      217,
      54,
      87,
      100,
      74,
      51,
      128,
      114,
      38,
      254,
      202,
      189,
      254,
      84,
      196,
      10,
      141,
      45,
      116,
      1,
      199,
      107,
      236,
      35
    ],
    "45": [
      37,
      193,
      149,
      11,
      181,
      150,
      51,
      92,
      250,
      249,
      113,
      145,
      87,
      70,
      171,
      230,
      208,
      134,
      23,
      197,
      210,
      157,
      77,
      127,
      48,
      53,
      192,
      177,
      76,
      44,
      14,
      117
    ],
    "14": [
      205,
      101,
      195,
      43,
      95,
      75,
      203,
      145,
      105,
      205,
      3,
      227,
      189,
      195,
      171,
      120,
      14,
      146,
      26,
      9,
      20,
      107,
      175,
      192,
      89,
      44,
      160,
      10,
      111,
      150,
      213,
      66
    ],
    "41": [
      243,
      181,
      180,
      123,
      52,
      103,
      102,
      72,
      89,
      249,
      81,
      144,
      190,
      32,
      193,
      172,
      193,
      194,
      29,
      131,
      159,
      200,
      74,
      244,
      105,
      7,
      3,
      227,
      219,
      153,
      231,
      252
    ],
    "10": [
      34,
      47,
      196,
      138,
      123,
      175,
      180,
      172,
      122,
      141,
      45,
      138,
      253,
      107,
      106,
      106,
      192,
      162,
      151,
      238,
      42,
      142,
      25,
      249,
      55,
      19,
      117,
      250,
      114,
      65,
      181,
      59
    ],
    "53": [
      79,
      42,
      6,
      66,
      77,
      86,
      107,
      109,
      245,
      23,
      97,
      201,
      58,
      58,
      38,
      22,
      71,
      110,
      249,
      111,
      216,
      12,
      144,
      92,
      41,
      213,
      195,
      11,
      92,
      9,
      38,
      15
    ],
    "22": [
      64,
      89,
      237,
      210,
      41,
      211,
      223,
      45,
      115,
      37,
      51,
      207,
      227,
      61,
      7,
      42,
      252,
      244,
      179,
      27,
      24,
      152,
      164,
      223,
      40,
      193,
      32,
      168,
      44,
      198,
      33,
      187
    ],
    "49": [
      72,
      239,
      254,
      239,
      208,
      26,
      25,
      156,
      212,
      19,
      142,
      79,
      94,
      164,
      142,
      197,
      36,
      194,
      183,
      204,
      52,
      6,
      166,
      14,
      198,
      168,
      173,
      33,
      117,
      112,
      110,
      79
    ],
    "18": [
      127,
      62,
      133,
      102,
      21,
      172,
      92,
      215,
      235,
      140,
      124,
      196,
      181,
      79,
      19,
      222,
      41,
      255,
      94,
      139,
      65,
      106,
      215,
      149,
      33,
      12,
      55,
      112,
      157,
      239,
      167,
      245
    ],
    "61": [
      139,
      186,
      172,
      75,
      18,
      154,
      25,
      209,
      242,
      30,
      26,
      58,
      236,
      127,
      67,
      0,
      140,
      74,
      133,
      226,
      59,
      21,
      137,
      4,
      87,
      76,
      17,
      247,
      249,
      203,
      140,
      234
    ],
    "30": [
      145,
      168,
      199,
      1,
      112,
      55,
      217,
      43,
      92,
      253,
      245,
      174,
      234,
      68,
      52,
      19,
      63,
      156,
      236,
      237,
      33,
      92,
      165,
      36,
      17,
      24,
      107,
      177,
      192,
      34,
      168,
      63
    ],
    "57": [
      127,
      56,
      181,
      102,
      123,
      65,
      210,
      119,
      144,
      63,
      155,
      115,
      235,
      179,
      44,
      119,
      129,
      1,
      57,
      237,
      184,
      223,
      10,
      90,
      144,
      253,
      184,
      202,
      115,
      72,
      111,
      221
    ],
    "26": [
      16,
      161,
      86,
      54,
      223,
      205,
      53,
      194,
      233,
      93,
      128,
      68,
      141,
      128,
      61,
      29,
      80,
      123,
      130,
      244,
      207,
      243,
      47,
      155,
      168,
      195,
      211,
      73,
      30,
      56,
      100,
      16
    ],
    "5": [
      14,
      206,
      158,
      178,
      245,
      218,
      238,
      250,
      44,
      246,
      125,
      23,
      2,
      47,
      42,
      191,
      79,
      204,
      51,
      41,
      62,
      240,
      172,
      102,
      13,
      31,
      182,
      120,
      94,
      23,
      238,
      58
    ],
    "36": [
      52,
      223,
      195,
      139,
      10,
      174,
      123,
      9,
      52,
      154,
      163,
      92,
      81,
      77,
      77,
      5,
      143,
      172,
      159,
      201,
      114,
      227,
      69,
      198,
      95,
      4,
      166,
      214,
      134,
      70,
      123,
      235
    ],
    "1": [
      83,
      68,
      149,
      126,
      209,
      43,
      68,
      81,
      147,
      195,
      98,
      252,
      86,
      247,
      67,
      86,
      220,
      66,
      61,
      137,
      57,
      185,
      245,
      157,
      8,
      242,
      162,
      51,
      214,
      88,
      217,
      38
    ],
    "32": [
      166,
      196,
      201,
      226,
      209,
      233,
      35,
      222,
      143,
      17,
      108,
      170,
      219,
      198,
      151,
      36,
      43,
      201,
      195,
      24,
      48,
      70,
      186,
      84,
      102,
      214,
      18,
      248,
      185,
      255,
      228,
      154
    ],
    "13": [
      129,
      68,
      212,
      198,
      38,
      170,
      23,
      138,
      112,
      222,
      97,
      202,
      23,
      38,
      241,
      2,
      42,
      167,
      184,
      242,
      216,
      135,
      177,
      188,
      139,
      66,
      248,
      214,
      234,
      83,
      19,
      68
    ],
    "44": [
      241,
      96,
      12,
      129,
      91,
      214,
      125,
      210,
      187,
      254,
      165,
      49,
      216,
      103,
      33,
      23,
      22,
      104,
      132,
      96,
      95,
      30,
      128,
      233,
      235,
      81,
      58,
      151,
      19,
      107,
      113,
      212
    ],
    "9": [
      87,
      41,
      153,
      25,
      100,
      8,
      54,
      111,
      249,
      189,
      10,
      160,
      33,
      42,
      132,
      87,
      238,
      45,
      109,
      7,
      180,
      159,
      242,
      142,
      255,
      211,
      114,
      216,
      140,
      215,
      200,
      108
    ],
    "40": [
      21,
      89,
      252,
      174,
      48,
      30,
      222,
      114,
      186,
      212,
      96,
      137,
      73,
      13,
      14,
      50,
      83,
      164,
      92,
      207,
      163,
      96,
      246,
      214,
      110,
      133,
      247,
      19,
      85,
      64,
      38,
      78
    ],
    "21": [
      91,
      49,
      28,
      2,
      47,
      90,
      180,
      108,
      217,
      8,
      193,
      104,
      172,
      119,
      239,
      64,
      94,
      131,
      82,
      181,
      229,
      122,
      194,
      108,
      58,
      32,
      82,
      184,
      41,
      195,
      196,
      85
    ],
    "52": [
      249,
      113,
      219,
      156,
      74,
      19,
      44,
      171,
      109,
      129,
      84,
      120,
      238,
      90,
      184,
      49,
      103,
      187,
      70,
      151,
      158,
      134,
      1,
      192,
      172,
      238,
      13,
      21,
      53,
      108,
      183,
      49
    ],
    "17": [
      199,
      143,
      156,
      74,
      110,
      116,
      44,
      169,
      200,
      157,
      82,
      117,
      39,
      113,
      174,
      249,
      6,
      183,
      7,
      195,
      77,
      78,
      47,
      134,
      63,
      148,
      54,
      194,
      89,
      123,
      174,
      19
    ],
    "48": [
      113,
      167,
      124,
      90,
      207,
      79,
      148,
      211,
      130,
      43,
      16,
      71,
      55,
      5,
      64,
      110,
      63,
      68,
      80,
      125,
      36,
      50,
      79,
      56,
      222,
      174,
      51,
      25,
      116,
      119,
      174,
      253
    ],
    "29": [
      95,
      187,
      70,
      16,
      25,
      93,
      216,
      112,
      43,
      39,
      239,
      132,
      47,
      105,
      113,
      44,
      164,
      122,
      75,
      167,
      61,
      122,
      208,
      123,
      100,
      228,
      9,
      187,
      211,
      226,
      152,
      124
    ],
    "60": [
      183,
      83,
      46,
      119,
      7,
      42,
      60,
      79,
      200,
      92,
      59,
      8,
      15,
      110,
      157,
      176,
      57,
      34,
      225,
      141,
      209,
      109,
      75,
      64,
      176,
      82,
      191,
      34,
      177,
      197,
      194,
      59
    ],
    "25": [
      51,
      11,
      114,
      136,
      214,
      114,
      96,
      46,
      48,
      125,
      32,
      29,
      89,
      126,
      62,
      85,
      10,
      187,
      144,
      65,
      167,
      233,
      73,
      15,
      9,
      76,
      203,
      110,
      246,
      164,
      208,
      49
    ],
    "56": [
      254,
      179,
      157,
      88,
      18,
      218,
      1,
      104,
      223,
      211,
      135,
      142,
      146,
      81,
      8,
      208,
      194,
      90,
      60,
      178,
      238,
      190,
      232,
      9,
      127,
      117,
      33,
      223,
      128,
      84,
      65,
      167
    ],
    "4": [
      32,
      240,
      43,
      182,
      174,
      77,
      142,
      79,
      0,
      211,
      137,
      154,
      112,
      150,
      12,
      249,
      176,
      143,
      137,
      43,
      36,
      195,
      153,
      62,
      29,
      107,
      132,
      123,
      124,
      227,
      252,
      180
    ],
    "39": [
      190,
      7,
      30,
      75,
      241,
      61,
      100,
      142,
      171,
      45,
      154,
      87,
      94,
      60,
      187,
      83,
      255,
      67,
      54,
      6,
      195,
      37,
      41,
      218,
      68,
      196,
      174,
      109,
      172,
      178,
      200,
      219
    ],
    "0": [
      3,
      215,
      252,
      172,
      75,
      188,
      139,
      219,
      252,
      240,
      198,
      44,
      1,
      115,
      62,
      101,
      136,
      164,
      47,
      26,
      183,
      30,
      36,
      5,
      193,
      168,
      53,
      55,
      166,
      249,
      185,
      136
    ],
    "35": [
      64,
      54,
      67,
      75,
      2,
      207,
      107,
      230,
      128,
      95,
      149,
      229,
      116,
      162,
      164,
      214,
      191,
      209,
      213,
      74,
      26,
      187,
      172,
      179,
      210,
      53,
      226,
      145,
      128,
      205,
      97,
      93
    ],
    "12": [
      10,
      244,
      175,
      31,
      0,
      18,
      104,
      9,
      214,
      24,
      140,
      192,
      32,
      143,
      236,
      192,
      142,
      105,
      28,
      80,
      12,
      253,
      51,
      218,
      26,
      148,
      227,
      87,
      251,
      89,
      0,
      92
    ],
    "47": [
      143,
      253,
      174,
      156,
      209,
      36,
      203,
      3,
      225,
      14,
      202,
      138,
      229,
      126,
      156,
      239,
      139,
      136,
      224,
      61,
      176,
      128,
      69,
      157,
      122,
      31,
      38,
      203,
      181,
      23,
      169,
      36
    ],
    "8": [
      4,
      10,
      228,
      48,
      2,
      86,
      27,
      206,
      218,
      102,
      77,
      225,
      243,
      41,
      58,
      123,
      187,
      211,
      218,
      77,
      36,
      128,
      152,
      14,
      221,
      157,
      85,
      157,
      151,
      116,
      225,
      113
    ],
    "43": [
      125,
      148,
      77,
      116,
      121,
      133,
      228,
      106,
      250,
      195,
      147,
      104,
      247,
      215,
      192,
      246,
      65,
      206,
      206,
      120,
      243,
      12,
      221,
      53,
      159,
      190,
      143,
      222,
      211,
      117,
      253,
      183
    ],
    "20": [
      110,
      170,
      80,
      84,
      127,
      140,
      68,
      214,
      87,
      86,
      97,
      153,
      238,
      94,
      3,
      210,
      131,
      213,
      9,
      123,
      141,
      243,
      54,
      116,
      215,
      48,
      98,
      41,
      177,
      164,
      159,
      24
    ],
    "55": [
      24,
      63,
      227,
      50,
      114,
      100,
      220,
      199,
      165,
      56,
      177,
      98,
      254,
      24,
      160,
      197,
      130,
      11,
      142,
      89,
      26,
      50,
      233,
      10,
      111,
      19,
      182,
      38,
      173,
      4,
      61,
      14
    ],
    "16": [
      247,
      111,
      240,
      192,
      54,
      123,
      70,
      93,
      212,
      34,
      43,
      166,
      241,
      112,
      95,
      38,
      187,
      251,
      247,
      229,
      11,
      173,
      187,
      153,
      10,
      64,
      219,
      191,
      97,
      163,
      231,
      104
    ],
    "51": [
      92,
      222,
      165,
      85,
      50,
      22,
      76,
      147,
      182,
      44,
      73,
      184,
      87,
      151,
      119,
      62,
      108,
      38,
      1,
      26,
      61,
      194,
      174,
      179,
      149,
      168,
      122,
      119,
      195,
      34,
      43,
      171
    ],
    "28": [
      146,
      88,
      124,
      90,
      207,
      234,
      131,
      224,
      237,
      196,
      25,
      43,
      110,
      38,
      104,
      12,
      60,
      97,
      174,
      141,
      171,
      228,
      120,
      0,
      87,
      56,
      166,
      57,
      118,
      139,
      99,
      101
    ],
    "63": [
      209,
      157,
      201,
      58,
      16,
      179,
      125,
      19,
      192,
      66,
      111,
      115,
      184,
      22,
      109,
      89,
      138,
      127,
      75,
      176,
      141,
      10,
      37,
      189,
      63,
      27,
      171,
      28,
      136,
      209,
      118,
      148
    ],
    "24": [
      255,
      150,
      218,
      153,
      42,
      222,
      39,
      80,
      193,
      84,
      245,
      107,
      48,
      229,
      36,
      134,
      246,
      171,
      125,
      209,
      56,
      221,
      189,
      247,
      1,
      7,
      219,
      162,
      25,
      111,
      214,
      236
    ],
    "59": [
      187,
      213,
      100,
      67,
      35,
      240,
      114,
      76,
      205,
      105,
      47,
      247,
      131,
      223,
      244,
      83,
      99,
      111,
      248,
      207,
      253,
      239,
      81,
      232,
      36,
      67,
      162,
      160,
      60,
      239,
      196,
      38
    ],
    "7": [
      77,
      240,
      187,
      46,
      244,
      94,
      158,
      44,
      66,
      222,
      130,
      250,
      97,
      29,
      55,
      155,
      225,
      232,
      243,
      217,
      144,
      33,
      199,
      189,
      239,
      55,
      234,
      13,
      13,
      6,
      101,
      65
    ],
    "38": [
      65,
      9,
      252,
      2,
      252,
      188,
      173,
      56,
      31,
      94,
      214,
      202,
      77,
      101,
      23,
      137,
      5,
      209,
      137,
      68,
      226,
      108,
      171,
      0,
      203,
      60,
      187,
      24,
      112,
      242,
      178,
      92
    ],
    "3": [
      8,
      72,
      21,
      137,
      143,
      158,
      190,
      111,
      253,
      165,
      126,
      65,
      166,
      24,
      247,
      223,
      18,
      0,
      33,
      115,
      75,
      56,
      243,
      166,
      208,
      178,
      25,
      163,
      233,
      227,
      188,
      126
    ],
    "34": [
      157,
      231,
      48,
      230,
      112,
      217,
      230,
      165,
      171,
      102,
      105,
      178,
      254,
      180,
      118,
      208,
      149,
      187,
      128,
      180,
      18,
      91,
      89,
      247,
      39,
      8,
      48,
      252,
      202,
      167,
      189,
      82
    ],
    "15": [
      155,
      13,
      228,
      25,
      232,
      88,
      11,
      33,
      53,
      117,
      230,
      183,
      28,
      245,
      57,
      22,
      67,
      4,
      138,
      13,
      205,
      198,
      66,
      101,
      94,
      122,
      179,
      150,
      164,
      166,
      240,
      81
    ],
    "46": [
      109,
      107,
      143,
      65,
      127,
      66,
      199,
      67,
      115,
      67,
      197,
      223,
      94,
      205,
      10,
      1,
      23,
      105,
      139,
      172,
      76,
      157,
      164,
      193,
      44,
      186,
      101,
      151,
      37,
      139,
      41,
      254
    ],
    "11": [
      137,
      152,
      38,
      32,
      249,
      216,
      65,
      50,
      172,
      90,
      225,
      206,
      192,
      61,
      232,
      241,
      22,
      61,
      245,
      10,
      212,
      194,
      67,
      239,
      80,
      94,
      215,
      34,
      172,
      37,
      44,
      247
    ],
    "42": [
      178,
      148,
      79,
      77,
      83,
      43,
      247,
      11,
      229,
      244,
      223,
      120,
      229,
      82,
      211,
      166,
      170,
      246,
      41,
      239,
      130,
      89,
      16,
      210,
      151,
      103,
      18,
      244,
      203,
      11,
      12,
      44
    ],
    "23": [
      5,
      87,
      88,
      177,
      26,
      93,
      244,
      230,
      96,
      104,
      128,
      67,
      117,
      84,
      251,
      220,
      201,
      252,
      168,
      175,
      93,
      222,
      190,
      122,
      20,
      25,
      140,
      98,
      3,
      112,
      160,
      208
    ],
    "54": [
      1,
      54,
      242,
      103,
      158,
      183,
      197,
      194,
      86,
      80,
      170,
      97,
      119,
      173,
      166,
      133,
      97,
      6,
      70,
      11,
      192,
      73,
      16,
      81,
      231,
      157,
      197,
      85,
      177,
      37,
      133,
      190
    ],
    "19": [
      192,
      245,
      137,
      35,
      8,
      45,
      241,
      143,
      82,
      99,
      250,
      146,
      95,
      74,
      153,
      60,
      125,
      98,
      253,
      26,
      32,
      94,
      186,
      48,
      231,
      194,
      7,
      199,
      1,
      173,
      244,
      217
    ],
    "50": [
      134,
      85,
      166,
      212,
      128,
      95,
      167,
      80,
      20,
      223,
      204,
      122,
      167,
      246,
      120,
      72,
      32,
      41,
      3,
      60,
      176,
      99,
      115,
      231,
      158,
      130,
      94,
      223,
      73,
      96,
      158,
      41
    ],
    "31": [
      166,
      210,
      40,
      49,
      118,
      248,
      163,
      202,
      158,
      145,
      209,
      150,
      115,
      181,
      18,
      74,
      114,
      108,
      97,
      114,
      234,
      170,
      97,
      8,
      51,
      51,
      153,
      88,
      145,
      168,
      168,
      64
    ],
    "62": [
      15,
      65,
      23,
      74,
      104,
      250,
      38,
      128,
      174,
      138,
      204,
      208,
      168,
      181,
      175,
      100,
      254,
      17,
      41,
      32,
      73,
      211,
      245,
      128,
      89,
      100,
      228,
      95,
      137,
      196,
      39,
      134
    ],
    "27": [
      97,
      160,
      88,
      56,
      174,
      103,
      127,
      151,
      240,
      129,
      8,
      126,
      210,
      169,
      143,
      100,
      184,
      86,
      3,
      221,
      105,
      11,
      128,
      48,
      227,
      103,
      84,
      224,
      39,
      155,
      116,
      15
    ],
    "58": [
      36,
      168,
      210,
      250,
      101,
      30,
      147,
      125,
      25,
      81,
      35,
      148,
      63,
      89,
      99,
      157,
      147,
      112,
      135,
      245,
      29,
      240,
      216,
      161,
      49,
      55,
      53,
      47,
      78,
      140,
      104,
      152
    ]
  },
  "my_cert": [],
  "my_cert_key": [],
  "root_cert": []
}