{
  "net_map": {
    "37": "127.0.0.1:8537",
    "6": "127.0.0.1:8506",
    "33": "127.0.0.1:8533",
    "64": "127.0.0.1:9000",
    "2": "127.0.0.1:8502",
    "45": "127.0.0.1:8545",
    "14": "127.0.0.1:8514",
    "41": "127.0.0.1:8541",
    "10": "127.0.0.1:8510",
    "53": "127.0.0.1:8553",
    "22": "127.0.0.1:8522",
    "49": "127.0.0.1:8549",
    "18": "127.0.0.1:8518",
    "61": "127.0.0.1:8561",
    "30": "127.0.0.1:8530",
    "57": "127.0.0.1:8557",
    "26": "127.0.0.1:8526",
    "5": "127.0.0.1:8505",
    "36": "127.0.0.1:8536",
    "1": "127.0.0.1:8501",
    "32": "127.0.0.1:8532",
    "13": "127.0.0.1:8513",
    "44": "127.0.0.1:8544",
    "9": "127.0.0.1:8509",
    "40": "127.0.0.1:8540",
    "21": "127.0.0.1:8521",
    "52": "127.0.0.1:8552",
    "17": "127.0.0.1:8517",
    "48": "127.0.0.1:8548",
    "29": "127.0.0.1:8529",
    "60": "127.0.0.1:8560",
    "25": "127.0.0.1:8525",
    "56": "127.0.0.1:8556",
    "4": "127.0.0.1:8504",
    "39": "127.0.0.1:8539",
    "0": "127.0.0.1:8500",
    "35": "127.0.0.1:8535",
    "12": "127.0.0.1:8512",
    "47": "127.0.0.1:8547",
    "8": "127.0.0.1:8508",
    "43": "127.0.0.1:8543",
    "20": "127.0.0.1:8520",
    "55": "127.0.0.1:8555",
    "16": "127.0.0.1:8516",
    "51": "127.0.0.1:8551",
    "28": "127.0.0.1:8528",
    "63": "127.0.0.1:8563",
    "24": "127.0.0.1:8524",
    "59": "127.0.0.1:8559",
    "7": "127.0.0.1:8507",
    "38": "127.0.0.1:8538",
    "3": "127.0.0.1:8503",
    "34": "127.0.0.1:8534",
    "15": "127.0.0.1:8515",
    "46": "127.0.0.1:8546",
    "11": "127.0.0.1:8511",
    "42": "127.0.0.1:8542",
    "23": "127.0.0.1:8523",
    "54": "127.0.0.1:8554",
    "19": "127.0.0.1:8519",
    "50": "127.0.0.1:8550",
    "31": "127.0.0.1:8531",
    "62": "127.0.0.1:8562",
    "27": "127.0.0.1:8527",
    "58": "127.0.0.1:8558"
  },
  "delta": 100,
  "id": 62,
  "num_nodes": 64,
  "num_faults": 21,
  "block_size": 100,
  "client_port": 7062,
  "client_addr": "0.0.0.0:5000",
  "payload": 0,
  "prot_payload": "cc,/home/akhil/research/EEBA/libchatter/",
  "crypto_alg": "NOPKI",
  "pk_map": {},
  "secret_key_bytes": [],
  "sk_map": {
    "37": [
      246,
      14,
      170,
      205,
      17,
      138,
      90,
      173,
      129,
      97,
      42,
      67,
      224,
      7,
      200,
      95,
      38,
      29,
      205,
      48,
      174,
      148,
      234,
      59,
      164,
      190,
      165,
      27,
      57,
      158,
      216,
      137
    ],
    "6": [
      119,
      127,
      39,
      32,
      70,
      73,
      52,
      57,
      222,
      38,
      148,
      37,
      240,
      185,
      232,
      58,
      200,
      160,
      198,
      238,
      246,
      109,
      172,
      8,
      86,
      19,
      177,
      110,
      45,
      76,
      162,
      18
    ],
    "33": [
      216,
      0,
      202,
      98,
      223,
      83,
      188,
      154,
      127,
      52,
      144,
      208,
      198,
      51,
      221,
      71,
      102,
      162,
      38,
      156,
      169,
      213,
      164,
      129,
      176,
      205,
      163,
      178,
      59,
      249,
      200,
      69
    ],
    "2": [
      59,
      171,
      10,
      119,
      106,
      213,
      195,
      127,
      73,
      179,
      60,
      84,
      200,
      0,
      59,
      137,
      86,
      232,
      114,
      208,
      70,
      108,
      6,
      1,
      152,
      230,
      51,
      118,
      64,
      56,
      60,
      18
    ],
    "45": [
      217,
      11,
      213,
      14,
      26,
      156,
      193,
      240,
      49,
      175,
      171,
      204,
      90,
      236,
      110,
      15,
      176,
      254,
      210,
      214,
      172,
      43,
      239,
      5,
      54,
      190,
      139,
      225,
      188,
      255,
      14,
      128
    ],
    "14": [
      232,
      118,
      133,
      223,
      17,
      232,
      207,
      237,
      114,
      161,
      219,
      147,
      160,
      76,
      33,
      88,
      42,
      102,
      85,
      200,
      41,
      77,
      185,
      110,
      146,
      41,
      64,
      86,
      73,
      96,
      88,
      250
    ],
    "41": [
      129,
      125,
      154,
      168,
      121,
      37,
      91,
      128,
      132,
      209,
      240,
      67,
      140,
      13,
      182,
      224,
      68,
      53,
      166,
      60,
      121,
      253,
      137,
      143,
      220,
      99,
      254,
      87,
      70,
      244,
      248,
      61
    ],
    "10": [
      174,
      188,
      248,
      112,
      182,
      111,
      49,
      112,
      211,
      94,
      107,
      59,
      73,
      80,
      16,
      253,
      253,
      0,
      249,
      181,
      196,
      153,
      159,
      250,
      228,
      122,
      52,
      50,
      197,
      235,
      112,
      246
    ],
    "53": [
      206,
      6,
      248,
      44,
      182,
      167,
      103,
      160,
      119,
      134,
      128,
      212,
      119,
      118,
      248,
      248,
      25,
      32,
      51,
      245,
      235,
      242,
      168,
      139,
      208,
      249,
      114,
      114,
      13,
      202,
      192,
      222
    ],
    "22": [
      15,
      65,
      23,
      74,
      104,
      250,
      38,
      128,
      174,
      138,
      204,
      208,
      168,
      181,
      175,
      100,
      254,
      17,
      41,
      32,
      73,
      211,
      245,
      128,
      89,
      100,
      228,
      95,
      137,
      196,
      39,
      134
    ],
    "49": [
      74,
      110,
      206,
      22,
      86,
      223,
      64,
      235,
      162,
      149,
      94,
      122,
      254,
      90,
      71,
      37,
      242,
      62,
      75,
      55,
      83,
      170,
      22,
      202,
      113,
      4,
      188,
      43,
      10,
      60,
      223,
      241
    ],
    "18": [
      118,
      99,
      181,
      166,
      217,
      10,
      101,
      31,
      230,
      9,
      158,
      6,
      112,
      31,
      28,
      135,
      195,
      131,
      48,
      238,
      241,
      9,
      27,
      109,
      111,
      28,
      163,
      186,
      135,
      183,
      159,
      221
    ],
    "61": [
      235,
      107,
      204,
      61,
      172,
      81,
      203,
      73,
      82,
      49,
      64,
      250,
      181,
      225,
      87,
      46,
      33,
      205,
      92,
      205,
      85,
      44,
      48,
      188,
      175,
      122,
      72,
      28,
      146,
      126,
      144,
      9
    ],
    "30": [
      11,
      53,
      108,
      239,
      169,
      17,
      102,
      95,
      184,
      180,
      113,
      55,
      176,
      98,
      7,
      220,
      176,
      243,
      54,
      249,
      196,
      99,
      159,
      171,
      151,
      199,
      133,
      108,
      199,
      153,
      225,
      30
    ],
    "57": [
      128,
      101,
      99,
      246,
      201,
      90,
      10,
      188,
      173,
      155,
      117,
      217,
      28,
      70,
      236,
      88,
      99,
      149,
      0,
      36,
      45,
      253,
      167,
      230,
      72,
      37,
      164,
      89,
      157,
      101,
      72,
      194
    ],
    "26": [
      157,
      175,
      38,
      75,
      251,
      166,
      168,
      126,
      160,
      161,
      181,
      108,
      93,
      135,
      89,
      134,
      247,
      134,
      132,
      104,
      57,
      226,
      182,
      169,
      58,
      247,
      222,
      83,
      203,
      44,
      225,
      105
    ],
    "5": [
      184,
      131,
      174,
      136,
      249,
      29,
      218,
      24,
      94,
      154,
      55,
      230,
      15,
      214,
      179,
      188,
      113,
      66,
      56,
      168,
      94,
      91,
      214,
      242,
      117,
      240,
      219,
      15,
      161,
      17,
      107,
      42
    ],
    "36": [
      228,
      54,
      208,
      32,
      39,
      167,
      169,
      215,
      51,
      200,
      146,
      172,
      47,
      189,
      79,
      23,
      94,
      103,
      231,
      244,
      223,
      55,
      4,
      223,
      111,
      208,
      113,
      170,
      185,
      10,
      153,
      68
    ],
    "1": [
      184,
      236,
      119,
      216,
      198,
      172,
      149,
      192,
      157,
      134,
      248,
      93,
      102,
      241,
      181,
      104,
      233,
      106,
      236,
      251,
      119,
      189,
      214,
      56,
      245,
      146,
      122,
      203,
      165,
      10,
      218,
      18
    ],
    "32": [
      194,
      122,
      39,
      178,
      127,
      227,
      148,
      147,
      128,
      6,
      141,
      113,
      192,
      18,
      79,
      209,
      63,
      126,
      51,
      226,
      171,
      201,
      153,
      242,
      60,
      19,
      36,
      102,
      98,
      28,
      134,
      198
    ],
    "13": [
      37,
      221,
      75,
      16,
      24,
      235,
      21,
      127,
      96,
      49,
      251,
      49,
      61,
      175,
      84,
      217,
      28,
      88,
      176,
      66,
      65,
      167,
      89,
      70,
      25,
      117,
      176,
      20,
      70,
      66,
      160,
      143
    ],
    "44": [
      82,
      204,
      181,
      255,
      23,
      113,
      124,
      130,
      190,
      147,
      8,
      99,
      86,
      221,
      144,
      100,
      64,
      96,
      89,
      11,
      28,
      104,
      37,
      213,
      96,
      221,
      223,
      226,
      173,
      242,
      229,
      115
    ],
    "9": [
      56,
      169,
      154,
      99,
      90,
      140,
      164,
      148,
      99,
      118,
      186,
      100,
      202,
      119,
      39,
      186,
      107,
      59,
      213,
      104,
      59,
      121,
      86,
      169,
      242,
      253,
      113,
      245,
      96,
      252,
      69,
      194
    ],
    "40": [
      217,
      244,
      87,
      65,
      83,
      203,
      73,
      166,
      26,
      59,
      14,
      3,
      197,
      173,
      128,
      50,
      58,
      70,
      230,
      139,
      185,
      197,
      82,
      88,
      92,
      79,
      221,
      98,
      122,
      104,
      145,
      161
    ],
    "21": [
      46,
      174,
      168,
      168,
      122,
      27,
      122,
      30,
      177,
      81,
      17,
      227,
      126,
      90,
      217,
      109,
      76,
      83,
      198,
      177,
      94,
      147,
      97,
      207,
      200,
      41,
      99,
      71,
      7,
      24,
      119,
      21
    ],
    "52": [
      171,
      120,
      164,
      20,
      10,
      252,
      182,
      148,
      66,
      59,
      100,
      122,
      160,
      113,
      233,
      196,
      123,
      61,
      18,
      212,
      80,
      216,
      176,
      23,
      224,
      21,
      231,
      229,
      227,
      74,
      29,
      219
    ],
    "17": [
      71,
      59,
      30,
      154,
      208,
      236,
      170,
      248,
      37,
      137,
      176,
      16,
      68,
      186,
      136,
      225,
      19,
      96,
      119,
      247,
      96,
      101,
      106,
      150,
      170,
      84,
      199,
      78,
      25,
      73,
      120,
      23
    ],
    "48": [
      9,
      59,
      244,
      65,
      112,
      172,
      203,
      229,
      96,
      184,
      39,
      20,
      93,
      6,
      112,
      150,
      128,
      36,
      9,
      36,
      236,
      243,
      210,
      101,
      164,
      142,
      118,
      249,
      112,
      41,
      128,
      172
    ],
    "29": [
      84,
      143,
      236,
      111,
      113,
      147,
      114,
      104,
      198,
      73,
      233,
      59,
      160,
      200,
      145,
      246,
      188,
      49,
      183,
      200,
      155,
      68,
      126,
      136,
      211,
      120,
      41,
      187,
      229,
      126,
      20,
      2
    ],
    "60": [
      218,
      85,
      145,
      126,
      146,
      240,
      109,
      102,
      179,
      236,
      42,
      212,
      56,
      172,
      55,
      158,
      47,
      128,
      195,
      38,
      55,
      160,
      149,
      29,
      44,
      77,
      152,
      157,
      55,
      224,
      252,
      161
    ],
    "25": [
      241,
      199,
      231,
      252,
      224,
      24,
      31,
      101,
      153,
      73,
      94,
      14,
      126,
      39,
      186,
      250,
      193,
      222,
      55,
      183,
      73,
      217,
      25,
      154,
      40,
      90,
      5,
      216,
      83,
      155,
      238,
      232
    ],
    "56": [
      100,
      110,
      207,
      207,
      48,
      45,
      239,
      148,
      199,
      1,
      146,
      61,
      46,
      218,
      40,
      203,
      243,
      231,
      32,
      23,
      98,
      201,
      137,
      254,
      105,
      76,
      100,
      207,
      87,
      204,
      139,
      239
    ],
    "4": [
      104,
      142,
      200,
      202,
      102,
      178,
      214,
      161,
      117,
      7,
      217,
      103,
      155,
      130,
      238,
      148,
      186,
      220,
      158,
      43,
      39,
      121,
      236,
      168,
      237,
      2,
      251,
      90,
      11,
      161,
      201,
      14
    ],
    "39": [
      220,
      249,
      156,
      225,
      127,
      86,
      0,
      71,
      163,
      156,
      237,
      34,
      129,
      36,
      37,
      73,
      180,
      221,
      183,
      48,
      75,
      50,
      128,
      125,
      155,
      204,
      146,
      199,
      49,
      115,
      94,
      216
    ],
    "0": [
      169,
      209,
      133,
      178,
      147,
      227,
      67,
      101,
      214,
      54,
      113,
      69,
      202,
      175,
      19,
      139,
      11,
      131,
      68,
      9,
      138,
      72,
      62,
      19,
      128,
      162,
      66,
      70,
      162,
      207,
      84,
      74
    ],
    "35": [
      224,
      231,
      1,
      111,
      106,
      249,
      197,
      170,
      4,
      80,
      226,
      135,
      181,
      3,
      94,
      207,
      231,
      189,
      52,
      177,
      136,
      79,
      94,
      66,
      117,
      148,
      70,
      116,
      165,
      47,
      185,
      18
    ],
    "12": [
      222,
      86,
      14,
      1,
      157,
      156,
      165,
      185,
      242,
      56,
      52,
      124,
      217,
      86,
      226,
      41,
      26,
      244,
      11,
      163,
      102,
      95,
      213,
      176,
      173,
      38,
      213,
      64,
      82,
      11,
      181,
      208
    ],
    "47": [
      138,
      133,
      164,
      146,
      5,
      94,
      186,
      14,
      29,
      54,
      38,
      1,
      127,
      217,
      122,
      92,
      155,
      160,
      180,
      173,
      52,
      170,
      233,
      73,
      106,
      116,
      34,
      248,
      89,
      59,
      92,
      70
    ],
    "8": [
      155,
      128,
      73,
      152,
      199,
      200,
      190,
      140,
      225,
      169,
      12,
      27,
      186,
      163,
      209,
      45,
      49,
      120,
      205,
      38,
      199,
      1,
      149,
      36,
      176,
      144,
      147,
      36,
      148,
      47,
      5,
      22
    ],
    "43": [
      77,
      169,
      245,
      158,
      100,
      159,
      142,
      111,
      164,
      62,
      30,
      31,
      130,
      248,
      144,
      56,
      183,
      106,
      184,
      13,
      43,
      142,
      139,
      91,
      204,
      136,
      159,
      86,
      54,
      110,
      172,
      162
    ],
    "20": [
      70,
      59,
      61,
      19,
      76,
      123,
      9,
      229,
      131,
      47,
      235,
      237,
      191,
      186,
      22,
      131,
      71,
      73,
      122,
      250,
      138,
      106,
      30,
      181,
      139,
      201,
      162,
      237,
      59,
      112,
      208,
      91
    ],
    "55": [
      152,
      118,
      202,
      38,
      0,
      225,
      183,
      102,
      184,
      68,
      38,
      4,
      222,
      129,
      79,
      201,
      113,
      250,
      238,
      158,
      99,
      9,
      87,
      95,
      94,
      93,
      246,
      180,
      41,
      205,
      143,
      129
    ],
    "16": [
      87,
      54,
      106,
      114,
      222,
      41,
      254,
      190,
      5,
      80,
      122,
      66,
      219,
      32,
      144,
      43,
      217,
      133,
      245,
      121,
      44,
      187,
      223,
      141,
      216,
      82,
      137,
      210,
      11,
      167,
      27,
      4
    ],
    "51": [
      168,
      31,
      229,
      239,
      201,
      130,
      94,
      47,
      72,
      5,
      25,
      5,
      130,
      150,
      73,
      253,
      66,
      210,
      12,
      10,
      174,
      215,
      196,
      95,
      45,
      36,
      37,
      66,
      200,
      91,
      237,
      194
    ],
    "28": [
      59,
      161,
      137,
      224,
      132,
      106,
      98,
      249,
      198,
      79,
      156,
      0,
      254,
      193,
      183,
      5,
      53,
      56,
      193,
      191,
      164,
      135,
      125,
      119,
      231,
      177,
      142,
      200,
      144,
      69,
      79,
      47
    ],
    "63": [
      60,
      229,
      117,
      156,
      251,
      87,
      15,
      121,
      97,
      221,
      92,
      25,
      247,
      30,
      220,
      61,
      105,
      233,
      73,
      34,
      152,
      97,
      56,
      132,
      228,
      128,
      251,
      138,
      202,
      231,
      36,
      32
    ],
    "24": [
      50,
      83,
      60,
      162,
      244,
      203,
      237,
      174,
      21,
      40,
      241,
      118,
      2,
      52,
      225,
      229,
      137,
      242,
      197,
      64,
      18,
      144,
      179,
      158,
      105,
      102,
      147,
      116,
      140,
      48,
      30,
      148
    ],
    "59": [
      24,
      238,
      135,
      80,
      5,
      80,
      240,
      87,
      213,
      140,
      123,
      85,
      98,
      65,
      56,
      75,
      53,
      21,
      24,
      120,
      151,
      179,
      26,
      9,
      53,
      247,
      184,
      61,
      151,
      111,
      146,
      96
    ],
    "7": [
      185,
      6,
      253,
      217,
      124,
      45,
      112,
      132,
      41,
      58,
      92,
      219,
      121,
      215,
      14,
      58,
      130,
      56,
      38,
      89,
      216,
      176,
      117,
      0,
      45,
      118,
      39,
      157,
      224,
      90,
      178,
      237
    ],
    "38": [
      23,
      45,
      105,
      50,
      201,
      190,
      116,
      83,
      12,
      252,
      233,
      107,
      21,
      71,
      207,
      7,
      191,
      3,
      224,
      116,
      70,
      74,
      60,
      240,
      86,
      56,
      3,
      51,
      174,
      204,
      77,
      149
    ],
    "3": [
      82,
      167,
      170,
      209,
      174,
      191,
      14,
      6,
      101,
      217,
      224,
      66,
      115,
      88,
      180,
      129,
      225,
      160,
      245,
      86,
      65,
      195,
      204,
      208,
      179,
      61,
      97,
      92,
      236,
      144,
      241,
      209
    ],
    "34": [
      230,
      45,
      114,
      10,
      228,
      88,
      189,
      210,
      210,
      96,
      234,
      136,
      41,
      109,
      79,
      246,
      140,
      201,
      165,
      3,
      67,
      231,
      220,
      54,
      243,
      20,
      150,
      250,
      160,
      28,
      120,
      141
    ],
    "15": [
      34,
      164,
      87,
      239,
      249,
      173,
      148,
      24,
      80,
      118,
      40,
      27,
      49,
      71,
      18,
      93,
      44,
      23,
      202,
      184,
      205,
      193,
      93,
      80,
      177,
      60,
      154,
      201,
      136,
      239,
      233,
      31
    ],
    "46": [
      242,
      177,
      217,
      161,
      232,
      37,
      143,
      108,
      203,
      204,
      103,
      170,
      98,
      181,
      87,
      225,
      242,
      117,
      12,
      253,
      246,
      142,
      53,
      234,
      197,
      39,
      111,
      250,
      142,
      148,
      233,
      134
    ],
    "11": [
      50,
      106,
      78,
      239,
      241,
      238,
      212,
      57,
      85,
      232,
      68,
      169,
      74,
      70,
      244,
      242,
      21,
      145,
      203,
      104,
      13,
      125,
      101,
      12,
      211,
      110,
      172,
      98,
      160,
      2,
      163,
      99
    ],
    "42": [
      241,
      254,
      123,
      41,
      197,
      88,
      213,
      249,
      90,
      122,
      132,
      34,
      170,
      224,
      13,
      104,
      205,
      38,
      201,
      9,
      51,
      105,
      129,
      2,
      49,
      154,
      91,
      175,
      103,
      85,
      144,
      96
    ],
    "23": [
      198,
      128,
      251,
      73,
      78,
      122,
      78,
      175,
      150,
      155,
      204,
      194,
      171,
      139,
      231,
      189,
      130,
      245,
      21,
      49,
      221,
      104,
      233,
      16,
      153,
      13,
      81,
      212,
      198,
      59,
      27,
      240
    ],
    "54": [
      68,
      218,
      78,
      234,
      54,
      26,
      47,
      127,
      144,
      14,
      192,
      66,
      98,
      45,
      148,
      120,
      112,
      250,
      111,
      180,
      152,
      61,
      8,
      133,
      174,
      247,
      21,
      24,
      89,
      88,
      79,
      220
    ],
    "19": [
      69,
      210,
      84,
      191,
      137,
      132,
      89,
      123,
      230,
      225,
      167,
      138,
      137,
      247,
      195,
      174,
      204,
      92,
      164,
      51,
      95,
      117,
      75,
      81,
      73,
      18,
      9,
      8,
      59,
      17,
      90,
      106
    ],
    "50": [
      142,
      136,
      204,
      131,
      160,
      234,
      84,
      33,
      248,
      137,
      84,
      31,
      25,
      155,
      38,
      180,
      51,
      41,
      104,
      214,
      168,
      168,
      255,
      136,
      52,
      30,
      220,
      105,
      172,
      74,
      56,
      11
    ],
    "31": [
      38,
      65,
      90,
      191,
      7,
      89,
      234,
      171,
      46,
      50,
      109,
      95,
      122,
      100,
      77,
      180,
      190,
      192,
      219,
      215,
      246,
      82,
      13,
      219,
      160,
      55,
      76,
      187,
      86,
      39,
      208,
      84
    ],
    "62": [
      238,
      10,
      151,
      75,
      218,
      187,
      251,
      150,
      53,
      148,
      149,
      84,
      203,
      195,
      252,
      44,
      96,
      167,
      109,
      93,
      81,
      5,
      127,
      193,
      112,
      154,
      171,
      104,
      198,
      116,
      1,
      187
    ],
    "27": [
      67,
      10,
      11,
      180,
      156,
      12,
      237,
      58,
      211,
      220,
      24,
      196,
      246,
      21,
      96,
      22,
      174,
      189,
      136,
      113,
      28,
      120,
      103,
      65,
      29,
      59,
      33,
      73,
      83,
      160,
      124,
      47
    ],
    "58": [
      24,
      170,
      29,
      214,
      148,
      136,
      60,
      142,
      0,
      106,
      100,
      24,
      4,
      170,
      16,
      249,
      254,
      201,
      61,
      178,
      186,
      162,
      105,
      245,
      96,
      181,
      130,
      183,
      148,
      146,
      224,
      71
    ]
  },
  "my_cert": [],
  "my_cert_key": [],
  "root_cert": []
}