{
  "net_map": {
    "37": "127.0.0.1:8537",
    "6": "127.0.0.1:8506",
    "33": "127.0.0.1:8533",
    "64": "127.0.0.1:9000",
    "2": "127.0.0.1:8502",
    "45": "127.0.0.1:8545",
    "14": "127.0.0.1:8514",
    "41": "127.0.0.1:8541",
    "10": "127.0.0.1:8510",
    "53": "127.0.0.1:8553",
    "22": "127.0.0.1:8522",
    "49": "127.0.0.1:8549",
    "18": "127.0.0.1:8518",
    "61": "127.0.0.1:8561",
    "30": "127.0.0.1:8530",
    "57": "127.0.0.1:8557",
    "26": "127.0.0.1:8526",
    "5": "127.0.0.1:8505",
    "36": "127.0.0.1:8536",
    "1": "127.0.0.1:8501",
    "32": "127.0.0.1:8532",
    "13": "127.0.0.1:8513",
    "44": "127.0.0.1:8544",
    "9": "127.0.0.1:8509",
    "40": "127.0.0.1:8540",
    "21": "127.0.0.1:8521",
    "52": "127.0.0.1:8552",
    "17": "127.0.0.1:8517",
    "48": "127.0.0.1:8548",
    "29": "127.0.0.1:8529",
    "60": "127.0.0.1:8560",
    "25": "127.0.0.1:8525",
    "56": "127.0.0.1:8556",
    "4": "127.0.0.1:8504",
    "39": "127.0.0.1:8539",
    "0": "127.0.0.1:8500",
    "35": "127.0.0.1:8535",
    "12": "127.0.0.1:8512",
    "47": "127.0.0.1:8547",
    "8": "127.0.0.1:8508",
    "43": "127.0.0.1:8543",
    "20": "127.0.0.1:8520",
    "55": "127.0.0.1:8555",
    "16": "127.0.0.1:8516",
    "51": "127.0.0.1:8551",
    "28": "127.0.0.1:8528",
    "63": "127.0.0.1:8563",
    "24": "127.0.0.1:8524",
    "59": "127.0.0.1:8559",
    "7": "127.0.0.1:8507",
    "38": "127.0.0.1:8538",
    "3": "127.0.0.1:8503",
    "34": "127.0.0.1:8534",
    "15": "127.0.0.1:8515",
    "46": "127.0.0.1:8546",
    "11": "127.0.0.1:8511",
    "42": "127.0.0.1:8542",
    "23": "127.0.0.1:8523",
    "54": "127.0.0.1:8554",
    "19": "127.0.0.1:8519",
    "50": "127.0.0.1:8550",
    "31": "127.0.0.1:8531",
    "62": "127.0.0.1:8562",
    "27": "127.0.0.1:8527",
    "58": "127.0.0.1:8558"
  },
  "delta": 100,
  "id": 25,
  "num_nodes": 64,
  "num_faults": 21,
  "block_size": 100,
  "client_port": 7025,
  "client_addr": "0.0.0.0:5000",
  "payload": 0,
  "prot_payload": "cc,/home/akhil/research/EEBA/libchatter/",
  "crypto_alg": "NOPKI",
  "pk_map": {},
  "secret_key_bytes": [],
  "sk_map": {
    "37": [
      82,
      54,
      66,
      181,
      156,
      180,
      139,
      246,
      65,
      248,
      92,
      93,
      223,
      41,
      254,
      85,
      13,
      38,
      135,
      238,
      189,
      96,
      67,
      190,
      106,
      21,
      59,
      103,
      184,
      88,
      69,
      130
    ],
    "6": [
      134,
      193,
      110,
      243,
      149,
      81,
      47,
      88,
      26,
      118,
      122,
      171,
      54,
      20,
      123,
      119,
      172,
      32,
      230,
      154,
      164,
      60,
      219,
      190,
      4,
      206,
      10,
      215,
      52,
      235,
      31,
      209
    ],
    "33": [
      73,
      4,
      123,
      43,
      54,
      181,
      115,
      157,
      171,
      85,
      113,
      188,
      9,
      31,
      184,
      83,
      132,
      51,
      158,
      115,
      59,
      162,
      101,
      203,
      49,
      201,
      5,
      80,
      134,
      17,
      67,
      140
    ],
    "2": [
      67,
      43,
      174,
      30,
      203,
      198,
      175,
      153,
      139,
      130,
      174,
      203,
      96,
      97,
      32,
      74,
      95,
      183,
      186,
      128,
      110,
      175,
      77,
      169,
      34,
      148,
      14,
      233,
      179,
      205,
      151,
      116
    ],
    "45": [
      10,
      132,
      35,
      252,
      193,
      23,
      251,
      108,
      115,
      6,
      104,
      222,
      118,
      210,
      114,
      114,
      244,
      107,
      253,
      69,
      163,
      191,
      148,
      35,
      159,
      160,
      110,
      223,
      31,
      237,
      221,
      165
    ],
    "14": [
      40,
      138,
      73,
      247,
      105,
      59,
      7,
      36,
      61,
      224,
      186,
      55,
      155,
      31,
      139,
      189,
      91,
      27,
      71,
      230,
      144,
      254,
      255,
      26,
      180,
      20,
      204,
      194,
      75,
      131,
      84,
      115
    ],
    "41": [
      125,
      123,
      160,
      57,
      39,
      181,
      42,
      250,
      36,
      64,
      75,
      54,
      42,
      16,
      132,
      35,
      121,
      255,
      14,
      97,
      131,
      61,
      64,
      12,
      67,
      134,
      237,
      64,
      218,
      195,
      206,
      119
    ],
    "10": [
      25,
      165,
      56,
      214,
      204,
      1,
      64,
      190,
      36,
      221,
      14,
      81,
      241,
      33,
      215,
      91,
      163,
      51,
      23,
      238,
      72,
      108,
      116,
      98,
      37,
      2,
      71,
      132,
      96,
      156,
      150,
      61
    ],
    "53": [
      19,
      158,
      23,
      236,
      5,
      244,
      180,
      185,
      121,
      187,
      216,
      139,
      14,
      41,
      138,
      175,
      142,
      176,
      47,
      51,
      112,
      6,
      95,
      92,
      135,
      55,
      255,
      45,
      211,
      33,
      59,
      91
    ],
    "22": [
      51,
      11,
      114,
      136,
      214,
      114,
      96,
      46,
      48,
      125,
      32,
      29,
      89,
      126,
      62,
      85,
      10,
      187,
      144,
      65,
      167,
      233,
      73,
      15,
      9,
      76,
      203,
      110,
      246,
      164,
      208,
      49
    ],
    "49": [
      121,
      40,
      184,
      31,
      96,
      192,
      218,
      183,
      180,
      103,
      95,
      109,
      149,
      183,
      78,
      166,
      130,
      97,
      136,
      8,
      68,
      188,
      181,
      20,
      244,
      26,
      76,
      191,
      237,
      141,
      250,
      206
    ],
    "18": [
      24,
      88,
      43,
      255,
      69,
      67,
      192,
      163,
      96,
      196,
      91,
      164,
      254,
      242,
      187,
      49,
      118,
      22,
      158,
      187,
      39,
      234,
      59,
      30,
      64,
      174,
      250,
      47,
      238,
      87,
      250,
      134
    ],
    "61": [
      68,
      54,
      133,
      247,
      162,
      253,
      221,
      109,
      13,
      81,
      77,
      232,
      34,
      22,
      157,
      170,
      254,
      164,
      21,
      209,
      55,
      153,
      58,
      194,
      105,
      114,
      97,
      192,
      170,
      137,
      118,
      130
    ],
    "30": [
      167,
      51,
      131,
      51,
      65,
      139,
      133,
      170,
      173,
      73,
      87,
      107,
      121,
      129,
      194,
      47,
      125,
      192,
      209,
      243,
      37,
      24,
      14,
      68,
      155,
      51,
      202,
      13,
      11,
      12,
      26,
      142
    ],
    "57": [
      28,
      180,
      168,
      49,
      198,
      206,
      184,
      239,
      21,
      73,
      42,
      43,
      83,
      44,
      77,
      175,
      170,
      131,
      242,
      255,
      196,
      39,
      46,
      216,
      207,
      120,
      199,
      252,
      132,
      59,
      34,
      125
    ],
    "26": [
      31,
      157,
      65,
      59,
      9,
      157,
      72,
      223,
      239,
      12,
      163,
      41,
      178,
      236,
      44,
      200,
      191,
      194,
      199,
      51,
      196,
      50,
      39,
      96,
      210,
      216,
      61,
      19,
      21,
      143,
      140,
      96
    ],
    "5": [
      244,
      16,
      109,
      238,
      32,
      19,
      101,
      71,
      147,
      249,
      206,
      76,
      51,
      225,
      179,
      40,
      157,
      155,
      40,
      15,
      116,
      140,
      177,
      15,
      111,
      90,
      117,
      254,
      43,
      206,
      159,
      79
    ],
    "36": [
      247,
      24,
      159,
      251,
      209,
      175,
      87,
      98,
      43,
      223,
      120,
      67,
      161,
      123,
      102,
      5,
      171,
      66,
      236,
      209,
      70,
      40,
      110,
      108,
      13,
      228,
      191,
      119,
      190,
      16,
      3,
      151
    ],
    "1": [
      111,
      249,
      173,
      97,
      80,
      8,
      239,
      255,
      230,
      18,
      56,
      191,
      121,
      53,
      222,
      134,
      153,
      34,
      218,
      143,
      1,
      244,
      147,
      192,
      39,
      62,
      41,
      35,
      1,
      129,
      132,
      166
    ],
    "32": [
      37,
      210,
      163,
      237,
      14,
      209,
      7,
      190,
      60,
      24,
      78,
      50,
      76,
      185,
      89,
      7,
      158,
      240,
      242,
      225,
      197,
      217,
      137,
      143,
      179,
      167,
      148,
      104,
      166,
      137,
      221,
      102
    ],
    "13": [
      247,
      93,
      103,
      41,
      72,
      98,
      152,
      38,
      246,
      224,
      168,
      12,
      95,
      161,
      65,
      252,
      240,
      61,
      235,
      219,
      96,
      253,
      217,
      50,
      33,
      59,
      44,
      150,
      108,
      71,
      83,
      67
    ],
    "44": [
      104,
      210,
      38,
      124,
      172,
      213,
      250,
      216,
      150,
      221,
      46,
      40,
      68,
      149,
      188,
      180,
      48,
      45,
      66,
      85,
      99,
      161,
      116,
      82,
      168,
      125,
      47,
      187,
      57,
      144,
      36,
      206
    ],
    "9": [
      46,
      126,
      58,
      122,
      88,
      227,
      5,
      149,
      167,
      139,
      221,
      217,
      216,
      80,
      14,
      225,
      140,
      61,
      252,
      176,
      36,
      230,
      165,
      6,
      12,
      5,
      33,
      126,
      78,
      165,
      110,
      42
    ],
    "40": [
      0,
      114,
      182,
      169,
      128,
      32,
      17,
      199,
      148,
      25,
      236,
      41,
      232,
      239,
      121,
      55,
      13,
      166,
      216,
      4,
      213,
      6,
      255,
      233,
      108,
      93,
      107,
      92,
      63,
      106,
      34,
      169
    ],
    "21": [
      95,
      92,
      85,
      118,
      136,
      136,
      108,
      7,
      219,
      57,
      202,
      204,
      219,
      160,
      147,
      183,
      160,
      72,
      61,
      117,
      125,
      94,
      5,
      17,
      89,
      158,
      3,
      45,
      201,
      191,
      21,
      185
    ],
    "52": [
      115,
      94,
      94,
      160,
      219,
      211,
      219,
      110,
      185,
      42,
      187,
      179,
      179,
      13,
      171,
      248,
      255,
      62,
      70,
      175,
      37,
      73,
      173,
      88,
      140,
      57,
      208,
      131,
      56,
      88,
      121,
      47
    ],
    "17": [
      224,
      35,
      210,
      46,
      14,
      218,
      186,
      84,
      219,
      57,
      30,
      70,
      75,
      39,
      70,
      167,
      217,
      50,
      146,
      35,
      223,
      21,
      4,
      218,
      60,
      109,
      113,
      251,
      220,
      239,
      159,
      102
    ],
    "48": [
      192,
      145,
      233,
      53,
      115,
      174,
      88,
      103,
      222,
      228,
      26,
      108,
      119,
      183,
      102,
      36,
      99,
      42,
      101,
      123,
      76,
      184,
      29,
      230,
      74,
      128,
      32,
      152,
      162,
      126,
      7,
      199
    ],
    "29": [
      92,
      166,
      44,
      207,
      191,
      66,
      144,
      15,
      252,
      121,
      73,
      186,
      253,
      25,
      120,
      249,
      184,
      36,
      131,
      12,
      219,
      207,
      59,
      223,
      207,
      30,
      38,
      131,
      238,
      128,
      175,
      63
    ],
    "60": [
      112,
      24,
      255,
      80,
      186,
      224,
      148,
      45,
      43,
      193,
      25,
      8,
      23,
      38,
      150,
      213,
      21,
      32,
      188,
      234,
      111,
      165,
      57,
      231,
      243,
      89,
      26,
      99,
      130,
      151,
      157,
      48
    ],
    "25": [
      118,
      239,
      88,
      78,
      104,
      220,
      27,
      143,
      113,
      253,
      81,
      131,
      70,
      4,
      230,
      153,
      132,
      133,
      199,
      28,
      22,
      199,
      173,
      251,
      232,
      87,
      189,
      186,
      108,
      114,
      171,
      158
    ],
    "56": [
      125,
      166,
      163,
      32,
      160,
      238,
      42,
      123,
      19,
      177,
      142,
      126,
      32,
      233,
      200,
      43,
      161,
      251,
      2,
      172,
      234,
      143,
      213,
      100,
      37,
      192,
      43,
      116,
      157,
      154,
      1,
      152
    ],
    "4": [
      43,
      64,
      66,
      107,
      82,
      196,
      237,
      190,
      152,
      64,
      63,
      31,
      124,
      174,
      192,
      230,
      124,
      75,
      138,
      41,
      103,
      51,
      253,
      237,
      11,
      88,
      15,
      253,
      196,
      21,
      223,
      229
    ],
    "39": [
      129,
      107,
      249,
      15,
      40,
      189,
      32,
      110,
      102,
      232,
      52,
      84,
      34,
      98,
      20,
      48,
      23,
      44,
      121,
      174,
      227,
      184,
      11,
      251,
      50,
      122,
      253,
      226,
      26,
      3,
      35,
      222
    ],
    "0": [
      184,
      231,
      116,
      207,
      205,
      94,
      93,
      128,
      115,
      227,
      39,
      47,
      23,
      249,
      39,
      203,
      209,
      60,
      146,
      102,
      206,
      74,
      171,
      250,
      32,
      192,
      158,
      131,
      86,
      164,
      173,
      239
    ],
    "35": [
      124,
      72,
      113,
      35,
      111,
      150,
      143,
      164,
      237,
      148,
      210,
      194,
      197,
      250,
      1,
      106,
      101,
      132,
      12,
      186,
      128,
      44,
      176,
      70,
      69,
      205,
      148,
      98,
      102,
      10,
      185,
      10
    ],
    "12": [
      80,
      98,
      71,
      195,
      239,
      244,
      223,
      226,
      42,
      75,
      68,
      217,
      85,
      90,
      150,
      66,
      56,
      25,
      29,
      219,
      188,
      18,
      175,
      69,
      211,
      171,
      168,
      89,
      79,
      199,
      57,
      194
    ],
    "47": [
      16,
      156,
      77,
      228,
      54,
      248,
      249,
      138,
      65,
      215,
      6,
      83,
      252,
      77,
      248,
      17,
      120,
      243,
      55,
      67,
      28,
      63,
      172,
      243,
      73,
      151,
      254,
      110,
      26,
      68,
      37,
      178
    ],
    "8": [
      121,
      109,
      59,
      75,
      207,
      5,
      143,
      38,
      199,
      83,
      244,
      92,
      242,
      54,
      15,
      80,
      3,
      1,
      82,
      109,
      204,
      165,
      94,
      220,
      89,
      233,
      191,
      251,
      201,
      94,
      167,
      10
    ],
    "43": [
      95,
      114,
      73,
      160,
      248,
      0,
      153,
      111,
      55,
      211,
      31,
      10,
      158,
      60,
      79,
      195,
      90,
      226,
      177,
      200,
      22,
      221,
      27,
      46,
      94,
      11,
      209,
      135,
      162,
      208,
      152,
      190
    ],
    "20": [
      212,
      173,
      118,
      108,
      70,
      0,
      167,
      11,
      209,
      128,
      254,
      49,
      153,
      57,
      9,
      141,
      32,
      84,
      85,
      147,
      122,
      105,
      156,
      132,
      112,
      71,
      157,
      200,
      1,
      129,
      79,
      58
    ],
    "55": [
      89,
      195,
      99,
      155,
      243,
      251,
      178,
      27,
      137,
      90,
      180,
      60,
      144,
      136,
      15,
      201,
      143,
      4,
      231,
      48,
      35,
      7,
      255,
      101,
      210,
      66,
      109,
      80,
      170,
      34,
      100,
      36
    ],
    "16": [
      41,
      37,
      19,
      251,
      238,
      199,
      177,
      141,
      7,
      166,
      182,
      95,
      67,
      215,
      212,
      223,
      51,
      49,
      218,
      81,
      30,
      188,
      95,
      84,
      144,
      208,
      52,
      142,
      161,
      121,
      0,
      38
    ],
    "51": [
      52,
      85,
      95,
      119,
      225,
      113,
      42,
      116,
      243,
      22,
      37,
      56,
      160,
      15,
      38,
      191,
      135,
      253,
      193,
      214,
      196,
      43,
      84,
      41,
      150,
      23,
      95,
      96,
      239,
      118,
      102,
      218
    ],
    "28": [
      38,
      148,
      20,
      109,
      60,
      180,
      80,
      161,
      96,
      141,
      100,
      96,
      53,
      123,
      110,
      222,
      202,
      205,
      128,
      248,
      125,
      12,
      23,
      113,
      167,
      173,
      87,
      221,
      189,
      194,
      132,
      156
    ],
    "63": [
      7,
      57,
      245,
      41,
      24,
      190,
      246,
      55,
      238,
      44,
      163,
      116,
      131,
      249,
      143,
      209,
      52,
      142,
      226,
      246,
      168,
      121,
      167,
      221,
      116,
      48,
      64,
      135,
      16,
      50,
      143,
      28
    ],
    "24": [
      16,
      13,
      87,
      27,
      129,
      224,
      82,
      248,
      81,
      130,
      243,
      51,
      15,
      168,
      121,
      215,
      61,
      227,
      115,
      119,
      135,
      144,
      123,
      205,
      69,
      175,
      74,
      215,
      135,
      229,
      172,
      118
    ],
    "59": [
      41,
      63,
      72,
      230,
      227,
      77,
      107,
      52,
      168,
      65,
      0,
      64,
      128,
      155,
      191,
      4,
      206,
      126,
      95,
      154,
      247,
      251,
      101,
      198,
      29,
      245,
      228,
      122,
      175,
      205,
      20,
      200
    ],
    "7": [
      230,
      170,
      110,
      243,
      64,
      182,
      189,
      43,
      222,
      100,
      34,
      186,
      180,
      167,
      166,
      152,
      77,
      30,
      172,
      163,
      138,
      81,
      247,
      34,
      58,
      118,
      181,
      245,
      144,
      228,
      66,
      89
    ],
    "38": [
      205,
      133,
      65,
      159,
      180,
      183,
      35,
      0,
      135,
      156,
      62,
      129,
      151,
      23,
      248,
      40,
      160,
      92,
      68,
      0,
      228,
      97,
      145,
      167,
      207,
      10,
      98,
      239,
      16,
      176,
      207,
      25
    ],
    "3": [
      237,
      239,
      192,
      212,
      249,
      51,
      85,
      13,
      200,
      108,
      171,
      4,
      65,
      1,
      3,
      128,
      209,
      165,
      244,
      85,
      115,
      96,
      28,
      192,
      236,
      77,
      221,
      208,
      132,
      66,
      64,
      189
    ],
    "34": [
      108,
      73,
      213,
      24,
      191,
      1,
      7,
      227,
      19,
      217,
      69,
      209,
      37,
      120,
      97,
      104,
      173,
      168,
      157,
      92,
      37,
      107,
      139,
      88,
      114,
      127,
      76,
      115,
      227,
      210,
      75,
      222
    ],
    "15": [
      42,
      133,
      244,
      8,
      18,
      236,
      242,
      28,
      102,
      103,
      29,
      87,
      214,
      202,
      96,
      24,
      150,
      66,
      126,
      20,
      9,
      70,
      88,
      7,
      103,
      104,
      85,
      2,
      114,
      35,
      89,
      246
    ],
    "46": [
      241,
      31,
      235,
      232,
      90,
      114,
      84,
      222,
      190,
      151,
      64,
      64,
      164,
      146,
      197,
      242,
      44,
      71,
      32,
      50,
      151,
      175,
      49,
      147,
      0,
      145,
      214,
      117,
      125,
      136,
      49,
      253
    ],
    "11": [
      49,
      156,
      118,
      94,
      99,
      96,
      250,
      206,
      156,
      77,
      220,
      108,
      43,
      60,
      116,
      218,
      10,
      75,
      154,
      57,
      44,
      232,
      161,
      187,
      166,
      144,
      55,
      32,
      127,
      232,
      226,
      103
    ],
    "42": [
      234,
      47,
      196,
      50,
      59,
      226,
      194,
      238,
      209,
      16,
      217,
      171,
      64,
      37,
      230,
      24,
      234,
      253,
      1,
      253,
      80,
      91,
      112,
      214,
      69,
      50,
      24,
      187,
      119,
      239,
      172,
      57
    ],
    "23": [
      58,
      85,
      226,
      179,
      46,
      35,
      248,
      81,
      199,
      189,
      96,
      215,
      143,
      127,
      0,
      178,
      45,
      129,
      131,
      170,
      105,
      40,
      126,
      64,
      119,
      62,
      68,
      5,
      26,
      172,
      145,
      15
    ],
    "54": [
      103,
      121,
      194,
      231,
      32,
      27,
      32,
      71,
      93,
      227,
      28,
      251,
      240,
      243,
      116,
      1,
      54,
      37,
      244,
      145,
      84,
      227,
      5,
      143,
      228,
      144,
      81,
      160,
      151,
      102,
      214,
      128
    ],
    "19": [
      148,
      89,
      226,
      135,
      61,
      71,
      62,
      180,
      188,
      143,
      156,
      50,
      196,
      150,
      204,
      6,
      17,
      137,
      250,
      201,
      129,
      51,
      83,
      68,
      117,
      179,
      247,
      36,
      133,
      82,
      136,
      36
    ],
    "50": [
      212,
      21,
      7,
      23,
      87,
      146,
      242,
      62,
      27,
      221,
      107,
      112,
      12,
      33,
      110,
      142,
      193,
      201,
      179,
      1,
      88,
      157,
      242,
      187,
      179,
      196,
      50,
      48,
      51,
      22,
      10,
      182
    ],
    "31": [
      181,
      92,
      16,
      90,
      210,
      38,
      72,
      111,
      0,
      246,
      114,
      167,
      41,
      192,
      205,
      194,
      213,
      100,
      198,
      137,
      142,
      85,
      87,
      174,
      179,
      40,
      108,
      149,
      32,
      44,
      63,
      143
    ],
    "62": [
      241,
      199,
      231,
      252,
      224,
      24,
      31,
      101,
      153,
      73,
      94,
      14,
      126,
      39,
      186,
      250,
      193,
      222,
      55,
      183,
      73,
      217,
      25,
      154,
      40,
      90,
      5,
      216,
      83,
      155,
      238,
      232
    ],
    "27": [
      144,
      220,
      233,
      34,
      31,
      75,
      70,
      61,
      56,
      126,
      145,
      76,
      59,
      184,
      6,
      94,
      57,
      186,
      108,
      46,
      113,
      81,
      33,
      58,
      134,
      50,
      124,
      83,
      241,
      247,
      183,
      196
    ],
    "58": [
      66,
      163,
      155,
      102,
      55,
      82,
      219,
      214,
      193,
      172,
      53,
      85,
      197,
      53,
      87,
      149,
      97,
      204,
      47,
      192,
      56,
      198,
      76,
      111,
      105,
      208,
      203,
      156,
      181,
      84,
      218,
      117
    ]
  },
  "my_cert": [],
  "my_cert_key": [],
  "root_cert": []
}