{
  "net_map": {
    "37": "127.0.0.1:8537",
    "6": "127.0.0.1:8506",
    "33": "127.0.0.1:8533",
    "64": "127.0.0.1:9000",
    "2": "127.0.0.1:8502",
    "45": "127.0.0.1:8545",
    "14": "127.0.0.1:8514",
    "41": "127.0.0.1:8541",
    "10": "127.0.0.1:8510",
    "53": "127.0.0.1:8553",
    "22": "127.0.0.1:8522",
    "49": "127.0.0.1:8549",
    "18": "127.0.0.1:8518",
    "61": "127.0.0.1:8561",
    "30": "127.0.0.1:8530",
    "57": "127.0.0.1:8557",
    "26": "127.0.0.1:8526",
    "5": "127.0.0.1:8505",
    "36": "127.0.0.1:8536",
    "1": "127.0.0.1:8501",
    "32": "127.0.0.1:8532",
    "13": "127.0.0.1:8513",
    "44": "127.0.0.1:8544",
    "9": "127.0.0.1:8509",
    "40": "127.0.0.1:8540",
    "21": "127.0.0.1:8521",
    "52": "127.0.0.1:8552",
    "17": "127.0.0.1:8517",
    "48": "127.0.0.1:8548",
    "29": "127.0.0.1:8529",
    "60": "127.0.0.1:8560",
    "25": "127.0.0.1:8525",
    "56": "127.0.0.1:8556",
    "4": "127.0.0.1:8504",
    "39": "127.0.0.1:8539",
    "0": "127.0.0.1:8500",
    "35": "127.0.0.1:8535",
    "12": "127.0.0.1:8512",
    "47": "127.0.0.1:8547",
    "8": "127.0.0.1:8508",
    "43": "127.0.0.1:8543",
    "20": "127.0.0.1:8520",
    "55": "127.0.0.1:8555",
    "16": "127.0.0.1:8516",
    "51": "127.0.0.1:8551",
    "28": "127.0.0.1:8528",
    "63": "127.0.0.1:8563",
    "24": "127.0.0.1:8524",
    "59": "127.0.0.1:8559",
    "7": "127.0.0.1:8507",
    "38": "127.0.0.1:8538",
    "3": "127.0.0.1:8503",
    "34": "127.0.0.1:8534",
    "15": "127.0.0.1:8515",
    "46": "127.0.0.1:8546",
    "11": "127.0.0.1:8511",
    "42": "127.0.0.1:8542",
    "23": "127.0.0.1:8523",
    "54": "127.0.0.1:8554",
    "19": "127.0.0.1:8519",
    "50": "127.0.0.1:8550",
    "31": "127.0.0.1:8531",
    "62": "127.0.0.1:8562",
    "27": "127.0.0.1:8527",
    "58": "127.0.0.1:8558"
  },
  "delta": 100,
  "id": 48,
  "num_nodes": 64,
  "num_faults": 21,
  "block_size": 100,
  "client_port": 7048,
  "client_addr": "0.0.0.0:5000",
  "payload": 0,
  "prot_payload": "cc,/home/akhil/research/EEBA/libchatter/",
  "crypto_alg": "NOPKI",
  "pk_map": {},
  "secret_key_bytes": [],
  "sk_map": {
    "37": [
      233,
      78,
      120,
      5,
      169,
      218,
      208,
      217,
      1,
      35,
      164,
      187,
      172,
      120,
      29,
      116,
      137,
      217,
      221,
      240,
      78,
      194,
      62,
      206,
      138,
      202,
      153,
      143,
      70,
      66,
      68,
      69
    ],
    "6": [
      4,
      40,
      192,
      175,
      221,
      82,
      197,
      180,
      204,
      150,
      230,
      193,
      49,
      129,
      253,
      194,
      115,
      60,
      220,
      155,
      56,
      151,
      88,
      155,
      187,
      236,
      119,
      11,
      42,
      228,
      131,
      210
    ],
    "33": [
      79,
      133,
      173,
      154,
      1,
      94,
      35,
      84,
      147,
      44,
      90,
      51,
      224,
      121,
      238,
      242,
      121,
      45,
      11,
      250,
      159,
      250,
      91,
      137,
      96,
      69,
      178,
      233,
      203,
      125,
      61,
      54
    ],
    "2": [
      96,
      166,
      38,
      84,
      180,
      51,
      107,
      221,
      123,
      227,
      162,
      127,
      101,
      218,
      121,
      51,
      12,
      94,
      115,
      100,
      149,
      180,
      194,
      70,
      182,
      164,
      44,
      166,
      183,
      249,
      61,
      187
    ],
    "45": [
      161,
      183,
      231,
      255,
      76,
      145,
      96,
      203,
      90,
      243,
      127,
      75,
      229,
      132,
      56,
      42,
      136,
      159,
      186,
      132,
      117,
      21,
      204,
      55,
      241,
      143,
      94,
      93,
      164,
      63,
      86,
      168
    ],
    "14": [
      52,
      41,
      78,
      109,
      22,
      136,
      91,
      206,
      227,
      239,
      213,
      213,
      248,
      197,
      218,
      251,
      117,
      4,
      52,
      11,
      233,
      28,
      66,
      163,
      76,
      97,
      77,
      210,
      121,
      237,
      65,
      71
    ],
    "41": [
      59,
      240,
      106,
      16,
      141,
      101,
      13,
      93,
      2,
      103,
      70,
      149,
      164,
      49,
      129,
      210,
      179,
      192,
      245,
      103,
      67,
      102,
      159,
      26,
      27,
      8,
      246,
      22,
      250,
      17,
      216,
      223
    ],
    "10": [
      216,
      42,
      51,
      158,
      2,
      233,
      77,
      224,
      47,
      20,
      124,
      205,
      189,
      235,
      50,
      116,
      229,
      155,
      100,
      185,
      45,
      169,
      227,
      137,
      85,
      72,
      219,
      60,
      248,
      60,
      58,
      51
    ],
    "53": [
      3,
      98,
      233,
      72,
      26,
      205,
      167,
      38,
      179,
      61,
      70,
      88,
      90,
      16,
      138,
      4,
      142,
      8,
      118,
      228,
      18,
      83,
      229,
      245,
      87,
      23,
      251,
      96,
      19,
      207,
      121,
      38
    ],
    "22": [
      113,
      167,
      124,
      90,
      207,
      79,
      148,
      211,
      130,
      43,
      16,
      71,
      55,
      5,
      64,
      110,
      63,
      68,
      80,
      125,
      36,
      50,
      79,
      56,
      222,
      174,
      51,
      25,
      116,
      119,
      174,
      253
    ],
    "49": [
      187,
      33,
      22,
      188,
      147,
      48,
      55,
      49,
      243,
      158,
      107,
      46,
      110,
      4,
      23,
      254,
      138,
      203,
      189,
      140,
      22,
      221,
      168,
      187,
      38,
      15,
      146,
      177,
      115,
      214,
      220,
      4
    ],
    "18": [
      175,
      198,
      53,
      217,
      16,
      171,
      185,
      214,
      32,
      96,
      154,
      53,
      205,
      184,
      106,
      91,
      206,
      95,
      201,
      1,
      217,
      119,
      50,
      255,
      36,
      117,
      92,
      27,
      85,
      38,
      25,
      180
    ],
    "61": [
      199,
      181,
      228,
      186,
      34,
      143,
      171,
      246,
      150,
      218,
      36,
      223,
      40,
      216,
      165,
      36,
      242,
      216,
      158,
      249,
      156,
      68,
      138,
      58,
      223,
      185,
      57,
      10,
      50,
      132,
      245,
      146
    ],
    "30": [
      38,
      130,
      50,
      114,
      41,
      170,
      51,
      99,
      169,
      168,
      181,
      229,
      199,
      235,
      38,
      179,
      255,
      194,
      113,
      193,
      139,
      66,
      249,
      59,
      176,
      136,
      54,
      19,
      184,
      232,
      182,
      50
    ],
    "57": [
      116,
      190,
      27,
      109,
      205,
      250,
      254,
      178,
      152,
      61,
      31,
      19,
      240,
      195,
      52,
      50,
      75,
      135,
      57,
      108,
      221,
      151,
      165,
      21,
      7,
      130,
      17,
      236,
      73,
      52,
      183,
      177
    ],
    "26": [
      5,
      132,
      13,
      250,
      118,
      76,
      224,
      81,
      67,
      204,
      29,
      94,
      2,
      230,
      6,
      153,
      164,
      73,
      175,
      68,
      173,
      239,
      139,
      179,
      81,
      178,
      24,
      160,
      194,
      53,
      178,
      222
    ],
    "5": [
      57,
      66,
      180,
      211,
      12,
      64,
      112,
      251,
      52,
      230,
      177,
      194,
      52,
      232,
      168,
      110,
      30,
      38,
      36,
      167,
      103,
      85,
      66,
      99,
      217,
      40,
      99,
      211,
      202,
      156,
      38,
      217
    ],
    "36": [
      7,
      164,
      141,
      117,
      71,
      45,
      132,
      103,
      218,
      37,
      50,
      136,
      69,
      132,
      239,
      109,
      195,
      237,
      59,
      27,
      63,
      101,
      98,
      216,
      223,
      10,
      133,
      78,
      16,
      192,
      118,
      21
    ],
    "1": [
      204,
      33,
      54,
      196,
      59,
      212,
      201,
      35,
      14,
      51,
      187,
      3,
      38,
      229,
      24,
      238,
      95,
      186,
      200,
      149,
      132,
      223,
      54,
      4,
      114,
      20,
      129,
      32,
      93,
      176,
      74,
      17
    ],
    "32": [
      45,
      92,
      175,
      139,
      252,
      63,
      37,
      238,
      159,
      197,
      177,
      144,
      9,
      227,
      90,
      109,
      154,
      239,
      74,
      111,
      41,
      160,
      137,
      104,
      139,
      183,
      2,
      79,
      86,
      94,
      32,
      144
    ],
    "13": [
      193,
      87,
      186,
      201,
      80,
      211,
      99,
      141,
      111,
      154,
      89,
      160,
      144,
      151,
      201,
      43,
      173,
      255,
      47,
      10,
      55,
      251,
      193,
      213,
      252,
      205,
      30,
      66,
      234,
      78,
      87,
      219
    ],
    "44": [
      120,
      6,
      36,
      84,
      139,
      79,
      102,
      105,
      25,
      122,
      122,
      203,
      183,
      88,
      104,
      49,
      84,
      24,
      158,
      119,
      250,
      186,
      100,
      161,
      142,
      8,
      87,
      183,
      3,
      49,
      16,
      239
    ],
    "9": [
      103,
      146,
      95,
      139,
      182,
      234,
      167,
      65,
      149,
      247,
      224,
      109,
      129,
      91,
      196,
      28,
      64,
      76,
      95,
      186,
      87,
      162,
      168,
      140,
      27,
      26,
      22,
      139,
      245,
      108,
      39,
      0
    ],
    "40": [
      210,
      205,
      95,
      240,
      191,
      203,
      251,
      205,
      87,
      152,
      129,
      27,
      80,
      125,
      178,
      166,
      223,
      51,
      218,
      85,
      168,
      241,
      197,
      118,
      33,
      210,
      158,
      144,
      12,
      48,
      115,
      213
    ],
    "21": [
      97,
      75,
      26,
      70,
      139,
      16,
      2,
      159,
      108,
      194,
      34,
      21,
      226,
      22,
      206,
      48,
      121,
      69,
      7,
      52,
      76,
      242,
      31,
      205,
      219,
      230,
      233,
      192,
      2,
      174,
      227,
      210
    ],
    "52": [
      41,
      187,
      88,
      143,
      32,
      100,
      186,
      17,
      187,
      170,
      223,
      37,
      11,
      18,
      47,
      153,
      164,
      33,
      235,
      17,
      7,
      138,
      93,
      75,
      192,
      125,
      98,
      44,
      149,
      57,
      5,
      211
    ],
    "17": [
      68,
      241,
      22,
      0,
      194,
      110,
      153,
      234,
      178,
      165,
      252,
      203,
      67,
      120,
      49,
      7,
      245,
      145,
      130,
      105,
      135,
      36,
      224,
      188,
      234,
      28,
      138,
      172,
      230,
      98,
      181,
      251
    ],
    "48": [
      106,
      210,
      29,
      86,
      254,
      62,
      27,
      55,
      234,
      142,
      5,
      0,
      183,
      154,
      111,
      86,
      28,
      228,
      206,
      54,
      80,
      251,
      206,
      221,
      161,
      36,
      150,
      223,
      252,
      27,
      131,
      58
    ],
    "29": [
      189,
      37,
      85,
      14,
      97,
      245,
      243,
      97,
      195,
      124,
      74,
      184,
      41,
      122,
      229,
      140,
      187,
      181,
      89,
      70,
      102,
      6,
      25,
      189,
      173,
      67,
      28,
      76,
      108,
      244,
      198,
      18
    ],
    "60": [
      165,
      173,
      0,
      7,
      82,
      142,
      86,
      157,
      181,
      239,
      211,
      52,
      235,
      237,
      217,
      97,
      126,
      135,
      244,
      23,
      253,
      187,
      141,
      216,
      227,
      179,
      249,
      61,
      175,
      247,
      134,
      250
    ],
    "25": [
      192,
      145,
      233,
      53,
      115,
      174,
      88,
      103,
      222,
      228,
      26,
      108,
      119,
      183,
      102,
      36,
      99,
      42,
      101,
      123,
      76,
      184,
      29,
      230,
      74,
      128,
      32,
      152,
      162,
      126,
      7,
      199
    ],
    "56": [
      185,
      183,
      46,
      77,
      64,
      41,
      65,
      27,
      110,
      175,
      79,
      87,
      247,
      205,
      56,
      39,
      51,
      238,
      78,
      79,
      68,
      118,
      56,
      79,
      178,
      48,
      204,
      241,
      9,
      68,
      106,
      171
    ],
    "4": [
      240,
      217,
      7,
      152,
      225,
      71,
      205,
      159,
      100,
      53,
      174,
      201,
      59,
      0,
      136,
      95,
      55,
      140,
      48,
      10,
      51,
      147,
      50,
      106,
      39,
      71,
      141,
      211,
      118,
      252,
      144,
      110
    ],
    "39": [
      225,
      7,
      136,
      163,
      31,
      103,
      237,
      218,
      68,
      99,
      216,
      34,
      179,
      153,
      39,
      48,
      209,
      255,
      130,
      46,
      42,
      52,
      255,
      201,
      52,
      146,
      66,
      231,
      241,
      145,
      31,
      101
    ],
    "0": [
      105,
      42,
      80,
      111,
      140,
      241,
      108,
      182,
      30,
      155,
      159,
      40,
      237,
      86,
      194,
      159,
      252,
      137,
      26,
      251,
      158,
      213,
      120,
      129,
      76,
      150,
      237,
      73,
      210,
      241,
      68,
      61
    ],
    "35": [
      239,
      172,
      223,
      250,
      191,
      106,
      98,
      254,
      147,
      169,
      120,
      133,
      64,
      40,
      152,
      82,
      106,
      196,
      112,
      201,
      139,
      184,
      63,
      128,
      249,
      118,
      63,
      16,
      97,
      196,
      172,
      145
    ],
    "12": [
      177,
      220,
      106,
      203,
      28,
      244,
      30,
      8,
      26,
      159,
      56,
      6,
      226,
      178,
      35,
      180,
      23,
      41,
      27,
      246,
      165,
      67,
      122,
      199,
      30,
      159,
      140,
      93,
      50,
      104,
      63,
      238
    ],
    "47": [
      92,
      228,
      7,
      72,
      84,
      124,
      148,
      209,
      196,
      72,
      205,
      168,
      148,
      46,
      170,
      247,
      177,
      208,
      212,
      174,
      43,
      189,
      208,
      33,
      95,
      103,
      143,
      81,
      30,
      243,
      85,
      18
    ],
    "8": [
      217,
      211,
      63,
      195,
      217,
      59,
      71,
      139,
      204,
      44,
      232,
      87,
      41,
      158,
      56,
      186,
      105,
      152,
      73,
      100,
      242,
      112,
      211,
      203,
      170,
      111,
      212,
      62,
      100,
      210,
      56,
      238
    ],
    "43": [
      86,
      94,
      68,
      59,
      196,
      52,
      199,
      242,
      246,
      207,
      80,
      78,
      247,
      154,
      14,
      53,
      232,
      152,
      7,
      136,
      5,
      251,
      166,
      198,
      217,
      99,
      223,
      164,
      89,
      169,
      112,
      24
    ],
    "20": [
      51,
      253,
      183,
      248,
      80,
      113,
      19,
      91,
      51,
      227,
      17,
      154,
      17,
      109,
      82,
      106,
      128,
      46,
      41,
      171,
      241,
      94,
      185,
      112,
      36,
      16,
      204,
      7,
      110,
      206,
      195,
      242
    ],
    "55": [
      73,
      175,
      146,
      45,
      255,
      145,
      130,
      51,
      177,
      68,
      110,
      218,
      85,
      205,
      119,
      21,
      72,
      52,
      222,
      129,
      40,
      83,
      211,
      63,
      61,
      82,
      225,
      2,
      144,
      80,
      182,
      216
    ],
    "16": [
      14,
      248,
      43,
      206,
      154,
      32,
      145,
      55,
      44,
      192,
      217,
      106,
      53,
      89,
      234,
      108,
      121,
      216,
      209,
      144,
      109,
      45,
      60,
      67,
      78,
      18,
      81,
      36,
      213,
      115,
      145,
      148
    ],
    "51": [
      29,
      167,
      199,
      40,
      197,
      63,
      157,
      28,
      171,
      182,
      100,
      11,
      152,
      245,
      86,
      31,
      53,
      34,
      11,
      31,
      114,
      189,
      216,
      2,
      247,
      176,
      67,
      97,
      33,
      158,
      116,
      236
    ],
    "28": [
      30,
      173,
      238,
      56,
      58,
      157,
      168,
      163,
      189,
      61,
      103,
      51,
      31,
      221,
      189,
      200,
      40,
      242,
      53,
      22,
      138,
      81,
      68,
      141,
      189,
      179,
      47,
      203,
      133,
      219,
      128,
      55
    ],
    "63": [
      199,
      165,
      120,
      227,
      94,
      96,
      13,
      220,
      220,
      5,
      6,
      225,
      1,
      194,
      139,
      108,
      36,
      125,
      163,
      238,
      217,
      201,
      168,
      241,
      121,
      47,
      180,
      167,
      21,
      112,
      173,
      160
    ],
    "24": [
      216,
      98,
      97,
      117,
      50,
      71,
      45,
      177,
      223,
      215,
      167,
      58,
      210,
      120,
      216,
      96,
      68,
      108,
      193,
      58,
      78,
      218,
      124,
      118,
      21,
      114,
      55,
      177,
      0,
      168,
      97,
      154
    ],
    "59": [
      24,
      76,
      21,
      52,
      199,
      179,
      164,
      9,
      232,
      179,
      189,
      203,
      164,
      33,
      243,
      63,
      19,
      36,
      36,
      9,
      59,
      55,
      179,
      124,
      69,
      10,
      161,
      6,
      116,
      22,
      198,
      229
    ],
    "7": [
      213,
      233,
      144,
      6,
      66,
      206,
      147,
      68,
      147,
      183,
      224,
      230,
      232,
      229,
      97,
      133,
      61,
      175,
      42,
      239,
      39,
      108,
      236,
      229,
      71,
      95,
      196,
      175,
      112,
      124,
      189,
      225
    ],
    "38": [
      237,
      230,
      38,
      221,
      61,
      159,
      253,
      61,
      129,
      74,
      41,
      58,
      77,
      130,
      191,
      202,
      39,
      132,
      81,
      225,
      39,
      109,
      80,
      100,
      190,
      243,
      119,
      161,
      73,
      242,
      235,
      212
    ],
    "3": [
      27,
      64,
      140,
      130,
      178,
      125,
      80,
      99,
      102,
      63,
      82,
      48,
      139,
      148,
      245,
      230,
      112,
      248,
      11,
      112,
      144,
      121,
      11,
      56,
      188,
      88,
      186,
      54,
      60,
      45,
      148,
      153
    ],
    "34": [
      234,
      164,
      248,
      48,
      245,
      243,
      48,
      106,
      74,
      10,
      97,
      89,
      145,
      118,
      84,
      60,
      203,
      210,
      209,
      221,
      173,
      87,
      46,
      66,
      108,
      50,
      230,
      185,
      226,
      196,
      197,
      165
    ],
    "15": [
      163,
      179,
      96,
      243,
      130,
      123,
      174,
      189,
      36,
      25,
      237,
      207,
      60,
      183,
      156,
      92,
      187,
      68,
      195,
      222,
      197,
      17,
      145,
      252,
      223,
      230,
      147,
      105,
      54,
      244,
      216,
      132
    ],
    "46": [
      223,
      231,
      138,
      59,
      11,
      254,
      153,
      183,
      54,
      16,
      49,
      168,
      90,
      217,
      215,
      114,
      161,
      99,
      125,
      56,
      215,
      251,
      190,
      219,
      41,
      244,
      78,
      0,
      40,
      193,
      36,
      114
    ],
    "11": [
      99,
      38,
      171,
      32,
      168,
      154,
      206,
      58,
      207,
      99,
      110,
      185,
      31,
      161,
      243,
      1,
      103,
      248,
      181,
      51,
      199,
      208,
      137,
      131,
      172,
      130,
      185,
      33,
      107,
      88,
      228,
      176
    ],
    "42": [
      114,
      15,
      199,
      169,
      84,
      238,
      179,
      207,
      135,
      163,
      177,
      109,
      151,
      74,
      117,
      219,
      156,
      153,
      152,
      121,
      158,
      59,
      174,
      188,
      211,
      8,
      101,
      244,
      73,
      172,
      146,
      222
    ],
    "23": [
      252,
      217,
      208,
      85,
      25,
      192,
      30,
      18,
      54,
      210,
      50,
      181,
      233,
      207,
      241,
      98,
      248,
      122,
      125,
      185,
      152,
      92,
      181,
      247,
      55,
      36,
      6,
      208,
      89,
      175,
      31,
      245
    ],
    "54": [
      150,
      99,
      39,
      240,
      68,
      129,
      144,
      166,
      144,
      7,
      3,
      23,
      40,
      80,
      237,
      26,
      198,
      244,
      82,
      34,
      68,
      174,
      236,
      91,
      190,
      85,
      132,
      133,
      189,
      220,
      188,
      242
    ],
    "19": [
      241,
      149,
      130,
      206,
      86,
      197,
      196,
      191,
      206,
      124,
      147,
      116,
      146,
      83,
      23,
      28,
      205,
      57,
      157,
      173,
      96,
      158,
      1,
      97,
      123,
      133,
      89,
      192,
      191,
      157,
      11,
      72
    ],
    "50": [
      51,
      216,
      72,
      7,
      12,
      207,
      245,
      152,
      119,
      154,
      233,
      181,
      239,
      45,
      194,
      235,
      101,
      126,
      106,
      58,
      206,
      213,
      34,
      235,
      83,
      25,
      133,
      254,
      17,
      49,
      39,
      146
    ],
    "31": [
      191,
      226,
      24,
      109,
      42,
      180,
      214,
      225,
      216,
      130,
      75,
      193,
      203,
      139,
      35,
      175,
      104,
      136,
      29,
      36,
      49,
      2,
      240,
      128,
      65,
      110,
      183,
      16,
      34,
      72,
      206,
      159
    ],
    "62": [
      9,
      59,
      244,
      65,
      112,
      172,
      203,
      229,
      96,
      184,
      39,
      20,
      93,
      6,
      112,
      150,
      128,
      36,
      9,
      36,
      236,
      243,
      210,
      101,
      164,
      142,
      118,
      249,
      112,
      41,
      128,
      172
    ],
    "27": [
      104,
      15,
      104,
      249,
      118,
      171,
      6,
      147,
      219,
      99,
      200,
      81,
      26,
      241,
      79,
      6,
      106,
      3,
      44,
      99,
      188,
      147,
      179,
      246,
      224,
      240,
      177,
      93,
      140,
      158,
      101,
      118
    ],
    "58": [
      184,
      159,
      172,
      143,
      161,
      92,
      193,
      95,
      99,
      149,
      194,
      196,
      246,
      52,
      143,
      149,
      211,
      27,
      144,
      226,
      127,
      206,
      124,
      236,
      134,
      31,
      214,
      223,
      215,
      218,
      8,
      215
    ]
  },
  "my_cert": [],
  "my_cert_key": [],
  "root_cert": []
}