{
  "net_map": {
    "37": "127.0.0.1:8537",
    "6": "127.0.0.1:8506",
    "33": "127.0.0.1:8533",
    "64": "127.0.0.1:9000",
    "2": "127.0.0.1:8502",
    "45": "127.0.0.1:8545",
    "14": "127.0.0.1:8514",
    "41": "127.0.0.1:8541",
    "10": "127.0.0.1:8510",
    "53": "127.0.0.1:8553",
    "22": "127.0.0.1:8522",
    "49": "127.0.0.1:8549",
    "18": "127.0.0.1:8518",
    "61": "127.0.0.1:8561",
    "30": "127.0.0.1:8530",
    "57": "127.0.0.1:8557",
    "26": "127.0.0.1:8526",
    "5": "127.0.0.1:8505",
    "36": "127.0.0.1:8536",
    "1": "127.0.0.1:8501",
    "32": "127.0.0.1:8532",
    "13": "127.0.0.1:8513",
    "44": "127.0.0.1:8544",
    "9": "127.0.0.1:8509",
    "40": "127.0.0.1:8540",
    "21": "127.0.0.1:8521",
    "52": "127.0.0.1:8552",
    "17": "127.0.0.1:8517",
    "48": "127.0.0.1:8548",
    "29": "127.0.0.1:8529",
    "60": "127.0.0.1:8560",
    "25": "127.0.0.1:8525",
    "56": "127.0.0.1:8556",
    "4": "127.0.0.1:8504",
    "39": "127.0.0.1:8539",
    "0": "127.0.0.1:8500",
    "35": "127.0.0.1:8535",
    "12": "127.0.0.1:8512",
    "47": "127.0.0.1:8547",
    "8": "127.0.0.1:8508",
    "43": "127.0.0.1:8543",
    "20": "127.0.0.1:8520",
    "55": "127.0.0.1:8555",
    "16": "127.0.0.1:8516",
    "51": "127.0.0.1:8551",
    "28": "127.0.0.1:8528",
    "63": "127.0.0.1:8563",
    "24": "127.0.0.1:8524",
    "59": "127.0.0.1:8559",
    "7": "127.0.0.1:8507",
    "38": "127.0.0.1:8538",
    "3": "127.0.0.1:8503",
    "34": "127.0.0.1:8534",
    "15": "127.0.0.1:8515",
    "46": "127.0.0.1:8546",
    "11": "127.0.0.1:8511",
    "42": "127.0.0.1:8542",
    "23": "127.0.0.1:8523",
    "54": "127.0.0.1:8554",
    "19": "127.0.0.1:8519",
    "50": "127.0.0.1:8550",
    "31": "127.0.0.1:8531",
    "62": "127.0.0.1:8562",
    "27": "127.0.0.1:8527",
    "58": "127.0.0.1:8558"
  },
  "delta": 100,
  "id": 49,
  "num_nodes": 64,
  "num_faults": 21,
  "block_size": 100,
  "client_port": 7049,
  "client_addr": "0.0.0.0:5000",
  "payload": 0,
  "prot_payload": "cc,/home/akhil/research/EEBA/libchatter/",
  "crypto_alg": "NOPKI",
  "pk_map": {},
  "secret_key_bytes": [],
  "sk_map": {
    "37": [
      75,
      121,
      214,
      160,
      99,
      14,
      206,
      3,
      97,
      101,
      220,
      44,
      210,
      141,
      124,
      152,
      118,
      96,
      194,
      250,
      42,
      216,
      172,
      89,
      224,
      101,
      213,
      132,
      64,
      45,
      118,
      43
    ],
    "6": [
      199,
      235,
      99,
      225,
      132,
      237,
      162,
      44,
      208,
      44,
      27,
      202,
      4,
      89,
      237,
      45,
      49,
      145,
      182,
      189,
      40,
      96,
      114,
      95,
      144,
      58,
      182,
      79,
      135,
      255,
      32,
      84
    ],
    "33": [
      138,
      6,
      150,
      228,
      143,
      249,
      10,
      82,
      3,
      185,
      253,
      191,
      18,
      240,
      238,
      160,
      206,
      35,
      32,
      31,
      78,
      106,
      204,
      130,
      26,
      176,
      26,
      3,
      110,
      14,
      34,
      40
    ],
    "2": [
      188,
      54,
      54,
      195,
      236,
      90,
      88,
      184,
      146,
      37,
      171,
      196,
      237,
      80,
      50,
      110,
      79,
      144,
      221,
      118,
      134,
      7,
      101,
      245,
      1,
      224,
      105,
      71,
      71,
      223,
      233,
      186
    ],
    "45": [
      235,
      3,
      182,
      119,
      188,
      163,
      131,
      165,
      69,
      248,
      207,
      81,
      71,
      17,
      194,
      11,
      135,
      149,
      122,
      138,
      100,
      93,
      91,
      69,
      159,
      119,
      52,
      118,
      36,
      165,
      39,
      96
    ],
    "14": [
      62,
      135,
      254,
      209,
      211,
      0,
      134,
      131,
      83,
      105,
      35,
      22,
      219,
      138,
      44,
      39,
      29,
      75,
      111,
      53,
      18,
      35,
      211,
      172,
      78,
      129,
      72,
      243,
      84,
      227,
      195,
      105
    ],
    "41": [
      64,
      8,
      43,
      99,
      78,
      103,
      179,
      223,
      164,
      16,
      23,
      15,
      41,
      90,
      127,
      149,
      218,
      234,
      8,
      114,
      58,
      21,
      102,
      57,
      156,
      85,
      229,
      11,
      26,
      28,
      221,
      129
    ],
    "10": [
      58,
      21,
      190,
      209,
      194,
      81,
      72,
      92,
      184,
      242,
      250,
      135,
      225,
      117,
      92,
      181,
      3,
      143,
      176,
      203,
      29,
      44,
      137,
      241,
      16,
      96,
      76,
      143,
      54,
      118,
      118,
      182
    ],
    "53": [
      147,
      13,
      42,
      15,
      24,
      93,
      208,
      115,
      149,
      247,
      37,
      9,
      199,
      44,
      102,
      71,
      82,
      94,
      115,
      125,
      20,
      53,
      175,
      173,
      95,
      181,
      60,
      209,
      153,
      76,
      214,
      237
    ],
    "22": [
      72,
      239,
      254,
      239,
      208,
      26,
      25,
      156,
      212,
      19,
      142,
      79,
      94,
      164,
      142,
      197,
      36,
      194,
      183,
      204,
      52,
      6,
      166,
      14,
      198,
      168,
      173,
      33,
      117,
      112,
      110,
      79
    ],
    "49": [
      225,
      39,
      170,
      157,
      11,
      196,
      128,
      99,
      15,
      222,
      96,
      230,
      72,
      13,
      10,
      121,
      173,
      142,
      121,
      101,
      207,
      167,
      75,
      65,
      218,
      127,
      156,
      109,
      9,
      86,
      55,
      80
    ],
    "18": [
      171,
      232,
      96,
      78,
      116,
      196,
      71,
      158,
      50,
      43,
      125,
      1,
      89,
      17,
      59,
      30,
      171,
      32,
      207,
      196,
      83,
      123,
      33,
      49,
      82,
      34,
      53,
      182,
      193,
      153,
      137,
      46
    ],
    "61": [
      115,
      18,
      188,
      203,
      83,
      137,
      13,
      38,
      196,
      181,
      40,
      60,
      168,
      190,
      208,
      57,
      0,
      25,
      61,
      160,
      207,
      187,
      43,
      28,
      173,
      102,
      212,
      208,
      206,
      85,
      134,
      119
    ],
    "30": [
      206,
      167,
      50,
      60,
      255,
      127,
      171,
      19,
      10,
      75,
      143,
      86,
      151,
      167,
      16,
      219,
      88,
      143,
      247,
      125,
      30,
      133,
      170,
      224,
      183,
      188,
      52,
      127,
      64,
      4,
      190,
      139
    ],
    "57": [
      87,
      176,
      122,
      54,
      206,
      34,
      226,
      81,
      193,
      107,
      38,
      116,
      58,
      178,
      162,
      15,
      247,
      70,
      66,
      123,
      7,
      128,
      58,
      56,
      156,
      19,
      115,
      75,
      73,
      28,
      33,
      254
    ],
    "26": [
      243,
      237,
      234,
      127,
      127,
      229,
      198,
      194,
      52,
      99,
      163,
      209,
      165,
      7,
      91,
      121,
      157,
      90,
      119,
      184,
      99,
      11,
      226,
      207,
      193,
      220,
      17,
      238,
      112,
      86,
      209,
      65
    ],
    "5": [
      47,
      40,
      111,
      161,
      208,
      158,
      34,
      121,
      146,
      132,
      208,
      31,
      13,
      140,
      5,
      2,
      252,
      107,
      42,
      248,
      47,
      19,
      239,
      96,
      96,
      207,
      148,
      190,
      16,
      120,
      248,
      117
    ],
    "36": [
      232,
      109,
      252,
      208,
      106,
      193,
      51,
      91,
      237,
      126,
      140,
      60,
      233,
      156,
      160,
      197,
      225,
      50,
      164,
      213,
      129,
      30,
      231,
      219,
      161,
      27,
      157,
      136,
      240,
      152,
      140,
      8
    ],
    "1": [
      96,
      44,
      197,
      27,
      37,
      119,
      122,
      30,
      203,
      201,
      11,
      198,
      215,
      253,
      62,
      41,
      213,
      27,
      225,
      173,
      219,
      84,
      156,
      92,
      26,
      200,
      61,
      4,
      132,
      253,
      120,
      66
    ],
    "32": [
      131,
      190,
      103,
      85,
      151,
      82,
      104,
      141,
      51,
      173,
      69,
      14,
      178,
      169,
      8,
      17,
      117,
      182,
      137,
      253,
      238,
      225,
      180,
      255,
      255,
      129,
      53,
      40,
      52,
      240,
      239,
      55
    ],
    "13": [
      208,
      14,
      47,
      219,
      67,
      54,
      195,
      206,
      33,
      155,
      237,
      89,
      99,
      162,
      231,
      179,
      172,
      112,
      55,
      202,
      145,
      23,
      85,
      20,
      151,
      238,
      127,
      71,
      157,
      158,
      115,
      177
    ],
    "44": [
      147,
      250,
      161,
      58,
      69,
      30,
      211,
      168,
      231,
      48,
      85,
      121,
      224,
      169,
      22,
      207,
      47,
      14,
      146,
      251,
      54,
      35,
      25,
      145,
      250,
      94,
      235,
      189,
      247,
      173,
      236,
      130
    ],
    "9": [
      123,
      83,
      57,
      161,
      220,
      140,
      144,
      41,
      189,
      97,
      218,
      92,
      113,
      191,
      116,
      222,
      209,
      113,
      53,
      127,
      204,
      115,
      188,
      181,
      175,
      198,
      221,
      216,
      186,
      83,
      174,
      243
    ],
    "40": [
      143,
      72,
      123,
      199,
      192,
      72,
      74,
      62,
      127,
      127,
      182,
      171,
      20,
      54,
      47,
      35,
      62,
      45,
      240,
      97,
      16,
      205,
      162,
      29,
      168,
      146,
      206,
      194,
      76,
      152,
      219,
      92
    ],
    "21": [
      246,
      38,
      215,
      28,
      86,
      243,
      237,
      168,
      71,
      181,
      226,
      34,
      68,
      217,
      120,
      195,
      218,
      19,
      169,
      227,
      220,
      118,
      224,
      207,
      93,
      36,
      206,
      224,
      179,
      116,
      91,
      37
    ],
    "52": [
      191,
      197,
      183,
      137,
      223,
      203,
      50,
      65,
      82,
      186,
      170,
      251,
      180,
      112,
      70,
      93,
      132,
      50,
      185,
      249,
      244,
      91,
      227,
      150,
      125,
      226,
      253,
      79,
      34,
      2,
      209,
      51
    ],
    "17": [
      175,
      204,
      232,
      7,
      189,
      252,
      123,
      11,
      80,
      62,
      149,
      106,
      28,
      118,
      158,
      167,
      2,
      110,
      126,
      182,
      222,
      119,
      82,
      145,
      227,
      196,
      10,
      138,
      85,
      211,
      253,
      190
    ],
    "48": [
      187,
      33,
      22,
      188,
      147,
      48,
      55,
      49,
      243,
      158,
      107,
      46,
      110,
      4,
      23,
      254,
      138,
      203,
      189,
      140,
      22,
      221,
      168,
      187,
      38,
      15,
      146,
      177,
      115,
      214,
      220,
      4
    ],
    "29": [
      118,
      187,
      42,
      33,
      87,
      180,
      91,
      246,
      202,
      93,
      234,
      252,
      132,
      232,
      4,
      203,
      140,
      238,
      59,
      66,
      234,
      232,
      205,
      245,
      131,
      134,
      217,
      209,
      15,
      201,
      170,
      232
    ],
    "60": [
      50,
      210,
      242,
      156,
      254,
      138,
      2,
      87,
      102,
      87,
      54,
      26,
      248,
      5,
      115,
      118,
      127,
      146,
      176,
      179,
      25,
      113,
      238,
      242,
      205,
      189,
      185,
      215,
      249,
      211,
      183,
      54
    ],
    "25": [
      121,
      40,
      184,
      31,
      96,
      192,
      218,
      183,
      180,
      103,
      95,
      109,
      149,
      183,
      78,
      166,
      130,
      97,
      136,
      8,
      68,
      188,
      181,
      20,
      244,
      26,
      76,
      191,
      237,
      141,
      250,
      206
    ],
    "56": [
      27,
      65,
      223,
      135,
      112,
      224,
      25,
      162,
      251,
      97,
      216,
      126,
      250,
      170,
      0,
      237,
      255,
      128,
      76,
      107,
      202,
      104,
      208,
      196,
      182,
      66,
      179,
      75,
      157,
      165,
      249,
      194
    ],
    "4": [
      208,
      176,
      24,
      146,
      207,
      116,
      124,
      130,
      238,
      237,
      214,
      44,
      187,
      80,
      176,
      42,
      93,
      236,
      231,
      123,
      228,
      175,
      59,
      1,
      85,
      126,
      155,
      245,
      87,
      94,
      5,
      79
    ],
    "39": [
      59,
      180,
      43,
      161,
      222,
      239,
      166,
      87,
      242,
      67,
      155,
      29,
      166,
      244,
      33,
      109,
      249,
      196,
      140,
      43,
      52,
      164,
      101,
      103,
      234,
      219,
      249,
      213,
      63,
      202,
      26,
      102
    ],
    "0": [
      54,
      28,
      251,
      49,
      150,
      233,
      5,
      4,
      208,
      37,
      51,
      105,
      33,
      71,
      238,
      2,
      76,
      212,
      3,
      132,
      26,
      99,
      118,
      253,
      77,
      192,
      141,
      82,
      221,
      44,
      35,
      47
    ],
    "35": [
      45,
      228,
      54,
      118,
      120,
      16,
      48,
      155,
      218,
      200,
      120,
      181,
      19,
      70,
      32,
      82,
      176,
      131,
      52,
      29,
      10,
      132,
      59,
      119,
      85,
      184,
      186,
      136,
      193,
      90,
      192,
      50
    ],
    "12": [
      96,
      255,
      233,
      207,
      143,
      22,
      156,
      152,
      82,
      96,
      153,
      215,
      62,
      78,
      139,
      139,
      129,
      223,
      36,
      102,
      91,
      193,
      228,
      179,
      89,
      85,
      62,
      101,
      163,
      187,
      89,
      192
    ],
    "47": [
      142,
      19,
      119,
      28,
      124,
      158,
      21,
      62,
      226,
      78,
      215,
      123,
      139,
      165,
      29,
      203,
      245,
      69,
      111,
      133,
      102,
      122,
      199,
      86,
      45,
      218,
      209,
      137,
      234,
      32,
      148,
      70
    ],
    "8": [
      139,
      212,
      184,
      53,
      44,
      52,
      220,
      93,
      26,
      51,
      96,
      204,
      237,
      155,
      176,
      212,
      162,
      67,
      52,
      174,
      234,
      84,
      28,
      83,
      205,
      8,
      244,
      3,
      113,
      244,
      101,
      25
    ],
    "43": [
      159,
      129,
      185,
      116,
      173,
      158,
      152,
      19,
      220,
      119,
      254,
      116,
      196,
      139,
      60,
      88,
      245,
      39,
      58,
      20,
      17,
      34,
      242,
      216,
      138,
      50,
      182,
      254,
      149,
      83,
      155,
      52
    ],
    "20": [
      157,
      68,
      243,
      90,
      135,
      166,
      96,
      181,
      154,
      28,
      114,
      8,
      180,
      187,
      97,
      229,
      76,
      9,
      166,
      37,
      192,
      204,
      64,
      11,
      121,
      209,
      61,
      50,
      120,
      57,
      92,
      105
    ],
    "55": [
      229,
      40,
      87,
      187,
      232,
      232,
      167,
      254,
      168,
      182,
      18,
      179,
      87,
      254,
      237,
      98,
      48,
      59,
      188,
      7,
      60,
      39,
      197,
      100,
      179,
      42,
      136,
      11,
      144,
      39,
      24,
      243
    ],
    "16": [
      193,
      150,
      72,
      254,
      214,
      233,
      67,
      34,
      43,
      110,
      82,
      234,
      215,
      38,
      137,
      54,
      252,
      94,
      128,
      60,
      236,
      9,
      182,
      233,
      81,
      194,
      14,
      82,
      209,
      158,
      138,
      57
    ],
    "51": [
      74,
      109,
      4,
      117,
      221,
      121,
      245,
      228,
      142,
      70,
      154,
      38,
      43,
      154,
      38,
      122,
      79,
      40,
      179,
      128,
      18,
      86,
      206,
      28,
      154,
      210,
      122,
      6,
      70,
      213,
      92,
      242
    ],
    "28": [
      111,
      243,
      225,
      232,
      188,
      202,
      119,
      216,
      125,
      55,
      130,
      24,
      53,
      86,
      94,
      42,
      39,
      163,
      220,
      197,
      110,
      71,
      3,
      122,
      67,
      10,
      87,
      4,
      229,
      25,
      214,
      77
    ],
    "63": [
      32,
      4,
      108,
      57,
      217,
      93,
      169,
      145,
      219,
      114,
      35,
      186,
      137,
      36,
      214,
      155,
      76,
      89,
      16,
      103,
      83,
      0,
      246,
      129,
      30,
      133,
      37,
      167,
      159,
      9,
      225,
      62
    ],
    "24": [
      179,
      91,
      20,
      109,
      57,
      88,
      18,
      25,
      174,
      216,
      242,
      132,
      199,
      95,
      55,
      214,
      101,
      166,
      178,
      166,
      251,
      181,
      131,
      237,
      76,
      149,
      65,
      213,
      16,
      244,
      153,
      39
    ],
    "59": [
      9,
      41,
      184,
      64,
      148,
      46,
      233,
      207,
      153,
      69,
      119,
      235,
      39,
      92,
      196,
      196,
      25,
      110,
      143,
      47,
      248,
      69,
      90,
      56,
      187,
      120,
      188,
      62,
      99,
      186,
      254,
      32
    ],
    "7": [
      168,
      144,
      103,
      187,
      237,
      187,
      170,
      242,
      119,
      63,
      5,
      43,
      223,
      147,
      99,
      18,
      168,
      123,
      235,
      138,
      173,
      216,
      155,
      145,
      92,
      62,
      27,
      119,
      21,
      187,
      224,
      165
    ],
    "38": [
      144,
      123,
      27,
      52,
      206,
      62,
      171,
      244,
      115,
      97,
      152,
      13,
      237,
      29,
      213,
      80,
      86,
      26,
      46,
      248,
      10,
      116,
      5,
      164,
      68,
      196,
      118,
      43,
      46,
      15,
      66,
      145
    ],
    "3": [
      195,
      92,
      80,
      219,
      68,
      155,
      33,
      127,
      125,
      147,
      224,
      104,
      63,
      240,
      72,
      153,
      106,
      63,
      121,
      122,
      164,
      138,
      65,
      215,
      27,
      92,
      134,
      118,
      8,
      103,
      151,
      93
    ],
    "34": [
      29,
      15,
      31,
      43,
      117,
      195,
      32,
      64,
      215,
      74,
      80,
      83,
      145,
      180,
      109,
      76,
      209,
      52,
      190,
      232,
      232,
      237,
      30,
      36,
      16,
      196,
      238,
      36,
      140,
      112,
      94,
      82
    ],
    "15": [
      113,
      211,
      12,
      110,
      249,
      58,
      27,
      15,
      228,
      8,
      103,
      168,
      10,
      195,
      75,
      183,
      170,
      29,
      46,
      1,
      207,
      31,
      17,
      252,
      193,
      99,
      44,
      86,
      191,
      107,
      172,
      173
    ],
    "46": [
      4,
      183,
      158,
      234,
      139,
      136,
      38,
      123,
      19,
      161,
      156,
      102,
      199,
      157,
      142,
      158,
      124,
      106,
      28,
      188,
      204,
      162,
      16,
      87,
      59,
      129,
      87,
      11,
      61,
      213,
      213,
      99
    ],
    "11": [
      40,
      112,
      138,
      30,
      55,
      200,
      11,
      153,
      9,
      11,
      50,
      103,
      117,
      63,
      90,
      248,
      133,
      141,
      33,
      157,
      236,
      230,
      108,
      220,
      173,
      82,
      240,
      103,
      98,
      163,
      43,
      252
    ],
    "42": [
      101,
      180,
      55,
      238,
      147,
      136,
      54,
      254,
      76,
      110,
      26,
      91,
      28,
      102,
      138,
      37,
      81,
      6,
      233,
      51,
      68,
      122,
      197,
      219,
      247,
      130,
      67,
      5,
      17,
      30,
      81,
      45
    ],
    "23": [
      44,
      233,
      233,
      29,
      67,
      234,
      170,
      141,
      8,
      90,
      218,
      51,
      118,
      82,
      200,
      128,
      2,
      52,
      35,
      208,
      106,
      207,
      105,
      150,
      150,
      254,
      113,
      215,
      22,
      186,
      149,
      248
    ],
    "54": [
      98,
      224,
      212,
      114,
      14,
      112,
      195,
      108,
      20,
      185,
      69,
      176,
      206,
      42,
      120,
      145,
      128,
      125,
      148,
      152,
      212,
      183,
      238,
      213,
      130,
      59,
      146,
      205,
      89,
      112,
      206,
      53
    ],
    "19": [
      70,
      82,
      183,
      164,
      143,
      134,
      23,
      133,
      145,
      24,
      198,
      166,
      233,
      124,
      1,
      179,
      155,
      169,
      3,
      206,
      28,
      5,
      201,
      212,
      98,
      149,
      208,
      134,
      247,
      255,
      83,
      23
    ],
    "50": [
      213,
      47,
      145,
      13,
      33,
      210,
      154,
      163,
      152,
      149,
      58,
      225,
      154,
      255,
      87,
      190,
      147,
      141,
      114,
      206,
      134,
      148,
      213,
      97,
      124,
      243,
      211,
      113,
      127,
      69,
      125,
      152
    ],
    "31": [
      137,
      157,
      147,
      136,
      246,
      42,
      23,
      236,
      60,
      248,
      4,
      100,
      253,
      15,
      85,
      3,
      93,
      103,
      80,
      37,
      189,
      70,
      93,
      225,
      242,
      164,
      193,
      200,
      19,
      7,
      59,
      176
    ],
    "62": [
      74,
      110,
      206,
      22,
      86,
      223,
      64,
      235,
      162,
      149,
      94,
      122,
      254,
      90,
      71,
      37,
      242,
      62,
      75,
      55,
      83,
      170,
      22,
      202,
      113,
      4,
      188,
      43,
      10,
      60,
      223,
      241
    ],
    "27": [
      52,
      212,
      109,
      19,
      153,
      80,
      94,
      66,
      146,
      247,
      246,
      195,
      9,
      114,
      244,
      154,
      41,
      145,
      217,
      103,
      179,
      205,
      189,
      132,
      56,
      71,
      78,
      115,
      215,
      27,
      242,
      196
    ],
    "58": [
      254,
      4,
      30,
      45,
      206,
      190,
      32,
      181,
      175,
      22,
      198,
      245,
      195,
      16,
      118,
      224,
      112,
      185,
      39,
      250,
      128,
      195,
      29,
      100,
      102,
      177,
      168,
      69,
      194,
      203,
      120,
      177
    ]
  },
  "my_cert": [],
  "my_cert_key": [],
  "root_cert": []
}