{
  "net_map": {
    "37": "127.0.0.1:8537",
    "6": "127.0.0.1:8506",
    "33": "127.0.0.1:8533",
    "64": "127.0.0.1:9000",
    "2": "127.0.0.1:8502",
    "45": "127.0.0.1:8545",
    "14": "127.0.0.1:8514",
    "41": "127.0.0.1:8541",
    "10": "127.0.0.1:8510",
    "53": "127.0.0.1:8553",
    "22": "127.0.0.1:8522",
    "49": "127.0.0.1:8549",
    "18": "127.0.0.1:8518",
    "61": "127.0.0.1:8561",
    "30": "127.0.0.1:8530",
    "57": "127.0.0.1:8557",
    "26": "127.0.0.1:8526",
    "5": "127.0.0.1:8505",
    "36": "127.0.0.1:8536",
    "1": "127.0.0.1:8501",
    "32": "127.0.0.1:8532",
    "13": "127.0.0.1:8513",
    "44": "127.0.0.1:8544",
    "9": "127.0.0.1:8509",
    "40": "127.0.0.1:8540",
    "21": "127.0.0.1:8521",
    "52": "127.0.0.1:8552",
    "17": "127.0.0.1:8517",
    "48": "127.0.0.1:8548",
    "29": "127.0.0.1:8529",
    "60": "127.0.0.1:8560",
    "25": "127.0.0.1:8525",
    "56": "127.0.0.1:8556",
    "4": "127.0.0.1:8504",
    "39": "127.0.0.1:8539",
    "0": "127.0.0.1:8500",
    "35": "127.0.0.1:8535",
    "12": "127.0.0.1:8512",
    "47": "127.0.0.1:8547",
    "8": "127.0.0.1:8508",
    "43": "127.0.0.1:8543",
    "20": "127.0.0.1:8520",
    "55": "127.0.0.1:8555",
    "16": "127.0.0.1:8516",
    "51": "127.0.0.1:8551",
    "28": "127.0.0.1:8528",
    "63": "127.0.0.1:8563",
    "24": "127.0.0.1:8524",
    "59": "127.0.0.1:8559",
    "7": "127.0.0.1:8507",
    "38": "127.0.0.1:8538",
    "3": "127.0.0.1:8503",
    "34": "127.0.0.1:8534",
    "15": "127.0.0.1:8515",
    "46": "127.0.0.1:8546",
    "11": "127.0.0.1:8511",
    "42": "127.0.0.1:8542",
    "23": "127.0.0.1:8523",
    "54": "127.0.0.1:8554",
    "19": "127.0.0.1:8519",
    "50": "127.0.0.1:8550",
    "31": "127.0.0.1:8531",
    "62": "127.0.0.1:8562",
    "27": "127.0.0.1:8527",
    "58": "127.0.0.1:8558"
  },
  "delta": 100,
  "id": 6,
  "num_nodes": 64,
  "num_faults": 21,
  "block_size": 100,
  "client_port": 7006,
  "client_addr": "0.0.0.0:5000",
  "payload": 0,
  "prot_payload": "cc,/home/akhil/research/EEBA/libchatter/",
  "crypto_alg": "NOPKI",
  "pk_map": {},
  "secret_key_bytes": [],
  "sk_map": {
    "37": [
      214,
      44,
      64,
      193,
      125,
      213,
      184,
      24,
      206,
      62,
      23,
      64,
      159,
      123,
      19,
      60,
      227,
      140,
      85,
      186,
      231,
      107,
      118,
      43,
      166,
      94,
      27,
      4,
      208,
      127,
      249,
      170
    ],
    "6": [
      230,
      101,
      133,
      119,
      198,
      202,
      187,
      219,
      231,
      240,
      80,
      55,
      47,
      154,
      7,
      235,
      113,
      31,
      135,
      40,
      246,
      60,
      43,
      234,
      0,
      241,
      132,
      147,
      114,
      23,
      205,
      192
    ],
    "33": [
      238,
      128,
      52,
      136,
      121,
      157,
      253,
      65,
      188,
      18,
      126,
      14,
      92,
      115,
      86,
      217,
      117,
      20,
      7,
      228,
      164,
      8,
      96,
      216,
      154,
      47,
      160,
      176,
      136,
      62,
      124,
      77
    ],
    "2": [
      159,
      174,
      68,
      41,
      170,
      23,
      25,
      97,
      82,
      164,
      229,
      80,
      27,
      179,
      239,
      71,
      15,
      237,
      47,
      95,
      25,
      1,
      56,
      172,
      3,
      21,
      153,
      24,
      237,
      23,
      65,
      203
    ],
    "45": [
      71,
      1,
      70,
      77,
      36,
      243,
      134,
      125,
      11,
      73,
      103,
      105,
      136,
      116,
      188,
      71,
      187,
      9,
      171,
      25,
      121,
      76,
      101,
      71,
      193,
      54,
      16,
      102,
      139,
      206,
      49,
      123
    ],
    "14": [
      41,
      155,
      76,
      102,
      101,
      133,
      179,
      119,
      147,
      179,
      127,
      46,
      192,
      253,
      234,
      61,
      151,
      52,
      101,
      45,
      155,
      198,
      189,
      154,
      79,
      78,
      86,
      205,
      207,
      111,
      183,
      173
    ],
    "41": [
      144,
      138,
      221,
      94,
      114,
      88,
      13,
      2,
      204,
      170,
      107,
      34,
      188,
      209,
      30,
      249,
      183,
      200,
      168,
      117,
      36,
      75,
      193,
      122,
      106,
      31,
      157,
      205,
      241,
      232,
      230,
      4
    ],
    "10": [
      132,
      65,
      126,
      71,
      24,
      186,
      118,
      92,
      44,
      61,
      117,
      236,
      193,
      59,
      82,
      138,
      58,
      164,
      189,
      107,
      10,
      239,
      181,
      188,
      61,
      158,
      21,
      28,
      109,
      74,
      55,
      11
    ],
    "53": [
      170,
      53,
      182,
      28,
      17,
      207,
      12,
      81,
      189,
      188,
      134,
      20,
      209,
      181,
      106,
      31,
      252,
      151,
      8,
      26,
      36,
      199,
      251,
      57,
      167,
      131,
      163,
      6,
      183,
      63,
      92,
      108
    ],
    "22": [
      48,
      172,
      81,
      83,
      59,
      99,
      50,
      169,
      220,
      141,
      133,
      92,
      194,
      185,
      142,
      193,
      39,
      36,
      64,
      246,
      187,
      7,
      219,
      20,
      151,
      169,
      130,
      39,
      134,
      65,
      126,
      95
    ],
    "49": [
      199,
      235,
      99,
      225,
      132,
      237,
      162,
      44,
      208,
      44,
      27,
      202,
      4,
      89,
      237,
      45,
      49,
      145,
      182,
      189,
      40,
      96,
      114,
      95,
      144,
      58,
      182,
      79,
      135,
      255,
      32,
      84
    ],
    "18": [
      61,
      181,
      90,
      229,
      148,
      84,
      86,
      24,
      7,
      207,
      206,
      149,
      35,
      241,
      134,
      65,
      209,
      130,
      190,
      41,
      75,
      84,
      38,
      63,
      109,
      145,
      19,
      29,
      175,
      52,
      224,
      155
    ],
    "61": [
      142,
      2,
      2,
      68,
      100,
      24,
      109,
      2,
      28,
      103,
      47,
      0,
      25,
      122,
      137,
      6,
      121,
      196,
      47,
      107,
      190,
      181,
      214,
      213,
      128,
      199,
      197,
      212,
      227,
      33,
      58,
      27
    ],
    "30": [
      222,
      62,
      136,
      214,
      232,
      91,
      142,
      185,
      48,
      242,
      225,
      29,
      12,
      198,
      146,
      83,
      139,
      125,
      36,
      242,
      107,
      173,
      81,
      136,
      85,
      128,
      16,
      43,
      37,
      100,
      180,
      3
    ],
    "57": [
      45,
      153,
      165,
      204,
      54,
      186,
      250,
      134,
      30,
      245,
      187,
      208,
      129,
      72,
      78,
      158,
      228,
      141,
      38,
      95,
      191,
      104,
      86,
      159,
      13,
      239,
      16,
      228,
      84,
      19,
      232,
      120
    ],
    "26": [
      137,
      96,
      141,
      56,
      243,
      142,
      25,
      232,
      146,
      182,
      94,
      42,
      26,
      29,
      120,
      41,
      151,
      243,
      118,
      236,
      202,
      224,
      31,
      64,
      163,
      50,
      175,
      9,
      9,
      237,
      183,
      47
    ],
    "5": [
      87,
      203,
      104,
      118,
      45,
      119,
      31,
      102,
      185,
      42,
      148,
      99,
      171,
      118,
      83,
      16,
      207,
      13,
      223,
      230,
      12,
      105,
      87,
      82,
      199,
      105,
      132,
      184,
      110,
      221,
      155,
      223
    ],
    "36": [
      114,
      2,
      184,
      251,
      251,
      155,
      79,
      88,
      72,
      7,
      33,
      189,
      124,
      246,
      109,
      176,
      217,
      0,
      152,
      83,
      40,
      246,
      154,
      253,
      232,
      141,
      156,
      159,
      34,
      189,
      201,
      42
    ],
    "1": [
      151,
      7,
      130,
      53,
      228,
      218,
      91,
      99,
      120,
      77,
      42,
      160,
      167,
      198,
      185,
      80,
      189,
      203,
      139,
      117,
      107,
      63,
      227,
      160,
      58,
      94,
      36,
      204,
      191,
      48,
      176,
      147
    ],
    "32": [
      173,
      170,
      0,
      241,
      98,
      32,
      173,
      95,
      21,
      31,
      18,
      131,
      141,
      10,
      115,
      183,
      164,
      73,
      143,
      6,
      184,
      133,
      228,
      71,
      213,
      150,
      7,
      143,
      52,
      80,
      211,
      177
    ],
    "13": [
      146,
      12,
      85,
      59,
      47,
      182,
      198,
      16,
      90,
      248,
      143,
      187,
      46,
      154,
      25,
      141,
      77,
      110,
      80,
      237,
      120,
      248,
      182,
      6,
      167,
      55,
      237,
      81,
      100,
      240,
      151,
      171
    ],
    "44": [
      128,
      235,
      112,
      107,
      5,
      97,
      148,
      237,
      73,
      110,
      158,
      181,
      86,
      7,
      114,
      200,
      166,
      152,
      227,
      223,
      240,
      36,
      197,
      90,
      163,
      221,
      42,
      112,
      101,
      65,
      118,
      146
    ],
    "9": [
      178,
      205,
      222,
      115,
      221,
      210,
      12,
      168,
      87,
      87,
      186,
      254,
      19,
      103,
      238,
      57,
      41,
      168,
      45,
      82,
      255,
      145,
      230,
      93,
      108,
      225,
      79,
      118,
      150,
      248,
      165,
      18
    ],
    "40": [
      88,
      165,
      160,
      175,
      148,
      98,
      226,
      42,
      61,
      34,
      38,
      37,
      63,
      204,
      201,
      253,
      2,
      247,
      231,
      214,
      34,
      64,
      34,
      150,
      2,
      58,
      24,
      222,
      211,
      61,
      227,
      251
    ],
    "21": [
      48,
      7,
      142,
      192,
      153,
      10,
      241,
      198,
      225,
      241,
      245,
      143,
      138,
      149,
      136,
      247,
      112,
      151,
      207,
      187,
      66,
      126,
      246,
      183,
      134,
      214,
      141,
      202,
      66,
      216,
      167,
      145
    ],
    "52": [
      1,
      29,
      57,
      239,
      140,
      44,
      121,
      127,
      62,
      208,
      94,
      192,
      252,
      202,
      165,
      107,
      115,
      170,
      185,
      222,
      4,
      63,
      210,
      68,
      175,
      163,
      156,
      242,
      55,
      70,
      171,
      52
    ],
    "17": [
      234,
      141,
      89,
      111,
      222,
      94,
      195,
      136,
      254,
      68,
      117,
      182,
      2,
      184,
      237,
      61,
      139,
      247,
      244,
      138,
      44,
      229,
      78,
      156,
      54,
      86,
      168,
      205,
      157,
      46,
      231,
      116
    ],
    "48": [
      4,
      40,
      192,
      175,
      221,
      82,
      197,
      180,
      204,
      150,
      230,
      193,
      49,
      129,
      253,
      194,
      115,
      60,
      220,
      155,
      56,
      151,
      88,
      155,
      187,
      236,
      119,
      11,
      42,
      228,
      131,
      210
    ],
    "29": [
      153,
      3,
      254,
      107,
      208,
      180,
      192,
      136,
      249,
      16,
      85,
      23,
      20,
      150,
      13,
      85,
      217,
      18,
      36,
      5,
      194,
      192,
      99,
      117,
      134,
      242,
      216,
      227,
      145,
      243,
      55,
      73
    ],
    "60": [
      117,
      236,
      171,
      41,
      8,
      199,
      139,
      83,
      238,
      34,
      166,
      91,
      53,
      42,
      221,
      241,
      159,
      201,
      200,
      49,
      47,
      78,
      249,
      189,
      171,
      143,
      199,
      11,
      139,
      245,
      192,
      3
    ],
    "25": [
      134,
      193,
      110,
      243,
      149,
      81,
      47,
      88,
      26,
      118,
      122,
      171,
      54,
      20,
      123,
      119,
      172,
      32,
      230,
      154,
      164,
      60,
      219,
      190,
      4,
      206,
      10,
      215,
      52,
      235,
      31,
      209
    ],
    "56": [
      35,
      244,
      245,
      166,
      197,
      238,
      169,
      133,
      161,
      180,
      109,
      196,
      203,
      124,
      56,
      213,
      105,
      217,
      8,
      153,
      133,
      72,
      39,
      146,
      126,
      240,
      87,
      183,
      229,
      86,
      154,
      119
    ],
    "4": [
      208,
      165,
      138,
      50,
      186,
      245,
      184,
      217,
      176,
      35,
      234,
      39,
      215,
      208,
      60,
      76,
      152,
      67,
      235,
      171,
      167,
      214,
      130,
      165,
      16,
      112,
      208,
      135,
      226,
      167,
      195,
      168
    ],
    "39": [
      83,
      126,
      156,
      251,
      224,
      164,
      32,
      138,
      65,
      221,
      201,
      115,
      50,
      159,
      9,
      2,
      100,
      163,
      143,
      174,
      245,
      166,
      158,
      210,
      63,
      129,
      135,
      248,
      92,
      71,
      93,
      165
    ],
    "0": [
      211,
      45,
      186,
      99,
      150,
      137,
      154,
      235,
      146,
      89,
      210,
      42,
      145,
      45,
      147,
      143,
      68,
      174,
      57,
      96,
      39,
      36,
      30,
      185,
      184,
      53,
      80,
      242,
      212,
      91,
      41,
      220
    ],
    "35": [
      219,
      220,
      182,
      71,
      229,
      75,
      113,
      125,
      44,
      206,
      111,
      138,
      176,
      99,
      9,
      67,
      245,
      196,
      92,
      136,
      153,
      20,
      231,
      115,
      162,
      173,
      196,
      209,
      81,
      251,
      235,
      41
    ],
    "12": [
      236,
      138,
      40,
      21,
      72,
      113,
      213,
      161,
      31,
      169,
      138,
      90,
      164,
      127,
      3,
      133,
      158,
      163,
      236,
      205,
      68,
      127,
      81,
      210,
      131,
      220,
      158,
      129,
      138,
      222,
      45,
      156
    ],
    "47": [
      249,
      176,
      159,
      86,
      186,
      240,
      185,
      192,
      183,
      76,
      249,
      8,
      164,
      94,
      238,
      91,
      49,
      187,
      19,
      200,
      206,
      244,
      193,
      42,
      157,
      134,
      93,
      201,
      30,
      181,
      14,
      109
    ],
    "8": [
      227,
      108,
      247,
      90,
      135,
      172,
      159,
      57,
      161,
      184,
      182,
      143,
      239,
      135,
      8,
      213,
      104,
      246,
      246,
      140,
      100,
      194,
      106,
      40,
      226,
      107,
      130,
      82,
      236,
      143,
      202,
      32
    ],
    "43": [
      39,
      162,
      231,
      198,
      190,
      142,
      122,
      75,
      6,
      249,
      84,
      196,
      88,
      53,
      89,
      105,
      210,
      181,
      158,
      253,
      203,
      199,
      94,
      127,
      244,
      202,
      80,
      112,
      129,
      95,
      159,
      239
    ],
    "20": [
      136,
      56,
      40,
      108,
      151,
      129,
      38,
      140,
      103,
      53,
      88,
      204,
      161,
      168,
      144,
      153,
      116,
      63,
      18,
      32,
      238,
      192,
      153,
      93,
      195,
      221,
      219,
      98,
      18,
      100,
      208,
      118
    ],
    "55": [
      202,
      105,
      184,
      222,
      45,
      184,
      95,
      18,
      83,
      77,
      67,
      43,
      169,
      101,
      77,
      11,
      255,
      29,
      203,
      143,
      149,
      43,
      80,
      244,
      171,
      114,
      26,
      106,
      196,
      118,
      106,
      13
    ],
    "16": [
      83,
      202,
      157,
      143,
      173,
      134,
      114,
      81,
      67,
      235,
      63,
      241,
      75,
      157,
      176,
      38,
      246,
      58,
      21,
      44,
      143,
      70,
      56,
      112,
      172,
      6,
      249,
      116,
      196,
      250,
      115,
      212
    ],
    "51": [
      173,
      123,
      248,
      34,
      27,
      245,
      102,
      226,
      207,
      23,
      203,
      59,
      127,
      83,
      47,
      112,
      189,
      234,
      36,
      165,
      123,
      197,
      232,
      117,
      83,
      179,
      196,
      232,
      173,
      234,
      0,
      235
    ],
    "28": [
      199,
      28,
      201,
      85,
      221,
      124,
      138,
      130,
      244,
      212,
      156,
      112,
      180,
      3,
      187,
      26,
      79,
      56,
      8,
      47,
      50,
      114,
      85,
      113,
      216,
      14,
      168,
      8,
      183,
      172,
      107,
      142
    ],
    "63": [
      237,
      93,
      138,
      132,
      206,
      83,
      162,
      29,
      149,
      0,
      69,
      159,
      43,
      161,
      141,
      190,
      80,
      128,
      130,
      158,
      12,
      222,
      150,
      11,
      111,
      157,
      135,
      18,
      226,
      8,
      243,
      217
    ],
    "24": [
      94,
      84,
      244,
      116,
      111,
      198,
      98,
      114,
      116,
      198,
      194,
      201,
      0,
      194,
      23,
      203,
      162,
      67,
      51,
      17,
      83,
      243,
      23,
      80,
      210,
      168,
      204,
      0,
      28,
      116,
      78,
      168
    ],
    "59": [
      87,
      58,
      145,
      244,
      249,
      119,
      65,
      125,
      165,
      82,
      25,
      96,
      34,
      6,
      44,
      90,
      144,
      177,
      168,
      45,
      193,
      63,
      221,
      39,
      5,
      51,
      79,
      217,
      50,
      199,
      101,
      26
    ],
    "7": [
      187,
      207,
      240,
      84,
      201,
      153,
      118,
      37,
      35,
      114,
      255,
      138,
      103,
      95,
      163,
      85,
      250,
      94,
      149,
      99,
      2,
      58,
      164,
      219,
      0,
      171,
      198,
      69,
      222,
      151,
      35,
      129
    ],
    "38": [
      151,
      147,
      183,
      187,
      6,
      240,
      94,
      230,
      187,
      107,
      85,
      125,
      233,
      11,
      47,
      148,
      29,
      85,
      138,
      71,
      213,
      108,
      149,
      44,
      187,
      55,
      4,
      23,
      42,
      174,
      87,
      247
    ],
    "3": [
      191,
      44,
      152,
      250,
      128,
      61,
      50,
      33,
      192,
      227,
      139,
      215,
      193,
      13,
      87,
      204,
      185,
      134,
      174,
      140,
      86,
      214,
      63,
      60,
      186,
      187,
      55,
      29,
      123,
      43,
      12,
      234
    ],
    "34": [
      87,
      155,
      105,
      54,
      73,
      97,
      9,
      173,
      43,
      175,
      66,
      198,
      244,
      23,
      223,
      97,
      18,
      158,
      168,
      22,
      179,
      215,
      9,
      168,
      192,
      28,
      233,
      81,
      73,
      141,
      216,
      198
    ],
    "15": [
      224,
      198,
      86,
      221,
      92,
      139,
      255,
      251,
      221,
      241,
      225,
      254,
      169,
      249,
      255,
      96,
      170,
      208,
      223,
      180,
      214,
      191,
      15,
      45,
      37,
      242,
      200,
      46,
      137,
      91,
      130,
      235
    ],
    "46": [
      141,
      140,
      79,
      23,
      177,
      152,
      19,
      223,
      214,
      79,
      12,
      59,
      127,
      7,
      23,
      208,
      202,
      131,
      70,
      21,
      110,
      173,
      77,
      228,
      106,
      62,
      166,
      10,
      174,
      19,
      240,
      173
    ],
    "11": [
      137,
      149,
      87,
      137,
      212,
      109,
      238,
      8,
      201,
      21,
      124,
      249,
      190,
      138,
      207,
      154,
      148,
      197,
      252,
      46,
      9,
      177,
      72,
      207,
      202,
      147,
      154,
      209,
      20,
      117,
      172,
      136
    ],
    "42": [
      93,
      242,
      97,
      253,
      219,
      38,
      240,
      152,
      118,
      185,
      196,
      176,
      169,
      157,
      206,
      29,
      33,
      235,
      213,
      16,
      16,
      94,
      190,
      49,
      238,
      160,
      90,
      157,
      195,
      64,
      200,
      10
    ],
    "23": [
      177,
      107,
      37,
      208,
      79,
      107,
      95,
      112,
      44,
      153,
      109,
      237,
      65,
      183,
      158,
      247,
      48,
      184,
      140,
      206,
      215,
      126,
      201,
      23,
      177,
      153,
      81,
      45,
      242,
      2,
      235,
      142
    ],
    "54": [
      101,
      240,
      140,
      120,
      114,
      98,
      70,
      184,
      6,
      173,
      202,
      120,
      133,
      48,
      29,
      86,
      46,
      205,
      231,
      65,
      4,
      247,
      30,
      59,
      72,
      95,
      36,
      225,
      76,
      165,
      28,
      190
    ],
    "19": [
      189,
      152,
      186,
      151,
      84,
      121,
      209,
      31,
      1,
      177,
      15,
      71,
      107,
      189,
      51,
      181,
      163,
      8,
      219,
      212,
      171,
      70,
      113,
      161,
      182,
      153,
      93,
      38,
      35,
      109,
      7,
      232
    ],
    "50": [
      32,
      147,
      214,
      241,
      66,
      179,
      63,
      60,
      68,
      73,
      187,
      159,
      208,
      211,
      81,
      217,
      171,
      58,
      62,
      139,
      80,
      83,
      218,
      194,
      119,
      170,
      43,
      172,
      200,
      35,
      152,
      236
    ],
    "31": [
      143,
      198,
      31,
      84,
      39,
      250,
      57,
      87,
      178,
      99,
      48,
      251,
      82,
      19,
      225,
      233,
      224,
      113,
      66,
      240,
      24,
      91,
      92,
      122,
      39,
      49,
      152,
      254,
      21,
      217,
      98,
      251
    ],
    "62": [
      119,
      127,
      39,
      32,
      70,
      73,
      52,
      57,
      222,
      38,
      148,
      37,
      240,
      185,
      232,
      58,
      200,
      160,
      198,
      238,
      246,
      109,
      172,
      8,
      86,
      19,
      177,
      110,
      45,
      76,
      162,
      18
    ],
    "27": [
      19,
      187,
      108,
      104,
      212,
      35,
      26,
      26,
      32,
      111,
      239,
      43,
      165,
      159,
      47,
      115,
      230,
      159,
      59,
      12,
      65,
      163,
      231,
      158,
      191,
      208,
      184,
      22,
      189,
      91,
      182,
      100
    ],
    "58": [
      38,
      99,
      2,
      163,
      102,
      127,
      40,
      145,
      71,
      232,
      41,
      41,
      104,
      221,
      164,
      211,
      250,
      99,
      34,
      99,
      189,
      11,
      113,
      240,
      56,
      15,
      138,
      122,
      199,
      238,
      36,
      66
    ]
  },
  "my_cert": [],
  "my_cert_key": [],
  "root_cert": []
}