{
  "net_map": {
    "37": "127.0.0.1:8537",
    "6": "127.0.0.1:8506",
    "33": "127.0.0.1:8533",
    "64": "127.0.0.1:9000",
    "2": "127.0.0.1:8502",
    "45": "127.0.0.1:8545",
    "14": "127.0.0.1:8514",
    "41": "127.0.0.1:8541",
    "10": "127.0.0.1:8510",
    "53": "127.0.0.1:8553",
    "22": "127.0.0.1:8522",
    "49": "127.0.0.1:8549",
    "18": "127.0.0.1:8518",
    "61": "127.0.0.1:8561",
    "30": "127.0.0.1:8530",
    "57": "127.0.0.1:8557",
    "26": "127.0.0.1:8526",
    "5": "127.0.0.1:8505",
    "36": "127.0.0.1:8536",
    "1": "127.0.0.1:8501",
    "32": "127.0.0.1:8532",
    "13": "127.0.0.1:8513",
    "44": "127.0.0.1:8544",
    "9": "127.0.0.1:8509",
    "40": "127.0.0.1:8540",
    "21": "127.0.0.1:8521",
    "52": "127.0.0.1:8552",
    "17": "127.0.0.1:8517",
    "48": "127.0.0.1:8548",
    "29": "127.0.0.1:8529",
    "60": "127.0.0.1:8560",
    "25": "127.0.0.1:8525",
    "56": "127.0.0.1:8556",
    "4": "127.0.0.1:8504",
    "39": "127.0.0.1:8539",
    "0": "127.0.0.1:8500",
    "35": "127.0.0.1:8535",
    "12": "127.0.0.1:8512",
    "47": "127.0.0.1:8547",
    "8": "127.0.0.1:8508",
    "43": "127.0.0.1:8543",
    "20": "127.0.0.1:8520",
    "55": "127.0.0.1:8555",
    "16": "127.0.0.1:8516",
    "51": "127.0.0.1:8551",
    "28": "127.0.0.1:8528",
    "63": "127.0.0.1:8563",
    "24": "127.0.0.1:8524",
    "59": "127.0.0.1:8559",
    "7": "127.0.0.1:8507",
    "38": "127.0.0.1:8538",
    "3": "127.0.0.1:8503",
    "34": "127.0.0.1:8534",
    "15": "127.0.0.1:8515",
    "46": "127.0.0.1:8546",
    "11": "127.0.0.1:8511",
    "42": "127.0.0.1:8542",
    "23": "127.0.0.1:8523",
    "54": "127.0.0.1:8554",
    "19": "127.0.0.1:8519",
    "50": "127.0.0.1:8550",
    "31": "127.0.0.1:8531",
    "62": "127.0.0.1:8562",
    "27": "127.0.0.1:8527",
    "58": "127.0.0.1:8558"
  },
  "delta": 100,
  "id": 47,
  "num_nodes": 64,
  "num_faults": 21,
  "block_size": 100,
  "client_port": 7047,
  "client_addr": "0.0.0.0:5000",
  "payload": 0,
  "prot_payload": "cc,/home/akhil/research/EEBA/libchatter/",
  "crypto_alg": "NOPKI",
  "pk_map": {},
  "secret_key_bytes": [],
  "sk_map": {
    "37": [
      203,
      77,
      119,
      218,
      42,
      32,
      52,
      20,
      211,
      75,
      105,
      224,
      177,
      165,
      141,
      205,
      16,
      92,
      251,
      237,
      198,
      149,
      165,
      26,
      188,
      74,
      146,
      7,
      245,
      123,
      76,
      12
    ],
    "6": [
      249,
      176,
      159,
      86,
      186,
      240,
      185,
      192,
      183,
      76,
      249,
      8,
      164,
      94,
      238,
      91,
      49,
      187,
      19,
      200,
      206,
      244,
      193,
      42,
      157,
      134,
      93,
      201,
      30,
      181,
      14,
      109
    ],
    "33": [
      181,
      136,
      234,
      69,
      187,
      172,
      93,
      140,
      133,
      145,
      210,
      80,
      142,
      139,
      127,
      141,
      168,
      227,
      61,
      100,
      121,
      14,
      219,
      97,
      191,
      157,
      70,
      239,
      110,
      135,
      161,
      199
    ],
    "2": [
      167,
      154,
      28,
      2,
      8,
      120,
      199,
      130,
      87,
      86,
      165,
      194,
      142,
      106,
      170,
      58,
      97,
      47,
      226,
      73,
      51,
      251,
      248,
      40,
      161,
      83,
      160,
      195,
      219,
      74,
      66,
      209
    ],
    "45": [
      5,
      123,
      148,
      94,
      129,
      81,
      234,
      209,
      177,
      25,
      63,
      219,
      242,
      214,
      65,
      176,
      12,
      103,
      254,
      171,
      221,
      151,
      90,
      196,
      179,
      205,
      8,
      26,
      76,
      117,
      48,
      224
    ],
    "14": [
      48,
      141,
      126,
      101,
      45,
      78,
      235,
      201,
      136,
      15,
      60,
      153,
      86,
      157,
      223,
      81,
      0,
      120,
      252,
      188,
      145,
      23,
      252,
      96,
      235,
      126,
      157,
      97,
      170,
      63,
      157,
      199
    ],
    "41": [
      90,
      113,
      211,
      155,
      245,
      92,
      94,
      87,
      102,
      216,
      48,
      156,
      154,
      20,
      211,
      186,
      45,
      156,
      69,
      181,
      95,
      210,
      9,
      148,
      87,
      206,
      48,
      82,
      75,
      213,
      21,
      26
    ],
    "10": [
      210,
      36,
      234,
      178,
      221,
      222,
      19,
      11,
      226,
      20,
      253,
      218,
      73,
      220,
      12,
      171,
      130,
      54,
      203,
      23,
      201,
      64,
      55,
      49,
      67,
      89,
      80,
      211,
      188,
      247,
      231,
      34
    ],
    "53": [
      88,
      86,
      169,
      69,
      227,
      113,
      116,
      96,
      189,
      37,
      234,
      17,
      64,
      126,
      154,
      17,
      8,
      6,
      39,
      209,
      234,
      31,
      96,
      144,
      110,
      208,
      193,
      35,
      242,
      72,
      56,
      80
    ],
    "22": [
      143,
      253,
      174,
      156,
      209,
      36,
      203,
      3,
      225,
      14,
      202,
      138,
      229,
      126,
      156,
      239,
      139,
      136,
      224,
      61,
      176,
      128,
      69,
      157,
      122,
      31,
      38,
      203,
      181,
      23,
      169,
      36
    ],
    "49": [
      142,
      19,
      119,
      28,
      124,
      158,
      21,
      62,
      226,
      78,
      215,
      123,
      139,
      165,
      29,
      203,
      245,
      69,
      111,
      133,
      102,
      122,
      199,
      86,
      45,
      218,
      209,
      137,
      234,
      32,
      148,
      70
    ],
    "18": [
      151,
      97,
      180,
      78,
      60,
      240,
      76,
      3,
      253,
      53,
      158,
      225,
      71,
      198,
      207,
      245,
      234,
      145,
      202,
      45,
      96,
      130,
      38,
      192,
      67,
      167,
      159,
      137,
      30,
      24,
      229,
      17
    ],
    "61": [
      93,
      114,
      116,
      219,
      54,
      231,
      105,
      194,
      39,
      109,
      22,
      145,
      87,
      79,
      65,
      31,
      209,
      117,
      110,
      243,
      222,
      222,
      117,
      57,
      74,
      143,
      254,
      255,
      3,
      16,
      185,
      76
    ],
    "30": [
      139,
      99,
      44,
      131,
      165,
      144,
      193,
      26,
      181,
      93,
      127,
      199,
      155,
      37,
      71,
      95,
      34,
      185,
      39,
      206,
      100,
      62,
      15,
      101,
      51,
      92,
      179,
      162,
      90,
      178,
      69,
      183
    ],
    "57": [
      38,
      50,
      18,
      34,
      162,
      68,
      219,
      215,
      74,
      49,
      107,
      235,
      244,
      61,
      211,
      222,
      118,
      232,
      155,
      87,
      202,
      104,
      144,
      201,
      44,
      240,
      99,
      165,
      158,
      27,
      238,
      121
    ],
    "26": [
      59,
      196,
      142,
      214,
      103,
      58,
      210,
      58,
      247,
      134,
      125,
      70,
      110,
      250,
      149,
      155,
      64,
      4,
      89,
      187,
      200,
      220,
      1,
      188,
      93,
      205,
      4,
      197,
      210,
      214,
      71,
      34
    ],
    "5": [
      34,
      234,
      167,
      194,
      118,
      123,
      178,
      9,
      49,
      13,
      242,
      169,
      42,
      201,
      195,
      13,
      157,
      31,
      193,
      64,
      202,
      9,
      55,
      192,
      154,
      31,
      163,
      175,
      188,
      126,
      68,
      115
    ],
    "36": [
      195,
      53,
      151,
      216,
      137,
      5,
      67,
      129,
      179,
      224,
      81,
      113,
      40,
      98,
      92,
      89,
      105,
      88,
      59,
      61,
      242,
      36,
      24,
      217,
      137,
      73,
      100,
      40,
      217,
      72,
      168,
      101
    ],
    "1": [
      130,
      39,
      41,
      155,
      6,
      3,
      36,
      159,
      39,
      152,
      93,
      226,
      174,
      246,
      66,
      64,
      13,
      148,
      35,
      189,
      183,
      143,
      229,
      82,
      54,
      129,
      116,
      158,
      147,
      48,
      133,
      209
    ],
    "32": [
      62,
      85,
      192,
      136,
      146,
      72,
      105,
      226,
      237,
      40,
      121,
      41,
      166,
      100,
      72,
      221,
      36,
      85,
      171,
      164,
      254,
      224,
      8,
      12,
      163,
      28,
      80,
      211,
      193,
      16,
      170,
      89
    ],
    "13": [
      91,
      245,
      22,
      249,
      142,
      52,
      125,
      100,
      235,
      213,
      14,
      4,
      243,
      65,
      254,
      104,
      60,
      0,
      38,
      240,
      243,
      65,
      91,
      174,
      220,
      228,
      17,
      2,
      38,
      171,
      173,
      233
    ],
    "44": [
      153,
      211,
      28,
      31,
      254,
      29,
      207,
      225,
      15,
      127,
      250,
      3,
      157,
      94,
      147,
      187,
      94,
      218,
      34,
      229,
      19,
      109,
      55,
      77,
      167,
      237,
      209,
      111,
      222,
      8,
      124,
      92
    ],
    "9": [
      233,
      10,
      28,
      159,
      16,
      210,
      99,
      243,
      236,
      139,
      177,
      199,
      204,
      21,
      215,
      61,
      186,
      52,
      132,
      155,
      196,
      172,
      25,
      231,
      73,
      162,
      2,
      228,
      29,
      231,
      122,
      231
    ],
    "40": [
      87,
      107,
      123,
      251,
      120,
      94,
      18,
      59,
      107,
      215,
      83,
      144,
      47,
      103,
      194,
      227,
      181,
      35,
      166,
      91,
      20,
      140,
      140,
      212,
      82,
      208,
      100,
      14,
      162,
      213,
      236,
      227
    ],
    "21": [
      24,
      88,
      154,
      150,
      6,
      181,
      49,
      150,
      106,
      126,
      37,
      250,
      218,
      100,
      200,
      123,
      175,
      250,
      50,
      245,
      140,
      168,
      169,
      123,
      115,
      10,
      38,
      83,
      168,
      86,
      130,
      46
    ],
    "52": [
      225,
      2,
      216,
      107,
      212,
      153,
      10,
      253,
      139,
      10,
      239,
      70,
      28,
      227,
      250,
      118,
      32,
      45,
      227,
      100,
      198,
      188,
      112,
      61,
      118,
      159,
      112,
      14,
      72,
      185,
      173,
      35
    ],
    "17": [
      200,
      209,
      108,
      123,
      11,
      76,
      225,
      144,
      197,
      241,
      118,
      91,
      168,
      108,
      223,
      107,
      213,
      206,
      64,
      47,
      51,
      76,
      188,
      205,
      16,
      168,
      211,
      35,
      241,
      156,
      193,
      131
    ],
    "48": [
      92,
      228,
      7,
      72,
      84,
      124,
      148,
      209,
      196,
      72,
      205,
      168,
      148,
      46,
      170,
      247,
      177,
      208,
      212,
      174,
      43,
      189,
      208,
      33,
      95,
      103,
      143,
      81,
      30,
      243,
      85,
      18
    ],
    "29": [
      26,
      67,
      203,
      154,
      79,
      144,
      23,
      101,
      163,
      190,
      82,
      242,
      216,
      123,
      236,
      173,
      36,
      125,
      79,
      134,
      172,
      39,
      52,
      151,
      210,
      154,
      6,
      150,
      65,
      142,
      180,
      155
    ],
    "60": [
      87,
      207,
      217,
      247,
      27,
      18,
      172,
      79,
      188,
      114,
      159,
      48,
      112,
      129,
      76,
      243,
      111,
      84,
      45,
      152,
      129,
      86,
      253,
      117,
      14,
      145,
      37,
      37,
      129,
      24,
      48,
      234
    ],
    "25": [
      16,
      156,
      77,
      228,
      54,
      248,
      249,
      138,
      65,
      215,
      6,
      83,
      252,
      77,
      248,
      17,
      120,
      243,
      55,
      67,
      28,
      63,
      172,
      243,
      73,
      151,
      254,
      110,
      26,
      68,
      37,
      178
    ],
    "56": [
      165,
      141,
      35,
      225,
      203,
      88,
      129,
      34,
      13,
      45,
      74,
      243,
      213,
      31,
      140,
      128,
      118,
      247,
      194,
      192,
      173,
      188,
      107,
      118,
      97,
      141,
      181,
      169,
      35,
      57,
      158,
      150
    ],
    "4": [
      181,
      91,
      220,
      185,
      143,
      44,
      186,
      149,
      243,
      170,
      28,
      184,
      67,
      51,
      199,
      195,
      194,
      251,
      241,
      242,
      230,
      87,
      219,
      162,
      66,
      177,
      192,
      209,
      55,
      38,
      91,
      8
    ],
    "39": [
      246,
      211,
      77,
      147,
      18,
      81,
      18,
      15,
      137,
      20,
      24,
      106,
      242,
      126,
      61,
      217,
      245,
      84,
      225,
      154,
      167,
      215,
      209,
      85,
      239,
      195,
      90,
      251,
      46,
      12,
      50,
      71
    ],
    "0": [
      102,
      97,
      225,
      151,
      75,
      181,
      220,
      92,
      240,
      82,
      146,
      137,
      176,
      11,
      138,
      244,
      114,
      219,
      79,
      126,
      155,
      83,
      146,
      218,
      19,
      195,
      100,
      56,
      176,
      136,
      242,
      74
    ],
    "35": [
      225,
      10,
      32,
      132,
      234,
      187,
      152,
      93,
      184,
      136,
      76,
      126,
      224,
      180,
      34,
      244,
      252,
      63,
      207,
      35,
      207,
      226,
      75,
      33,
      219,
      207,
      225,
      84,
      134,
      225,
      203,
      186
    ],
    "12": [
      112,
      203,
      161,
      47,
      58,
      47,
      14,
      61,
      132,
      151,
      214,
      90,
      212,
      214,
      106,
      16,
      242,
      64,
      177,
      234,
      248,
      152,
      16,
      248,
      40,
      234,
      54,
      88,
      233,
      4,
      36,
      40
    ],
    "47": [
      207,
      54,
      247,
      174,
      214,
      222,
      48,
      193,
      19,
      178,
      213,
      246,
      125,
      239,
      64,
      162,
      245,
      52,
      86,
      38,
      41,
      99,
      165,
      133,
      195,
      83,
      222,
      117,
      203,
      230,
      10,
      174
    ],
    "8": [
      213,
      212,
      66,
      149,
      175,
      45,
      254,
      116,
      68,
      43,
      214,
      73,
      178,
      187,
      182,
      203,
      207,
      113,
      153,
      151,
      44,
      43,
      48,
      40,
      112,
      200,
      44,
      244,
      20,
      186,
      134,
      197
    ],
    "43": [
      5,
      231,
      76,
      94,
      83,
      167,
      146,
      6,
      237,
      30,
      50,
      42,
      16,
      198,
      126,
      243,
      152,
      58,
      91,
      179,
      167,
      105,
      82,
      39,
      130,
      152,
      64,
      55,
      234,
      4,
      240,
      104
    ],
    "20": [
      107,
      185,
      137,
      223,
      197,
      244,
      173,
      192,
      108,
      88,
      23,
      77,
      53,
      31,
      63,
      43,
      231,
      146,
      120,
      11,
      57,
      252,
      235,
      240,
      140,
      92,
      97,
      164,
      174,
      110,
      44,
      212
    ],
    "55": [
      171,
      246,
      70,
      123,
      142,
      201,
      112,
      218,
      21,
      190,
      61,
      240,
      137,
      101,
      216,
      113,
      122,
      135,
      156,
      205,
      179,
      40,
      19,
      5,
      143,
      221,
      179,
      93,
      159,
      238,
      233,
      117
    ],
    "16": [
      191,
      222,
      38,
      210,
      204,
      163,
      107,
      90,
      199,
      31,
      0,
      65,
      69,
      179,
      142,
      60,
      36,
      187,
      219,
      87,
      108,
      56,
      71,
      185,
      19,
      58,
      109,
      118,
      128,
      118,
      206,
      203
    ],
    "51": [
      30,
      62,
      83,
      78,
      124,
      190,
      29,
      27,
      156,
      9,
      209,
      3,
      117,
      90,
      51,
      162,
      96,
      223,
      101,
      150,
      255,
      11,
      37,
      30,
      183,
      235,
      188,
      185,
      9,
      62,
      92,
      73
    ],
    "28": [
      31,
      227,
      158,
      194,
      48,
      172,
      236,
      104,
      216,
      157,
      181,
      148,
      2,
      72,
      87,
      115,
      108,
      107,
      233,
      178,
      17,
      29,
      15,
      116,
      218,
      109,
      193,
      106,
      146,
      18,
      135,
      43
    ],
    "63": [
      108,
      126,
      183,
      200,
      4,
      105,
      212,
      37,
      160,
      218,
      248,
      47,
      112,
      101,
      64,
      143,
      73,
      49,
      186,
      116,
      128,
      37,
      238,
      164,
      196,
      144,
      109,
      62,
      54,
      121,
      162,
      37
    ],
    "24": [
      114,
      79,
      166,
      224,
      227,
      165,
      115,
      121,
      228,
      9,
      244,
      175,
      254,
      135,
      166,
      53,
      147,
      200,
      53,
      203,
      203,
      186,
      111,
      7,
      231,
      237,
      67,
      218,
      206,
      128,
      122,
      25
    ],
    "59": [
      48,
      253,
      207,
      89,
      236,
      114,
      106,
      90,
      114,
      232,
      40,
      233,
      84,
      64,
      233,
      101,
      56,
      189,
      33,
      59,
      81,
      166,
      24,
      218,
      101,
      52,
      136,
      168,
      117,
      218,
      252,
      151
    ],
    "7": [
      152,
      104,
      191,
      177,
      72,
      27,
      82,
      149,
      62,
      61,
      25,
      189,
      59,
      240,
      108,
      74,
      214,
      236,
      162,
      40,
      169,
      181,
      74,
      45,
      119,
      197,
      206,
      207,
      155,
      43,
      141,
      145
    ],
    "38": [
      226,
      170,
      70,
      169,
      182,
      169,
      187,
      218,
      172,
      64,
      4,
      68,
      34,
      199,
      12,
      47,
      208,
      17,
      11,
      55,
      167,
      88,
      148,
      236,
      76,
      172,
      113,
      213,
      134,
      33,
      227,
      104
    ],
    "3": [
      201,
      162,
      100,
      13,
      3,
      215,
      220,
      145,
      162,
      98,
      105,
      227,
      146,
      94,
      128,
      9,
      158,
      246,
      84,
      173,
      207,
      110,
      95,
      166,
      205,
      188,
      102,
      140,
      164,
      164,
      119,
      87
    ],
    "34": [
      86,
      245,
      205,
      70,
      219,
      40,
      148,
      125,
      222,
      192,
      191,
      189,
      1,
      6,
      12,
      239,
      78,
      99,
      233,
      67,
      81,
      150,
      68,
      99,
      35,
      219,
      41,
      28,
      107,
      23,
      149,
      1
    ],
    "15": [
      250,
      42,
      234,
      76,
      38,
      10,
      224,
      8,
      187,
      186,
      95,
      248,
      213,
      246,
      92,
      174,
      180,
      116,
      120,
      0,
      107,
      23,
      70,
      255,
      253,
      84,
      193,
      235,
      144,
      112,
      21,
      198
    ],
    "46": [
      239,
      61,
      237,
      235,
      218,
      211,
      219,
      94,
      74,
      183,
      196,
      197,
      180,
      25,
      0,
      251,
      206,
      79,
      101,
      228,
      2,
      171,
      78,
      23,
      170,
      12,
      121,
      92,
      202,
      129,
      105,
      253
    ],
    "11": [
      150,
      120,
      3,
      176,
      12,
      116,
      72,
      166,
      203,
      114,
      192,
      227,
      106,
      95,
      228,
      41,
      17,
      1,
      241,
      148,
      171,
      67,
      243,
      11,
      108,
      51,
      20,
      91,
      22,
      231,
      217,
      9
    ],
    "42": [
      154,
      193,
      201,
      38,
      87,
      114,
      125,
      122,
      33,
      121,
      247,
      217,
      101,
      205,
      169,
      1,
      36,
      26,
      25,
      207,
      132,
      241,
      68,
      59,
      141,
      204,
      185,
      45,
      206,
      235,
      156,
      75
    ],
    "23": [
      43,
      227,
      75,
      79,
      23,
      67,
      215,
      196,
      251,
      106,
      222,
      243,
      205,
      68,
      93,
      26,
      242,
      64,
      106,
      245,
      147,
      0,
      198,
      222,
      52,
      194,
      15,
      187,
      65,
      239,
      89,
      100
    ],
    "54": [
      24,
      226,
      107,
      107,
      215,
      2,
      248,
      43,
      88,
      115,
      13,
      21,
      15,
      214,
      162,
      23,
      170,
      43,
      161,
      149,
      179,
      225,
      18,
      148,
      99,
      46,
      68,
      224,
      251,
      165,
      64,
      146
    ],
    "19": [
      193,
      174,
      228,
      191,
      70,
      224,
      150,
      140,
      123,
      214,
      163,
      27,
      12,
      105,
      218,
      104,
      176,
      168,
      53,
      254,
      159,
      137,
      131,
      106,
      174,
      37,
      225,
      57,
      164,
      169,
      228,
      180
    ],
    "50": [
      229,
      207,
      213,
      4,
      178,
      229,
      47,
      0,
      238,
      210,
      125,
      46,
      131,
      48,
      28,
      176,
      2,
      214,
      113,
      222,
      126,
      128,
      106,
      156,
      30,
      6,
      190,
      187,
      23,
      170,
      172,
      237
    ],
    "31": [
      55,
      230,
      202,
      238,
      190,
      142,
      209,
      82,
      106,
      208,
      51,
      57,
      174,
      226,
      246,
      217,
      90,
      228,
      152,
      34,
      137,
      46,
      159,
      252,
      143,
      184,
      88,
      67,
      189,
      73,
      207,
      214
    ],
    "62": [
      138,
      133,
      164,
      146,
      5,
      94,
      186,
      14,
      29,
      54,
      38,
      1,
      127,
      217,
      122,
      92,
      155,
      160,
      180,
      173,
      52,
      170,
      233,
      73,
      106,
      116,
      34,
      248,
      89,
      59,
      92,
      70
    ],
    "27": [
      66,
      232,
      83,
      164,
      244,
      111,
      51,
      146,
      202,
      205,
      201,
      112,
      87,
      252,
      67,
      115,
      44,
      93,
      66,
      155,
      223,
      125,
      185,
      119,
      237,
      125,
      113,
      109,
      151,
      107,
      216,
      39
    ],
    "58": [
      71,
      174,
      250,
      126,
      167,
      86,
      81,
      113,
      210,
      168,
      240,
      130,
      74,
      201,
      252,
      17,
      36,
      162,
      181,
      106,
      23,
      254,
      214,
      79,
      254,
      146,
      219,
      189,
      247,
      29,
      29,
      211
    ]
  },
  "my_cert": [],
  "my_cert_key": [],
  "root_cert": []
}