{
  "net_map": {
    "37": "127.0.0.1:8537",
    "6": "127.0.0.1:8506",
    "33": "127.0.0.1:8533",
    "64": "127.0.0.1:9000",
    "2": "127.0.0.1:8502",
    "45": "127.0.0.1:8545",
    "14": "127.0.0.1:8514",
    "41": "127.0.0.1:8541",
    "10": "127.0.0.1:8510",
    "53": "127.0.0.1:8553",
    "22": "127.0.0.1:8522",
    "49": "127.0.0.1:8549",
    "18": "127.0.0.1:8518",
    "61": "127.0.0.1:8561",
    "30": "127.0.0.1:8530",
    "57": "127.0.0.1:8557",
    "26": "127.0.0.1:8526",
    "5": "127.0.0.1:8505",
    "36": "127.0.0.1:8536",
    "1": "127.0.0.1:8501",
    "32": "127.0.0.1:8532",
    "13": "127.0.0.1:8513",
    "44": "127.0.0.1:8544",
    "9": "127.0.0.1:8509",
    "40": "127.0.0.1:8540",
    "21": "127.0.0.1:8521",
    "52": "127.0.0.1:8552",
    "17": "127.0.0.1:8517",
    "48": "127.0.0.1:8548",
    "29": "127.0.0.1:8529",
    "60": "127.0.0.1:8560",
    "25": "127.0.0.1:8525",
    "56": "127.0.0.1:8556",
    "4": "127.0.0.1:8504",
    "39": "127.0.0.1:8539",
    "0": "127.0.0.1:8500",
    "35": "127.0.0.1:8535",
    "12": "127.0.0.1:8512",
    "47": "127.0.0.1:8547",
    "8": "127.0.0.1:8508",
    "43": "127.0.0.1:8543",
    "20": "127.0.0.1:8520",
    "55": "127.0.0.1:8555",
    "16": "127.0.0.1:8516",
    "51": "127.0.0.1:8551",
    "28": "127.0.0.1:8528",
    "63": "127.0.0.1:8563",
    "24": "127.0.0.1:8524",
    "59": "127.0.0.1:8559",
    "7": "127.0.0.1:8507",
    "38": "127.0.0.1:8538",
    "3": "127.0.0.1:8503",
    "34": "127.0.0.1:8534",
    "15": "127.0.0.1:8515",
    "46": "127.0.0.1:8546",
    "11": "127.0.0.1:8511",
    "42": "127.0.0.1:8542",
    "23": "127.0.0.1:8523",
    "54": "127.0.0.1:8554",
    "19": "127.0.0.1:8519",
    "50": "127.0.0.1:8550",
    "31": "127.0.0.1:8531",
    "62": "127.0.0.1:8562",
    "27": "127.0.0.1:8527",
    "58": "127.0.0.1:8558"
  },
  "delta": 100,
  "id": 51,
  "num_nodes": 64,
  "num_faults": 21,
  "block_size": 100,
  "client_port": 7051,
  "client_addr": "0.0.0.0:5000",
  "payload": 0,
  "prot_payload": "cc,/home/akhil/research/EEBA/libchatter/",
  "crypto_alg": "NOPKI",
  "pk_map": {},
  "secret_key_bytes": [],
  "sk_map": {
    "37": [
      93,
      92,
      169,
      64,
      53,
      149,
      233,
      25,
      26,
      228,
      17,
      79,
      116,
      173,
      128,
      29,
      135,
      83,
      204,
      120,
      189,
      70,
      13,
      213,
      212,
      191,
      242,
      243,
      227,
      106,
      208,
      165
    ],
    "6": [
      173,
      123,
      248,
      34,
      27,
      245,
      102,
      226,
      207,
      23,
      203,
      59,
      127,
      83,
      47,
      112,
      189,
      234,
      36,
      165,
      123,
      197,
      232,
      117,
      83,
      179,
      196,
      232,
      173,
      234,
      0,
      235
    ],
    "33": [
      139,
      25,
      107,
      96,
      250,
      91,
      0,
      220,
      95,
      10,
      156,
      70,
      0,
      108,
      137,
      149,
      196,
      170,
      48,
      205,
      69,
      248,
      66,
      194,
      195,
      48,
      109,
      233,
      95,
      168,
      161,
      110
    ],
    "2": [
      238,
      169,
      183,
      22,
      183,
      55,
      38,
      75,
      14,
      71,
      154,
      14,
      52,
      75,
      120,
      18,
      64,
      42,
      89,
      157,
      18,
      45,
      80,
      108,
      254,
      246,
      109,
      162,
      84,
      240,
      113,
      1
    ],
    "45": [
      52,
      150,
      14,
      43,
      103,
      111,
      124,
      8,
      175,
      176,
      142,
      156,
      39,
      197,
      193,
      116,
      200,
      78,
      136,
      47,
      226,
      230,
      201,
      80,
      146,
      95,
      203,
      163,
      116,
      217,
      196,
      250
    ],
    "14": [
      143,
      197,
      105,
      74,
      226,
      239,
      232,
      183,
      177,
      8,
      220,
      100,
      165,
      138,
      190,
      43,
      123,
      209,
      196,
      23,
      150,
      126,
      62,
      62,
      9,
      37,
      11,
      206,
      130,
      28,
      193,
      128
    ],
    "41": [
      50,
      202,
      245,
      143,
      223,
      79,
      236,
      23,
      107,
      109,
      39,
      67,
      58,
      122,
      226,
      81,
      38,
      119,
      139,
      64,
      169,
      166,
      21,
      87,
      85,
      182,
      88,
      187,
      169,
      182,
      251,
      116
    ],
    "10": [
      155,
      144,
      12,
      186,
      22,
      109,
      32,
      43,
      192,
      166,
      87,
      18,
      127,
      188,
      186,
      85,
      70,
      71,
      148,
      207,
      142,
      163,
      202,
      193,
      145,
      215,
      30,
      106,
      114,
      125,
      231,
      151
    ],
    "53": [
      130,
      243,
      199,
      65,
      43,
      166,
      70,
      230,
      175,
      125,
      120,
      147,
      29,
      145,
      193,
      167,
      34,
      111,
      118,
      17,
      10,
      3,
      101,
      200,
      188,
      167,
      184,
      52,
      202,
      42,
      213,
      187
    ],
    "22": [
      92,
      222,
      165,
      85,
      50,
      22,
      76,
      147,
      182,
      44,
      73,
      184,
      87,
      151,
      119,
      62,
      108,
      38,
      1,
      26,
      61,
      194,
      174,
      179,
      149,
      168,
      122,
      119,
      195,
      34,
      43,
      171
    ],
    "49": [
      74,
      109,
      4,
      117,
      221,
      121,
      245,
      228,
      142,
      70,
      154,
      38,
      43,
      154,
      38,
      122,
      79,
      40,
      179,
      128,
      18,
      86,
      206,
      28,
      154,
      210,
      122,
      6,
      70,
      213,
      92,
      242
    ],
    "18": [
      185,
      111,
      94,
      119,
      155,
      119,
      208,
      164,
      97,
      193,
      39,
      7,
      195,
      78,
      53,
      93,
      195,
      141,
      215,
      133,
      3,
      36,
      205,
      57,
      10,
      192,
      104,
      204,
      186,
      204,
      56,
      33
    ],
    "61": [
      195,
      46,
      172,
      120,
      187,
      121,
      210,
      99,
      220,
      234,
      5,
      163,
      11,
      13,
      133,
      203,
      110,
      15,
      105,
      97,
      189,
      168,
      125,
      244,
      61,
      12,
      167,
      194,
      238,
      33,
      202,
      23
    ],
    "30": [
      146,
      114,
      225,
      173,
      146,
      243,
      67,
      252,
      191,
      94,
      93,
      68,
      235,
      16,
      243,
      226,
      206,
      183,
      44,
      119,
      242,
      170,
      247,
      118,
      122,
      127,
      199,
      83,
      81,
      209,
      176,
      15
    ],
    "57": [
      252,
      56,
      169,
      207,
      27,
      202,
      233,
      127,
      138,
      197,
      197,
      221,
      138,
      247,
      93,
      173,
      157,
      80,
      172,
      220,
      25,
      192,
      7,
      164,
      188,
      116,
      46,
      132,
      82,
      22,
      81,
      78
    ],
    "26": [
      184,
      15,
      37,
      152,
      152,
      45,
      141,
      33,
      22,
      15,
      86,
      111,
      210,
      196,
      210,
      22,
      30,
      192,
      18,
      201,
      118,
      4,
      237,
      72,
      91,
      131,
      43,
      243,
      145,
      242,
      16,
      252
    ],
    "5": [
      235,
      31,
      135,
      206,
      42,
      84,
      105,
      109,
      192,
      228,
      72,
      224,
      13,
      88,
      107,
      183,
      222,
      217,
      75,
      218,
      190,
      197,
      41,
      54,
      220,
      148,
      105,
      97,
      192,
      209,
      147,
      67
    ],
    "36": [
      182,
      105,
      200,
      218,
      242,
      187,
      195,
      137,
      17,
      84,
      11,
      29,
      114,
      204,
      228,
      5,
      90,
      52,
      15,
      156,
      11,
      25,
      204,
      72,
      143,
      57,
      190,
      110,
      173,
      195,
      160,
      122
    ],
    "1": [
      109,
      200,
      245,
      96,
      147,
      65,
      131,
      109,
      200,
      42,
      20,
      203,
      5,
      126,
      234,
      19,
      115,
      230,
      21,
      181,
      47,
      138,
      85,
      236,
      216,
      50,
      23,
      134,
      99,
      118,
      67,
      210
    ],
    "32": [
      194,
      13,
      5,
      180,
      250,
      108,
      83,
      113,
      201,
      122,
      243,
      115,
      214,
      85,
      119,
      166,
      96,
      168,
      120,
      10,
      195,
      39,
      158,
      109,
      37,
      25,
      246,
      187,
      43,
      178,
      226,
      94
    ],
    "13": [
      2,
      144,
      157,
      122,
      184,
      56,
      119,
      76,
      194,
      77,
      15,
      55,
      67,
      86,
      108,
      181,
      182,
      79,
      39,
      155,
      39,
      233,
      115,
      198,
      195,
      230,
      216,
      22,
      26,
      172,
      8,
      86
    ],
    "44": [
      76,
      83,
      171,
      228,
      129,
      211,
      197,
      137,
      40,
      93,
      59,
      75,
      210,
      96,
      198,
      206,
      7,
      134,
      4,
      189,
      246,
      191,
      92,
      190,
      250,
      193,
      85,
      255,
      131,
      226,
      34,
      208
    ],
    "9": [
      24,
      53,
      5,
      58,
      185,
      190,
      47,
      115,
      62,
      7,
      88,
      76,
      192,
      121,
      8,
      158,
      150,
      217,
      136,
      197,
      77,
      143,
      224,
      229,
      200,
      162,
      205,
      201,
      165,
      51,
      49,
      81
    ],
    "40": [
      163,
      16,
      127,
      140,
      190,
      215,
      50,
      128,
      177,
      11,
      253,
      43,
      48,
      93,
      108,
      96,
      77,
      50,
      79,
      251,
      140,
      101,
      26,
      241,
      18,
      210,
      138,
      93,
      141,
      22,
      163,
      125
    ],
    "21": [
      79,
      198,
      245,
      79,
      134,
      210,
      2,
      213,
      42,
      89,
      109,
      247,
      171,
      74,
      89,
      254,
      40,
      35,
      237,
      225,
      2,
      5,
      196,
      173,
      233,
      137,
      20,
      218,
      186,
      226,
      220,
      111
    ],
    "52": [
      136,
      85,
      225,
      119,
      53,
      32,
      202,
      208,
      197,
      131,
      197,
      154,
      247,
      123,
      3,
      155,
      232,
      76,
      87,
      140,
      135,
      172,
      89,
      226,
      27,
      254,
      70,
      83,
      129,
      29,
      76,
      93
    ],
    "17": [
      173,
      72,
      127,
      251,
      138,
      41,
      161,
      14,
      20,
      122,
      125,
      134,
      215,
      188,
      158,
      185,
      129,
      1,
      98,
      132,
      4,
      234,
      199,
      59,
      192,
      188,
      92,
      242,
      193,
      188,
      6,
      43
    ],
    "48": [
      29,
      167,
      199,
      40,
      197,
      63,
      157,
      28,
      171,
      182,
      100,
      11,
      152,
      245,
      86,
      31,
      53,
      34,
      11,
      31,
      114,
      189,
      216,
      2,
      247,
      176,
      67,
      97,
      33,
      158,
      116,
      236
    ],
    "29": [
      14,
      22,
      134,
      235,
      255,
      208,
      61,
      211,
      175,
      55,
      236,
      239,
      127,
      6,
      198,
      179,
      148,
      64,
      43,
      209,
      163,
      26,
      81,
      86,
      26,
      78,
      25,
      103,
      112,
      204,
      218,
      9
    ],
    "60": [
      35,
      141,
      64,
      67,
      181,
      173,
      6,
      216,
      178,
      229,
      214,
      17,
      247,
      15,
      149,
      53,
      247,
      248,
      195,
      20,
      5,
      206,
      122,
      52,
      102,
      77,
      206,
      178,
      11,
      136,
      205,
      183
    ],
    "25": [
      52,
      85,
      95,
      119,
      225,
      113,
      42,
      116,
      243,
      22,
      37,
      56,
      160,
      15,
      38,
      191,
      135,
      253,
      193,
      214,
      196,
      43,
      84,
      41,
      150,
      23,
      95,
      96,
      239,
      118,
      102,
      218
    ],
    "56": [
      199,
      228,
      132,
      14,
      12,
      181,
      61,
      241,
      184,
      31,
      9,
      145,
      218,
      143,
      31,
      194,
      4,
      58,
      127,
      231,
      210,
      34,
      247,
      233,
      254,
      239,
      33,
      62,
      58,
      240,
      79,
      136
    ],
    "4": [
      53,
      200,
      206,
      39,
      77,
      202,
      111,
      71,
      223,
      1,
      201,
      52,
      85,
      255,
      199,
      44,
      108,
      83,
      196,
      196,
      145,
      30,
      161,
      66,
      2,
      156,
      160,
      70,
      240,
      220,
      222,
      203
    ],
    "39": [
      161,
      21,
      153,
      32,
      147,
      149,
      57,
      72,
      2,
      169,
      64,
      81,
      27,
      128,
      183,
      17,
      191,
      78,
      206,
      132,
      113,
      120,
      105,
      254,
      141,
      244,
      216,
      46,
      144,
      33,
      11,
      193
    ],
    "0": [
      141,
      56,
      65,
      214,
      220,
      194,
      18,
      120,
      144,
      180,
      64,
      11,
      253,
      18,
      232,
      139,
      76,
      88,
      214,
      63,
      230,
      8,
      233,
      134,
      19,
      40,
      225,
      45,
      62,
      168,
      3,
      96
    ],
    "35": [
      217,
      174,
      126,
      237,
      65,
      235,
      11,
      110,
      146,
      135,
      249,
      47,
      228,
      216,
      47,
      67,
      205,
      163,
      53,
      50,
      8,
      128,
      66,
      115,
      139,
      203,
      61,
      98,
      235,
      232,
      49,
      161
    ],
    "12": [
      179,
      30,
      148,
      111,
      22,
      136,
      150,
      195,
      178,
      124,
      111,
      28,
      183,
      242,
      177,
      173,
      90,
      73,
      37,
      7,
      114,
      99,
      24,
      11,
      168,
      166,
      51,
      53,
      240,
      49,
      142,
      45
    ],
    "47": [
      30,
      62,
      83,
      78,
      124,
      190,
      29,
      27,
      156,
      9,
      209,
      3,
      117,
      90,
      51,
      162,
      96,
      223,
      101,
      150,
      255,
      11,
      37,
      30,
      183,
      235,
      188,
      185,
      9,
      62,
      92,
      73
    ],
    "8": [
      128,
      108,
      218,
      98,
      34,
      56,
      39,
      65,
      137,
      218,
      78,
      143,
      69,
      103,
      35,
      25,
      253,
      134,
      31,
      190,
      175,
      227,
      199,
      105,
      234,
      237,
      232,
      195,
      51,
      14,
      157,
      176
    ],
    "43": [
      143,
      166,
      151,
      52,
      163,
      71,
      159,
      59,
      35,
      36,
      131,
      250,
      78,
      66,
      18,
      217,
      185,
      133,
      245,
      110,
      88,
      205,
      185,
      131,
      212,
      196,
      196,
      0,
      40,
      95,
      99,
      209
    ],
    "20": [
      2,
      186,
      191,
      153,
      194,
      66,
      240,
      15,
      230,
      202,
      111,
      155,
      163,
      142,
      6,
      68,
      192,
      71,
      129,
      38,
      155,
      152,
      15,
      200,
      46,
      33,
      45,
      155,
      91,
      79,
      176,
      125
    ],
    "55": [
      253,
      18,
      212,
      213,
      85,
      172,
      66,
      124,
      205,
      219,
      253,
      66,
      120,
      180,
      97,
      49,
      242,
      213,
      50,
      59,
      162,
      112,
      152,
      90,
      91,
      148,
      43,
      161,
      36,
      247,
      221,
      220
    ],
    "16": [
      35,
      213,
      240,
      2,
      56,
      9,
      130,
      121,
      74,
      206,
      97,
      210,
      227,
      24,
      108,
      88,
      59,
      176,
      156,
      15,
      134,
      177,
      191,
      172,
      56,
      63,
      59,
      135,
      82,
      220,
      132,
      252
    ],
    "51": [
      199,
      225,
      72,
      101,
      113,
      77,
      192,
      79,
      0,
      179,
      35,
      162,
      119,
      28,
      159,
      110,
      150,
      112,
      118,
      145,
      41,
      27,
      119,
      245,
      67,
      174,
      112,
      158,
      125,
      95,
      19,
      38
    ],
    "28": [
      20,
      250,
      22,
      71,
      179,
      17,
      175,
      155,
      125,
      120,
      37,
      151,
      208,
      160,
      83,
      174,
      15,
      3,
      202,
      91,
      7,
      161,
      144,
      205,
      139,
      216,
      18,
      116,
      76,
      101,
      6,
      86
    ],
    "63": [
      7,
      188,
      183,
      212,
      30,
      131,
      152,
      40,
      14,
      33,
      123,
      42,
      104,
      89,
      138,
      68,
      98,
      168,
      156,
      147,
      189,
      122,
      93,
      116,
      21,
      217,
      134,
      240,
      58,
      184,
      3,
      108
    ],
    "24": [
      243,
      214,
      214,
      18,
      243,
      66,
      209,
      199,
      66,
      232,
      225,
      73,
      70,
      246,
      32,
      254,
      115,
      200,
      243,
      58,
      169,
      103,
      60,
      205,
      66,
      161,
      8,
      179,
      191,
      55,
      85,
      69
    ],
    "59": [
      176,
      115,
      40,
      199,
      50,
      59,
      123,
      156,
      134,
      44,
      108,
      4,
      171,
      251,
      162,
      101,
      69,
      98,
      87,
      118,
      112,
      193,
      73,
      156,
      230,
      220,
      222,
      200,
      8,
      160,
      109,
      193
    ],
    "7": [
      4,
      78,
      178,
      159,
      252,
      122,
      80,
      133,
      59,
      6,
      156,
      3,
      6,
      174,
      84,
      146,
      104,
      167,
      47,
      26,
      26,
      56,
      47,
      96,
      61,
      129,
      79,
      248,
      103,
      26,
      129,
      7
    ],
    "38": [
      237,
      35,
      198,
      159,
      91,
      8,
      106,
      134,
      226,
      21,
      148,
      90,
      36,
      83,
      19,
      249,
      132,
      159,
      36,
      146,
      216,
      28,
      144,
      254,
      212,
      168,
      47,
      38,
      249,
      158,
      103,
      116
    ],
    "3": [
      103,
      160,
      212,
      151,
      19,
      247,
      123,
      47,
      38,
      40,
      14,
      139,
      216,
      40,
      161,
      192,
      237,
      81,
      86,
      2,
      50,
      97,
      95,
      100,
      163,
      83,
      24,
      211,
      232,
      58,
      52,
      72
    ],
    "34": [
      148,
      191,
      156,
      111,
      26,
      119,
      21,
      176,
      77,
      206,
      44,
      68,
      191,
      197,
      66,
      224,
      66,
      109,
      35,
      179,
      102,
      23,
      51,
      50,
      230,
      103,
      100,
      76,
      238,
      251,
      47,
      138
    ],
    "15": [
      221,
      57,
      157,
      12,
      10,
      5,
      172,
      31,
      124,
      217,
      184,
      248,
      240,
      233,
      49,
      155,
      157,
      71,
      199,
      137,
      237,
      61,
      35,
      109,
      148,
      41,
      185,
      18,
      183,
      180,
      97,
      136
    ],
    "46": [
      148,
      47,
      62,
      41,
      106,
      213,
      31,
      219,
      133,
      176,
      207,
      75,
      96,
      91,
      163,
      118,
      133,
      41,
      207,
      253,
      47,
      176,
      251,
      194,
      207,
      165,
      220,
      160,
      0,
      35,
      248,
      107
    ],
    "11": [
      185,
      66,
      10,
      81,
      139,
      106,
      174,
      18,
      130,
      139,
      48,
      114,
      66,
      53,
      73,
      91,
      126,
      125,
      113,
      209,
      240,
      138,
      212,
      178,
      25,
      224,
      94,
      123,
      5,
      134,
      188,
      112
    ],
    "42": [
      145,
      53,
      89,
      42,
      136,
      150,
      190,
      120,
      33,
      252,
      162,
      123,
      131,
      22,
      234,
      194,
      117,
      76,
      68,
      208,
      0,
      134,
      13,
      39,
      233,
      113,
      76,
      9,
      170,
      93,
      132,
      63
    ],
    "23": [
      74,
      64,
      14,
      185,
      252,
      124,
      252,
      84,
      47,
      21,
      253,
      238,
      234,
      192,
      148,
      0,
      182,
      198,
      178,
      10,
      114,
      121,
      223,
      4,
      46,
      244,
      166,
      84,
      125,
      53,
      46,
      115
    ],
    "54": [
      47,
      19,
      230,
      114,
      225,
      40,
      214,
      164,
      217,
      255,
      84,
      14,
      248,
      45,
      198,
      90,
      112,
      39,
      183,
      202,
      48,
      45,
      33,
      246,
      66,
      59,
      225,
      198,
      52,
      199,
      162,
      86
    ],
    "19": [
      102,
      34,
      180,
      150,
      50,
      198,
      243,
      72,
      239,
      135,
      62,
      85,
      129,
      201,
      188,
      104,
      26,
      158,
      244,
      189,
      82,
      34,
      58,
      22,
      253,
      253,
      29,
      165,
      41,
      211,
      90,
      169
    ],
    "50": [
      42,
      248,
      7,
      254,
      13,
      52,
      164,
      78,
      253,
      47,
      0,
      250,
      192,
      36,
      34,
      227,
      136,
      123,
      245,
      151,
      44,
      103,
      184,
      159,
      231,
      210,
      170,
      149,
      151,
      161,
      233,
      22
    ],
    "31": [
      24,
      18,
      190,
      202,
      40,
      20,
      241,
      156,
      216,
      231,
      152,
      218,
      33,
      10,
      83,
      213,
      5,
      17,
      97,
      75,
      15,
      226,
      220,
      96,
      227,
      232,
      33,
      117,
      76,
      206,
      26,
      21
    ],
    "62": [
      168,
      31,
      229,
      239,
      201,
      130,
      94,
      47,
      72,
      5,
      25,
      5,
      130,
      150,
      73,
      253,
      66,
      210,
      12,
      10,
      174,
      215,
      196,
      95,
      45,
      36,
      37,
      66,
      200,
      91,
      237,
      194
    ],
    "27": [
      206,
      5,
      145,
      190,
      100,
      81,
      188,
      146,
      2,
      120,
      252,
      251,
      131,
      147,
      72,
      133,
      210,
      191,
      246,
      189,
      83,
      37,
      177,
      68,
      141,
      172,
      234,
      211,
      126,
      253,
      19,
      104
    ],
    "58": [
      81,
      84,
      137,
      68,
      123,
      44,
      163,
      36,
      83,
      138,
      92,
      161,
      224,
      58,
      233,
      112,
      76,
      217,
      190,
      121,
      144,
      50,
      55,
      10,
      110,
      238,
      238,
      171,
      207,
      208,
      191,
      207
    ]
  },
  "my_cert": [],
  "my_cert_key": [],
  "root_cert": []
}