{
  "net_map": {
    "37": "127.0.0.1:8537",
    "6": "127.0.0.1:8506",
    "33": "127.0.0.1:8533",
    "64": "127.0.0.1:9000",
    "2": "127.0.0.1:8502",
    "45": "127.0.0.1:8545",
    "14": "127.0.0.1:8514",
    "41": "127.0.0.1:8541",
    "10": "127.0.0.1:8510",
    "53": "127.0.0.1:8553",
    "22": "127.0.0.1:8522",
    "49": "127.0.0.1:8549",
    "18": "127.0.0.1:8518",
    "61": "127.0.0.1:8561",
    "30": "127.0.0.1:8530",
    "57": "127.0.0.1:8557",
    "26": "127.0.0.1:8526",
    "5": "127.0.0.1:8505",
    "36": "127.0.0.1:8536",
    "1": "127.0.0.1:8501",
    "32": "127.0.0.1:8532",
    "13": "127.0.0.1:8513",
    "44": "127.0.0.1:8544",
    "9": "127.0.0.1:8509",
    "40": "127.0.0.1:8540",
    "21": "127.0.0.1:8521",
    "52": "127.0.0.1:8552",
    "17": "127.0.0.1:8517",
    "48": "127.0.0.1:8548",
    "29": "127.0.0.1:8529",
    "60": "127.0.0.1:8560",
    "25": "127.0.0.1:8525",
    "56": "127.0.0.1:8556",
    "4": "127.0.0.1:8504",
    "39": "127.0.0.1:8539",
    "0": "127.0.0.1:8500",
    "35": "127.0.0.1:8535",
    "12": "127.0.0.1:8512",
    "47": "127.0.0.1:8547",
    "8": "127.0.0.1:8508",
    "43": "127.0.0.1:8543",
    "20": "127.0.0.1:8520",
    "55": "127.0.0.1:8555",
    "16": "127.0.0.1:8516",
    "51": "127.0.0.1:8551",
    "28": "127.0.0.1:8528",
    "63": "127.0.0.1:8563",
    "24": "127.0.0.1:8524",
    "59": "127.0.0.1:8559",
    "7": "127.0.0.1:8507",
    "38": "127.0.0.1:8538",
    "3": "127.0.0.1:8503",
    "34": "127.0.0.1:8534",
    "15": "127.0.0.1:8515",
    "46": "127.0.0.1:8546",
    "11": "127.0.0.1:8511",
    "42": "127.0.0.1:8542",
    "23": "127.0.0.1:8523",
    "54": "127.0.0.1:8554",
    "19": "127.0.0.1:8519",
    "50": "127.0.0.1:8550",
    "31": "127.0.0.1:8531",
    "62": "127.0.0.1:8562",
    "27": "127.0.0.1:8527",
    "58": "127.0.0.1:8558"
  },
  "delta": 100,
  "id": 41,
  "num_nodes": 64,
  "num_faults": 21,
  "block_size": 100,
  "client_port": 7041,
  "client_addr": "0.0.0.0:5000",
  "payload": 0,
  "prot_payload": "cc,/home/akhil/research/EEBA/libchatter/",
  "crypto_alg": "NOPKI",
  "pk_map": {},
  "secret_key_bytes": [],
  "sk_map": {
    "37": [
      202,
      193,
      238,
      210,
      72,
      240,
      143,
      132,
      152,
      167,
      129,
      98,
      69,
      239,
      135,
      242,
      56,
      22,
      154,
      40,
      108,
      130,
      206,
      242,
      7,
      138,
      53,
      105,
      174,
      55,
      52,
      95
    ],
    "6": [
      144,
      138,
      221,
      94,
      114,
      88,
      13,
      2,
      204,
      170,
      107,
      34,
      188,
      209,
      30,
      249,
      183,
      200,
      168,
      117,
      36,
      75,
      193,
      122,
      106,
      31,
      157,
      205,
      241,
      232,
      230,
      4
    ],
    "33": [
      251,
      61,
      145,
      73,
      136,
      144,
      109,
      191,
      200,
      4,
      92,
      255,
      137,
      212,
      197,
      185,
      142,
      45,
      146,
      60,
      88,
      139,
      235,
      120,
      191,
      70,
      102,
      255,
      214,
      243,
      187,
      125
    ],
    "2": [
      249,
      54,
      60,
      118,
      47,
      53,
      57,
      92,
      153,
      144,
      252,
      195,
      167,
      159,
      111,
      1,
      84,
      175,
      96,
      207,
      8,
      252,
      154,
      94,
      71,
      1,
      164,
      161,
      82,
      119,
      48,
      100
    ],
    "45": [
      33,
      103,
      199,
      175,
      241,
      146,
      250,
      192,
      26,
      161,
      54,
      144,
      199,
      123,
      177,
      245,
      241,
      153,
      247,
      152,
      120,
      185,
      249,
      18,
      240,
      165,
      234,
      64,
      243,
      81,
      141,
      138
    ],
    "14": [
      196,
      63,
      136,
      44,
      52,
      99,
      74,
      82,
      71,
      19,
      247,
      153,
      225,
      2,
      187,
      213,
      97,
      89,
      180,
      55,
      191,
      167,
      239,
      193,
      16,
      47,
      70,
      112,
      224,
      4,
      184,
      228
    ],
    "41": [
      66,
      248,
      232,
      144,
      248,
      65,
      66,
      93,
      181,
      107,
      86,
      224,
      186,
      143,
      32,
      61,
      235,
      175,
      129,
      149,
      78,
      160,
      132,
      49,
      169,
      174,
      45,
      47,
      197,
      154,
      158,
      164
    ],
    "10": [
      208,
      67,
      42,
      135,
      108,
      203,
      115,
      74,
      249,
      129,
      72,
      191,
      220,
      184,
      92,
      90,
      3,
      210,
      205,
      194,
      227,
      34,
      201,
      111,
      32,
      222,
      17,
      47,
      203,
      20,
      217,
      191
    ],
    "53": [
      10,
      108,
      169,
      202,
      234,
      137,
      9,
      114,
      190,
      71,
      132,
      44,
      97,
      196,
      205,
      147,
      91,
      191,
      201,
      187,
      120,
      235,
      63,
      7,
      12,
      113,
      153,
      225,
      26,
      41,
      89,
      133
    ],
    "22": [
      243,
      181,
      180,
      123,
      52,
      103,
      102,
      72,
      89,
      249,
      81,
      144,
      190,
      32,
      193,
      172,
      193,
      194,
      29,
      131,
      159,
      200,
      74,
      244,
      105,
      7,
      3,
      227,
      219,
      153,
      231,
      252
    ],
    "49": [
      64,
      8,
      43,
      99,
      78,
      103,
      179,
      223,
      164,
      16,
      23,
      15,
      41,
      90,
      127,
      149,
      218,
      234,
      8,
      114,
      58,
      21,
      102,
      57,
      156,
      85,
      229,
      11,
      26,
      28,
      221,
      129
    ],
    "18": [
      71,
      14,
      54,
      227,
      0,
      228,
      218,
      248,
      90,
      26,
      100,
      16,
      80,
      249,
      79,
      211,
      16,
      212,
      70,
      13,
      109,
      72,
      245,
      40,
      128,
      39,
      95,
      56,
      114,
      214,
      200,
      105
    ],
    "61": [
      80,
      150,
      237,
      112,
      100,
      238,
      139,
      84,
      175,
      118,
      28,
      175,
      31,
      49,
      139,
      44,
      116,
      169,
      22,
      21,
      165,
      149,
      12,
      148,
      107,
      54,
      76,
      120,
      158,
      166,
      4,
      202
    ],
    "30": [
      143,
      59,
      14,
      179,
      188,
      67,
      227,
      136,
      246,
      103,
      3,
      94,
      195,
      44,
      109,
      224,
      149,
      177,
      203,
      79,
      85,
      97,
      126,
      10,
      85,
      220,
      36,
      29,
      229,
      181,
      198,
      181
    ],
    "57": [
      162,
      21,
      254,
      234,
      83,
      63,
      242,
      197,
      136,
      147,
      186,
      139,
      246,
      126,
      81,
      46,
      29,
      201,
      222,
      126,
      164,
      239,
      168,
      86,
      32,
      20,
      156,
      38,
      127,
      115,
      72,
      65
    ],
    "26": [
      198,
      247,
      77,
      189,
      215,
      78,
      127,
      70,
      161,
      198,
      101,
      139,
      4,
      181,
      136,
      73,
      109,
      13,
      154,
      210,
      202,
      148,
      119,
      80,
      34,
      118,
      76,
      22,
      138,
      34,
      252,
      71
    ],
    "5": [
      128,
      5,
      8,
      4,
      134,
      116,
      216,
      146,
      243,
      110,
      95,
      202,
      158,
      53,
      185,
      75,
      198,
      82,
      53,
      142,
      230,
      241,
      106,
      82,
      47,
      229,
      186,
      4,
      135,
      90,
      61,
      221
    ],
    "36": [
      214,
      41,
      75,
      103,
      194,
      95,
      175,
      133,
      247,
      65,
      169,
      67,
      64,
      83,
      82,
      81,
      126,
      251,
      236,
      179,
      87,
      254,
      31,
      145,
      24,
      181,
      33,
      100,
      45,
      171,
      184,
      229
    ],
    "1": [
      162,
      192,
      36,
      18,
      254,
      121,
      25,
      165,
      183,
      12,
      73,
      236,
      167,
      198,
      24,
      204,
      208,
      71,
      30,
      189,
      4,
      253,
      122,
      215,
      111,
      186,
      31,
      177,
      98,
      190,
      53,
      12
    ],
    "32": [
      239,
      173,
      194,
      80,
      18,
      61,
      138,
      109,
      199,
      217,
      167,
      207,
      154,
      61,
      172,
      176,
      67,
      69,
      29,
      171,
      123,
      209,
      84,
      31,
      160,
      24,
      187,
      94,
      204,
      152,
      158,
      182
    ],
    "13": [
      47,
      129,
      125,
      202,
      201,
      14,
      137,
      124,
      87,
      219,
      23,
      160,
      126,
      92,
      67,
      200,
      249,
      128,
      186,
      202,
      198,
      154,
      162,
      98,
      150,
      54,
      187,
      86,
      170,
      14,
      151,
      244
    ],
    "44": [
      78,
      42,
      250,
      163,
      218,
      214,
      103,
      72,
      41,
      191,
      191,
      52,
      57,
      122,
      129,
      19,
      72,
      255,
      225,
      58,
      195,
      113,
      116,
      169,
      53,
      204,
      82,
      75,
      212,
      157,
      188,
      8
    ],
    "9": [
      70,
      33,
      201,
      249,
      82,
      88,
      38,
      179,
      222,
      59,
      69,
      27,
      137,
      11,
      142,
      85,
      93,
      204,
      197,
      215,
      122,
      192,
      33,
      201,
      133,
      245,
      130,
      157,
      100,
      37,
      54,
      5
    ],
    "40": [
      202,
      175,
      74,
      152,
      114,
      31,
      49,
      190,
      176,
      73,
      50,
      228,
      145,
      81,
      61,
      177,
      40,
      24,
      167,
      31,
      230,
      249,
      139,
      135,
      219,
      149,
      61,
      51,
      195,
      5,
      58,
      232
    ],
    "21": [
      5,
      147,
      198,
      25,
      218,
      171,
      21,
      176,
      3,
      212,
      61,
      218,
      88,
      103,
      252,
      84,
      122,
      167,
      228,
      153,
      21,
      139,
      174,
      21,
      16,
      68,
      27,
      4,
      166,
      40,
      72,
      193
    ],
    "52": [
      105,
      34,
      147,
      30,
      214,
      175,
      181,
      231,
      237,
      22,
      16,
      24,
      73,
      226,
      65,
      55,
      36,
      23,
      59,
      242,
      194,
      199,
      114,
      48,
      151,
      164,
      192,
      80,
      57,
      24,
      245,
      75
    ],
    "17": [
      146,
      211,
      220,
      74,
      58,
      1,
      199,
      39,
      231,
      100,
      189,
      85,
      228,
      35,
      16,
      233,
      44,
      213,
      60,
      43,
      243,
      25,
      8,
      180,
      136,
      40,
      71,
      175,
      20,
      68,
      66,
      32
    ],
    "48": [
      59,
      240,
      106,
      16,
      141,
      101,
      13,
      93,
      2,
      103,
      70,
      149,
      164,
      49,
      129,
      210,
      179,
      192,
      245,
      103,
      67,
      102,
      159,
      26,
      27,
      8,
      246,
      22,
      250,
      17,
      216,
      223
    ],
    "29": [
      208,
      65,
      221,
      193,
      150,
      57,
      109,
      221,
      160,
      35,
      158,
      182,
      249,
      81,
      247,
      217,
      146,
      159,
      56,
      165,
      10,
      232,
      12,
      155,
      241,
      141,
      196,
      50,
      249,
      3,
      83,
      184
    ],
    "60": [
      102,
      72,
      132,
      221,
      202,
      235,
      24,
      48,
      14,
      189,
      252,
      58,
      173,
      137,
      75,
      236,
      197,
      167,
      44,
      124,
      146,
      102,
      123,
      34,
      144,
      186,
      189,
      155,
      46,
      234,
      150,
      163
    ],
    "25": [
      125,
      123,
      160,
      57,
      39,
      181,
      42,
      250,
      36,
      64,
      75,
      54,
      42,
      16,
      132,
      35,
      121,
      255,
      14,
      97,
      131,
      61,
      64,
      12,
      67,
      134,
      237,
      64,
      218,
      195,
      206,
      119
    ],
    "56": [
      18,
      142,
      15,
      139,
      177,
      225,
      116,
      177,
      188,
      255,
      46,
      70,
      197,
      117,
      207,
      67,
      195,
      24,
      81,
      130,
      87,
      215,
      60,
      237,
      207,
      223,
      186,
      154,
      99,
      92,
      72,
      69
    ],
    "4": [
      24,
      162,
      214,
      87,
      71,
      111,
      198,
      188,
      47,
      11,
      10,
      103,
      181,
      248,
      19,
      21,
      231,
      25,
      51,
      207,
      224,
      17,
      95,
      15,
      87,
      201,
      209,
      124,
      208,
      130,
      245,
      63
    ],
    "39": [
      127,
      171,
      247,
      36,
      171,
      189,
      176,
      135,
      167,
      7,
      84,
      231,
      129,
      132,
      90,
      126,
      114,
      133,
      178,
      183,
      176,
      196,
      234,
      29,
      41,
      113,
      70,
      100,
      143,
      87,
      124,
      42
    ],
    "0": [
      58,
      213,
      141,
      71,
      105,
      68,
      198,
      124,
      47,
      212,
      225,
      25,
      86,
      201,
      194,
      100,
      173,
      50,
      22,
      178,
      125,
      210,
      69,
      60,
      12,
      72,
      250,
      98,
      144,
      47,
      176,
      6
    ],
    "35": [
      87,
      89,
      153,
      210,
      120,
      31,
      119,
      240,
      181,
      198,
      168,
      176,
      2,
      235,
      90,
      154,
      252,
      43,
      99,
      24,
      205,
      35,
      146,
      207,
      122,
      249,
      222,
      6,
      213,
      21,
      250,
      95
    ],
    "12": [
      14,
      90,
      12,
      83,
      204,
      77,
      210,
      70,
      176,
      14,
      236,
      167,
      139,
      192,
      191,
      149,
      24,
      252,
      164,
      178,
      48,
      131,
      185,
      121,
      9,
      236,
      207,
      112,
      61,
      93,
      179,
      119
    ],
    "47": [
      90,
      113,
      211,
      155,
      245,
      92,
      94,
      87,
      102,
      216,
      48,
      156,
      154,
      20,
      211,
      186,
      45,
      156,
      69,
      181,
      95,
      210,
      9,
      148,
      87,
      206,
      48,
      82,
      75,
      213,
      21,
      26
    ],
    "8": [
      10,
      0,
      118,
      150,
      129,
      121,
      187,
      215,
      76,
      129,
      90,
      18,
      140,
      79,
      65,
      244,
      88,
      3,
      110,
      100,
      74,
      65,
      101,
      126,
      206,
      83,
      26,
      77,
      77,
      211,
      127,
      217
    ],
    "43": [
      165,
      53,
      94,
      48,
      70,
      250,
      191,
      229,
      178,
      52,
      75,
      91,
      6,
      24,
      124,
      27,
      235,
      156,
      205,
      196,
      137,
      84,
      198,
      158,
      120,
      181,
      193,
      122,
      1,
      87,
      164,
      45
    ],
    "20": [
      1,
      196,
      129,
      129,
      30,
      58,
      22,
      58,
      208,
      244,
      244,
      42,
      184,
      233,
      133,
      85,
      72,
      13,
      109,
      216,
      161,
      212,
      9,
      128,
      215,
      132,
      31,
      174,
      218,
      80,
      109,
      182
    ],
    "55": [
      102,
      14,
      251,
      35,
      149,
      200,
      126,
      79,
      27,
      241,
      17,
      162,
      89,
      56,
      216,
      51,
      214,
      160,
      46,
      172,
      227,
      92,
      255,
      172,
      122,
      122,
      86,
      20,
      203,
      10,
      234,
      8
    ],
    "16": [
      173,
      89,
      39,
      51,
      31,
      230,
      253,
      8,
      89,
      131,
      19,
      207,
      154,
      215,
      117,
      149,
      188,
      249,
      72,
      73,
      149,
      98,
      25,
      172,
      51,
      145,
      30,
      13,
      77,
      78,
      44,
      194
    ],
    "51": [
      50,
      202,
      245,
      143,
      223,
      79,
      236,
      23,
      107,
      109,
      39,
      67,
      58,
      122,
      226,
      81,
      38,
      119,
      139,
      64,
      169,
      166,
      21,
      87,
      85,
      182,
      88,
      187,
      169,
      182,
      251,
      116
    ],
    "28": [
      231,
      203,
      152,
      8,
      221,
      59,
      144,
      215,
      231,
      82,
      156,
      40,
      165,
      244,
      159,
      235,
      50,
      20,
      212,
      25,
      5,
      28,
      210,
      131,
      124,
      22,
      49,
      13,
      127,
      125,
      47,
      208
    ],
    "63": [
      173,
      211,
      26,
      217,
      104,
      7,
      210,
      177,
      223,
      29,
      33,
      119,
      161,
      229,
      235,
      158,
      78,
      108,
      162,
      0,
      121,
      242,
      171,
      111,
      254,
      72,
      43,
      171,
      89,
      216,
      113,
      70
    ],
    "24": [
      156,
      66,
      118,
      134,
      152,
      47,
      123,
      195,
      127,
      183,
      99,
      82,
      199,
      175,
      252,
      244,
      91,
      161,
      80,
      149,
      111,
      220,
      140,
      75,
      116,
      23,
      149,
      102,
      198,
      191,
      167,
      33
    ],
    "59": [
      72,
      160,
      119,
      224,
      250,
      25,
      3,
      157,
      183,
      54,
      226,
      8,
      40,
      171,
      2,
      243,
      141,
      104,
      165,
      30,
      216,
      218,
      253,
      57,
      141,
      212,
      191,
      252,
      205,
      92,
      152,
      53
    ],
    "7": [
      11,
      74,
      121,
      185,
      130,
      141,
      211,
      7,
      120,
      142,
      129,
      14,
      184,
      161,
      28,
      236,
      244,
      140,
      21,
      200,
      108,
      162,
      193,
      184,
      201,
      203,
      252,
      133,
      222,
      44,
      137,
      11
    ],
    "38": [
      132,
      118,
      254,
      218,
      148,
      181,
      104,
      104,
      25,
      188,
      71,
      57,
      141,
      7,
      22,
      23,
      159,
      155,
      16,
      97,
      126,
      176,
      162,
      239,
      105,
      4,
      123,
      17,
      220,
      26,
      182,
      13
    ],
    "3": [
      203,
      58,
      98,
      45,
      235,
      231,
      54,
      12,
      187,
      157,
      227,
      54,
      8,
      55,
      15,
      247,
      130,
      235,
      186,
      129,
      238,
      27,
      191,
      103,
      74,
      99,
      112,
      212,
      101,
      84,
      110,
      50
    ],
    "34": [
      253,
      249,
      210,
      94,
      187,
      119,
      4,
      27,
      26,
      108,
      41,
      32,
      212,
      252,
      220,
      17,
      23,
      90,
      243,
      77,
      94,
      128,
      48,
      63,
      36,
      190,
      95,
      127,
      109,
      164,
      50,
      241
    ],
    "15": [
      78,
      46,
      254,
      109,
      108,
      249,
      51,
      40,
      215,
      190,
      188,
      250,
      220,
      42,
      84,
      2,
      28,
      69,
      123,
      228,
      220,
      51,
      139,
      134,
      151,
      158,
      27,
      204,
      137,
      199,
      210,
      54
    ],
    "46": [
      209,
      173,
      214,
      114,
      140,
      91,
      79,
      57,
      30,
      243,
      172,
      188,
      130,
      158,
      21,
      28,
      180,
      88,
      149,
      220,
      164,
      143,
      130,
      95,
      137,
      156,
      239,
      97,
      26,
      77,
      218,
      28
    ],
    "11": [
      209,
      43,
      110,
      208,
      35,
      138,
      174,
      234,
      248,
      16,
      155,
      83,
      208,
      95,
      206,
      37,
      8,
      4,
      98,
      79,
      170,
      179,
      237,
      126,
      139,
      219,
      25,
      136,
      174,
      60,
      248,
      173
    ],
    "42": [
      165,
      211,
      63,
      206,
      172,
      168,
      34,
      73,
      186,
      35,
      233,
      54,
      81,
      176,
      27,
      171,
      109,
      244,
      16,
      58,
      120,
      221,
      165,
      90,
      184,
      91,
      228,
      145,
      72,
      237,
      116,
      236
    ],
    "23": [
      85,
      36,
      179,
      100,
      110,
      150,
      210,
      34,
      6,
      164,
      123,
      219,
      242,
      14,
      109,
      134,
      78,
      207,
      76,
      166,
      202,
      141,
      72,
      119,
      101,
      224,
      209,
      57,
      32,
      227,
      157,
      189
    ],
    "54": [
      97,
      68,
      161,
      50,
      199,
      37,
      104,
      6,
      10,
      90,
      20,
      143,
      82,
      61,
      210,
      4,
      64,
      50,
      117,
      238,
      40,
      146,
      33,
      180,
      179,
      49,
      144,
      190,
      194,
      181,
      253,
      63
    ],
    "19": [
      32,
      152,
      34,
      240,
      121,
      218,
      0,
      240,
      94,
      88,
      24,
      241,
      90,
      199,
      145,
      189,
      60,
      19,
      125,
      241,
      31,
      100,
      208,
      76,
      236,
      173,
      19,
      207,
      49,
      6,
      178,
      174
    ],
    "50": [
      182,
      125,
      98,
      102,
      25,
      131,
      135,
      114,
      173,
      182,
      48,
      55,
      215,
      214,
      56,
      168,
      230,
      134,
      23,
      17,
      68,
      194,
      197,
      187,
      99,
      250,
      101,
      129,
      35,
      231,
      125,
      82
    ],
    "31": [
      157,
      190,
      86,
      241,
      70,
      178,
      195,
      100,
      162,
      250,
      244,
      144,
      68,
      136,
      18,
      207,
      93,
      117,
      210,
      142,
      194,
      109,
      155,
      246,
      35,
      185,
      93,
      110,
      243,
      180,
      132,
      75
    ],
    "62": [
      129,
      125,
      154,
      168,
      121,
      37,
      91,
      128,
      132,
      209,
      240,
      67,
      140,
      13,
      182,
      224,
      68,
      53,
      166,
      60,
      121,
      253,
      137,
      143,
      220,
      99,
      254,
      87,
      70,
      244,
      248,
      61
    ],
    "27": [
      56,
      254,
      3,
      128,
      229,
      117,
      62,
      47,
      90,
      120,
      195,
      179,
      123,
      29,
      246,
      197,
      108,
      247,
      208,
      237,
      82,
      165,
      112,
      152,
      223,
      252,
      222,
      197,
      68,
      46,
      141,
      68
    ],
    "58": [
      62,
      192,
      196,
      224,
      56,
      77,
      21,
      202,
      194,
      143,
      247,
      214,
      161,
      198,
      25,
      197,
      109,
      29,
      239,
      103,
      57,
      157,
      222,
      53,
      124,
      62,
      73,
      222,
      61,
      139,
      222,
      225
    ]
  },
  "my_cert": [],
  "my_cert_key": [],
  "root_cert": []
}