{
  "net_map": {
    "37": "127.0.0.1:8537",
    "6": "127.0.0.1:8506",
    "33": "127.0.0.1:8533",
    "64": "127.0.0.1:9000",
    "2": "127.0.0.1:8502",
    "45": "127.0.0.1:8545",
    "14": "127.0.0.1:8514",
    "41": "127.0.0.1:8541",
    "10": "127.0.0.1:8510",
    "53": "127.0.0.1:8553",
    "22": "127.0.0.1:8522",
    "49": "127.0.0.1:8549",
    "18": "127.0.0.1:8518",
    "61": "127.0.0.1:8561",
    "30": "127.0.0.1:8530",
    "57": "127.0.0.1:8557",
    "26": "127.0.0.1:8526",
    "5": "127.0.0.1:8505",
    "36": "127.0.0.1:8536",
    "1": "127.0.0.1:8501",
    "32": "127.0.0.1:8532",
    "13": "127.0.0.1:8513",
    "44": "127.0.0.1:8544",
    "9": "127.0.0.1:8509",
    "40": "127.0.0.1:8540",
    "21": "127.0.0.1:8521",
    "52": "127.0.0.1:8552",
    "17": "127.0.0.1:8517",
    "48": "127.0.0.1:8548",
    "29": "127.0.0.1:8529",
    "60": "127.0.0.1:8560",
    "25": "127.0.0.1:8525",
    "56": "127.0.0.1:8556",
    "4": "127.0.0.1:8504",
    "39": "127.0.0.1:8539",
    "0": "127.0.0.1:8500",
    "35": "127.0.0.1:8535",
    "12": "127.0.0.1:8512",
    "47": "127.0.0.1:8547",
    "8": "127.0.0.1:8508",
    "43": "127.0.0.1:8543",
    "20": "127.0.0.1:8520",
    "55": "127.0.0.1:8555",
    "16": "127.0.0.1:8516",
    "51": "127.0.0.1:8551",
    "28": "127.0.0.1:8528",
    "63": "127.0.0.1:8563",
    "24": "127.0.0.1:8524",
    "59": "127.0.0.1:8559",
    "7": "127.0.0.1:8507",
    "38": "127.0.0.1:8538",
    "3": "127.0.0.1:8503",
    "34": "127.0.0.1:8534",
    "15": "127.0.0.1:8515",
    "46": "127.0.0.1:8546",
    "11": "127.0.0.1:8511",
    "42": "127.0.0.1:8542",
    "23": "127.0.0.1:8523",
    "54": "127.0.0.1:8554",
    "19": "127.0.0.1:8519",
    "50": "127.0.0.1:8550",
    "31": "127.0.0.1:8531",
    "62": "127.0.0.1:8562",
    "27": "127.0.0.1:8527",
    "58": "127.0.0.1:8558"
  },
  "delta": 100,
  "id": 37,
  "num_nodes": 64,
  "num_faults": 21,
  "block_size": 100,
  "client_port": 7037,
  "client_addr": "0.0.0.0:5000",
  "payload": 0,
  "prot_payload": "cc,/home/akhil/research/EEBA/libchatter/",
  "crypto_alg": "NOPKI",
  "pk_map": {},
  "secret_key_bytes": [],
  "sk_map": {
    "37": [
      213,
      107,
      132,
      152,
      58,
      19,
      162,
      137,
      69,
      224,
      213,
      240,
      15,
      103,
      30,
      104,
      62,
      214,
      110,
      225,
      187,
      234,
      131,
      2,
      205,
      58,
      72,
      99,
      201,
      136,
      235,
      146
    ],
    "6": [
      214,
      44,
      64,
      193,
      125,
      213,
      184,
      24,
      206,
      62,
      23,
      64,
      159,
      123,
      19,
      60,
      227,
      140,
      85,
      186,
      231,
      107,
      118,
      43,
      166,
      94,
      27,
      4,
      208,
      127,
      249,
      170
    ],
    "33": [
      188,
      151,
      63,
      223,
      57,
      188,
      139,
      86,
      110,
      51,
      230,
      124,
      81,
      180,
      104,
      165,
      6,
      104,
      214,
      65,
      75,
      136,
      53,
      20,
      234,
      224,
      30,
      165,
      12,
      46,
      161,
      226
    ],
    "2": [
      244,
      109,
      44,
      51,
      191,
      171,
      52,
      233,
      71,
      67,
      130,
      145,
      187,
      101,
      191,
      51,
      96,
      243,
      148,
      43,
      106,
      82,
      167,
      253,
      10,
      120,
      247,
      16,
      236,
      201,
      53,
      78
    ],
    "45": [
      41,
      219,
      146,
      53,
      24,
      54,
      51,
      12,
      58,
      2,
      89,
      245,
      123,
      47,
      49,
      105,
      185,
      137,
      55,
      212,
      237,
      201,
      127,
      116,
      173,
      41,
      7,
      192,
      233,
      32,
      52,
      53
    ],
    "14": [
      132,
      79,
      121,
      0,
      236,
      90,
      230,
      36,
      155,
      27,
      213,
      2,
      103,
      105,
      16,
      180,
      4,
      210,
      35,
      79,
      62,
      12,
      195,
      35,
      162,
      27,
      147,
      206,
      109,
      80,
      209,
      241
    ],
    "41": [
      202,
      193,
      238,
      210,
      72,
      240,
      143,
      132,
      152,
      167,
      129,
      98,
      69,
      239,
      135,
      242,
      56,
      22,
      154,
      40,
      108,
      130,
      206,
      242,
      7,
      138,
      53,
      105,
      174,
      55,
      52,
      95
    ],
    "10": [
      7,
      95,
      12,
      208,
      170,
      53,
      132,
      161,
      223,
      199,
      141,
      70,
      65,
      23,
      83,
      245,
      0,
      120,
      102,
      189,
      24,
      114,
      229,
      170,
      32,
      120,
      103,
      227,
      40,
      164,
      116,
      92
    ],
    "53": [
      188,
      78,
      42,
      246,
      55,
      69,
      136,
      23,
      39,
      255,
      200,
      69,
      207,
      9,
      97,
      252,
      103,
      88,
      104,
      89,
      215,
      166,
      236,
      169,
      181,
      177,
      187,
      158,
      95,
      165,
      26,
      226
    ],
    "22": [
      18,
      17,
      219,
      113,
      90,
      121,
      63,
      176,
      64,
      48,
      213,
      190,
      137,
      53,
      198,
      72,
      8,
      37,
      250,
      243,
      216,
      28,
      165,
      219,
      167,
      148,
      61,
      164,
      32,
      112,
      16,
      111
    ],
    "49": [
      75,
      121,
      214,
      160,
      99,
      14,
      206,
      3,
      97,
      101,
      220,
      44,
      210,
      141,
      124,
      152,
      118,
      96,
      194,
      250,
      42,
      216,
      172,
      89,
      224,
      101,
      213,
      132,
      64,
      45,
      118,
      43
    ],
    "18": [
      37,
      54,
      42,
      224,
      171,
      51,
      120,
      72,
      203,
      242,
      44,
      125,
      230,
      18,
      73,
      172,
      152,
      4,
      54,
      133,
      48,
      233,
      238,
      95,
      220,
      139,
      221,
      185,
      194,
      124,
      96,
      253
    ],
    "61": [
      23,
      177,
      194,
      204,
      54,
      108,
      106,
      169,
      150,
      87,
      184,
      10,
      169,
      237,
      248,
      87,
      229,
      165,
      183,
      161,
      214,
      94,
      209,
      70,
      247,
      61,
      165,
      203,
      46,
      202,
      248,
      149
    ],
    "30": [
      130,
      14,
      138,
      158,
      251,
      12,
      242,
      45,
      250,
      92,
      79,
      144,
      202,
      231,
      139,
      116,
      191,
      71,
      73,
      115,
      193,
      156,
      146,
      127,
      13,
      70,
      104,
      200,
      21,
      157,
      82,
      154
    ],
    "57": [
      172,
      5,
      77,
      128,
      89,
      189,
      80,
      96,
      19,
      103,
      17,
      208,
      59,
      144,
      215,
      52,
      132,
      147,
      105,
      79,
      1,
      96,
      47,
      111,
      246,
      17,
      21,
      183,
      242,
      242,
      193,
      61
    ],
    "26": [
      2,
      132,
      16,
      12,
      22,
      101,
      76,
      7,
      8,
      212,
      50,
      77,
      68,
      137,
      33,
      59,
      195,
      123,
      188,
      212,
      197,
      80,
      40,
      203,
      108,
      71,
      214,
      84,
      222,
      185,
      62,
      195
    ],
    "5": [
      125,
      253,
      70,
      113,
      8,
      160,
      166,
      204,
      139,
      94,
      199,
      228,
      114,
      180,
      192,
      248,
      226,
      224,
      106,
      196,
      235,
      40,
      31,
      23,
      166,
      240,
      201,
      245,
      238,
      180,
      61,
      148
    ],
    "36": [
      43,
      151,
      66,
      171,
      208,
      107,
      149,
      61,
      176,
      25,
      14,
      166,
      173,
      240,
      234,
      203,
      203,
      168,
      30,
      209,
      57,
      59,
      110,
      191,
      196,
      194,
      189,
      99,
      194,
      176,
      195,
      14
    ],
    "1": [
      74,
      201,
      18,
      45,
      111,
      108,
      7,
      189,
      58,
      123,
      175,
      224,
      161,
      153,
      200,
      69,
      115,
      66,
      210,
      205,
      136,
      136,
      101,
      142,
      245,
      181,
      21,
      17,
      199,
      146,
      96,
      219
    ],
    "32": [
      231,
      9,
      108,
      87,
      171,
      94,
      179,
      119,
      171,
      20,
      145,
      234,
      67,
      9,
      166,
      240,
      136,
      125,
      64,
      160,
      140,
      8,
      35,
      147,
      142,
      48,
      193,
      52,
      183,
      98,
      47,
      239
    ],
    "13": [
      209,
      30,
      151,
      145,
      33,
      192,
      49,
      252,
      82,
      37,
      8,
      47,
      35,
      47,
      137,
      43,
      64,
      178,
      11,
      39,
      76,
      236,
      229,
      110,
      208,
      25,
      174,
      31,
      166,
      34,
      179,
      238
    ],
    "44": [
      88,
      98,
      131,
      138,
      111,
      92,
      43,
      189,
      79,
      18,
      146,
      238,
      226,
      71,
      169,
      203,
      249,
      57,
      39,
      191,
      24,
      16,
      185,
      63,
      50,
      96,
      18,
      6,
      156,
      102,
      54,
      210
    ],
    "9": [
      120,
      195,
      50,
      1,
      231,
      220,
      145,
      168,
      119,
      220,
      237,
      53,
      233,
      213,
      25,
      224,
      10,
      197,
      75,
      194,
      203,
      31,
      102,
      12,
      230,
      66,
      21,
      154,
      107,
      56,
      57,
      138
    ],
    "40": [
      15,
      64,
      138,
      243,
      174,
      250,
      74,
      160,
      100,
      103,
      159,
      149,
      254,
      216,
      60,
      215,
      104,
      30,
      11,
      21,
      246,
      24,
      49,
      235,
      245,
      14,
      157,
      221,
      62,
      90,
      82,
      139
    ],
    "21": [
      206,
      10,
      225,
      12,
      144,
      219,
      160,
      13,
      43,
      185,
      139,
      1,
      208,
      203,
      216,
      62,
      147,
      64,
      161,
      50,
      61,
      49,
      127,
      97,
      119,
      246,
      4,
      162,
      247,
      86,
      231,
      145
    ],
    "52": [
      222,
      182,
      56,
      180,
      107,
      228,
      68,
      177,
      58,
      229,
      184,
      178,
      46,
      35,
      42,
      92,
      60,
      86,
      97,
      182,
      229,
      144,
      90,
      178,
      127,
      149,
      185,
      5,
      78,
      180,
      87,
      43
    ],
    "17": [
      210,
      181,
      23,
      131,
      160,
      113,
      33,
      27,
      140,
      152,
      207,
      255,
      222,
      27,
      115,
      57,
      10,
      125,
      235,
      204,
      13,
      100,
      106,
      96,
      94,
      7,
      177,
      57,
      67,
      18,
      104,
      232
    ],
    "48": [
      233,
      78,
      120,
      5,
      169,
      218,
      208,
      217,
      1,
      35,
      164,
      187,
      172,
      120,
      29,
      116,
      137,
      217,
      221,
      240,
      78,
      194,
      62,
      206,
      138,
      202,
      153,
      143,
      70,
      66,
      68,
      69
    ],
    "29": [
      1,
      216,
      37,
      112,
      213,
      143,
      193,
      228,
      156,
      160,
      232,
      70,
      155,
      216,
      189,
      215,
      155,
      181,
      188,
      195,
      216,
      176,
      32,
      35,
      77,
      154,
      148,
      168,
      121,
      231,
      172,
      58
    ],
    "60": [
      48,
      31,
      126,
      22,
      113,
      241,
      102,
      53,
      212,
      134,
      91,
      18,
      182,
      82,
      71,
      225,
      86,
      236,
      119,
      248,
      211,
      55,
      101,
      66,
      20,
      29,
      209,
      211,
      232,
      86,
      27,
      111
    ],
    "25": [
      82,
      54,
      66,
      181,
      156,
      180,
      139,
      246,
      65,
      248,
      92,
      93,
      223,
      41,
      254,
      85,
      13,
      38,
      135,
      238,
      189,
      96,
      67,
      190,
      106,
      21,
      59,
      103,
      184,
      88,
      69,
      130
    ],
    "56": [
      9,
      149,
      145,
      213,
      204,
      41,
      68,
      143,
      51,
      190,
      124,
      11,
      180,
      119,
      66,
      224,
      225,
      185,
      225,
      15,
      138,
      220,
      44,
      113,
      203,
      206,
      17,
      63,
      100,
      207,
      78,
      28
    ],
    "4": [
      17,
      93,
      8,
      79,
      208,
      194,
      226,
      140,
      243,
      13,
      156,
      85,
      147,
      124,
      146,
      58,
      183,
      236,
      168,
      138,
      144,
      242,
      237,
      63,
      204,
      250,
      247,
      214,
      240,
      30,
      133,
      96
    ],
    "39": [
      45,
      234,
      5,
      225,
      221,
      249,
      98,
      242,
      130,
      232,
      46,
      42,
      180,
      195,
      231,
      140,
      75,
      173,
      180,
      154,
      209,
      73,
      103,
      156,
      39,
      87,
      159,
      125,
      138,
      27,
      138,
      66
    ],
    "0": [
      58,
      251,
      162,
      124,
      41,
      88,
      249,
      5,
      13,
      19,
      142,
      93,
      145,
      156,
      35,
      204,
      160,
      124,
      67,
      239,
      109,
      87,
      244,
      129,
      103,
      64,
      252,
      188,
      140,
      156,
      125,
      200
    ],
    "35": [
      216,
      241,
      84,
      216,
      101,
      93,
      87,
      39,
      225,
      244,
      185,
      36,
      179,
      144,
      187,
      137,
      123,
      157,
      198,
      15,
      38,
      195,
      67,
      250,
      136,
      56,
      102,
      189,
      247,
      62,
      169,
      169
    ],
    "12": [
      78,
      48,
      205,
      159,
      60,
      80,
      146,
      185,
      243,
      134,
      176,
      211,
      81,
      1,
      0,
      217,
      55,
      218,
      42,
      219,
      163,
      162,
      8,
      50,
      15,
      6,
      8,
      5,
      127,
      20,
      161,
      161
    ],
    "47": [
      203,
      77,
      119,
      218,
      42,
      32,
      52,
      20,
      211,
      75,
      105,
      224,
      177,
      165,
      141,
      205,
      16,
      92,
      251,
      237,
      198,
      149,
      165,
      26,
      188,
      74,
      146,
      7,
      245,
      123,
      76,
      12
    ],
    "8": [
      170,
      131,
      250,
      67,
      235,
      189,
      199,
      224,
      192,
      150,
      81,
      6,
      113,
      149,
      148,
      88,
      105,
      194,
      13,
      235,
      117,
      199,
      199,
      238,
      68,
      247,
      105,
      150,
      10,
      223,
      206,
      224
    ],
    "43": [
      239,
      82,
      191,
      222,
      214,
      114,
      82,
      120,
      169,
      196,
      197,
      88,
      245,
      15,
      21,
      131,
      91,
      220,
      247,
      183,
      120,
      108,
      63,
      20,
      80,
      90,
      57,
      245,
      57,
      131,
      210,
      132
    ],
    "20": [
      42,
      181,
      24,
      172,
      120,
      152,
      214,
      59,
      146,
      105,
      214,
      157,
      30,
      224,
      179,
      119,
      106,
      4,
      128,
      27,
      163,
      47,
      20,
      214,
      172,
      71,
      150,
      221,
      5,
      140,
      236,
      83
    ],
    "55": [
      173,
      233,
      223,
      99,
      136,
      237,
      31,
      159,
      196,
      185,
      9,
      109,
      218,
      149,
      24,
      27,
      81,
      105,
      69,
      18,
      66,
      169,
      138,
      214,
      128,
      104,
      19,
      181,
      154,
      240,
      150,
      11
    ],
    "16": [
      176,
      92,
      24,
      44,
      89,
      16,
      87,
      248,
      38,
      148,
      6,
      200,
      192,
      37,
      46,
      218,
      112,
      219,
      166,
      172,
      18,
      82,
      150,
      127,
      166,
      19,
      55,
      201,
      133,
      43,
      125,
      14
    ],
    "51": [
      93,
      92,
      169,
      64,
      53,
      149,
      233,
      25,
      26,
      228,
      17,
      79,
      116,
      173,
      128,
      29,
      135,
      83,
      204,
      120,
      189,
      70,
      13,
      213,
      212,
      191,
      242,
      243,
      227,
      106,
      208,
      165
    ],
    "28": [
      247,
      192,
      79,
      222,
      85,
      63,
      242,
      190,
      219,
      207,
      166,
      76,
      186,
      25,
      51,
      163,
      218,
      171,
      209,
      246,
      157,
      205,
      22,
      35,
      38,
      177,
      218,
      98,
      56,
      155,
      193,
      14
    ],
    "63": [
      127,
      62,
      180,
      117,
      228,
      137,
      218,
      81,
      135,
      204,
      57,
      252,
      80,
      110,
      23,
      255,
      207,
      244,
      34,
      109,
      221,
      233,
      161,
      167,
      128,
      111,
      239,
      70,
      223,
      17,
      24,
      214
    ],
    "24": [
      24,
      225,
      175,
      114,
      67,
      20,
      45,
      69,
      108,
      153,
      107,
      53,
      13,
      65,
      40,
      134,
      24,
      196,
      132,
      163,
      152,
      206,
      168,
      38,
      147,
      212,
      91,
      63,
      137,
      16,
      21,
      114
    ],
    "59": [
      157,
      122,
      43,
      112,
      114,
      140,
      138,
      125,
      62,
      94,
      145,
      158,
      152,
      101,
      163,
      16,
      156,
      116,
      43,
      236,
      196,
      33,
      23,
      240,
      7,
      37,
      170,
      96,
      43,
      252,
      118,
      179
    ],
    "7": [
      56,
      66,
      65,
      66,
      246,
      193,
      219,
      17,
      202,
      141,
      170,
      6,
      23,
      64,
      50,
      109,
      4,
      253,
      166,
      145,
      13,
      70,
      190,
      124,
      125,
      199,
      21,
      37,
      150,
      124,
      37,
      197
    ],
    "38": [
      123,
      23,
      200,
      230,
      74,
      158,
      2,
      184,
      240,
      186,
      254,
      244,
      87,
      130,
      9,
      160,
      25,
      92,
      247,
      113,
      63,
      179,
      84,
      169,
      117,
      191,
      165,
      217,
      213,
      215,
      32,
      29
    ],
    "3": [
      28,
      230,
      22,
      20,
      142,
      132,
      210,
      164,
      42,
      99,
      166,
      88,
      164,
      65,
      202,
      134,
      28,
      156,
      189,
      231,
      139,
      154,
      137,
      102,
      197,
      25,
      160,
      0,
      209,
      2,
      25,
      107
    ],
    "34": [
      77,
      96,
      94,
      50,
      251,
      59,
      199,
      4,
      75,
      150,
      130,
      231,
      176,
      179,
      163,
      84,
      63,
      152,
      193,
      67,
      85,
      109,
      214,
      69,
      6,
      79,
      160,
      167,
      130,
      146,
      243,
      211
    ],
    "15": [
      40,
      250,
      27,
      178,
      124,
      7,
      88,
      197,
      216,
      239,
      179,
      28,
      222,
      225,
      11,
      106,
      9,
      12,
      122,
      45,
      120,
      202,
      72,
      103,
      133,
      182,
      101,
      77,
      183,
      102,
      91,
      208
    ],
    "46": [
      130,
      200,
      91,
      111,
      14,
      163,
      195,
      177,
      75,
      222,
      147,
      235,
      61,
      217,
      219,
      164,
      100,
      173,
      75,
      173,
      155,
      31,
      244,
      190,
      254,
      67,
      194,
      23,
      242,
      14,
      102,
      31
    ],
    "11": [
      185,
      112,
      163,
      34,
      83,
      205,
      151,
      251,
      51,
      34,
      250,
      131,
      131,
      61,
      105,
      228,
      224,
      186,
      147,
      143,
      120,
      74,
      236,
      129,
      78,
      187,
      217,
      58,
      124,
      204,
      27,
      43
    ],
    "42": [
      232,
      195,
      175,
      66,
      47,
      135,
      206,
      93,
      164,
      225,
      12,
      156,
      208,
      52,
      142,
      170,
      221,
      102,
      36,
      217,
      54,
      112,
      221,
      226,
      111,
      29,
      61,
      167,
      202,
      212,
      242,
      229
    ],
    "23": [
      63,
      27,
      187,
      228,
      125,
      198,
      0,
      76,
      71,
      32,
      241,
      181,
      107,
      254,
      95,
      119,
      218,
      206,
      103,
      74,
      230,
      141,
      143,
      70,
      2,
      86,
      237,
      23,
      21,
      0,
      77,
      51
    ],
    "54": [
      107,
      73,
      116,
      136,
      189,
      196,
      38,
      126,
      172,
      106,
      32,
      22,
      149,
      132,
      61,
      92,
      70,
      206,
      130,
      194,
      59,
      13,
      172,
      145,
      84,
      101,
      248,
      202,
      245,
      216,
      13,
      89
    ],
    "19": [
      78,
      72,
      128,
      97,
      22,
      94,
      92,
      116,
      178,
      28,
      155,
      22,
      26,
      154,
      180,
      206,
      92,
      212,
      112,
      170,
      104,
      30,
      217,
      122,
      91,
      253,
      136,
      185,
      86,
      10,
      110,
      15
    ],
    "50": [
      225,
      31,
      234,
      91,
      7,
      237,
      164,
      223,
      126,
      241,
      202,
      75,
      139,
      197,
      44,
      112,
      102,
      174,
      241,
      180,
      104,
      82,
      245,
      26,
      213,
      100,
      83,
      254,
      115,
      214,
      142,
      159
    ],
    "31": [
      21,
      164,
      85,
      9,
      116,
      215,
      134,
      191,
      105,
      87,
      178,
      1,
      215,
      49,
      4,
      121,
      5,
      180,
      20,
      20,
      190,
      184,
      8,
      159,
      171,
      209,
      32,
      242,
      32,
      99,
      122,
      244
    ],
    "62": [
      246,
      14,
      170,
      205,
      17,
      138,
      90,
      173,
      129,
      97,
      42,
      67,
      224,
      7,
      200,
      95,
      38,
      29,
      205,
      48,
      174,
      148,
      234,
      59,
      164,
      190,
      165,
      27,
      57,
      158,
      216,
      137
    ],
    "27": [
      107,
      56,
      168,
      171,
      231,
      101,
      115,
      187,
      151,
      13,
      164,
      100,
      246,
      130,
      134,
      217,
      239,
      128,
      180,
      57,
      69,
      81,
      79,
      72,
      243,
      58,
      239,
      204,
      238,
      127,
      9,
      200
    ],
    "58": [
      244,
      95,
      75,
      182,
      227,
      155,
      81,
      166,
      72,
      207,
      202,
      181,
      109,
      209,
      50,
      241,
      79,
      120,
      99,
      209,
      47,
      243,
      216,
      91,
      122,
      111,
      87,
      41,
      30,
      206,
      86,
      29
    ]
  },
  "my_cert": [],
  "my_cert_key": [],
  "root_cert": []
}