{
  "net_map": {
    "37": "127.0.0.1:8537",
    "6": "127.0.0.1:8506",
    "33": "127.0.0.1:8533",
    "64": "127.0.0.1:9000",
    "2": "127.0.0.1:8502",
    "45": "127.0.0.1:8545",
    "14": "127.0.0.1:8514",
    "41": "127.0.0.1:8541",
    "10": "127.0.0.1:8510",
    "53": "127.0.0.1:8553",
    "22": "127.0.0.1:8522",
    "49": "127.0.0.1:8549",
    "18": "127.0.0.1:8518",
    "61": "127.0.0.1:8561",
    "30": "127.0.0.1:8530",
    "57": "127.0.0.1:8557",
    "26": "127.0.0.1:8526",
    "5": "127.0.0.1:8505",
    "36": "127.0.0.1:8536",
    "1": "127.0.0.1:8501",
    "32": "127.0.0.1:8532",
    "13": "127.0.0.1:8513",
    "44": "127.0.0.1:8544",
    "9": "127.0.0.1:8509",
    "40": "127.0.0.1:8540",
    "21": "127.0.0.1:8521",
    "52": "127.0.0.1:8552",
    "17": "127.0.0.1:8517",
    "48": "127.0.0.1:8548",
    "29": "127.0.0.1:8529",
    "60": "127.0.0.1:8560",
    "25": "127.0.0.1:8525",
    "56": "127.0.0.1:8556",
    "4": "127.0.0.1:8504",
    "39": "127.0.0.1:8539",
    "0": "127.0.0.1:8500",
    "35": "127.0.0.1:8535",
    "12": "127.0.0.1:8512",
    "47": "127.0.0.1:8547",
    "8": "127.0.0.1:8508",
    "43": "127.0.0.1:8543",
    "20": "127.0.0.1:8520",
    "55": "127.0.0.1:8555",
    "16": "127.0.0.1:8516",
    "51": "127.0.0.1:8551",
    "28": "127.0.0.1:8528",
    "63": "127.0.0.1:8563",
    "24": "127.0.0.1:8524",
    "59": "127.0.0.1:8559",
    "7": "127.0.0.1:8507",
    "38": "127.0.0.1:8538",
    "3": "127.0.0.1:8503",
    "34": "127.0.0.1:8534",
    "15": "127.0.0.1:8515",
    "46": "127.0.0.1:8546",
    "11": "127.0.0.1:8511",
    "42": "127.0.0.1:8542",
    "23": "127.0.0.1:8523",
    "54": "127.0.0.1:8554",
    "19": "127.0.0.1:8519",
    "50": "127.0.0.1:8550",
    "31": "127.0.0.1:8531",
    "62": "127.0.0.1:8562",
    "27": "127.0.0.1:8527",
    "58": "127.0.0.1:8558"
  },
  "delta": 100,
  "id": 24,
  "num_nodes": 64,
  "num_faults": 21,
  "block_size": 100,
  "client_port": 7024,
  "client_addr": "0.0.0.0:5000",
  "payload": 0,
  "prot_payload": "cc,/home/akhil/research/EEBA/libchatter/",
  "crypto_alg": "NOPKI",
  "pk_map": {},
  "secret_key_bytes": [],
  "sk_map": {
    "37": [
      24,
      225,
      175,
      114,
      67,
      20,
      45,
      69,
      108,
      153,
      107,
      53,
      13,
      65,
      40,
      134,
      24,
      196,
      132,
      163,
      152,
      206,
      168,
      38,
      147,
      212,
      91,
      63,
      137,
      16,
      21,
      114
    ],
    "6": [
      94,
      84,
      244,
      116,
      111,
      198,
      98,
      114,
      116,
      198,
      194,
      201,
      0,
      194,
      23,
      203,
      162,
      67,
      51,
      17,
      83,
      243,
      23,
      80,
      210,
      168,
      204,
      0,
      28,
      116,
      78,
      168
    ],
    "33": [
      86,
      70,
      29,
      80,
      239,
      206,
      230,
      195,
      62,
      237,
      252,
      128,
      211,
      187,
      248,
      206,
      227,
      248,
      93,
      134,
      153,
      104,
      247,
      132,
      108,
      176,
      37,
      201,
      144,
      159,
      33,
      23
    ],
    "2": [
      162,
      158,
      86,
      213,
      180,
      55,
      205,
      155,
      106,
      86,
      234,
      106,
      40,
      122,
      20,
      157,
      32,
      205,
      193,
      251,
      193,
      236,
      165,
      152,
      230,
      92,
      92,
      196,
      179,
      173,
      126,
      46
    ],
    "45": [
      55,
      41,
      237,
      10,
      221,
      18,
      52,
      230,
      204,
      125,
      155,
      19,
      147,
      248,
      252,
      233,
      223,
      59,
      61,
      188,
      111,
      254,
      144,
      52,
      176,
      93,
      45,
      204,
      102,
      46,
      97,
      182
    ],
    "14": [
      230,
      229,
      86,
      51,
      136,
      23,
      234,
      103,
      214,
      237,
      149,
      223,
      51,
      118,
      105,
      69,
      190,
      230,
      221,
      41,
      29,
      131,
      221,
      178,
      209,
      3,
      156,
      137,
      82,
      5,
      13,
      235
    ],
    "41": [
      156,
      66,
      118,
      134,
      152,
      47,
      123,
      195,
      127,
      183,
      99,
      82,
      199,
      175,
      252,
      244,
      91,
      161,
      80,
      149,
      111,
      220,
      140,
      75,
      116,
      23,
      149,
      102,
      198,
      191,
      167,
      33
    ],
    "10": [
      28,
      122,
      4,
      187,
      5,
      62,
      6,
      242,
      58,
      20,
      126,
      229,
      74,
      22,
      149,
      203,
      210,
      42,
      170,
      129,
      68,
      100,
      49,
      222,
      157,
      36,
      132,
      73,
      53,
      233,
      68,
      190
    ],
    "53": [
      90,
      47,
      234,
      220,
      241,
      38,
      146,
      244,
      48,
      122,
      77,
      250,
      87,
      74,
      3,
      210,
      21,
      179,
      39,
      159,
      24,
      243,
      163,
      230,
      148,
      141,
      160,
      25,
      207,
      158,
      255,
      244
    ],
    "22": [
      255,
      150,
      218,
      153,
      42,
      222,
      39,
      80,
      193,
      84,
      245,
      107,
      48,
      229,
      36,
      134,
      246,
      171,
      125,
      209,
      56,
      221,
      189,
      247,
      1,
      7,
      219,
      162,
      25,
      111,
      214,
      236
    ],
    "49": [
      179,
      91,
      20,
      109,
      57,
      88,
      18,
      25,
      174,
      216,
      242,
      132,
      199,
      95,
      55,
      214,
      101,
      166,
      178,
      166,
      251,
      181,
      131,
      237,
      76,
      149,
      65,
      213,
      16,
      244,
      153,
      39
    ],
    "18": [
      68,
      106,
      42,
      59,
      37,
      52,
      126,
      8,
      16,
      216,
      33,
      123,
      94,
      148,
      199,
      190,
      29,
      189,
      224,
      31,
      203,
      171,
      149,
      244,
      38,
      126,
      2,
      190,
      250,
      234,
      20,
      34
    ],
    "61": [
      76,
      75,
      31,
      18,
      158,
      236,
      228,
      47,
      125,
      106,
      14,
      165,
      99,
      57,
      188,
      62,
      132,
      91,
      158,
      28,
      176,
      125,
      214,
      26,
      39,
      8,
      162,
      169,
      146,
      12,
      52,
      145
    ],
    "30": [
      203,
      87,
      26,
      251,
      136,
      244,
      84,
      136,
      33,
      213,
      154,
      233,
      213,
      154,
      7,
      85,
      1,
      71,
      189,
      26,
      223,
      127,
      201,
      134,
      127,
      164,
      182,
      252,
      172,
      155,
      222,
      156
    ],
    "57": [
      23,
      224,
      70,
      244,
      183,
      174,
      7,
      85,
      49,
      157,
      33,
      87,
      99,
      110,
      67,
      78,
      214,
      169,
      181,
      46,
      229,
      79,
      213,
      108,
      101,
      106,
      92,
      153,
      253,
      179,
      114,
      8
    ],
    "26": [
      251,
      208,
      169,
      107,
      39,
      102,
      162,
      175,
      142,
      176,
      217,
      123,
      178,
      85,
      7,
      150,
      210,
      110,
      159,
      36,
      251,
      136,
      255,
      159,
      159,
      50,
      37,
      14,
      112,
      67,
      147,
      44
    ],
    "5": [
      143,
      92,
      27,
      39,
      97,
      221,
      56,
      177,
      238,
      218,
      154,
      26,
      86,
      97,
      2,
      44,
      97,
      25,
      62,
      121,
      147,
      8,
      30,
      197,
      208,
      168,
      130,
      233,
      127,
      40,
      11,
      138
    ],
    "36": [
      182,
      55,
      83,
      126,
      15,
      195,
      219,
      127,
      195,
      124,
      96,
      20,
      197,
      226,
      172,
      192,
      211,
      120,
      43,
      54,
      190,
      79,
      231,
      31,
      248,
      199,
      186,
      171,
      15,
      201,
      101,
      205
    ],
    "1": [
      19,
      195,
      86,
      229,
      243,
      187,
      24,
      87,
      218,
      56,
      46,
      17,
      223,
      70,
      170,
      216,
      82,
      230,
      136,
      41,
      36,
      214,
      63,
      250,
      149,
      229,
      181,
      160,
      67,
      43,
      16,
      2
    ],
    "32": [
      33,
      230,
      52,
      199,
      231,
      167,
      183,
      124,
      143,
      154,
      97,
      147,
      240,
      62,
      206,
      148,
      64,
      66,
      128,
      254,
      63,
      54,
      154,
      30,
      214,
      194,
      89,
      123,
      65,
      200,
      31,
      178
    ],
    "13": [
      105,
      158,
      151,
      85,
      15,
      206,
      71,
      18,
      223,
      30,
      42,
      235,
      79,
      9,
      243,
      48,
      231,
      14,
      198,
      242,
      137,
      2,
      101,
      106,
      24,
      174,
      95,
      20,
      217,
      109,
      72,
      235
    ],
    "44": [
      160,
      31,
      241,
      37,
      44,
      166,
      134,
      118,
      93,
      56,
      229,
      200,
      10,
      197,
      75,
      141,
      33,
      180,
      238,
      233,
      197,
      190,
      142,
      97,
      168,
      47,
      150,
      19,
      189,
      56,
      134,
      193
    ],
    "9": [
      182,
      108,
      115,
      224,
      99,
      218,
      202,
      174,
      83,
      185,
      176,
      211,
      79,
      44,
      222,
      57,
      164,
      183,
      30,
      202,
      143,
      235,
      65,
      138,
      117,
      250,
      91,
      3,
      247,
      251,
      65,
      225
    ],
    "40": [
      100,
      251,
      143,
      57,
      87,
      220,
      93,
      179,
      55,
      25,
      13,
      57,
      231,
      140,
      219,
      229,
      236,
      215,
      119,
      166,
      212,
      215,
      237,
      84,
      130,
      8,
      200,
      241,
      4,
      219,
      244,
      80
    ],
    "21": [
      217,
      53,
      129,
      149,
      79,
      11,
      26,
      135,
      162,
      245,
      8,
      126,
      81,
      238,
      66,
      164,
      129,
      247,
      19,
      7,
      64,
      222,
      142,
      71,
      200,
      58,
      153,
      105,
      194,
      123,
      205,
      13
    ],
    "52": [
      210,
      125,
      240,
      62,
      105,
      253,
      71,
      44,
      166,
      239,
      13,
      108,
      117,
      157,
      35,
      225,
      231,
      123,
      158,
      222,
      174,
      203,
      67,
      29,
      11,
      95,
      192,
      122,
      100,
      36,
      243,
      138
    ],
    "17": [
      209,
      141,
      253,
      46,
      45,
      64,
      95,
      25,
      249,
      1,
      145,
      19,
      50,
      25,
      123,
      124,
      22,
      109,
      128,
      115,
      183,
      128,
      214,
      169,
      116,
      111,
      235,
      234,
      27,
      0,
      28,
      79
    ],
    "48": [
      216,
      98,
      97,
      117,
      50,
      71,
      45,
      177,
      223,
      215,
      167,
      58,
      210,
      120,
      216,
      96,
      68,
      108,
      193,
      58,
      78,
      218,
      124,
      118,
      21,
      114,
      55,
      177,
      0,
      168,
      97,
      154
    ],
    "29": [
      232,
      142,
      201,
      176,
      196,
      9,
      74,
      27,
      37,
      31,
      84,
      157,
      22,
      244,
      228,
      191,
      150,
      102,
      186,
      89,
      25,
      136,
      9,
      159,
      25,
      221,
      190,
      226,
      253,
      209,
      169,
      53
    ],
    "60": [
      46,
      46,
      37,
      73,
      187,
      235,
      25,
      89,
      225,
      203,
      39,
      145,
      157,
      205,
      145,
      96,
      9,
      189,
      101,
      120,
      143,
      22,
      84,
      254,
      173,
      23,
      24,
      94,
      252,
      191,
      213,
      211
    ],
    "25": [
      16,
      13,
      87,
      27,
      129,
      224,
      82,
      248,
      81,
      130,
      243,
      51,
      15,
      168,
      121,
      215,
      61,
      227,
      115,
      119,
      135,
      144,
      123,
      205,
      69,
      175,
      74,
      215,
      135,
      229,
      172,
      118
    ],
    "56": [
      175,
      179,
      64,
      29,
      146,
      39,
      83,
      51,
      200,
      122,
      169,
      186,
      248,
      149,
      187,
      221,
      176,
      23,
      111,
      47,
      22,
      126,
      169,
      42,
      205,
      23,
      138,
      2,
      18,
      6,
      231,
      72
    ],
    "4": [
      248,
      174,
      158,
      102,
      7,
      35,
      96,
      148,
      144,
      111,
      6,
      122,
      223,
      182,
      75,
      233,
      110,
      250,
      186,
      68,
      56,
      242,
      43,
      100,
      194,
      20,
      75,
      157,
      209,
      207,
      83,
      50
    ],
    "39": [
      92,
      159,
      41,
      45,
      232,
      129,
      212,
      134,
      143,
      129,
      197,
      112,
      104,
      51,
      241,
      98,
      134,
      76,
      49,
      24,
      42,
      197,
      60,
      121,
      104,
      99,
      124,
      186,
      223,
      108,
      209,
      236
    ],
    "0": [
      134,
      146,
      109,
      88,
      148,
      119,
      85,
      37,
      163,
      92,
      93,
      228,
      66,
      134,
      227,
      25,
      224,
      45,
      31,
      130,
      119,
      181,
      161,
      22,
      150,
      225,
      194,
      183,
      235,
      142,
      85,
      157
    ],
    "35": [
      206,
      113,
      117,
      135,
      135,
      197,
      252,
      182,
      10,
      3,
      88,
      220,
      35,
      251,
      224,
      50,
      107,
      86,
      185,
      31,
      54,
      225,
      59,
      69,
      83,
      186,
      74,
      134,
      126,
      131,
      178,
      245
    ],
    "12": [
      81,
      101,
      23,
      85,
      236,
      205,
      211,
      8,
      183,
      194,
      150,
      135,
      178,
      38,
      91,
      169,
      136,
      72,
      213,
      35,
      130,
      137,
      174,
      98,
      160,
      76,
      33,
      102,
      72,
      146,
      21,
      168
    ],
    "47": [
      114,
      79,
      166,
      224,
      227,
      165,
      115,
      121,
      228,
      9,
      244,
      175,
      254,
      135,
      166,
      53,
      147,
      200,
      53,
      203,
      203,
      186,
      111,
      7,
      231,
      237,
      67,
      218,
      206,
      128,
      122,
      25
    ],
    "8": [
      242,
      77,
      178,
      175,
      244,
      34,
      96,
      135,
      69,
      134,
      70,
      89,
      248,
      28,
      58,
      236,
      73,
      236,
      172,
      115,
      30,
      178,
      146,
      125,
      236,
      64,
      186,
      77,
      63,
      236,
      135,
      157
    ],
    "43": [
      178,
      52,
      91,
      45,
      142,
      115,
      96,
      29,
      48,
      18,
      183,
      174,
      61,
      72,
      49,
      251,
      151,
      86,
      31,
      83,
      125,
      175,
      116,
      229,
      40,
      112,
      34,
      137,
      194,
      196,
      0,
      160
    ],
    "20": [
      35,
      187,
      48,
      174,
      254,
      7,
      223,
      186,
      98,
      174,
      177,
      17,
      252,
      18,
      89,
      98,
      76,
      195,
      108,
      177,
      254,
      217,
      83,
      240,
      9,
      171,
      223,
      91,
      117,
      170,
      87,
      180
    ],
    "55": [
      46,
      124,
      87,
      40,
      153,
      221,
      95,
      52,
      243,
      119,
      227,
      76,
      228,
      225,
      86,
      220,
      101,
      90,
      30,
      157,
      135,
      160,
      178,
      29,
      40,
      35,
      12,
      146,
      209,
      107,
      46,
      16
    ],
    "16": [
      252,
      124,
      172,
      36,
      239,
      154,
      123,
      90,
      86,
      106,
      186,
      118,
      88,
      253,
      232,
      0,
      148,
      2,
      241,
      197,
      184,
      21,
      33,
      0,
      52,
      136,
      197,
      12,
      138,
      195,
      97,
      207
    ],
    "51": [
      243,
      214,
      214,
      18,
      243,
      66,
      209,
      199,
      66,
      232,
      225,
      73,
      70,
      246,
      32,
      254,
      115,
      200,
      243,
      58,
      169,
      103,
      60,
      205,
      66,
      161,
      8,
      179,
      191,
      55,
      85,
      69
    ],
    "28": [
      112,
      161,
      134,
      140,
      67,
      112,
      78,
      47,
      233,
      7,
      90,
      1,
      75,
      33,
      111,
      255,
      52,
      206,
      6,
      143,
      192,
      23,
      189,
      182,
      202,
      39,
      13,
      65,
      145,
      232,
      255,
      97
    ],
    "63": [
      46,
      150,
      232,
      88,
      52,
      171,
      81,
      218,
      174,
      166,
      151,
      102,
      227,
      185,
      140,
      176,
      221,
      168,
      251,
      136,
      145,
      212,
      122,
      2,
      138,
      225,
      138,
      218,
      206,
      5,
      32,
      124
    ],
    "24": [
      101,
      207,
      63,
      149,
      138,
      160,
      173,
      12,
      149,
      29,
      143,
      45,
      187,
      152,
      195,
      76,
      118,
      137,
      218,
      240,
      55,
      95,
      73,
      127,
      124,
      101,
      226,
      228,
      148,
      4,
      106,
      178
    ],
    "59": [
      109,
      19,
      233,
      84,
      208,
      160,
      110,
      197,
      58,
      51,
      64,
      237,
      136,
      87,
      108,
      165,
      211,
      169,
      79,
      68,
      27,
      129,
      235,
      242,
      36,
      238,
      153,
      34,
      25,
      192,
      82,
      218
    ],
    "7": [
      22,
      17,
      162,
      164,
      27,
      146,
      231,
      232,
      177,
      218,
      92,
      147,
      81,
      221,
      49,
      34,
      57,
      139,
      18,
      188,
      95,
      101,
      107,
      212,
      185,
      211,
      150,
      106,
      109,
      215,
      17,
      181
    ],
    "38": [
      103,
      255,
      8,
      74,
      84,
      80,
      179,
      219,
      94,
      159,
      145,
      79,
      194,
      49,
      3,
      189,
      107,
      136,
      240,
      244,
      215,
      205,
      232,
      53,
      114,
      233,
      101,
      181,
      110,
      234,
      50,
      0
    ],
    "3": [
      245,
      66,
      83,
      100,
      168,
      206,
      63,
      227,
      250,
      177,
      211,
      51,
      64,
      31,
      22,
      229,
      120,
      249,
      106,
      77,
      161,
      227,
      40,
      174,
      212,
      102,
      20,
      42,
      209,
      155,
      182,
      153
    ],
    "34": [
      222,
      130,
      213,
      129,
      57,
      216,
      82,
      52,
      55,
      144,
      179,
      121,
      120,
      201,
      15,
      124,
      51,
      71,
      23,
      38,
      227,
      28,
      8,
      81,
      171,
      102,
      219,
      124,
      215,
      129,
      99,
      170
    ],
    "15": [
      96,
      110,
      245,
      247,
      85,
      14,
      206,
      202,
      197,
      157,
      113,
      122,
      54,
      31,
      161,
      161,
      1,
      203,
      236,
      90,
      101,
      154,
      239,
      99,
      172,
      178,
      199,
      196,
      5,
      178,
      157,
      207
    ],
    "46": [
      253,
      248,
      211,
      194,
      133,
      2,
      5,
      71,
      59,
      160,
      40,
      12,
      234,
      36,
      137,
      222,
      64,
      8,
      144,
      200,
      186,
      164,
      160,
      91,
      173,
      127,
      96,
      120,
      19,
      92,
      166,
      179
    ],
    "11": [
      83,
      110,
      15,
      212,
      213,
      114,
      8,
      244,
      126,
      78,
      182,
      21,
      185,
      61,
      188,
      26,
      132,
      249,
      211,
      230,
      169,
      223,
      220,
      97,
      94,
      25,
      4,
      66,
      81,
      23,
      159,
      142
    ],
    "42": [
      103,
      121,
      196,
      208,
      10,
      67,
      159,
      116,
      54,
      155,
      177,
      203,
      153,
      186,
      216,
      38,
      168,
      118,
      67,
      217,
      149,
      23,
      77,
      156,
      120,
      175,
      2,
      221,
      55,
      173,
      237,
      161
    ],
    "23": [
      157,
      214,
      95,
      149,
      198,
      125,
      196,
      17,
      41,
      180,
      94,
      174,
      96,
      247,
      201,
      203,
      226,
      131,
      135,
      170,
      138,
      47,
      15,
      185,
      232,
      216,
      154,
      193,
      254,
      10,
      245,
      2
    ],
    "54": [
      195,
      222,
      102,
      71,
      228,
      108,
      107,
      123,
      165,
      0,
      160,
      239,
      96,
      131,
      211,
      179,
      136,
      118,
      45,
      154,
      173,
      91,
      191,
      225,
      165,
      206,
      59,
      26,
      204,
      139,
      152,
      190
    ],
    "19": [
      124,
      153,
      3,
      129,
      209,
      167,
      156,
      105,
      99,
      71,
      175,
      136,
      96,
      204,
      98,
      107,
      96,
      6,
      252,
      47,
      72,
      245,
      211,
      74,
      70,
      209,
      119,
      215,
      127,
      119,
      13,
      217
    ],
    "50": [
      86,
      151,
      209,
      135,
      215,
      17,
      114,
      42,
      101,
      45,
      74,
      15,
      28,
      183,
      106,
      178,
      149,
      111,
      254,
      233,
      6,
      107,
      157,
      135,
      156,
      73,
      93,
      193,
      204,
      232,
      33,
      254
    ],
    "31": [
      185,
      42,
      195,
      63,
      124,
      70,
      178,
      177,
      215,
      83,
      32,
      64,
      97,
      54,
      252,
      203,
      21,
      94,
      213,
      2,
      104,
      225,
      89,
      121,
      179,
      83,
      120,
      46,
      210,
      216,
      182,
      71
    ],
    "62": [
      50,
      83,
      60,
      162,
      244,
      203,
      237,
      174,
      21,
      40,
      241,
      118,
      2,
      52,
      225,
      229,
      137,
      242,
      197,
      64,
      18,
      144,
      179,
      158,
      105,
      102,
      147,
      116,
      140,
      48,
      30,
      148
    ],
    "27": [
      74,
      225,
      254,
      41,
      76,
      237,
      165,
      86,
      128,
      214,
      243,
      186,
      138,
      71,
      177,
      28,
      39,
      231,
      16,
      62,
      176,
      55,
      140,
      69,
      60,
      18,
      159,
      192,
      48,
      163,
      212,
      252
    ],
    "58": [
      186,
      121,
      41,
      220,
      25,
      149,
      46,
      165,
      32,
      105,
      107,
      168,
      217,
      74,
      23,
      82,
      197,
      62,
      94,
      59,
      93,
      52,
      231,
      231,
      239,
      16,
      155,
      197,
      224,
      140,
      93,
      140
    ]
  },
  "my_cert": [],
  "my_cert_key": [],
  "root_cert": []
}