{
  "net_map": {
    "37": "127.0.0.1:8537",
    "6": "127.0.0.1:8506",
    "33": "127.0.0.1:8533",
    "64": "127.0.0.1:9000",
    "2": "127.0.0.1:8502",
    "45": "127.0.0.1:8545",
    "14": "127.0.0.1:8514",
    "41": "127.0.0.1:8541",
    "10": "127.0.0.1:8510",
    "53": "127.0.0.1:8553",
    "22": "127.0.0.1:8522",
    "49": "127.0.0.1:8549",
    "18": "127.0.0.1:8518",
    "61": "127.0.0.1:8561",
    "30": "127.0.0.1:8530",
    "57": "127.0.0.1:8557",
    "26": "127.0.0.1:8526",
    "5": "127.0.0.1:8505",
    "36": "127.0.0.1:8536",
    "1": "127.0.0.1:8501",
    "32": "127.0.0.1:8532",
    "13": "127.0.0.1:8513",
    "44": "127.0.0.1:8544",
    "9": "127.0.0.1:8509",
    "40": "127.0.0.1:8540",
    "21": "127.0.0.1:8521",
    "52": "127.0.0.1:8552",
    "17": "127.0.0.1:8517",
    "48": "127.0.0.1:8548",
    "29": "127.0.0.1:8529",
    "60": "127.0.0.1:8560",
    "25": "127.0.0.1:8525",
    "56": "127.0.0.1:8556",
    "4": "127.0.0.1:8504",
    "39": "127.0.0.1:8539",
    "0": "127.0.0.1:8500",
    "35": "127.0.0.1:8535",
    "12": "127.0.0.1:8512",
    "47": "127.0.0.1:8547",
    "8": "127.0.0.1:8508",
    "43": "127.0.0.1:8543",
    "20": "127.0.0.1:8520",
    "55": "127.0.0.1:8555",
    "16": "127.0.0.1:8516",
    "51": "127.0.0.1:8551",
    "28": "127.0.0.1:8528",
    "63": "127.0.0.1:8563",
    "24": "127.0.0.1:8524",
    "59": "127.0.0.1:8559",
    "7": "127.0.0.1:8507",
    "38": "127.0.0.1:8538",
    "3": "127.0.0.1:8503",
    "34": "127.0.0.1:8534",
    "15": "127.0.0.1:8515",
    "46": "127.0.0.1:8546",
    "11": "127.0.0.1:8511",
    "42": "127.0.0.1:8542",
    "23": "127.0.0.1:8523",
    "54": "127.0.0.1:8554",
    "19": "127.0.0.1:8519",
    "50": "127.0.0.1:8550",
    "31": "127.0.0.1:8531",
    "62": "127.0.0.1:8562",
    "27": "127.0.0.1:8527",
    "58": "127.0.0.1:8558"
  },
  "delta": 100,
  "id": 32,
  "num_nodes": 64,
  "num_faults": 21,
  "block_size": 100,
  "client_port": 7032,
  "client_addr": "0.0.0.0:5000",
  "payload": 0,
  "prot_payload": "cc,/home/akhil/research/EEBA/libchatter/",
  "crypto_alg": "NOPKI",
  "pk_map": {},
  "secret_key_bytes": [],
  "sk_map": {
    "37": [
      231,
      9,
      108,
      87,
      171,
      94,
      179,
      119,
      171,
      20,
      145,
      234,
      67,
      9,
      166,
      240,
      136,
      125,
      64,
      160,
      140,
      8,
      35,
      147,
      142,
      48,
      193,
      52,
      183,
      98,
      47,
      239
    ],
    "6": [
      173,
      170,
      0,
      241,
      98,
      32,
      173,
      95,
      21,
      31,
      18,
      131,
      141,
      10,
      115,
      183,
      164,
      73,
      143,
      6,
      184,
      133,
      228,
      71,
      213,
      150,
      7,
      143,
      52,
      80,
      211,
      177
    ],
    "33": [
      206,
      130,
      55,
      143,
      205,
      122,
      61,
      35,
      186,
      121,
      79,
      193,
      189,
      201,
      237,
      49,
      199,
      73,
      69,
      120,
      249,
      216,
      43,
      225,
      49,
      172,
      98,
      57,
      93,
      69,
      132,
      210
    ],
    "2": [
      130,
      24,
      0,
      224,
      150,
      55,
      138,
      96,
      69,
      250,
      153,
      88,
      183,
      57,
      233,
      241,
      181,
      143,
      94,
      96,
      1,
      151,
      189,
      36,
      18,
      197,
      163,
      113,
      30,
      43,
      122,
      105
    ],
    "45": [
      113,
      228,
      45,
      39,
      166,
      171,
      218,
      27,
      75,
      254,
      72,
      149,
      220,
      215,
      16,
      1,
      78,
      71,
      52,
      249,
      25,
      22,
      42,
      93,
      165,
      100,
      236,
      80,
      169,
      8,
      123,
      253
    ],
    "14": [
      247,
      179,
      123,
      72,
      208,
      211,
      79,
      58,
      242,
      195,
      13,
      50,
      246,
      163,
      193,
      142,
      183,
      61,
      85,
      228,
      116,
      208,
      51,
      66,
      43,
      81,
      35,
      121,
      104,
      201,
      195,
      14
    ],
    "41": [
      239,
      173,
      194,
      80,
      18,
      61,
      138,
      109,
      199,
      217,
      167,
      207,
      154,
      61,
      172,
      176,
      67,
      69,
      29,
      171,
      123,
      209,
      84,
      31,
      160,
      24,
      187,
      94,
      204,
      152,
      158,
      182
    ],
    "10": [
      97,
      204,
      213,
      76,
      5,
      95,
      156,
      207,
      125,
      215,
      199,
      117,
      27,
      78,
      37,
      204,
      179,
      75,
      84,
      18,
      225,
      172,
      181,
      20,
      56,
      193,
      70,
      85,
      45,
      159,
      218,
      75
    ],
    "53": [
      127,
      42,
      134,
      68,
      151,
      130,
      148,
      42,
      82,
      198,
      213,
      23,
      63,
      194,
      177,
      219,
      39,
      53,
      123,
      106,
      234,
      12,
      111,
      119,
      212,
      35,
      116,
      182,
      57,
      30,
      159,
      103
    ],
    "22": [
      166,
      196,
      201,
      226,
      209,
      233,
      35,
      222,
      143,
      17,
      108,
      170,
      219,
      198,
      151,
      36,
      43,
      201,
      195,
      24,
      48,
      70,
      186,
      84,
      102,
      214,
      18,
      248,
      185,
      255,
      228,
      154
    ],
    "49": [
      131,
      190,
      103,
      85,
      151,
      82,
      104,
      141,
      51,
      173,
      69,
      14,
      178,
      169,
      8,
      17,
      117,
      182,
      137,
      253,
      238,
      225,
      180,
      255,
      255,
      129,
      53,
      40,
      52,
      240,
      239,
      55
    ],
    "18": [
      216,
      150,
      182,
      180,
      39,
      166,
      25,
      115,
      149,
      206,
      148,
      71,
      81,
      22,
      225,
      195,
      24,
      182,
      45,
      104,
      85,
      243,
      203,
      151,
      179,
      50,
      58,
      150,
      222,
      246,
      224,
      112
    ],
    "61": [
      103,
      169,
      32,
      215,
      133,
      199,
      218,
      104,
      119,
      52,
      174,
      206,
      115,
      24,
      153,
      36,
      93,
      220,
      33,
      206,
      95,
      34,
      79,
      203,
      39,
      158,
      105,
      237,
      124,
      25,
      133,
      137
    ],
    "30": [
      139,
      214,
      209,
      149,
      108,
      193,
      208,
      66,
      130,
      195,
      17,
      70,
      224,
      90,
      157,
      13,
      209,
      205,
      127,
      123,
      79,
      100,
      30,
      107,
      78,
      136,
      125,
      82,
      143,
      11,
      187,
      22
    ],
    "57": [
      130,
      99,
      94,
      215,
      58,
      155,
      254,
      14,
      215,
      223,
      230,
      29,
      117,
      60,
      99,
      11,
      67,
      239,
      223,
      147,
      16,
      251,
      254,
      167,
      234,
      143,
      250,
      82,
      138,
      225,
      7,
      250
    ],
    "26": [
      216,
      76,
      223,
      119,
      175,
      81,
      216,
      180,
      208,
      247,
      160,
      193,
      201,
      142,
      75,
      48,
      106,
      44,
      152,
      216,
      68,
      211,
      157,
      251,
      103,
      126,
      81,
      58,
      248,
      22,
      217,
      80
    ],
    "5": [
      12,
      203,
      3,
      183,
      36,
      169,
      76,
      58,
      32,
      20,
      112,
      74,
      173,
      30,
      221,
      36,
      202,
      149,
      1,
      122,
      58,
      232,
      78,
      155,
      217,
      48,
      74,
      103,
      212,
      102,
      214,
      200
    ],
    "36": [
      73,
      92,
      187,
      161,
      94,
      201,
      251,
      76,
      160,
      173,
      228,
      67,
      53,
      128,
      38,
      168,
      89,
      218,
      71,
      43,
      99,
      113,
      174,
      232,
      87,
      97,
      127,
      148,
      14,
      118,
      69,
      146
    ],
    "1": [
      73,
      58,
      194,
      141,
      18,
      180,
      205,
      67,
      109,
      93,
      161,
      248,
      48,
      213,
      102,
      77,
      246,
      230,
      150,
      189,
      243,
      63,
      181,
      134,
      4,
      204,
      28,
      128,
      61,
      220,
      103,
      199
    ],
    "32": [
      222,
      15,
      114,
      121,
      248,
      120,
      55,
      39,
      104,
      112,
      196,
      142,
      5,
      251,
      227,
      107,
      19,
      243,
      248,
      84,
      159,
      63,
      107,
      49,
      176,
      219,
      59,
      63,
      60,
      114,
      28,
      233
    ],
    "13": [
      138,
      26,
      127,
      50,
      207,
      56,
      207,
      233,
      50,
      33,
      66,
      49,
      184,
      16,
      116,
      143,
      42,
      210,
      193,
      32,
      142,
      137,
      245,
      120,
      160,
      65,
      167,
      154,
      191,
      114,
      57,
      110
    ],
    "44": [
      87,
      179,
      134,
      123,
      176,
      31,
      62,
      65,
      150,
      111,
      204,
      84,
      209,
      54,
      251,
      170,
      140,
      95,
      217,
      23,
      117,
      94,
      18,
      23,
      143,
      196,
      202,
      85,
      24,
      100,
      64,
      133
    ],
    "9": [
      221,
      190,
      113,
      237,
      26,
      175,
      201,
      24,
      245,
      112,
      182,
      177,
      159,
      125,
      150,
      36,
      58,
      90,
      20,
      244,
      4,
      33,
      149,
      20,
      218,
      78,
      123,
      130,
      72,
      98,
      173,
      105
    ],
    "40": [
      196,
      113,
      23,
      74,
      84,
      206,
      27,
      66,
      89,
      192,
      46,
      11,
      69,
      229,
      211,
      143,
      33,
      103,
      239,
      90,
      242,
      84,
      45,
      71,
      98,
      93,
      227,
      39,
      196,
      4,
      17,
      250
    ],
    "21": [
      126,
      61,
      214,
      46,
      199,
      24,
      47,
      107,
      178,
      235,
      17,
      16,
      51,
      231,
      231,
      121,
      141,
      85,
      34,
      189,
      80,
      52,
      92,
      3,
      85,
      234,
      204,
      61,
      241,
      140,
      113,
      177
    ],
    "52": [
      35,
      4,
      165,
      113,
      175,
      8,
      140,
      99,
      232,
      2,
      212,
      183,
      99,
      138,
      21,
      20,
      191,
      86,
      141,
      164,
      76,
      114,
      91,
      57,
      213,
      182,
      78,
      128,
      104,
      5,
      180,
      107
    ],
    "17": [
      33,
      70,
      161,
      79,
      152,
      88,
      166,
      206,
      88,
      34,
      238,
      168,
      114,
      208,
      219,
      148,
      217,
      249,
      181,
      243,
      51,
      251,
      155,
      32,
      247,
      248,
      241,
      200,
      119,
      139,
      184,
      163
    ],
    "48": [
      45,
      92,
      175,
      139,
      252,
      63,
      37,
      238,
      159,
      197,
      177,
      144,
      9,
      227,
      90,
      109,
      154,
      239,
      74,
      111,
      41,
      160,
      137,
      104,
      139,
      183,
      2,
      79,
      86,
      94,
      32,
      144
    ],
    "29": [
      97,
      153,
      211,
      70,
      128,
      62,
      1,
      174,
      215,
      148,
      61,
      121,
      19,
      193,
      52,
      252,
      234,
      212,
      19,
      145,
      157,
      192,
      1,
      30,
      228,
      80,
      246,
      224,
      19,
      109,
      27,
      198
    ],
    "60": [
      171,
      232,
      139,
      73,
      63,
      238,
      147,
      221,
      254,
      10,
      117,
      4,
      21,
      5,
      122,
      27,
      178,
      41,
      89,
      62,
      77,
      171,
      254,
      199,
      226,
      79,
      70,
      44,
      129,
      93,
      220,
      198
    ],
    "25": [
      37,
      210,
      163,
      237,
      14,
      209,
      7,
      190,
      60,
      24,
      78,
      50,
      76,
      185,
      89,
      7,
      158,
      240,
      242,
      225,
      197,
      217,
      137,
      143,
      179,
      167,
      148,
      104,
      166,
      137,
      221,
      102
    ],
    "56": [
      177,
      205,
      155,
      3,
      250,
      51,
      240,
      101,
      34,
      200,
      135,
      33,
      150,
      57,
      92,
      36,
      63,
      2,
      203,
      32,
      197,
      255,
      247,
      183,
      4,
      73,
      121,
      41,
      126,
      207,
      120,
      83
    ],
    "4": [
      43,
      29,
      88,
      80,
      212,
      153,
      59,
      163,
      214,
      12,
      228,
      138,
      91,
      97,
      196,
      76,
      138,
      124,
      35,
      41,
      242,
      129,
      126,
      247,
      174,
      190,
      223,
      177,
      107,
      227,
      39,
      97
    ],
    "39": [
      120,
      120,
      109,
      181,
      127,
      226,
      160,
      77,
      226,
      46,
      14,
      254,
      0,
      165,
      134,
      205,
      80,
      80,
      126,
      205,
      1,
      236,
      120,
      207,
      175,
      151,
      95,
      79,
      20,
      122,
      203,
      109
    ],
    "0": [
      213,
      239,
      251,
      197,
      143,
      131,
      223,
      249,
      46,
      55,
      147,
      199,
      127,
      73,
      154,
      178,
      124,
      44,
      112,
      13,
      69,
      50,
      223,
      64,
      62,
      255,
      113,
      2,
      253,
      89,
      41,
      17
    ],
    "35": [
      237,
      180,
      116,
      231,
      121,
      58,
      27,
      130,
      108,
      14,
      188,
      50,
      235,
      112,
      42,
      142,
      206,
      190,
      13,
      6,
      43,
      176,
      154,
      27,
      122,
      6,
      153,
      32,
      95,
      230,
      193,
      223
    ],
    "12": [
      235,
      123,
      167,
      130,
      32,
      12,
      165,
      154,
      216,
      55,
      36,
      123,
      236,
      235,
      84,
      106,
      187,
      124,
      118,
      119,
      145,
      83,
      97,
      112,
      238,
      180,
      190,
      194,
      243,
      120,
      102,
      31
    ],
    "47": [
      62,
      85,
      192,
      136,
      146,
      72,
      105,
      226,
      237,
      40,
      121,
      41,
      166,
      100,
      72,
      221,
      36,
      85,
      171,
      164,
      254,
      224,
      8,
      12,
      163,
      28,
      80,
      211,
      193,
      16,
      170,
      89
    ],
    "8": [
      245,
      52,
      217,
      7,
      164,
      218,
      248,
      187,
      146,
      241,
      179,
      134,
      134,
      159,
      13,
      24,
      172,
      29,
      83,
      192,
      247,
      82,
      107,
      227,
      80,
      84,
      188,
      57,
      15,
      213,
      227,
      253
    ],
    "43": [
      26,
      103,
      240,
      255,
      131,
      98,
      213,
      252,
      220,
      102,
      173,
      81,
      227,
      52,
      48,
      51,
      200,
      237,
      180,
      141,
      56,
      189,
      228,
      122,
      185,
      182,
      248,
      29,
      120,
      245,
      199,
      139
    ],
    "20": [
      194,
      6,
      19,
      20,
      57,
      22,
      1,
      103,
      176,
      165,
      127,
      99,
      147,
      194,
      1,
      170,
      166,
      199,
      60,
      32,
      228,
      175,
      137,
      53,
      46,
      113,
      45,
      63,
      149,
      242,
      75,
      170
    ],
    "55": [
      209,
      64,
      253,
      65,
      83,
      174,
      52,
      6,
      252,
      169,
      228,
      130,
      176,
      43,
      0,
      8,
      68,
      227,
      10,
      100,
      236,
      39,
      228,
      27,
      196,
      243,
      58,
      138,
      19,
      156,
      123,
      251
    ],
    "16": [
      213,
      127,
      134,
      27,
      212,
      36,
      103,
      159,
      56,
      78,
      37,
      129,
      62,
      186,
      161,
      112,
      76,
      215,
      222,
      111,
      189,
      83,
      64,
      6,
      210,
      44,
      13,
      195,
      220,
      191,
      131,
      25
    ],
    "51": [
      194,
      13,
      5,
      180,
      250,
      108,
      83,
      113,
      201,
      122,
      243,
      115,
      214,
      85,
      119,
      166,
      96,
      168,
      120,
      10,
      195,
      39,
      158,
      109,
      37,
      25,
      246,
      187,
      43,
      178,
      226,
      94
    ],
    "28": [
      19,
      212,
      37,
      142,
      125,
      118,
      12,
      223,
      162,
      148,
      27,
      135,
      31,
      25,
      70,
      104,
      38,
      132,
      142,
      168,
      97,
      127,
      10,
      48,
      167,
      249,
      216,
      129,
      20,
      179,
      75,
      71
    ],
    "63": [
      115,
      243,
      162,
      2,
      248,
      242,
      116,
      248,
      216,
      120,
      159,
      248,
      88,
      164,
      126,
      246,
      165,
      56,
      240,
      48,
      85,
      192,
      81,
      138,
      76,
      253,
      163,
      11,
      201,
      59,
      124,
      23
    ],
    "24": [
      33,
      230,
      52,
      199,
      231,
      167,
      183,
      124,
      143,
      154,
      97,
      147,
      240,
      62,
      206,
      148,
      64,
      66,
      128,
      254,
      63,
      54,
      154,
      30,
      214,
      194,
      89,
      123,
      65,
      200,
      31,
      178
    ],
    "59": [
      63,
      68,
      194,
      179,
      122,
      133,
      133,
      213,
      51,
      228,
      77,
      162,
      136,
      64,
      33,
      194,
      132,
      116,
      18,
      168,
      68,
      232,
      27,
      66,
      45,
      204,
      66,
      29,
      11,
      21,
      211,
      64
    ],
    "7": [
      125,
      175,
      177,
      1,
      63,
      221,
      214,
      238,
      21,
      145,
      9,
      25,
      234,
      128,
      142,
      122,
      55,
      50,
      53,
      97,
      226,
      105,
      68,
      82,
      7,
      229,
      75,
      248,
      6,
      151,
      218,
      209
    ],
    "38": [
      77,
      24,
      185,
      125,
      198,
      232,
      105,
      212,
      203,
      35,
      137,
      100,
      144,
      232,
      12,
      238,
      226,
      176,
      227,
      197,
      51,
      255,
      66,
      17,
      76,
      142,
      112,
      58,
      150,
      81,
      181,
      116
    ],
    "3": [
      138,
      14,
      110,
      230,
      144,
      11,
      34,
      142,
      128,
      235,
      74,
      244,
      9,
      52,
      65,
      52,
      233,
      16,
      81,
      54,
      123,
      204,
      66,
      55,
      18,
      140,
      89,
      192,
      98,
      247,
      97,
      11
    ],
    "34": [
      73,
      154,
      129,
      0,
      23,
      47,
      106,
      150,
      70,
      49,
      77,
      17,
      175,
      252,
      75,
      169,
      152,
      66,
      13,
      190,
      104,
      240,
      166,
      20,
      202,
      135,
      50,
      84,
      67,
      45,
      180,
      164
    ],
    "15": [
      214,
      163,
      118,
      211,
      193,
      129,
      142,
      162,
      9,
      203,
      161,
      135,
      115,
      128,
      210,
      109,
      248,
      252,
      36,
      235,
      205,
      182,
      160,
      194,
      196,
      93,
      52,
      247,
      10,
      180,
      206,
      153
    ],
    "46": [
      55,
      151,
      7,
      200,
      26,
      217,
      44,
      86,
      155,
      128,
      202,
      3,
      171,
      246,
      146,
      180,
      181,
      126,
      73,
      173,
      229,
      116,
      166,
      209,
      73,
      57,
      106,
      235,
      182,
      96,
      153,
      142
    ],
    "11": [
      22,
      214,
      2,
      182,
      136,
      221,
      5,
      118,
      80,
      66,
      128,
      240,
      125,
      176,
      229,
      213,
      34,
      145,
      180,
      19,
      29,
      192,
      42,
      212,
      129,
      214,
      175,
      119,
      92,
      22,
      26,
      218
    ],
    "42": [
      32,
      180,
      21,
      247,
      52,
      182,
      241,
      221,
      201,
      196,
      78,
      241,
      24,
      87,
      85,
      76,
      155,
      110,
      206,
      143,
      167,
      226,
      173,
      228,
      169,
      175,
      193,
      129,
      12,
      48,
      169,
      1
    ],
    "23": [
      130,
      98,
      172,
      15,
      114,
      202,
      106,
      146,
      80,
      24,
      67,
      250,
      241,
      8,
      243,
      122,
      23,
      254,
      48,
      151,
      82,
      91,
      101,
      146,
      178,
      143,
      48,
      135,
      161,
      20,
      253,
      210
    ],
    "54": [
      0,
      203,
      184,
      82,
      195,
      196,
      140,
      74,
      65,
      59,
      91,
      138,
      35,
      134,
      37,
      204,
      248,
      226,
      218,
      73,
      195,
      190,
      119,
      19,
      103,
      172,
      240,
      59,
      253,
      159,
      63,
      251
    ],
    "19": [
      225,
      68,
      210,
      150,
      236,
      132,
      235,
      218,
      223,
      251,
      72,
      0,
      22,
      95,
      231,
      251,
      189,
      137,
      230,
      192,
      122,
      100,
      231,
      225,
      86,
      158,
      140,
      66,
      118,
      101,
      56,
      56
    ],
    "50": [
      90,
      171,
      44,
      117,
      145,
      60,
      217,
      177,
      109,
      101,
      165,
      90,
      28,
      181,
      84,
      12,
      223,
      169,
      188,
      221,
      221,
      66,
      189,
      227,
      30,
      255,
      113,
      0,
      45,
      72,
      98,
      80
    ],
    "31": [
      41,
      12,
      121,
      100,
      180,
      3,
      178,
      0,
      134,
      193,
      34,
      152,
      92,
      23,
      212,
      55,
      91,
      170,
      204,
      177,
      54,
      162,
      185,
      162,
      171,
      154,
      218,
      14,
      175,
      251,
      148,
      206
    ],
    "62": [
      194,
      122,
      39,
      178,
      127,
      227,
      148,
      147,
      128,
      6,
      141,
      113,
      192,
      18,
      79,
      209,
      63,
      126,
      51,
      226,
      171,
      201,
      153,
      242,
      60,
      19,
      36,
      102,
      98,
      28,
      134,
      198
    ],
    "27": [
      218,
      201,
      120,
      114,
      178,
      31,
      160,
      27,
      1,
      146,
      141,
      93,
      87,
      12,
      22,
      251,
      188,
      195,
      0,
      155,
      127,
      141,
      69,
      122,
      19,
      40,
      88,
      96,
      25,
      173,
      165,
      164
    ],
    "58": [
      119,
      116,
      23,
      122,
      140,
      125,
      163,
      177,
      147,
      176,
      55,
      242,
      41,
      99,
      14,
      113,
      127,
      221,
      22,
      180,
      240,
      181,
      3,
      75,
      71,
      14,
      240,
      156,
      219,
      60,
      31,
      69
    ]
  },
  "my_cert": [],
  "my_cert_key": [],
  "root_cert": []
}