{
  "net_map": {
    "37": "127.0.0.1:8537",
    "6": "127.0.0.1:8506",
    "33": "127.0.0.1:8533",
    "64": "127.0.0.1:9000",
    "2": "127.0.0.1:8502",
    "45": "127.0.0.1:8545",
    "14": "127.0.0.1:8514",
    "41": "127.0.0.1:8541",
    "10": "127.0.0.1:8510",
    "53": "127.0.0.1:8553",
    "22": "127.0.0.1:8522",
    "49": "127.0.0.1:8549",
    "18": "127.0.0.1:8518",
    "61": "127.0.0.1:8561",
    "30": "127.0.0.1:8530",
    "57": "127.0.0.1:8557",
    "26": "127.0.0.1:8526",
    "5": "127.0.0.1:8505",
    "36": "127.0.0.1:8536",
    "1": "127.0.0.1:8501",
    "32": "127.0.0.1:8532",
    "13": "127.0.0.1:8513",
    "44": "127.0.0.1:8544",
    "9": "127.0.0.1:8509",
    "40": "127.0.0.1:8540",
    "21": "127.0.0.1:8521",
    "52": "127.0.0.1:8552",
    "17": "127.0.0.1:8517",
    "48": "127.0.0.1:8548",
    "29": "127.0.0.1:8529",
    "60": "127.0.0.1:8560",
    "25": "127.0.0.1:8525",
    "56": "127.0.0.1:8556",
    "4": "127.0.0.1:8504",
    "39": "127.0.0.1:8539",
    "0": "127.0.0.1:8500",
    "35": "127.0.0.1:8535",
    "12": "127.0.0.1:8512",
    "47": "127.0.0.1:8547",
    "8": "127.0.0.1:8508",
    "43": "127.0.0.1:8543",
    "20": "127.0.0.1:8520",
    "55": "127.0.0.1:8555",
    "16": "127.0.0.1:8516",
    "51": "127.0.0.1:8551",
    "28": "127.0.0.1:8528",
    "63": "127.0.0.1:8563",
    "24": "127.0.0.1:8524",
    "59": "127.0.0.1:8559",
    "7": "127.0.0.1:8507",
    "38": "127.0.0.1:8538",
    "3": "127.0.0.1:8503",
    "34": "127.0.0.1:8534",
    "15": "127.0.0.1:8515",
    "46": "127.0.0.1:8546",
    "11": "127.0.0.1:8511",
    "42": "127.0.0.1:8542",
    "23": "127.0.0.1:8523",
    "54": "127.0.0.1:8554",
    "19": "127.0.0.1:8519",
    "50": "127.0.0.1:8550",
    "31": "127.0.0.1:8531",
    "62": "127.0.0.1:8562",
    "27": "127.0.0.1:8527",
    "58": "127.0.0.1:8558"
  },
  "delta": 100,
  "id": 45,
  "num_nodes": 64,
  "num_faults": 21,
  "block_size": 100,
  "client_port": 7045,
  "client_addr": "0.0.0.0:5000",
  "payload": 0,
  "prot_payload": "cc,/home/akhil/research/EEBA/libchatter/",
  "crypto_alg": "NOPKI",
  "pk_map": {},
  "secret_key_bytes": [],
  "sk_map": {
    "37": [
      41,
      219,
      146,
      53,
      24,
      54,
      51,
      12,
      58,
      2,
      89,
      245,
      123,
      47,
      49,
      105,
      185,
      137,
      55,
      212,
      237,
      201,
      127,
      116,
      173,
      41,
      7,
      192,
      233,
      32,
      52,
      53
    ],
    "6": [
      71,
      1,
      70,
      77,
      36,
      243,
      134,
      125,
      11,
      73,
      103,
      105,
      136,
      116,
      188,
      71,
      187,
      9,
      171,
      25,
      121,
      76,
      101,
      71,
      193,
      54,
      16,
      102,
      139,
      206,
      49,
      123
    ],
    "33": [
      121,
      140,
      145,
      212,
      62,
      93,
      45,
      168,
      134,
      29,
      19,
      85,
      118,
      140,
      239,
      114,
      105,
      9,
      27,
      102,
      65,
      153,
      24,
      152,
      234,
      122,
      211,
      253,
      217,
      184,
      209,
      126
    ],
    "2": [
      237,
      47,
      93,
      0,
      65,
      168,
      91,
      162,
      102,
      139,
      44,
      106,
      187,
      24,
      191,
      147,
      185,
      26,
      160,
      165,
      184,
      151,
      27,
      51,
      240,
      128,
      225,
      211,
      229,
      101,
      217,
      191
    ],
    "45": [
      232,
      103,
      242,
      134,
      24,
      218,
      242,
      131,
      32,
      132,
      190,
      250,
      254,
      239,
      8,
      107,
      189,
      111,
      194,
      87,
      157,
      198,
      173,
      120,
      189,
      46,
      65,
      116,
      110,
      15,
      237,
      221
    ],
    "14": [
      233,
      230,
      69,
      123,
      152,
      100,
      177,
      19,
      228,
      145,
      97,
      187,
      78,
      100,
      146,
      237,
      182,
      240,
      105,
      188,
      79,
      68,
      246,
      63,
      158,
      195,
      241,
      72,
      97,
      168,
      11,
      17
    ],
    "41": [
      33,
      103,
      199,
      175,
      241,
      146,
      250,
      192,
      26,
      161,
      54,
      144,
      199,
      123,
      177,
      245,
      241,
      153,
      247,
      152,
      120,
      185,
      249,
      18,
      240,
      165,
      234,
      64,
      243,
      81,
      141,
      138
    ],
    "10": [
      185,
      46,
      234,
      90,
      4,
      94,
      247,
      108,
      71,
      68,
      225,
      139,
      202,
      125,
      80,
      123,
      88,
      174,
      102,
      22,
      166,
      34,
      92,
      113,
      67,
      216,
      173,
      81,
      226,
      22,
      86,
      185
    ],
    "53": [
      160,
      73,
      206,
      237,
      2,
      154,
      190,
      205,
      74,
      90,
      117,
      126,
      148,
      244,
      59,
      30,
      169,
      100,
      91,
      168,
      79,
      175,
      205,
      28,
      26,
      121,
      72,
      215,
      101,
      22,
      0,
      63
    ],
    "22": [
      37,
      193,
      149,
      11,
      181,
      150,
      51,
      92,
      250,
      249,
      113,
      145,
      87,
      70,
      171,
      230,
      208,
      134,
      23,
      197,
      210,
      157,
      77,
      127,
      48,
      53,
      192,
      177,
      76,
      44,
      14,
      117
    ],
    "49": [
      235,
      3,
      182,
      119,
      188,
      163,
      131,
      165,
      69,
      248,
      207,
      81,
      71,
      17,
      194,
      11,
      135,
      149,
      122,
      138,
      100,
      93,
      91,
      69,
      159,
      119,
      52,
      118,
      36,
      165,
      39,
      96
    ],
    "18": [
      213,
      219,
      213,
      154,
      61,
      56,
      98,
      249,
      172,
      77,
      51,
      16,
      132,
      21,
      145,
      128,
      221,
      202,
      244,
      188,
      191,
      211,
      238,
      245,
      118,
      2,
      139,
      38,
      7,
      158,
      110,
      16
    ],
    "61": [
      207,
      233,
      84,
      254,
      66,
      7,
      18,
      93,
      48,
      229,
      21,
      26,
      129,
      234,
      228,
      241,
      224,
      20,
      121,
      104,
      210,
      63,
      138,
      97,
      203,
      86,
      172,
      51,
      114,
      227,
      72,
      95
    ],
    "30": [
      78,
      213,
      165,
      41,
      45,
      67,
      211,
      207,
      148,
      223,
      41,
      24,
      95,
      51,
      226,
      47,
      77,
      20,
      219,
      68,
      125,
      97,
      221,
      48,
      101,
      107,
      165,
      210,
      185,
      200,
      219,
      241
    ],
    "57": [
      68,
      254,
      28,
      125,
      105,
      130,
      80,
      246,
      220,
      52,
      47,
      2,
      63,
      170,
      157,
      24,
      200,
      68,
      239,
      46,
      221,
      188,
      76,
      49,
      22,
      214,
      204,
      179,
      234,
      193,
      159,
      188
    ],
    "26": [
      97,
      221,
      189,
      28,
      221,
      81,
      8,
      175,
      20,
      33,
      229,
      3,
      94,
      129,
      84,
      5,
      139,
      7,
      212,
      68,
      114,
      201,
      162,
      24,
      41,
      226,
      101,
      226,
      150,
      16,
      160,
      164
    ],
    "5": [
      84,
      91,
      86,
      212,
      115,
      141,
      218,
      104,
      228,
      214,
      156,
      111,
      88,
      231,
      153,
      214,
      169,
      12,
      45,
      109,
      9,
      154,
      120,
      189,
      61,
      142,
      182,
      206,
      121,
      197,
      32,
      28
    ],
    "36": [
      58,
      6,
      43,
      131,
      14,
      182,
      157,
      43,
      26,
      10,
      131,
      46,
      32,
      165,
      82,
      202,
      142,
      148,
      192,
      147,
      127,
      36,
      239,
      93,
      251,
      16,
      2,
      115,
      174,
      226,
      139,
      197
    ],
    "1": [
      126,
      12,
      214,
      156,
      116,
      236,
      191,
      73,
      249,
      35,
      112,
      118,
      22,
      149,
      121,
      185,
      175,
      198,
      153,
      59,
      119,
      47,
      214,
      235,
      241,
      91,
      172,
      172,
      191,
      136,
      4,
      38
    ],
    "32": [
      113,
      228,
      45,
      39,
      166,
      171,
      218,
      27,
      75,
      254,
      72,
      149,
      220,
      215,
      16,
      1,
      78,
      71,
      52,
      249,
      25,
      22,
      42,
      93,
      165,
      100,
      236,
      80,
      169,
      8,
      123,
      253
    ],
    "13": [
      109,
      34,
      216,
      83,
      222,
      3,
      32,
      180,
      28,
      68,
      102,
      28,
      195,
      189,
      93,
      177,
      162,
      49,
      207,
      177,
      21,
      74,
      83,
      116,
      226,
      80,
      81,
      142,
      140,
      110,
      12,
      88
    ],
    "44": [
      246,
      42,
      254,
      106,
      218,
      66,
      200,
      4,
      18,
      62,
      241,
      152,
      232,
      74,
      56,
      19,
      6,
      76,
      235,
      27,
      205,
      138,
      212,
      205,
      43,
      215,
      84,
      196,
      112,
      232,
      97,
      126
    ],
    "9": [
      223,
      146,
      85,
      255,
      94,
      254,
      175,
      23,
      93,
      173,
      132,
      48,
      136,
      23,
      139,
      59,
      201,
      250,
      157,
      31,
      42,
      203,
      106,
      161,
      200,
      255,
      51,
      29,
      22,
      145,
      227,
      205
    ],
    "40": [
      207,
      122,
      187,
      233,
      14,
      82,
      14,
      75,
      162,
      91,
      184,
      234,
      70,
      209,
      250,
      106,
      163,
      82,
      68,
      3,
      22,
      170,
      244,
      48,
      54,
      140,
      108,
      120,
      41,
      77,
      0,
      144
    ],
    "21": [
      112,
      173,
      46,
      131,
      54,
      88,
      75,
      24,
      153,
      11,
      72,
      152,
      202,
      205,
      89,
      124,
      48,
      81,
      250,
      186,
      43,
      142,
      55,
      195,
      32,
      203,
      248,
      197,
      46,
      44,
      22,
      250
    ],
    "52": [
      229,
      212,
      9,
      169,
      114,
      7,
      240,
      221,
      137,
      189,
      63,
      90,
      69,
      222,
      144,
      221,
      182,
      187,
      181,
      37,
      188,
      255,
      229,
      89,
      118,
      87,
      37,
      136,
      13,
      8,
      31,
      199
    ],
    "17": [
      170,
      91,
      171,
      46,
      214,
      144,
      171,
      59,
      133,
      189,
      90,
      171,
      0,
      102,
      213,
      127,
      237,
      135,
      152,
      194,
      210,
      122,
      92,
      37,
      249,
      176,
      151,
      250,
      210,
      22,
      232,
      184
    ],
    "48": [
      161,
      183,
      231,
      255,
      76,
      145,
      96,
      203,
      90,
      243,
      127,
      75,
      229,
      132,
      56,
      42,
      136,
      159,
      186,
      132,
      117,
      21,
      204,
      55,
      241,
      143,
      94,
      93,
      164,
      63,
      86,
      168
    ],
    "29": [
      146,
      214,
      39,
      52,
      207,
      187,
      57,
      225,
      39,
      149,
      109,
      165,
      137,
      253,
      13,
      215,
      100,
      111,
      47,
      53,
      229,
      124,
      131,
      24,
      198,
      30,
      222,
      164,
      235,
      19,
      246,
      46
    ],
    "60": [
      189,
      43,
      59,
      225,
      228,
      203,
      19,
      81,
      248,
      85,
      13,
      116,
      183,
      142,
      223,
      56,
      76,
      225,
      42,
      4,
      162,
      178,
      230,
      194,
      103,
      237,
      192,
      55,
      218,
      148,
      175,
      248
    ],
    "25": [
      10,
      132,
      35,
      252,
      193,
      23,
      251,
      108,
      115,
      6,
      104,
      222,
      118,
      210,
      114,
      114,
      244,
      107,
      253,
      69,
      163,
      191,
      148,
      35,
      159,
      160,
      110,
      223,
      31,
      237,
      221,
      165
    ],
    "56": [
      5,
      108,
      6,
      214,
      89,
      205,
      215,
      63,
      139,
      149,
      58,
      194,
      100,
      122,
      203,
      85,
      223,
      162,
      98,
      80,
      157,
      111,
      161,
      139,
      31,
      4,
      132,
      189,
      61,
      2,
      128,
      50
    ],
    "4": [
      184,
      136,
      213,
      188,
      244,
      27,
      196,
      14,
      220,
      213,
      23,
      21,
      246,
      21,
      73,
      199,
      174,
      212,
      113,
      204,
      1,
      212,
      46,
      91,
      35,
      56,
      62,
      34,
      44,
      28,
      220,
      122
    ],
    "39": [
      117,
      229,
      254,
      156,
      94,
      4,
      245,
      176,
      9,
      212,
      70,
      136,
      150,
      3,
      250,
      214,
      9,
      148,
      9,
      10,
      239,
      36,
      7,
      69,
      158,
      249,
      246,
      221,
      106,
      29,
      152,
      220
    ],
    "0": [
      113,
      40,
      54,
      113,
      144,
      212,
      17,
      186,
      49,
      10,
      4,
      49,
      28,
      163,
      63,
      246,
      156,
      177,
      237,
      17,
      1,
      246,
      54,
      70,
      160,
      130,
      47,
      212,
      161,
      160,
      164,
      29
    ],
    "35": [
      74,
      139,
      93,
      133,
      250,
      252,
      192,
      86,
      114,
      173,
      148,
      144,
      230,
      185,
      233,
      148,
      100,
      143,
      209,
      67,
      168,
      112,
      195,
      143,
      198,
      206,
      89,
      164,
      5,
      61,
      134,
      252
    ],
    "12": [
      200,
      135,
      248,
      95,
      152,
      126,
      122,
      27,
      160,
      42,
      86,
      80,
      193,
      204,
      210,
      148,
      252,
      51,
      133,
      188,
      123,
      103,
      159,
      22,
      241,
      132,
      74,
      100,
      18,
      122,
      253,
      94
    ],
    "47": [
      5,
      123,
      148,
      94,
      129,
      81,
      234,
      209,
      177,
      25,
      63,
      219,
      242,
      214,
      65,
      176,
      12,
      103,
      254,
      171,
      221,
      151,
      90,
      196,
      179,
      205,
      8,
      26,
      76,
      117,
      48,
      224
    ],
    "8": [
      130,
      245,
      4,
      202,
      108,
      115,
      226,
      31,
      12,
      39,
      97,
      120,
      90,
      132,
      118,
      235,
      87,
      218,
      180,
      145,
      7,
      25,
      188,
      98,
      153,
      60,
      242,
      151,
      252,
      47,
      25,
      7
    ],
    "43": [
      25,
      138,
      147,
      31,
      217,
      133,
      191,
      145,
      253,
      13,
      122,
      163,
      108,
      18,
      150,
      59,
      247,
      194,
      44,
      241,
      215,
      65,
      57,
      172,
      14,
      152,
      138,
      210,
      160,
      251,
      22,
      81
    ],
    "20": [
      171,
      235,
      174,
      95,
      138,
      59,
      97,
      118,
      220,
      137,
      117,
      80,
      250,
      5,
      45,
      16,
      207,
      179,
      167,
      211,
      152,
      91,
      96,
      24,
      110,
      126,
      157,
      106,
      140,
      47,
      10,
      4
    ],
    "55": [
      122,
      238,
      5,
      172,
      113,
      124,
      237,
      36,
      241,
      167,
      161,
      144,
      212,
      241,
      240,
      14,
      127,
      29,
      20,
      42,
      226,
      75,
      93,
      214,
      244,
      33,
      231,
      237,
      86,
      16,
      104,
      239
    ],
    "16": [
      16,
      80,
      72,
      181,
      204,
      12,
      21,
      245,
      251,
      240,
      74,
      67,
      56,
      120,
      175,
      237,
      124,
      145,
      138,
      108,
      42,
      239,
      182,
      237,
      31,
      70,
      232,
      55,
      214,
      2,
      148,
      188
    ],
    "51": [
      52,
      150,
      14,
      43,
      103,
      111,
      124,
      8,
      175,
      176,
      142,
      156,
      39,
      197,
      193,
      116,
      200,
      78,
      136,
      47,
      226,
      230,
      201,
      80,
      146,
      95,
      203,
      163,
      116,
      217,
      196,
      250
    ],
    "28": [
      226,
      7,
      114,
      172,
      115,
      34,
      180,
      98,
      86,
      182,
      232,
      81,
      91,
      175,
      190,
      167,
      84,
      245,
      226,
      204,
      225,
      126,
      229,
      161,
      63,
      120,
      195,
      75,
      225,
      37,
      215,
      164
    ],
    "63": [
      208,
      115,
      107,
      201,
      197,
      111,
      211,
      239,
      232,
      2,
      203,
      132,
      123,
      30,
      154,
      191,
      239,
      116,
      33,
      144,
      187,
      237,
      157,
      126,
      254,
      108,
      75,
      224,
      237,
      66,
      168,
      32
    ],
    "24": [
      55,
      41,
      237,
      10,
      221,
      18,
      52,
      230,
      204,
      125,
      155,
      19,
      147,
      248,
      252,
      233,
      223,
      59,
      61,
      188,
      111,
      254,
      144,
      52,
      176,
      93,
      45,
      204,
      102,
      46,
      97,
      182
    ],
    "59": [
      200,
      105,
      210,
      247,
      149,
      120,
      34,
      72,
      135,
      105,
      206,
      13,
      105,
      52,
      109,
      136,
      109,
      10,
      186,
      210,
      215,
      204,
      63,
      62,
      6,
      105,
      250,
      201,
      237,
      177,
      81,
      138
    ],
    "7": [
      5,
      57,
      27,
      158,
      135,
      34,
      171,
      82,
      249,
      103,
      245,
      98,
      114,
      48,
      86,
      186,
      53,
      117,
      23,
      189,
      240,
      255,
      130,
      189,
      3,
      194,
      167,
      226,
      45,
      66,
      255,
      159
    ],
    "38": [
      9,
      131,
      87,
      223,
      78,
      62,
      182,
      63,
      175,
      41,
      170,
      193,
      249,
      55,
      198,
      175,
      130,
      174,
      139,
      16,
      18,
      39,
      188,
      177,
      157,
      181,
      128,
      154,
      86,
      69,
      201,
      2
    ],
    "3": [
      25,
      165,
      247,
      242,
      63,
      248,
      74,
      114,
      158,
      107,
      166,
      6,
      67,
      233,
      72,
      19,
      255,
      215,
      148,
      111,
      127,
      41,
      214,
      176,
      75,
      129,
      94,
      186,
      104,
      130,
      142,
      22
    ],
    "34": [
      68,
      5,
      40,
      33,
      239,
      36,
      138,
      62,
      143,
      255,
      54,
      84,
      7,
      100,
      43,
      189,
      154,
      164,
      221,
      55,
      187,
      196,
      10,
      4,
      213,
      217,
      119,
      30,
      21,
      227,
      238,
      48
    ],
    "15": [
      171,
      202,
      4,
      10,
      234,
      26,
      234,
      129,
      213,
      59,
      232,
      205,
      157,
      255,
      148,
      95,
      110,
      150,
      54,
      195,
      23,
      10,
      41,
      31,
      88,
      85,
      76,
      178,
      50,
      168,
      111,
      33
    ],
    "46": [
      231,
      184,
      42,
      209,
      73,
      241,
      27,
      80,
      159,
      36,
      109,
      101,
      161,
      158,
      251,
      99,
      131,
      29,
      38,
      3,
      108,
      53,
      9,
      134,
      100,
      241,
      185,
      188,
      61,
      5,
      118,
      214
    ],
    "11": [
      58,
      60,
      175,
      164,
      138,
      197,
      240,
      12,
      210,
      84,
      218,
      206,
      41,
      8,
      130,
      35,
      70,
      48,
      43,
      36,
      232,
      232,
      49,
      246,
      91,
      238,
      120,
      138,
      174,
      1,
      85,
      115
    ],
    "42": [
      230,
      33,
      58,
      197,
      232,
      193,
      3,
      127,
      69,
      34,
      0,
      47,
      72,
      115,
      3,
      82,
      113,
      78,
      167,
      123,
      75,
      161,
      99,
      159,
      167,
      248,
      5,
      207,
      229,
      89,
      20,
      84
    ],
    "23": [
      141,
      56,
      126,
      71,
      103,
      212,
      9,
      10,
      163,
      140,
      232,
      214,
      80,
      105,
      168,
      15,
      62,
      238,
      7,
      166,
      167,
      53,
      231,
      94,
      112,
      31,
      157,
      105,
      88,
      148,
      44,
      130
    ],
    "54": [
      192,
      98,
      36,
      49,
      74,
      211,
      174,
      206,
      9,
      140,
      38,
      212,
      103,
      38,
      156,
      142,
      225,
      183,
      36,
      210,
      13,
      239,
      197,
      238,
      140,
      56,
      199,
      55,
      236,
      145,
      27,
      35
    ],
    "19": [
      207,
      58,
      223,
      46,
      142,
      80,
      231,
      141,
      215,
      27,
      89,
      201,
      82,
      35,
      20,
      153,
      109,
      8,
      17,
      33,
      119,
      76,
      82,
      219,
      35,
      167,
      35,
      72,
      246,
      98,
      60,
      233
    ],
    "50": [
      169,
      189,
      210,
      90,
      140,
      219,
      229,
      84,
      92,
      83,
      29,
      250,
      251,
      9,
      158,
      248,
      161,
      152,
      33,
      88,
      16,
      96,
      44,
      140,
      15,
      234,
      160,
      163,
      156,
      104,
      130,
      140
    ],
    "31": [
      202,
      178,
      160,
      57,
      42,
      122,
      65,
      28,
      78,
      0,
      224,
      158,
      164,
      230,
      226,
      64,
      225,
      96,
      111,
      250,
      172,
      214,
      137,
      35,
      115,
      95,
      110,
      17,
      194,
      235,
      14,
      1
    ],
    "62": [
      217,
      11,
      213,
      14,
      26,
      156,
      193,
      240,
      49,
      175,
      171,
      204,
      90,
      236,
      110,
      15,
      176,
      254,
      210,
      214,
      172,
      43,
      239,
      5,
      54,
      190,
      139,
      225,
      188,
      255,
      14,
      128
    ],
    "27": [
      211,
      224,
      214,
      68,
      87,
      91,
      122,
      14,
      157,
      89,
      194,
      209,
      149,
      64,
      155,
      61,
      149,
      190,
      146,
      74,
      55,
      46,
      79,
      191,
      3,
      7,
      188,
      61,
      61,
      210,
      160,
      98
    ],
    "58": [
      66,
      218,
      110,
      20,
      66,
      31,
      3,
      244,
      53,
      171,
      99,
      76,
      34,
      128,
      102,
      127,
      49,
      153,
      188,
      85,
      25,
      71,
      13,
      32,
      148,
      78,
      59,
      205,
      94,
      204,
      91,
      86
    ]
  },
  "my_cert": [],
  "my_cert_key": [],
  "root_cert": []
}