{
  "net_map": {
    "37": "127.0.0.1:8537",
    "6": "127.0.0.1:8506",
    "33": "127.0.0.1:8533",
    "64": "127.0.0.1:9000",
    "2": "127.0.0.1:8502",
    "45": "127.0.0.1:8545",
    "14": "127.0.0.1:8514",
    "41": "127.0.0.1:8541",
    "10": "127.0.0.1:8510",
    "53": "127.0.0.1:8553",
    "22": "127.0.0.1:8522",
    "49": "127.0.0.1:8549",
    "18": "127.0.0.1:8518",
    "61": "127.0.0.1:8561",
    "30": "127.0.0.1:8530",
    "57": "127.0.0.1:8557",
    "26": "127.0.0.1:8526",
    "5": "127.0.0.1:8505",
    "36": "127.0.0.1:8536",
    "1": "127.0.0.1:8501",
    "32": "127.0.0.1:8532",
    "13": "127.0.0.1:8513",
    "44": "127.0.0.1:8544",
    "9": "127.0.0.1:8509",
    "40": "127.0.0.1:8540",
    "21": "127.0.0.1:8521",
    "52": "127.0.0.1:8552",
    "17": "127.0.0.1:8517",
    "48": "127.0.0.1:8548",
    "29": "127.0.0.1:8529",
    "60": "127.0.0.1:8560",
    "25": "127.0.0.1:8525",
    "56": "127.0.0.1:8556",
    "4": "127.0.0.1:8504",
    "39": "127.0.0.1:8539",
    "0": "127.0.0.1:8500",
    "35": "127.0.0.1:8535",
    "12": "127.0.0.1:8512",
    "47": "127.0.0.1:8547",
    "8": "127.0.0.1:8508",
    "43": "127.0.0.1:8543",
    "20": "127.0.0.1:8520",
    "55": "127.0.0.1:8555",
    "16": "127.0.0.1:8516",
    "51": "127.0.0.1:8551",
    "28": "127.0.0.1:8528",
    "63": "127.0.0.1:8563",
    "24": "127.0.0.1:8524",
    "59": "127.0.0.1:8559",
    "7": "127.0.0.1:8507",
    "38": "127.0.0.1:8538",
    "3": "127.0.0.1:8503",
    "34": "127.0.0.1:8534",
    "15": "127.0.0.1:8515",
    "46": "127.0.0.1:8546",
    "11": "127.0.0.1:8511",
    "42": "127.0.0.1:8542",
    "23": "127.0.0.1:8523",
    "54": "127.0.0.1:8554",
    "19": "127.0.0.1:8519",
    "50": "127.0.0.1:8550",
    "31": "127.0.0.1:8531",
    "62": "127.0.0.1:8562",
    "27": "127.0.0.1:8527",
    "58": "127.0.0.1:8558"
  },
  "delta": 100,
  "id": 14,
  "num_nodes": 64,
  "num_faults": 21,
  "block_size": 100,
  "client_port": 7014,
  "client_addr": "0.0.0.0:5000",
  "payload": 0,
  "prot_payload": "cc,/home/akhil/research/EEBA/libchatter/",
  "crypto_alg": "NOPKI",
  "pk_map": {},
  "secret_key_bytes": [],
  "sk_map": {
    "37": [
      132,
      79,
      121,
      0,
      236,
      90,
      230,
      36,
      155,
      27,
      213,
      2,
      103,
      105,
      16,
      180,
      4,
      210,
      35,
      79,
      62,
      12,
      195,
      35,
      162,
      27,
      147,
      206,
      109,
      80,
      209,
      241
    ],
    "6": [
      41,
      155,
      76,
      102,
      101,
      133,
      179,
      119,
      147,
      179,
      127,
      46,
      192,
      253,
      234,
      61,
      151,
      52,
      101,
      45,
      155,
      198,
      189,
      154,
      79,
      78,
      86,
      205,
      207,
      111,
      183,
      173
    ],
    "33": [
      253,
      78,
      203,
      161,
      89,
      203,
      70,
      219,
      251,
      64,
      225,
      95,
      235,
      144,
      160,
      239,
      25,
      46,
      20,
      150,
      39,
      250,
      96,
      104,
      167,
      126,
      99,
      84,
      224,
      16,
      213,
      2
    ],
    "2": [
      196,
      249,
      34,
      125,
      131,
      225,
      239,
      0,
      75,
      38,
      118,
      24,
      203,
      201,
      115,
      20,
      184,
      163,
      30,
      221,
      42,
      55,
      217,
      243,
      230,
      145,
      167,
      76,
      46,
      220,
      25,
      243
    ],
    "45": [
      233,
      230,
      69,
      123,
      152,
      100,
      177,
      19,
      228,
      145,
      97,
      187,
      78,
      100,
      146,
      237,
      182,
      240,
      105,
      188,
      79,
      68,
      246,
      63,
      158,
      195,
      241,
      72,
      97,
      168,
      11,
      17
    ],
    "14": [
      185,
      102,
      201,
      226,
      155,
      224,
      42,
      167,
      105,
      132,
      193,
      26,
      77,
      134,
      161,
      237,
      28,
      145,
      208,
      188,
      199,
      56,
      131,
      29,
      76,
      99,
      217,
      209,
      104,
      132,
      150,
      162
    ],
    "41": [
      196,
      63,
      136,
      44,
      52,
      99,
      74,
      82,
      71,
      19,
      247,
      153,
      225,
      2,
      187,
      213,
      97,
      89,
      180,
      55,
      191,
      167,
      239,
      193,
      16,
      47,
      70,
      112,
      224,
      4,
      184,
      228
    ],
    "10": [
      195,
      116,
      248,
      90,
      159,
      127,
      176,
      188,
      231,
      31,
      251,
      43,
      129,
      84,
      252,
      148,
      67,
      130,
      223,
      16,
      72,
      154,
      155,
      69,
      3,
      156,
      68,
      37,
      210,
      64,
      93,
      208
    ],
    "53": [
      98,
      131,
      102,
      139,
      14,
      220,
      83,
      253,
      89,
      9,
      249,
      215,
      150,
      242,
      241,
      107,
      103,
      225,
      104,
      171,
      222,
      214,
      172,
      219,
      135,
      2,
      76,
      34,
      90,
      204,
      89,
      105
    ],
    "22": [
      205,
      101,
      195,
      43,
      95,
      75,
      203,
      145,
      105,
      205,
      3,
      227,
      189,
      195,
      171,
      120,
      14,
      146,
      26,
      9,
      20,
      107,
      175,
      192,
      89,
      44,
      160,
      10,
      111,
      150,
      213,
      66
    ],
    "49": [
      62,
      135,
      254,
      209,
      211,
      0,
      134,
      131,
      83,
      105,
      35,
      22,
      219,
      138,
      44,
      39,
      29,
      75,
      111,
      53,
      18,
      35,
      211,
      172,
      78,
      129,
      72,
      243,
      84,
      227,
      195,
      105
    ],
    "18": [
      107,
      148,
      138,
      143,
      189,
      221,
      213,
      144,
      137,
      153,
      222,
      108,
      176,
      41,
      223,
      85,
      173,
      176,
      123,
      175,
      102,
      240,
      223,
      99,
      169,
      116,
      69,
      9,
      121,
      59,
      202,
      115
    ],
    "61": [
      82,
      203,
      156,
      244,
      11,
      234,
      236,
      60,
      23,
      220,
      45,
      199,
      176,
      190,
      9,
      55,
      141,
      79,
      112,
      133,
      212,
      5,
      238,
      66,
      173,
      134,
      106,
      115,
      191,
      2,
      176,
      128
    ],
    "30": [
      251,
      44,
      203,
      140,
      156,
      70,
      46,
      223,
      103,
      156,
      184,
      234,
      87,
      131,
      250,
      30,
      71,
      44,
      104,
      246,
      148,
      164,
      160,
      27,
      25,
      249,
      69,
      228,
      49,
      144,
      141,
      159
    ],
    "57": [
      85,
      68,
      33,
      87,
      254,
      98,
      159,
      30,
      190,
      76,
      199,
      87,
      105,
      241,
      147,
      148,
      137,
      207,
      119,
      230,
      38,
      133,
      189,
      152,
      81,
      63,
      34,
      219,
      185,
      124,
      142,
      139
    ],
    "26": [
      24,
      194,
      236,
      70,
      176,
      174,
      49,
      46,
      226,
      234,
      143,
      57,
      46,
      4,
      6,
      192,
      180,
      63,
      155,
      239,
      66,
      193,
      31,
      191,
      6,
      127,
      8,
      243,
      31,
      246,
      25,
      228
    ],
    "5": [
      193,
      108,
      53,
      24,
      15,
      154,
      189,
      254,
      87,
      114,
      99,
      242,
      242,
      107,
      170,
      40,
      224,
      239,
      195,
      57,
      198,
      59,
      213,
      229,
      16,
      197,
      217,
      12,
      59,
      90,
      225,
      135
    ],
    "36": [
      245,
      82,
      135,
      131,
      220,
      245,
      77,
      194,
      126,
      80,
      110,
      229,
      135,
      123,
      195,
      102,
      178,
      169,
      33,
      251,
      135,
      86,
      49,
      183,
      4,
      2,
      94,
      23,
      209,
      116,
      109,
      248
    ],
    "1": [
      52,
      145,
      30,
      83,
      226,
      72,
      102,
      41,
      239,
      199,
      95,
      229,
      215,
      239,
      221,
      243,
      218,
      179,
      46,
      71,
      76,
      71,
      148,
      83,
      167,
      164,
      1,
      3,
      4,
      202,
      46,
      114
    ],
    "32": [
      247,
      179,
      123,
      72,
      208,
      211,
      79,
      58,
      242,
      195,
      13,
      50,
      246,
      163,
      193,
      142,
      183,
      61,
      85,
      228,
      116,
      208,
      51,
      66,
      43,
      81,
      35,
      121,
      104,
      201,
      195,
      14
    ],
    "13": [
      37,
      16,
      186,
      18,
      37,
      111,
      231,
      74,
      243,
      213,
      202,
      49,
      191,
      119,
      142,
      169,
      219,
      237,
      201,
      227,
      171,
      247,
      25,
      64,
      103,
      96,
      182,
      13,
      239,
      43,
      219,
      136
    ],
    "44": [
      248,
      195,
      217,
      216,
      16,
      211,
      150,
      101,
      100,
      197,
      23,
      125,
      144,
      152,
      33,
      186,
      139,
      194,
      222,
      134,
      227,
      119,
      226,
      83,
      70,
      39,
      96,
      12,
      14,
      148,
      64,
      0
    ],
    "9": [
      244,
      142,
      226,
      236,
      136,
      89,
      156,
      200,
      27,
      16,
      53,
      231,
      93,
      23,
      118,
      126,
      129,
      45,
      51,
      240,
      16,
      246,
      86,
      33,
      86,
      0,
      222,
      88,
      10,
      7,
      219,
      235
    ],
    "40": [
      2,
      209,
      40,
      24,
      254,
      192,
      212,
      133,
      17,
      129,
      201,
      175,
      32,
      217,
      82,
      88,
      247,
      128,
      84,
      165,
      175,
      172,
      81,
      114,
      61,
      106,
      17,
      36,
      18,
      2,
      196,
      11
    ],
    "21": [
      145,
      91,
      141,
      206,
      92,
      118,
      122,
      113,
      59,
      227,
      116,
      156,
      215,
      101,
      211,
      164,
      174,
      152,
      175,
      110,
      37,
      201,
      66,
      58,
      69,
      99,
      162,
      91,
      170,
      83,
      146,
      213
    ],
    "52": [
      100,
      151,
      24,
      200,
      213,
      71,
      235,
      88,
      165,
      139,
      113,
      220,
      202,
      33,
      132,
      180,
      38,
      135,
      249,
      250,
      18,
      167,
      237,
      107,
      87,
      255,
      160,
      195,
      248,
      27,
      93,
      205
    ],
    "17": [
      137,
      129,
      53,
      49,
      240,
      189,
      212,
      59,
      188,
      12,
      121,
      47,
      11,
      92,
      116,
      190,
      191,
      230,
      142,
      75,
      138,
      193,
      186,
      100,
      196,
      188,
      53,
      40,
      169,
      107,
      189,
      154
    ],
    "48": [
      52,
      41,
      78,
      109,
      22,
      136,
      91,
      206,
      227,
      239,
      213,
      213,
      248,
      197,
      218,
      251,
      117,
      4,
      52,
      11,
      233,
      28,
      66,
      163,
      76,
      97,
      77,
      210,
      121,
      237,
      65,
      71
    ],
    "29": [
      38,
      89,
      40,
      29,
      230,
      23,
      227,
      55,
      128,
      152,
      79,
      229,
      115,
      104,
      156,
      198,
      253,
      228,
      156,
      67,
      58,
      246,
      108,
      62,
      138,
      19,
      85,
      146,
      139,
      26,
      154,
      47
    ],
    "60": [
      33,
      21,
      237,
      166,
      88,
      188,
      3,
      155,
      207,
      145,
      200,
      91,
      168,
      100,
      31,
      222,
      55,
      253,
      26,
      190,
      48,
      34,
      221,
      212,
      249,
      203,
      212,
      30,
      80,
      133,
      188,
      252
    ],
    "25": [
      40,
      138,
      73,
      247,
      105,
      59,
      7,
      36,
      61,
      224,
      186,
      55,
      155,
      31,
      139,
      189,
      91,
      27,
      71,
      230,
      144,
      254,
      255,
      26,
      180,
      20,
      204,
      194,
      75,
      131,
      84,
      115
    ],
    "56": [
      62,
      130,
      80,
      29,
      22,
      232,
      108,
      246,
      215,
      6,
      163,
      236,
      58,
      7,
      126,
      105,
      67,
      218,
      145,
      183,
      6,
      67,
      217,
      31,
      67,
      2,
      96,
      98,
      59,
      147,
      243,
      141
    ],
    "4": [
      242,
      161,
      135,
      186,
      6,
      230,
      117,
      15,
      43,
      84,
      187,
      42,
      28,
      146,
      85,
      203,
      117,
      5,
      65,
      179,
      234,
      43,
      252,
      227,
      67,
      227,
      26,
      99,
      133,
      67,
      87,
      82
    ],
    "39": [
      76,
      3,
      223,
      199,
      193,
      241,
      94,
      167,
      140,
      234,
      217,
      170,
      101,
      116,
      104,
      134,
      223,
      151,
      236,
      95,
      175,
      83,
      226,
      87,
      147,
      101,
      124,
      202,
      11,
      63,
      138,
      109
    ],
    "0": [
      95,
      54,
      71,
      17,
      238,
      90,
      137,
      243,
      180,
      211,
      75,
      207,
      16,
      251,
      130,
      193,
      155,
      96,
      83,
      204,
      161,
      201,
      241,
      172,
      96,
      132,
      216,
      86,
      159,
      72,
      194,
      66
    ],
    "35": [
      145,
      222,
      176,
      145,
      165,
      210,
      137,
      241,
      247,
      105,
      119,
      210,
      77,
      90,
      106,
      60,
      68,
      238,
      122,
      212,
      4,
      5,
      135,
      87,
      237,
      130,
      34,
      216,
      57,
      103,
      250,
      131
    ],
    "12": [
      210,
      52,
      246,
      187,
      61,
      7,
      165,
      145,
      91,
      127,
      212,
      222,
      228,
      85,
      205,
      251,
      231,
      69,
      135,
      201,
      149,
      131,
      42,
      93,
      56,
      190,
      192,
      119,
      139,
      212,
      44,
      121
    ],
    "47": [
      48,
      141,
      126,
      101,
      45,
      78,
      235,
      201,
      136,
      15,
      60,
      153,
      86,
      157,
      223,
      81,
      0,
      120,
      252,
      188,
      145,
      23,
      252,
      96,
      235,
      126,
      157,
      97,
      170,
      63,
      157,
      199
    ],
    "8": [
      22,
      29,
      246,
      33,
      64,
      95,
      195,
      106,
      218,
      163,
      4,
      100,
      137,
      235,
      64,
      214,
      164,
      245,
      18,
      221,
      131,
      115,
      166,
      73,
      126,
      158,
      14,
      190,
      151,
      60,
      11,
      32
    ],
    "43": [
      46,
      59,
      63,
      97,
      88,
      44,
      154,
      162,
      90,
      109,
      240,
      251,
      56,
      45,
      87,
      87,
      226,
      90,
      128,
      37,
      249,
      197,
      35,
      24,
      60,
      113,
      72,
      82,
      103,
      51,
      62,
      164
    ],
    "20": [
      190,
      22,
      50,
      112,
      239,
      76,
      254,
      136,
      64,
      241,
      62,
      131,
      226,
      25,
      102,
      60,
      183,
      176,
      245,
      249,
      29,
      210,
      160,
      67,
      115,
      38,
      108,
      180,
      67,
      75,
      254,
      98
    ],
    "55": [
      107,
      74,
      135,
      82,
      231,
      225,
      47,
      183,
      173,
      185,
      214,
      117,
      229,
      246,
      81,
      35,
      1,
      1,
      113,
      26,
      176,
      53,
      98,
      219,
      186,
      193,
      228,
      201,
      247,
      60,
      242,
      198
    ],
    "16": [
      80,
      146,
      149,
      97,
      100,
      88,
      246,
      201,
      36,
      228,
      110,
      44,
      51,
      1,
      79,
      228,
      13,
      88,
      27,
      161,
      135,
      169,
      152,
      65,
      17,
      69,
      188,
      61,
      196,
      21,
      90,
      112
    ],
    "51": [
      143,
      197,
      105,
      74,
      226,
      239,
      232,
      183,
      177,
      8,
      220,
      100,
      165,
      138,
      190,
      43,
      123,
      209,
      196,
      23,
      150,
      126,
      62,
      62,
      9,
      37,
      11,
      206,
      130,
      28,
      193,
      128
    ],
    "28": [
      156,
      144,
      28,
      185,
      90,
      213,
      5,
      162,
      249,
      2,
      196,
      73,
      165,
      32,
      18,
      51,
      185,
      77,
      145,
      91,
      163,
      170,
      20,
      81,
      55,
      17,
      231,
      122,
      87,
      92,
      187,
      158
    ],
    "63": [
      135,
      28,
      246,
      93,
      101,
      75,
      96,
      125,
      146,
      240,
      46,
      213,
      122,
      67,
      161,
      212,
      87,
      25,
      152,
      240,
      43,
      69,
      112,
      212,
      184,
      239,
      241,
      63,
      191,
      174,
      127,
      170
    ],
    "24": [
      230,
      229,
      86,
      51,
      136,
      23,
      234,
      103,
      214,
      237,
      149,
      223,
      51,
      118,
      105,
      69,
      190,
      230,
      221,
      41,
      29,
      131,
      221,
      178,
      209,
      3,
      156,
      137,
      82,
      5,
      13,
      235
    ],
    "59": [
      167,
      45,
      88,
      109,
      105,
      238,
      34,
      217,
      109,
      253,
      191,
      126,
      207,
      118,
      51,
      131,
      226,
      183,
      24,
      22,
      213,
      36,
      178,
      233,
      141,
      138,
      97,
      244,
      48,
      170,
      189,
      174
    ],
    "7": [
      60,
      73,
      172,
      176,
      47,
      196,
      189,
      29,
      137,
      184,
      97,
      22,
      7,
      31,
      37,
      154,
      42,
      85,
      160,
      4,
      45,
      58,
      245,
      95,
      46,
      217,
      119,
      27,
      74,
      167,
      64,
      177
    ],
    "38": [
      124,
      74,
      86,
      62,
      121,
      15,
      222,
      212,
      134,
      249,
      166,
      128,
      196,
      206,
      0,
      56,
      153,
      1,
      244,
      171,
      73,
      135,
      9,
      145,
      228,
      67,
      210,
      140,
      81,
      64,
      222,
      96
    ],
    "3": [
      248,
      150,
      48,
      160,
      175,
      182,
      34,
      23,
      204,
      49,
      52,
      108,
      214,
      23,
      45,
      12,
      11,
      121,
      19,
      58,
      248,
      153,
      252,
      176,
      184,
      105,
      213,
      240,
      57,
      52,
      221,
      98
    ],
    "34": [
      1,
      52,
      133,
      229,
      231,
      249,
      63,
      92,
      76,
      245,
      18,
      175,
      84,
      31,
      210,
      49,
      165,
      24,
      219,
      44,
      177,
      45,
      21,
      122,
      206,
      152,
      173,
      63,
      219,
      165,
      186,
      159
    ],
    "15": [
      241,
      149,
      91,
      203,
      50,
      53,
      177,
      162,
      166,
      86,
      222,
      105,
      160,
      189,
      252,
      157,
      29,
      166,
      92,
      57,
      247,
      3,
      248,
      175,
      118,
      47,
      133,
      182,
      51,
      83,
      193,
      0
    ],
    "46": [
      120,
      133,
      65,
      249,
      240,
      142,
      15,
      118,
      201,
      206,
      151,
      175,
      56,
      93,
      167,
      244,
      238,
      103,
      240,
      245,
      4,
      124,
      87,
      57,
      67,
      31,
      140,
      83,
      237,
      87,
      51,
      46
    ],
    "11": [
      196,
      54,
      43,
      4,
      175,
      159,
      159,
      13,
      40,
      53,
      14,
      69,
      158,
      188,
      121,
      222,
      252,
      157,
      62,
      38,
      173,
      188,
      203,
      243,
      205,
      110,
      179,
      201,
      5,
      112,
      181,
      255
    ],
    "42": [
      133,
      102,
      186,
      198,
      239,
      172,
      178,
      160,
      114,
      113,
      56,
      186,
      202,
      252,
      116,
      33,
      235,
      238,
      149,
      198,
      172,
      164,
      198,
      155,
      234,
      37,
      94,
      142,
      166,
      4,
      184,
      161
    ],
    "23": [
      207,
      42,
      56,
      45,
      131,
      4,
      151,
      136,
      232,
      146,
      81,
      164,
      190,
      224,
      250,
      178,
      65,
      155,
      198,
      159,
      144,
      150,
      52,
      199,
      172,
      204,
      190,
      129,
      39,
      97,
      55,
      189
    ],
    "54": [
      117,
      246,
      240,
      151,
      231,
      161,
      79,
      43,
      145,
      206,
      230,
      80,
      134,
      8,
      127,
      37,
      248,
      164,
      28,
      126,
      209,
      228,
      67,
      137,
      248,
      248,
      89,
      190,
      151,
      95,
      208,
      92
    ],
    "19": [
      59,
      153,
      155,
      178,
      116,
      133,
      162,
      193,
      185,
      33,
      235,
      227,
      185,
      195,
      139,
      132,
      169,
      9,
      93,
      89,
      226,
      175,
      215,
      223,
      142,
      114,
      246,
      48,
      19,
      70,
      200,
      187
    ],
    "50": [
      29,
      69,
      55,
      73,
      46,
      177,
      42,
      249,
      194,
      182,
      168,
      32,
      130,
      23,
      6,
      80,
      221,
      218,
      129,
      165,
      239,
      48,
      116,
      97,
      224,
      216,
      215,
      114,
      101,
      255,
      110,
      196
    ],
    "31": [
      14,
      236,
      121,
      170,
      243,
      106,
      80,
      174,
      76,
      228,
      48,
      140,
      35,
      43,
      129,
      223,
      125,
      106,
      154,
      75,
      122,
      26,
      189,
      19,
      223,
      182,
      244,
      28,
      219,
      106,
      141,
      144
    ],
    "62": [
      232,
      118,
      133,
      223,
      17,
      232,
      207,
      237,
      114,
      161,
      219,
      147,
      160,
      76,
      33,
      88,
      42,
      102,
      85,
      200,
      41,
      77,
      185,
      110,
      146,
      41,
      64,
      86,
      73,
      96,
      88,
      250
    ],
    "27": [
      244,
      119,
      0,
      145,
      206,
      64,
      24,
      207,
      50,
      191,
      86,
      87,
      49,
      129,
      203,
      201,
      249,
      89,
      179,
      134,
      184,
      158,
      9,
      183,
      93,
      6,
      137,
      5,
      249,
      60,
      83,
      238
    ],
    "58": [
      231,
      104,
      128,
      244,
      179,
      94,
      56,
      53,
      252,
      206,
      195,
      17,
      136,
      98,
      2,
      128,
      156,
      63,
      19,
      146,
      52,
      83,
      16,
      255,
      113,
      93,
      103,
      38,
      233,
      37,
      219,
      44
    ]
  },
  "my_cert": [],
  "my_cert_key": [],
  "root_cert": []
}