{
  "net_map": {
    "37": "127.0.0.1:8537",
    "6": "127.0.0.1:8506",
    "33": "127.0.0.1:8533",
    "64": "127.0.0.1:9000",
    "2": "127.0.0.1:8502",
    "45": "127.0.0.1:8545",
    "14": "127.0.0.1:8514",
    "41": "127.0.0.1:8541",
    "10": "127.0.0.1:8510",
    "53": "127.0.0.1:8553",
    "22": "127.0.0.1:8522",
    "49": "127.0.0.1:8549",
    "18": "127.0.0.1:8518",
    "61": "127.0.0.1:8561",
    "30": "127.0.0.1:8530",
    "57": "127.0.0.1:8557",
    "26": "127.0.0.1:8526",
    "5": "127.0.0.1:8505",
    "36": "127.0.0.1:8536",
    "1": "127.0.0.1:8501",
    "32": "127.0.0.1:8532",
    "13": "127.0.0.1:8513",
    "44": "127.0.0.1:8544",
    "9": "127.0.0.1:8509",
    "40": "127.0.0.1:8540",
    "21": "127.0.0.1:8521",
    "52": "127.0.0.1:8552",
    "17": "127.0.0.1:8517",
    "48": "127.0.0.1:8548",
    "29": "127.0.0.1:8529",
    "60": "127.0.0.1:8560",
    "25": "127.0.0.1:8525",
    "56": "127.0.0.1:8556",
    "4": "127.0.0.1:8504",
    "39": "127.0.0.1:8539",
    "0": "127.0.0.1:8500",
    "35": "127.0.0.1:8535",
    "12": "127.0.0.1:8512",
    "47": "127.0.0.1:8547",
    "8": "127.0.0.1:8508",
    "43": "127.0.0.1:8543",
    "20": "127.0.0.1:8520",
    "55": "127.0.0.1:8555",
    "16": "127.0.0.1:8516",
    "51": "127.0.0.1:8551",
    "28": "127.0.0.1:8528",
    "63": "127.0.0.1:8563",
    "24": "127.0.0.1:8524",
    "59": "127.0.0.1:8559",
    "7": "127.0.0.1:8507",
    "38": "127.0.0.1:8538",
    "3": "127.0.0.1:8503",
    "34": "127.0.0.1:8534",
    "15": "127.0.0.1:8515",
    "46": "127.0.0.1:8546",
    "11": "127.0.0.1:8511",
    "42": "127.0.0.1:8542",
    "23": "127.0.0.1:8523",
    "54": "127.0.0.1:8554",
    "19": "127.0.0.1:8519",
    "50": "127.0.0.1:8550",
    "31": "127.0.0.1:8531",
    "62": "127.0.0.1:8562",
    "27": "127.0.0.1:8527",
    "58": "127.0.0.1:8558"
  },
  "delta": 100,
  "id": 43,
  "num_nodes": 64,
  "num_faults": 21,
  "block_size": 100,
  "client_port": 7043,
  "client_addr": "0.0.0.0:5000",
  "payload": 0,
  "prot_payload": "cc,/home/akhil/research/EEBA/libchatter/",
  "crypto_alg": "NOPKI",
  "pk_map": {},
  "secret_key_bytes": [],
  "sk_map": {
    "37": [
      239,
      82,
      191,
      222,
      214,
      114,
      82,
      120,
      169,
      196,
      197,
      88,
      245,
      15,
      21,
      131,
      91,
      220,
      247,
      183,
      120,
      108,
      63,
      20,
      80,
      90,
      57,
      245,
      57,
      131,
      210,
      132
    ],
    "6": [
      39,
      162,
      231,
      198,
      190,
      142,
      122,
      75,
      6,
      249,
      84,
      196,
      88,
      53,
      89,
      105,
      210,
      181,
      158,
      253,
      203,
      199,
      94,
      127,
      244,
      202,
      80,
      112,
      129,
      95,
      159,
      239
    ],
    "33": [
      88,
      53,
      76,
      149,
      183,
      33,
      80,
      226,
      183,
      87,
      126,
      52,
      188,
      111,
      60,
      118,
      38,
      207,
      159,
      178,
      214,
      188,
      167,
      221,
      179,
      223,
      209,
      34,
      224,
      118,
      17,
      35
    ],
    "2": [
      137,
      157,
      148,
      222,
      3,
      124,
      206,
      254,
      145,
      182,
      218,
      127,
      144,
      205,
      0,
      133,
      57,
      38,
      98,
      149,
      45,
      91,
      166,
      81,
      49,
      159,
      223,
      186,
      72,
      246,
      136,
      205
    ],
    "45": [
      25,
      138,
      147,
      31,
      217,
      133,
      191,
      145,
      253,
      13,
      122,
      163,
      108,
      18,
      150,
      59,
      247,
      194,
      44,
      241,
      215,
      65,
      57,
      172,
      14,
      152,
      138,
      210,
      160,
      251,
      22,
      81
    ],
    "14": [
      46,
      59,
      63,
      97,
      88,
      44,
      154,
      162,
      90,
      109,
      240,
      251,
      56,
      45,
      87,
      87,
      226,
      90,
      128,
      37,
      249,
      197,
      35,
      24,
      60,
      113,
      72,
      82,
      103,
      51,
      62,
      164
    ],
    "41": [
      165,
      53,
      94,
      48,
      70,
      250,
      191,
      229,
      178,
      52,
      75,
      91,
      6,
      24,
      124,
      27,
      235,
      156,
      205,
      196,
      137,
      84,
      198,
      158,
      120,
      181,
      193,
      122,
      1,
      87,
      164,
      45
    ],
    "10": [
      238,
      7,
      64,
      210,
      67,
      6,
      3,
      76,
      187,
      163,
      31,
      249,
      79,
      160,
      171,
      12,
      212,
      55,
      55,
      204,
      193,
      108,
      99,
      128,
      233,
      9,
      243,
      81,
      155,
      54,
      83,
      191
    ],
    "53": [
      141,
      207,
      28,
      224,
      119,
      171,
      201,
      178,
      188,
      181,
      219,
      207,
      252,
      221,
      92,
      69,
      27,
      158,
      123,
      224,
      212,
      118,
      140,
      10,
      183,
      129,
      124,
      18,
      33,
      103,
      36,
      11
    ],
    "22": [
      125,
      148,
      77,
      116,
      121,
      133,
      228,
      106,
      250,
      195,
      147,
      104,
      247,
      215,
      192,
      246,
      65,
      206,
      206,
      120,
      243,
      12,
      221,
      53,
      159,
      190,
      143,
      222,
      211,
      117,
      253,
      183
    ],
    "49": [
      159,
      129,
      185,
      116,
      173,
      158,
      152,
      19,
      220,
      119,
      254,
      116,
      196,
      139,
      60,
      88,
      245,
      39,
      58,
      20,
      17,
      34,
      242,
      216,
      138,
      50,
      182,
      254,
      149,
      83,
      155,
      52
    ],
    "18": [
      83,
      14,
      239,
      219,
      80,
      250,
      56,
      19,
      42,
      126,
      159,
      30,
      192,
      27,
      16,
      173,
      221,
      81,
      2,
      222,
      133,
      165,
      103,
      133,
      170,
      117,
      96,
      203,
      30,
      29,
      57,
      246
    ],
    "61": [
      255,
      242,
      226,
      122,
      42,
      132,
      54,
      14,
      185,
      193,
      246,
      91,
      54,
      107,
      239,
      114,
      215,
      178,
      11,
      20,
      246,
      66,
      82,
      214,
      21,
      150,
      93,
      2,
      115,
      106,
      149,
      225
    ],
    "30": [
      133,
      149,
      246,
      120,
      190,
      130,
      253,
      238,
      57,
      134,
      62,
      185,
      115,
      164,
      250,
      181,
      35,
      230,
      104,
      157,
      87,
      215,
      100,
      218,
      201,
      155,
      151,
      19,
      74,
      17,
      15,
      163
    ],
    "57": [
      114,
      61,
      155,
      52,
      186,
      168,
      110,
      98,
      247,
      177,
      150,
      90,
      151,
      97,
      189,
      191,
      32,
      235,
      0,
      125,
      66,
      190,
      150,
      98,
      107,
      247,
      182,
      35,
      109,
      151,
      125,
      147
    ],
    "26": [
      85,
      18,
      190,
      177,
      213,
      160,
      18,
      148,
      86,
      26,
      201,
      49,
      174,
      106,
      68,
      216,
      156,
      95,
      185,
      87,
      157,
      41,
      110,
      146,
      163,
      104,
      141,
      90,
      93,
      171,
      153,
      183
    ],
    "5": [
      6,
      47,
      37,
      105,
      120,
      206,
      90,
      230,
      32,
      169,
      16,
      204,
      137,
      241,
      182,
      10,
      118,
      123,
      8,
      190,
      220,
      69,
      85,
      207,
      60,
      139,
      241,
      32,
      227,
      252,
      167,
      70
    ],
    "36": [
      124,
      243,
      165,
      241,
      54,
      167,
      37,
      199,
      12,
      0,
      115,
      34,
      57,
      203,
      52,
      240,
      96,
      175,
      16,
      32,
      31,
      180,
      42,
      152,
      26,
      11,
      106,
      204,
      38,
      107,
      169,
      122
    ],
    "1": [
      1,
      153,
      29,
      241,
      110,
      245,
      101,
      82,
      122,
      16,
      41,
      211,
      220,
      155,
      14,
      177,
      55,
      85,
      195,
      52,
      228,
      142,
      170,
      30,
      226,
      87,
      68,
      174,
      24,
      24,
      100,
      22
    ],
    "32": [
      26,
      103,
      240,
      255,
      131,
      98,
      213,
      252,
      220,
      102,
      173,
      81,
      227,
      52,
      48,
      51,
      200,
      237,
      180,
      141,
      56,
      189,
      228,
      122,
      185,
      182,
      248,
      29,
      120,
      245,
      199,
      139
    ],
    "13": [
      242,
      108,
      129,
      2,
      52,
      125,
      40,
      125,
      35,
      49,
      16,
      76,
      127,
      104,
      195,
      24,
      69,
      31,
      24,
      159,
      122,
      113,
      146,
      80,
      41,
      129,
      48,
      151,
      238,
      56,
      35,
      237
    ],
    "44": [
      15,
      82,
      92,
      65,
      98,
      127,
      122,
      142,
      129,
      236,
      225,
      157,
      40,
      47,
      153,
      76,
      216,
      22,
      206,
      59,
      180,
      236,
      162,
      196,
      230,
      8,
      10,
      169,
      164,
      114,
      99,
      102
    ],
    "9": [
      96,
      207,
      63,
      66,
      134,
      144,
      140,
      237,
      115,
      229,
      174,
      85,
      85,
      173,
      233,
      149,
      178,
      228,
      80,
      248,
      220,
      187,
      126,
      2,
      104,
      128,
      209,
      144,
      37,
      141,
      21,
      170
    ],
    "40": [
      154,
      97,
      35,
      237,
      91,
      30,
      104,
      184,
      94,
      83,
      98,
      199,
      93,
      82,
      23,
      49,
      63,
      205,
      151,
      242,
      21,
      238,
      204,
      66,
      137,
      244,
      6,
      45,
      46,
      78,
      45,
      157
    ],
    "21": [
      157,
      191,
      96,
      183,
      61,
      147,
      176,
      199,
      9,
      101,
      122,
      66,
      2,
      148,
      55,
      128,
      173,
      80,
      70,
      127,
      60,
      118,
      193,
      41,
      36,
      47,
      87,
      207,
      142,
      21,
      192,
      77
    ],
    "52": [
      223,
      192,
      84,
      9,
      45,
      144,
      173,
      232,
      176,
      27,
      20,
      154,
      60,
      105,
      129,
      157,
      145,
      41,
      12,
      11,
      32,
      211,
      178,
      100,
      211,
      97,
      153,
      185,
      97,
      202,
      187,
      224
    ],
    "17": [
      227,
      200,
      220,
      76,
      111,
      29,
      197,
      75,
      213,
      91,
      57,
      26,
      198,
      176,
      254,
      131,
      211,
      35,
      51,
      26,
      50,
      133,
      103,
      41,
      185,
      74,
      80,
      134,
      197,
      1,
      58,
      251
    ],
    "48": [
      86,
      94,
      68,
      59,
      196,
      52,
      199,
      242,
      246,
      207,
      80,
      78,
      247,
      154,
      14,
      53,
      232,
      152,
      7,
      136,
      5,
      251,
      166,
      198,
      217,
      99,
      223,
      164,
      89,
      169,
      112,
      24
    ],
    "29": [
      116,
      91,
      148,
      153,
      50,
      106,
      127,
      155,
      9,
      159,
      50,
      251,
      111,
      105,
      242,
      104,
      255,
      29,
      94,
      41,
      204,
      170,
      112,
      232,
      196,
      255,
      164,
      105,
      251,
      44,
      126,
      29
    ],
    "60": [
      253,
      106,
      41,
      153,
      10,
      216,
      73,
      40,
      221,
      152,
      112,
      71,
      138,
      237,
      178,
      198,
      244,
      195,
      125,
      3,
      175,
      134,
      251,
      53,
      141,
      237,
      241,
      29,
      179,
      172,
      187,
      141
    ],
    "25": [
      95,
      114,
      73,
      160,
      248,
      0,
      153,
      111,
      55,
      211,
      31,
      10,
      158,
      60,
      79,
      195,
      90,
      226,
      177,
      200,
      22,
      221,
      27,
      46,
      94,
      11,
      209,
      135,
      162,
      208,
      152,
      190
    ],
    "56": [
      150,
      35,
      66,
      146,
      92,
      8,
      27,
      4,
      177,
      43,
      150,
      67,
      56,
      10,
      167,
      87,
      236,
      2,
      152,
      153,
      166,
      22,
      35,
      47,
      215,
      225,
      223,
      244,
      127,
      85,
      197,
      93
    ],
    "4": [
      165,
      53,
      31,
      101,
      213,
      169,
      104,
      194,
      194,
      80,
      180,
      65,
      141,
      248,
      106,
      46,
      168,
      110,
      119,
      199,
      73,
      4,
      107,
      218,
      141,
      196,
      228,
      245,
      17,
      15,
      180,
      169
    ],
    "39": [
      5,
      201,
      206,
      229,
      232,
      25,
      241,
      54,
      215,
      182,
      250,
      15,
      83,
      213,
      218,
      134,
      134,
      168,
      109,
      227,
      53,
      100,
      120,
      118,
      19,
      183,
      209,
      37,
      222,
      22,
      241,
      87
    ],
    "0": [
      97,
      164,
      48,
      225,
      117,
      16,
      171,
      224,
      85,
      159,
      105,
      222,
      234,
      112,
      169,
      70,
      87,
      99,
      138,
      65,
      158,
      94,
      157,
      134,
      177,
      25,
      93,
      64,
      108,
      108,
      255,
      143
    ],
    "35": [
      165,
      250,
      72,
      181,
      45,
      250,
      31,
      142,
      26,
      56,
      193,
      253,
      14,
      153,
      246,
      61,
      97,
      124,
      160,
      23,
      33,
      57,
      250,
      103,
      67,
      27,
      93,
      212,
      86,
      90,
      54,
      165
    ],
    "12": [
      162,
      158,
      61,
      76,
      45,
      13,
      107,
      16,
      3,
      235,
      72,
      244,
      39,
      53,
      33,
      239,
      222,
      17,
      222,
      28,
      54,
      137,
      210,
      233,
      208,
      144,
      94,
      101,
      147,
      252,
      174,
      125
    ],
    "47": [
      5,
      231,
      76,
      94,
      83,
      167,
      146,
      6,
      237,
      30,
      50,
      42,
      16,
      198,
      126,
      243,
      152,
      58,
      91,
      179,
      167,
      105,
      82,
      39,
      130,
      152,
      64,
      55,
      234,
      4,
      240,
      104
    ],
    "8": [
      12,
      120,
      41,
      136,
      253,
      247,
      185,
      66,
      240,
      33,
      61,
      249,
      179,
      159,
      249,
      157,
      133,
      11,
      231,
      183,
      216,
      2,
      198,
      109,
      72,
      113,
      21,
      214,
      29,
      199,
      81,
      135
    ],
    "43": [
      42,
      225,
      112,
      76,
      87,
      58,
      161,
      188,
      32,
      185,
      212,
      79,
      50,
      14,
      25,
      128,
      28,
      244,
      254,
      245,
      30,
      15,
      208,
      21,
      205,
      48,
      51,
      137,
      87,
      174,
      249,
      148
    ],
    "20": [
      198,
      167,
      138,
      253,
      99,
      118,
      45,
      171,
      21,
      247,
      160,
      146,
      43,
      18,
      138,
      119,
      37,
      131,
      78,
      135,
      218,
      165,
      111,
      195,
      97,
      7,
      140,
      12,
      36,
      167,
      171,
      41
    ],
    "55": [
      218,
      80,
      76,
      210,
      245,
      196,
      103,
      45,
      63,
      255,
      76,
      106,
      203,
      149,
      228,
      185,
      202,
      58,
      81,
      253,
      130,
      107,
      65,
      201,
      15,
      11,
      220,
      135,
      190,
      172,
      156,
      34
    ],
    "16": [
      218,
      1,
      114,
      0,
      115,
      168,
      103,
      108,
      226,
      137,
      39,
      105,
      27,
      105,
      143,
      206,
      209,
      99,
      19,
      72,
      146,
      108,
      242,
      200,
      13,
      174,
      50,
      128,
      234,
      18,
      233,
      217
    ],
    "51": [
      143,
      166,
      151,
      52,
      163,
      71,
      159,
      59,
      35,
      36,
      131,
      250,
      78,
      66,
      18,
      217,
      185,
      133,
      245,
      110,
      88,
      205,
      185,
      131,
      212,
      196,
      196,
      0,
      40,
      95,
      99,
      209
    ],
    "28": [
      136,
      20,
      227,
      172,
      115,
      66,
      104,
      129,
      62,
      199,
      233,
      46,
      139,
      247,
      151,
      88,
      224,
      214,
      188,
      197,
      96,
      137,
      104,
      59,
      30,
      36,
      118,
      150,
      52,
      201,
      172,
      133
    ],
    "63": [
      198,
      29,
      22,
      162,
      84,
      44,
      106,
      148,
      127,
      226,
      142,
      124,
      219,
      149,
      20,
      79,
      111,
      165,
      170,
      81,
      216,
      51,
      35,
      26,
      8,
      187,
      162,
      222,
      127,
      72,
      12,
      4
    ],
    "24": [
      178,
      52,
      91,
      45,
      142,
      115,
      96,
      29,
      48,
      18,
      183,
      174,
      61,
      72,
      49,
      251,
      151,
      86,
      31,
      83,
      125,
      175,
      116,
      229,
      40,
      112,
      34,
      137,
      194,
      196,
      0,
      160
    ],
    "59": [
      108,
      96,
      56,
      159,
      31,
      178,
      227,
      151,
      92,
      209,
      214,
      14,
      93,
      119,
      66,
      9,
      84,
      147,
      214,
      196,
      8,
      1,
      206,
      69,
      118,
      16,
      9,
      157,
      13,
      78,
      83,
      127
    ],
    "7": [
      132,
      116,
      111,
      211,
      233,
      217,
      38,
      213,
      152,
      15,
      35,
      207,
      143,
      46,
      27,
      50,
      184,
      164,
      170,
      132,
      240,
      20,
      108,
      71,
      1,
      20,
      114,
      147,
      70,
      39,
      169,
      34
    ],
    "38": [
      32,
      239,
      214,
      65,
      76,
      178,
      223,
      231,
      112,
      239,
      255,
      159,
      174,
      163,
      90,
      170,
      173,
      163,
      86,
      188,
      23,
      173,
      76,
      95,
      7,
      36,
      99,
      168,
      69,
      122,
      44,
      30
    ],
    "3": [
      29,
      55,
      151,
      76,
      204,
      64,
      118,
      12,
      137,
      25,
      139,
      123,
      106,
      202,
      80,
      169,
      147,
      145,
      111,
      74,
      27,
      160,
      86,
      198,
      213,
      217,
      227,
      250,
      221,
      45,
      227,
      65
    ],
    "34": [
      240,
      142,
      61,
      158,
      133,
      110,
      215,
      217,
      48,
      96,
      74,
      134,
      175,
      94,
      120,
      122,
      197,
      66,
      218,
      181,
      114,
      137,
      198,
      10,
      224,
      249,
      46,
      251,
      113,
      55,
      156,
      188
    ],
    "15": [
      129,
      47,
      100,
      245,
      125,
      179,
      221,
      93,
      194,
      238,
      194,
      219,
      16,
      245,
      5,
      130,
      67,
      152,
      220,
      116,
      194,
      73,
      228,
      180,
      217,
      136,
      37,
      46,
      217,
      238,
      33,
      39
    ],
    "46": [
      157,
      195,
      44,
      81,
      104,
      127,
      98,
      139,
      129,
      247,
      143,
      78,
      117,
      118,
      215,
      76,
      155,
      163,
      0,
      176,
      95,
      127,
      140,
      143,
      227,
      44,
      161,
      213,
      55,
      42,
      100,
      144
    ],
    "11": [
      72,
      234,
      213,
      205,
      129,
      203,
      220,
      87,
      243,
      221,
      113,
      11,
      223,
      199,
      105,
      108,
      113,
      71,
      32,
      185,
      125,
      24,
      91,
      167,
      215,
      163,
      190,
      102,
      185,
      15,
      193,
      111
    ],
    "42": [
      254,
      223,
      103,
      46,
      183,
      164,
      70,
      43,
      197,
      119,
      99,
      88,
      20,
      155,
      214,
      237,
      19,
      204,
      79,
      60,
      236,
      171,
      118,
      250,
      153,
      4,
      175,
      36,
      41,
      137,
      189,
      8
    ],
    "23": [
      204,
      111,
      253,
      47,
      67,
      183,
      175,
      167,
      139,
      180,
      103,
      186,
      197,
      67,
      155,
      204,
      206,
      146,
      94,
      98,
      211,
      15,
      165,
      75,
      223,
      84,
      186,
      252,
      47,
      156,
      246,
      226
    ],
    "54": [
      123,
      76,
      236,
      108,
      40,
      49,
      253,
      180,
      216,
      66,
      221,
      152,
      226,
      190,
      126,
      72,
      82,
      69,
      239,
      252,
      238,
      199,
      71,
      199,
      75,
      95,
      102,
      119,
      245,
      190,
      154,
      56
    ],
    "19": [
      21,
      166,
      78,
      108,
      120,
      167,
      141,
      226,
      69,
      186,
      14,
      178,
      134,
      217,
      54,
      186,
      123,
      255,
      246,
      22,
      207,
      97,
      98,
      185,
      20,
      198,
      86,
      87,
      27,
      3,
      150,
      130
    ],
    "50": [
      171,
      149,
      241,
      96,
      222,
      230,
      43,
      83,
      203,
      2,
      28,
      180,
      193,
      33,
      10,
      207,
      204,
      159,
      183,
      244,
      41,
      204,
      31,
      101,
      152,
      28,
      3,
      72,
      128,
      243,
      0,
      190
    ],
    "31": [
      188,
      239,
      74,
      72,
      15,
      8,
      228,
      42,
      173,
      154,
      151,
      81,
      197,
      143,
      72,
      222,
      35,
      72,
      27,
      131,
      186,
      103,
      123,
      16,
      144,
      192,
      195,
      82,
      98,
      209,
      175,
      85
    ],
    "62": [
      77,
      169,
      245,
      158,
      100,
      159,
      142,
      111,
      164,
      62,
      30,
      31,
      130,
      248,
      144,
      56,
      183,
      106,
      184,
      13,
      43,
      142,
      139,
      91,
      204,
      136,
      159,
      86,
      54,
      110,
      172,
      162
    ],
    "27": [
      242,
      41,
      148,
      37,
      236,
      136,
      131,
      22,
      55,
      59,
      112,
      137,
      154,
      124,
      26,
      251,
      46,
      179,
      153,
      226,
      114,
      118,
      181,
      46,
      159,
      166,
      224,
      36,
      244,
      70,
      13,
      141
    ],
    "58": [
      188,
      189,
      0,
      145,
      5,
      77,
      176,
      37,
      15,
      176,
      206,
      34,
      82,
      94,
      4,
      81,
      34,
      242,
      135,
      166,
      50,
      23,
      186,
      29,
      220,
      233,
      193,
      218,
      126,
      106,
      119,
      163
    ]
  },
  "my_cert": [],
  "my_cert_key": [],
  "root_cert": []
}