{
  "net_map": {
    "37": "127.0.0.1:8537",
    "6": "127.0.0.1:8506",
    "33": "127.0.0.1:8533",
    "64": "127.0.0.1:9000",
    "2": "127.0.0.1:8502",
    "45": "127.0.0.1:8545",
    "14": "127.0.0.1:8514",
    "41": "127.0.0.1:8541",
    "10": "127.0.0.1:8510",
    "53": "127.0.0.1:8553",
    "22": "127.0.0.1:8522",
    "49": "127.0.0.1:8549",
    "18": "127.0.0.1:8518",
    "61": "127.0.0.1:8561",
    "30": "127.0.0.1:8530",
    "57": "127.0.0.1:8557",
    "26": "127.0.0.1:8526",
    "5": "127.0.0.1:8505",
    "36": "127.0.0.1:8536",
    "1": "127.0.0.1:8501",
    "32": "127.0.0.1:8532",
    "13": "127.0.0.1:8513",
    "44": "127.0.0.1:8544",
    "9": "127.0.0.1:8509",
    "40": "127.0.0.1:8540",
    "21": "127.0.0.1:8521",
    "52": "127.0.0.1:8552",
    "17": "127.0.0.1:8517",
    "48": "127.0.0.1:8548",
    "29": "127.0.0.1:8529",
    "60": "127.0.0.1:8560",
    "25": "127.0.0.1:8525",
    "56": "127.0.0.1:8556",
    "4": "127.0.0.1:8504",
    "39": "127.0.0.1:8539",
    "0": "127.0.0.1:8500",
    "35": "127.0.0.1:8535",
    "12": "127.0.0.1:8512",
    "47": "127.0.0.1:8547",
    "8": "127.0.0.1:8508",
    "43": "127.0.0.1:8543",
    "20": "127.0.0.1:8520",
    "55": "127.0.0.1:8555",
    "16": "127.0.0.1:8516",
    "51": "127.0.0.1:8551",
    "28": "127.0.0.1:8528",
    "63": "127.0.0.1:8563",
    "24": "127.0.0.1:8524",
    "59": "127.0.0.1:8559",
    "7": "127.0.0.1:8507",
    "38": "127.0.0.1:8538",
    "3": "127.0.0.1:8503",
    "34": "127.0.0.1:8534",
    "15": "127.0.0.1:8515",
    "46": "127.0.0.1:8546",
    "11": "127.0.0.1:8511",
    "42": "127.0.0.1:8542",
    "23": "127.0.0.1:8523",
    "54": "127.0.0.1:8554",
    "19": "127.0.0.1:8519",
    "50": "127.0.0.1:8550",
    "31": "127.0.0.1:8531",
    "62": "127.0.0.1:8562",
    "27": "127.0.0.1:8527",
    "58": "127.0.0.1:8558"
  },
  "delta": 100,
  "id": 7,
  "num_nodes": 64,
  "num_faults": 21,
  "block_size": 100,
  "client_port": 7007,
  "client_addr": "0.0.0.0:5000",
  "payload": 0,
  "prot_payload": "cc,/home/akhil/research/EEBA/libchatter/",
  "crypto_alg": "NOPKI",
  "pk_map": {},
  "secret_key_bytes": [],
  "sk_map": {
    "37": [
      56,
      66,
      65,
      66,
      246,
      193,
      219,
      17,
      202,
      141,
      170,
      6,
      23,
      64,
      50,
      109,
      4,
      253,
      166,
      145,
      13,
      70,
      190,
      124,
      125,
      199,
      21,
      37,
      150,
      124,
      37,
      197
    ],
    "6": [
      187,
      207,
      240,
      84,
      201,
      153,
      118,
      37,
      35,
      114,
      255,
      138,
      103,
      95,
      163,
      85,
      250,
      94,
      149,
      99,
      2,
      58,
      164,
      219,
      0,
      171,
      198,
      69,
      222,
      151,
      35,
      129
    ],
    "33": [
      154,
      54,
      115,
      149,
      23,
      24,
      13,
      250,
      109,
      219,
      21,
      137,
      107,
      92,
      105,
      52,
      44,
      22,
      88,
      129,
      166,
      124,
      60,
      39,
      176,
      120,
      205,
      77,
      179,
      79,
      221,
      40
    ],
    "2": [
      231,
      191,
      180,
      108,
      136,
      253,
      20,
      255,
      115,
      89,
      213,
      182,
      158,
      151,
      97,
      53,
      143,
      86,
      129,
      106,
      42,
      244,
      105,
      35,
      36,
      217,
      39,
      110,
      214,
      89,
      72,
      107
    ],
    "45": [
      5,
      57,
      27,
      158,
      135,
      34,
      171,
      82,
      249,
      103,
      245,
      98,
      114,
      48,
      86,
      186,
      53,
      117,
      23,
      189,
      240,
      255,
      130,
      189,
      3,
      194,
      167,
      226,
      45,
      66,
      255,
      159
    ],
    "14": [
      60,
      73,
      172,
      176,
      47,
      196,
      189,
      29,
      137,
      184,
      97,
      22,
      7,
      31,
      37,
      154,
      42,
      85,
      160,
      4,
      45,
      58,
      245,
      95,
      46,
      217,
      119,
      27,
      74,
      167,
      64,
      177
    ],
    "41": [
      11,
      74,
      121,
      185,
      130,
      141,
      211,
      7,
      120,
      142,
      129,
      14,
      184,
      161,
      28,
      236,
      244,
      140,
      21,
      200,
      108,
      162,
      193,
      184,
      201,
      203,
      252,
      133,
      222,
      44,
      137,
      11
    ],
    "10": [
      219,
      201,
      12,
      42,
      213,
      217,
      98,
      168,
      182,
      179,
      47,
      198,
      182,
      112,
      84,
      69,
      62,
      103,
      185,
      195,
      205,
      148,
      207,
      21,
      70,
      20,
      155,
      170,
      46,
      29,
      158,
      16
    ],
    "53": [
      246,
      200,
      171,
      248,
      152,
      100,
      232,
      71,
      240,
      208,
      164,
      86,
      225,
      130,
      180,
      58,
      150,
      46,
      184,
      24,
      91,
      173,
      4,
      176,
      105,
      237,
      35,
      38,
      165,
      24,
      30,
      251
    ],
    "22": [
      77,
      240,
      187,
      46,
      244,
      94,
      158,
      44,
      66,
      222,
      130,
      250,
      97,
      29,
      55,
      155,
      225,
      232,
      243,
      217,
      144,
      33,
      199,
      189,
      239,
      55,
      234,
      13,
      13,
      6,
      101,
      65
    ],
    "49": [
      168,
      144,
      103,
      187,
      237,
      187,
      170,
      242,
      119,
      63,
      5,
      43,
      223,
      147,
      99,
      18,
      168,
      123,
      235,
      138,
      173,
      216,
      155,
      145,
      92,
      62,
      27,
      119,
      21,
      187,
      224,
      165
    ],
    "18": [
      100,
      87,
      61,
      79,
      204,
      21,
      232,
      168,
      84,
      255,
      102,
      249,
      207,
      48,
      183,
      101,
      169,
      119,
      216,
      170,
      75,
      76,
      213,
      224,
      82,
      188,
      14,
      129,
      146,
      48,
      193,
      121
    ],
    "61": [
      241,
      109,
      23,
      24,
      121,
      152,
      37,
      68,
      150,
      91,
      186,
      61,
      127,
      250,
      191,
      148,
      167,
      81,
      180,
      145,
      242,
      185,
      213,
      48,
      48,
      128,
      209,
      237,
      215,
      116,
      6,
      139
    ],
    "30": [
      145,
      110,
      9,
      143,
      219,
      4,
      154,
      63,
      45,
      252,
      24,
      152,
      116,
      69,
      131,
      141,
      193,
      215,
      130,
      128,
      59,
      211,
      196,
      97,
      193,
      194,
      166,
      10,
      251,
      173,
      97,
      130
    ],
    "57": [
      166,
      13,
      9,
      141,
      182,
      29,
      26,
      191,
      250,
      85,
      242,
      107,
      204,
      72,
      58,
      227,
      242,
      120,
      24,
      250,
      54,
      237,
      93,
      189,
      242,
      149,
      83,
      25,
      217,
      228,
      7,
      174
    ],
    "26": [
      78,
      206,
      101,
      197,
      109,
      135,
      40,
      89,
      41,
      195,
      185,
      84,
      8,
      121,
      132,
      191,
      152,
      115,
      95,
      83,
      75,
      39,
      168,
      113,
      41,
      113,
      231,
      115,
      193,
      4,
      0,
      102
    ],
    "5": [
      166,
      130,
      136,
      46,
      183,
      219,
      198,
      168,
      198,
      158,
      84,
      56,
      71,
      237,
      5,
      217,
      0,
      131,
      252,
      120,
      106,
      252,
      137,
      136,
      23,
      97,
      254,
      45,
      239,
      142,
      245,
      159
    ],
    "36": [
      41,
      202,
      221,
      160,
      183,
      46,
      47,
      95,
      203,
      99,
      104,
      211,
      91,
      54,
      254,
      244,
      94,
      15,
      186,
      47,
      116,
      24,
      9,
      184,
      158,
      184,
      255,
      254,
      159,
      181,
      159,
      30
    ],
    "1": [
      18,
      249,
      228,
      210,
      216,
      87,
      4,
      147,
      5,
      227,
      249,
      76,
      210,
      39,
      31,
      134,
      199,
      45,
      19,
      132,
      147,
      86,
      145,
      250,
      200,
      219,
      92,
      161,
      79,
      71,
      136,
      67
    ],
    "32": [
      125,
      175,
      177,
      1,
      63,
      221,
      214,
      238,
      21,
      145,
      9,
      25,
      234,
      128,
      142,
      122,
      55,
      50,
      53,
      97,
      226,
      105,
      68,
      82,
      7,
      229,
      75,
      248,
      6,
      151,
      218,
      209
    ],
    "13": [
      132,
      151,
      46,
      25,
      238,
      72,
      97,
      42,
      201,
      194,
      91,
      175,
      234,
      120,
      84,
      237,
      24,
      195,
      178,
      175,
      233,
      195,
      146,
      89,
      125,
      230,
      53,
      42,
      215,
      37,
      25,
      196
    ],
    "44": [
      195,
      108,
      139,
      155,
      103,
      158,
      85,
      24,
      184,
      197,
      134,
      10,
      156,
      225,
      133,
      139,
      31,
      141,
      168,
      255,
      98,
      116,
      197,
      109,
      231,
      207,
      165,
      237,
      176,
      54,
      90,
      96
    ],
    "9": [
      111,
      145,
      227,
      68,
      28,
      49,
      81,
      22,
      184,
      216,
      87,
      237,
      133,
      178,
      182,
      205,
      29,
      5,
      23,
      206,
      25,
      212,
      247,
      120,
      101,
      7,
      140,
      232,
      95,
      244,
      198,
      151
    ],
    "40": [
      170,
      175,
      126,
      10,
      86,
      168,
      139,
      239,
      119,
      184,
      236,
      208,
      119,
      215,
      132,
      128,
      125,
      156,
      240,
      255,
      233,
      113,
      196,
      242,
      77,
      232,
      151,
      175,
      163,
      118,
      213,
      253
    ],
    "21": [
      161,
      207,
      230,
      159,
      184,
      131,
      225,
      17,
      161,
      150,
      47,
      245,
      216,
      166,
      17,
      235,
      97,
      208,
      134,
      202,
      228,
      56,
      252,
      203,
      58,
      109,
      250,
      218,
      208,
      116,
      174,
      199
    ],
    "52": [
      211,
      12,
      113,
      39,
      52,
      101,
      165,
      236,
      70,
      133,
      10,
      75,
      69,
      63,
      26,
      32,
      238,
      44,
      40,
      223,
      107,
      137,
      145,
      197,
      144,
      1,
      107,
      153,
      209,
      162,
      254,
      64
    ],
    "17": [
      85,
      123,
      138,
      53,
      154,
      68,
      98,
      231,
      115,
      202,
      176,
      87,
      96,
      76,
      208,
      30,
      127,
      97,
      197,
      116,
      11,
      190,
      15,
      31,
      10,
      32,
      86,
      31,
      236,
      180,
      140,
      98
    ],
    "48": [
      213,
      233,
      144,
      6,
      66,
      206,
      147,
      68,
      147,
      183,
      224,
      230,
      232,
      229,
      97,
      133,
      61,
      175,
      42,
      239,
      39,
      108,
      236,
      229,
      71,
      95,
      196,
      175,
      112,
      124,
      189,
      225
    ],
    "29": [
      41,
      244,
      151,
      137,
      141,
      157,
      231,
      108,
      96,
      246,
      105,
      235,
      165,
      60,
      214,
      210,
      172,
      3,
      246,
      51,
      126,
      165,
      153,
      246,
      11,
      231,
      42,
      233,
      167,
      164,
      191,
      178
    ],
    "60": [
      152,
      170,
      17,
      93,
      17,
      37,
      45,
      221,
      113,
      226,
      16,
      147,
      233,
      133,
      7,
      207,
      225,
      247,
      46,
      84,
      131,
      42,
      253,
      118,
      55,
      195,
      92,
      98,
      194,
      116,
      207,
      224
    ],
    "25": [
      230,
      170,
      110,
      243,
      64,
      182,
      189,
      43,
      222,
      100,
      34,
      186,
      180,
      167,
      166,
      152,
      77,
      30,
      172,
      163,
      138,
      81,
      247,
      34,
      58,
      118,
      181,
      245,
      144,
      228,
      66,
      89
    ],
    "56": [
      251,
      183,
      219,
      244,
      79,
      39,
      165,
      0,
      228,
      38,
      62,
      24,
      54,
      43,
      204,
      5,
      211,
      83,
      207,
      192,
      172,
      216,
      89,
      5,
      53,
      3,
      201,
      104,
      186,
      240,
      151,
      196
    ],
    "4": [
      193,
      138,
      87,
      43,
      87,
      229,
      54,
      143,
      30,
      219,
      149,
      196,
      194,
      94,
      184,
      19,
      93,
      105,
      136,
      169,
      251,
      202,
      106,
      16,
      22,
      118,
      195,
      19,
      228,
      190,
      173,
      57
    ],
    "39": [
      94,
      154,
      111,
      4,
      44,
      14,
      218,
      45,
      254,
      229,
      240,
      19,
      117,
      243,
      9,
      63,
      34,
      165,
      212,
      171,
      140,
      161,
      170,
      139,
      29,
      168,
      148,
      169,
      128,
      85,
      117,
      119
    ],
    "0": [
      131,
      142,
      13,
      82,
      79,
      221,
      136,
      110,
      148,
      176,
      43,
      210,
      78,
      209,
      144,
      42,
      146,
      6,
      13,
      91,
      184,
      7,
      13,
      121,
      63,
      122,
      139,
      66,
      196,
      200,
      86,
      95
    ],
    "35": [
      25,
      112,
      165,
      196,
      187,
      131,
      60,
      216,
      211,
      23,
      123,
      190,
      163,
      103,
      138,
      210,
      236,
      79,
      212,
      241,
      107,
      142,
      19,
      101,
      37,
      227,
      234,
      44,
      174,
      106,
      234,
      146
    ],
    "12": [
      235,
      149,
      45,
      81,
      211,
      219,
      172,
      66,
      177,
      109,
      137,
      238,
      250,
      29,
      82,
      72,
      152,
      93,
      66,
      25,
      181,
      12,
      21,
      228,
      76,
      107,
      253,
      129,
      7,
      30,
      58,
      31
    ],
    "47": [
      152,
      104,
      191,
      177,
      72,
      27,
      82,
      149,
      62,
      61,
      25,
      189,
      59,
      240,
      108,
      74,
      214,
      236,
      162,
      40,
      169,
      181,
      74,
      45,
      119,
      197,
      206,
      207,
      155,
      43,
      141,
      145
    ],
    "8": [
      209,
      145,
      129,
      189,
      25,
      253,
      240,
      159,
      170,
      75,
      64,
      1,
      180,
      174,
      73,
      255,
      123,
      73,
      29,
      33,
      63,
      210,
      73,
      20,
      114,
      14,
      151,
      93,
      82,
      153,
      254,
      57
    ],
    "43": [
      132,
      116,
      111,
      211,
      233,
      217,
      38,
      213,
      152,
      15,
      35,
      207,
      143,
      46,
      27,
      50,
      184,
      164,
      170,
      132,
      240,
      20,
      108,
      71,
      1,
      20,
      114,
      147,
      70,
      39,
      169,
      34
    ],
    "20": [
      33,
      33,
      38,
      142,
      190,
      87,
      225,
      119,
      213,
      35,
      64,
      140,
      85,
      123,
      60,
      110,
      63,
      97,
      53,
      155,
      227,
      120,
      94,
      152,
      124,
      198,
      24,
      252,
      116,
      252,
      54,
      115
    ],
    "55": [
      165,
      16,
      241,
      183,
      68,
      112,
      30,
      244,
      221,
      243,
      92,
      236,
      26,
      248,
      103,
      212,
      212,
      203,
      212,
      134,
      125,
      105,
      234,
      83,
      31,
      245,
      51,
      223,
      169,
      103,
      199,
      143
    ],
    "16": [
      245,
      51,
      194,
      53,
      24,
      173,
      232,
      204,
      6,
      240,
      93,
      61,
      78,
      44,
      197,
      111,
      224,
      93,
      93,
      111,
      91,
      229,
      194,
      11,
      160,
      104,
      111,
      55,
      206,
      153,
      141,
      27
    ],
    "51": [
      4,
      78,
      178,
      159,
      252,
      122,
      80,
      133,
      59,
      6,
      156,
      3,
      6,
      174,
      84,
      146,
      104,
      167,
      47,
      26,
      26,
      56,
      47,
      96,
      61,
      129,
      79,
      248,
      103,
      26,
      129,
      7
    ],
    "28": [
      77,
      39,
      95,
      238,
      115,
      18,
      76,
      2,
      79,
      85,
      74,
      32,
      125,
      11,
      249,
      34,
      98,
      126,
      226,
      223,
      170,
      241,
      150,
      161,
      120,
      112,
      238,
      168,
      46,
      107,
      23,
      248
    ],
    "63": [
      163,
      225,
      107,
      204,
      132,
      223,
      80,
      162,
      97,
      225,
      228,
      95,
      58,
      253,
      241,
      181,
      89,
      29,
      99,
      228,
      105,
      91,
      66,
      178,
      247,
      76,
      219,
      205,
      224,
      182,
      217,
      150
    ],
    "24": [
      22,
      17,
      162,
      164,
      27,
      146,
      231,
      232,
      177,
      218,
      92,
      147,
      81,
      221,
      49,
      34,
      57,
      139,
      18,
      188,
      95,
      101,
      107,
      212,
      185,
      211,
      150,
      106,
      109,
      215,
      17,
      181
    ],
    "59": [
      234,
      12,
      189,
      255,
      235,
      103,
      113,
      190,
      158,
      30,
      239,
      90,
      150,
      207,
      230,
      27,
      131,
      6,
      170,
      253,
      153,
      45,
      107,
      85,
      0,
      160,
      91,
      160,
      218,
      80,
      189,
      99
    ],
    "7": [
      220,
      113,
      47,
      219,
      167,
      197,
      76,
      162,
      137,
      36,
      93,
      80,
      51,
      208,
      4,
      77,
      241,
      6,
      235,
      183,
      242,
      72,
      186,
      38,
      198,
      20,
      239,
      134,
      178,
      111,
      243,
      185
    ],
    "38": [
      248,
      30,
      218,
      87,
      200,
      112,
      107,
      117,
      146,
      14,
      86,
      30,
      60,
      20,
      64,
      253,
      71,
      195,
      255,
      47,
      7,
      250,
      69,
      173,
      242,
      191,
      215,
      221,
      251,
      99,
      95,
      248
    ],
    "3": [
      216,
      72,
      106,
      172,
      24,
      160,
      55,
      56,
      68,
      121,
      169,
      243,
      225,
      196,
      135,
      200,
      149,
      22,
      216,
      178,
      204,
      222,
      116,
      45,
      144,
      57,
      125,
      97,
      22,
      41,
      151,
      241
    ],
    "34": [
      198,
      90,
      111,
      132,
      216,
      237,
      43,
      202,
      124,
      43,
      97,
      102,
      6,
      141,
      157,
      15,
      72,
      255,
      93,
      77,
      173,
      20,
      110,
      57,
      107,
      144,
      1,
      122,
      150,
      161,
      2,
      205
    ],
    "15": [
      55,
      204,
      83,
      211,
      241,
      7,
      20,
      105,
      230,
      85,
      40,
      153,
      169,
      52,
      118,
      124,
      149,
      85,
      245,
      167,
      125,
      181,
      209,
      52,
      220,
      97,
      77,
      208,
      175,
      186,
      228,
      101
    ],
    "46": [
      179,
      85,
      230,
      242,
      96,
      202,
      35,
      236,
      68,
      124,
      14,
      233,
      114,
      73,
      252,
      160,
      20,
      41,
      42,
      147,
      210,
      101,
      28,
      215,
      62,
      33,
      143,
      192,
      31,
      186,
      15,
      181
    ],
    "11": [
      87,
      41,
      172,
      35,
      30,
      222,
      114,
      68,
      146,
      163,
      97,
      7,
      7,
      127,
      212,
      236,
      254,
      167,
      62,
      221,
      119,
      54,
      138,
      26,
      46,
      139,
      254,
      158,
      112,
      76,
      11,
      136
    ],
    "42": [
      47,
      235,
      66,
      33,
      242,
      36,
      41,
      172,
      238,
      97,
      17,
      39,
      55,
      192,
      242,
      171,
      226,
      28,
      31,
      225,
      219,
      164,
      237,
      53,
      211,
      225,
      154,
      158,
      199,
      89,
      62,
      213
    ],
    "23": [
      15,
      132,
      18,
      85,
      101,
      18,
      76,
      53,
      17,
      222,
      76,
      232,
      5,
      192,
      21,
      119,
      111,
      220,
      76,
      194,
      234,
      133,
      209,
      142,
      74,
      123,
      108,
      21,
      222,
      148,
      137,
      165
    ],
    "54": [
      222,
      234,
      51,
      165,
      211,
      69,
      164,
      182,
      224,
      190,
      94,
      65,
      13,
      254,
      103,
      105,
      104,
      0,
      95,
      203,
      123,
      177,
      76,
      251,
      142,
      250,
      55,
      233,
      160,
      30,
      24,
      46
    ],
    "19": [
      63,
      192,
      16,
      216,
      163,
      168,
      105,
      127,
      182,
      30,
      124,
      198,
      255,
      211,
      71,
      193,
      75,
      230,
      11,
      28,
      164,
      175,
      36,
      241,
      158,
      91,
      169,
      206,
      74,
      58,
      183,
      85
    ],
    "50": [
      197,
      63,
      57,
      182,
      15,
      182,
      34,
      154,
      155,
      116,
      90,
      205,
      166,
      121,
      212,
      184,
      254,
      1,
      122,
      24,
      67,
      23,
      74,
      187,
      31,
      87,
      97,
      151,
      18,
      246,
      92,
      211
    ],
    "31": [
      147,
      116,
      38,
      102,
      134,
      227,
      53,
      80,
      52,
      216,
      99,
      186,
      111,
      41,
      75,
      134,
      159,
      217,
      35,
      235,
      154,
      158,
      122,
      138,
      26,
      20,
      24,
      231,
      135,
      70,
      161,
      215
    ],
    "62": [
      185,
      6,
      253,
      217,
      124,
      45,
      112,
      132,
      41,
      58,
      92,
      219,
      121,
      215,
      14,
      58,
      130,
      56,
      38,
      89,
      216,
      176,
      117,
      0,
      45,
      118,
      39,
      157,
      224,
      90,
      178,
      237
    ],
    "27": [
      175,
      169,
      55,
      106,
      28,
      222,
      210,
      144,
      222,
      128,
      74,
      236,
      230,
      251,
      183,
      153,
      120,
      241,
      97,
      71,
      136,
      185,
      54,
      3,
      201,
      187,
      81,
      166,
      46,
      160,
      6,
      88
    ],
    "58": [
      223,
      120,
      10,
      140,
      172,
      154,
      94,
      255,
      68,
      246,
      1,
      41,
      136,
      59,
      58,
      73,
      102,
      172,
      187,
      207,
      47,
      5,
      20,
      167,
      11,
      192,
      140,
      29,
      187,
      46,
      7,
      252
    ]
  },
  "my_cert": [],
  "my_cert_key": [],
  "root_cert": []
}