{
  "net_map": {
    "37": "127.0.0.1:8537",
    "6": "127.0.0.1:8506",
    "33": "127.0.0.1:8533",
    "64": "127.0.0.1:9000",
    "2": "127.0.0.1:8502",
    "45": "127.0.0.1:8545",
    "14": "127.0.0.1:8514",
    "41": "127.0.0.1:8541",
    "10": "127.0.0.1:8510",
    "53": "127.0.0.1:8553",
    "22": "127.0.0.1:8522",
    "49": "127.0.0.1:8549",
    "18": "127.0.0.1:8518",
    "61": "127.0.0.1:8561",
    "30": "127.0.0.1:8530",
    "57": "127.0.0.1:8557",
    "26": "127.0.0.1:8526",
    "5": "127.0.0.1:8505",
    "36": "127.0.0.1:8536",
    "1": "127.0.0.1:8501",
    "32": "127.0.0.1:8532",
    "13": "127.0.0.1:8513",
    "44": "127.0.0.1:8544",
    "9": "127.0.0.1:8509",
    "40": "127.0.0.1:8540",
    "21": "127.0.0.1:8521",
    "52": "127.0.0.1:8552",
    "17": "127.0.0.1:8517",
    "48": "127.0.0.1:8548",
    "29": "127.0.0.1:8529",
    "60": "127.0.0.1:8560",
    "25": "127.0.0.1:8525",
    "56": "127.0.0.1:8556",
    "4": "127.0.0.1:8504",
    "39": "127.0.0.1:8539",
    "0": "127.0.0.1:8500",
    "35": "127.0.0.1:8535",
    "12": "127.0.0.1:8512",
    "47": "127.0.0.1:8547",
    "8": "127.0.0.1:8508",
    "43": "127.0.0.1:8543",
    "20": "127.0.0.1:8520",
    "55": "127.0.0.1:8555",
    "16": "127.0.0.1:8516",
    "51": "127.0.0.1:8551",
    "28": "127.0.0.1:8528",
    "63": "127.0.0.1:8563",
    "24": "127.0.0.1:8524",
    "59": "127.0.0.1:8559",
    "7": "127.0.0.1:8507",
    "38": "127.0.0.1:8538",
    "3": "127.0.0.1:8503",
    "34": "127.0.0.1:8534",
    "15": "127.0.0.1:8515",
    "46": "127.0.0.1:8546",
    "11": "127.0.0.1:8511",
    "42": "127.0.0.1:8542",
    "23": "127.0.0.1:8523",
    "54": "127.0.0.1:8554",
    "19": "127.0.0.1:8519",
    "50": "127.0.0.1:8550",
    "31": "127.0.0.1:8531",
    "62": "127.0.0.1:8562",
    "27": "127.0.0.1:8527",
    "58": "127.0.0.1:8558"
  },
  "delta": 100,
  "id": 30,
  "num_nodes": 64,
  "num_faults": 21,
  "block_size": 100,
  "client_port": 7030,
  "client_addr": "0.0.0.0:5000",
  "payload": 0,
  "prot_payload": "cc,/home/akhil/research/EEBA/libchatter/",
  "crypto_alg": "NOPKI",
  "pk_map": {},
  "secret_key_bytes": [],
  "sk_map": {
    "37": [
      130,
      14,
      138,
      158,
      251,
      12,
      242,
      45,
      250,
      92,
      79,
      144,
      202,
      231,
      139,
      116,
      191,
      71,
      73,
      115,
      193,
      156,
      146,
      127,
      13,
      70,
      104,
      200,
      21,
      157,
      82,
      154
    ],
    "6": [
      222,
      62,
      136,
      214,
      232,
      91,
      142,
      185,
      48,
      242,
      225,
      29,
      12,
      198,
      146,
      83,
      139,
      125,
      36,
      242,
      107,
      173,
      81,
      136,
      85,
      128,
      16,
      43,
      37,
      100,
      180,
      3
    ],
    "33": [
      168,
      35,
      138,
      21,
      95,
      92,
      138,
      91,
      5,
      193,
      21,
      144,
      241,
      0,
      252,
      58,
      250,
      9,
      96,
      72,
      164,
      144,
      213,
      58,
      113,
      72,
      104,
      47,
      167,
      206,
      11,
      146
    ],
    "2": [
      32,
      166,
      128,
      243,
      43,
      234,
      82,
      231,
      13,
      9,
      20,
      172,
      170,
      246,
      121,
      75,
      63,
      105,
      60,
      167,
      40,
      241,
      8,
      140,
      149,
      87,
      131,
      162,
      103,
      45,
      72,
      95
    ],
    "45": [
      78,
      213,
      165,
      41,
      45,
      67,
      211,
      207,
      148,
      223,
      41,
      24,
      95,
      51,
      226,
      47,
      77,
      20,
      219,
      68,
      125,
      97,
      221,
      48,
      101,
      107,
      165,
      210,
      185,
      200,
      219,
      241
    ],
    "14": [
      251,
      44,
      203,
      140,
      156,
      70,
      46,
      223,
      103,
      156,
      184,
      234,
      87,
      131,
      250,
      30,
      71,
      44,
      104,
      246,
      148,
      164,
      160,
      27,
      25,
      249,
      69,
      228,
      49,
      144,
      141,
      159
    ],
    "41": [
      143,
      59,
      14,
      179,
      188,
      67,
      227,
      136,
      246,
      103,
      3,
      94,
      195,
      44,
      109,
      224,
      149,
      177,
      203,
      79,
      85,
      97,
      126,
      10,
      85,
      220,
      36,
      29,
      229,
      181,
      198,
      181
    ],
    "10": [
      156,
      247,
      200,
      155,
      82,
      1,
      28,
      153,
      51,
      71,
      163,
      235,
      111,
      43,
      255,
      198,
      119,
      98,
      190,
      74,
      174,
      181,
      226,
      60,
      60,
      212,
      249,
      131,
      194,
      153,
      11,
      126
    ],
    "53": [
      74,
      61,
      189,
      198,
      39,
      9,
      199,
      121,
      38,
      214,
      246,
      136,
      128,
      168,
      165,
      248,
      207,
      225,
      180,
      234,
      6,
      186,
      220,
      23,
      30,
      83,
      143,
      195,
      25,
      147,
      7,
      247
    ],
    "22": [
      145,
      168,
      199,
      1,
      112,
      55,
      217,
      43,
      92,
      253,
      245,
      174,
      234,
      68,
      52,
      19,
      63,
      156,
      236,
      237,
      33,
      92,
      165,
      36,
      17,
      24,
      107,
      177,
      192,
      34,
      168,
      63
    ],
    "49": [
      206,
      167,
      50,
      60,
      255,
      127,
      171,
      19,
      10,
      75,
      143,
      86,
      151,
      167,
      16,
      219,
      88,
      143,
      247,
      125,
      30,
      133,
      170,
      224,
      183,
      188,
      52,
      127,
      64,
      4,
      190,
      139
    ],
    "18": [
      48,
      250,
      34,
      44,
      247,
      152,
      243,
      177,
      190,
      227,
      27,
      83,
      194,
      179,
      179,
      125,
      59,
      99,
      152,
      231,
      75,
      196,
      248,
      88,
      77,
      124,
      7,
      183,
      121,
      132,
      86,
      62
    ],
    "61": [
      117,
      247,
      55,
      44,
      147,
      142,
      253,
      23,
      152,
      138,
      70,
      156,
      41,
      109,
      31,
      45,
      149,
      23,
      102,
      189,
      85,
      123,
      239,
      114,
      101,
      219,
      210,
      144,
      244,
      212,
      106,
      204
    ],
    "30": [
      179,
      202,
      28,
      227,
      124,
      174,
      246,
      127,
      244,
      203,
      240,
      97,
      66,
      90,
      213,
      117,
      35,
      160,
      241,
      80,
      91,
      18,
      147,
      56,
      164,
      91,
      10,
      70,
      193,
      130,
      172,
      192
    ],
    "57": [
      69,
      44,
      112,
      223,
      77,
      216,
      232,
      201,
      226,
      253,
      96,
      150,
      63,
      129,
      125,
      109,
      248,
      27,
      230,
      156,
      214,
      110,
      69,
      25,
      10,
      33,
      114,
      202,
      84,
      131,
      20,
      137
    ],
    "26": [
      209,
      119,
      123,
      215,
      244,
      239,
      113,
      62,
      192,
      211,
      74,
      43,
      235,
      30,
      242,
      204,
      81,
      116,
      13,
      152,
      194,
      98,
      130,
      113,
      146,
      45,
      232,
      3,
      101,
      124,
      242,
      243
    ],
    "5": [
      104,
      207,
      5,
      111,
      99,
      41,
      220,
      247,
      176,
      162,
      21,
      244,
      20,
      119,
      42,
      16,
      153,
      37,
      144,
      232,
      91,
      214,
      252,
      83,
      227,
      234,
      176,
      63,
      95,
      28,
      247,
      37
    ],
    "36": [
      64,
      64,
      244,
      9,
      181,
      217,
      106,
      108,
      180,
      253,
      148,
      94,
      214,
      169,
      13,
      170,
      96,
      136,
      28,
      92,
      15,
      188,
      125,
      49,
      75,
      113,
      244,
      186,
      199,
      233,
      91,
      243
    ],
    "1": [
      107,
      30,
      38,
      226,
      90,
      243,
      28,
      138,
      152,
      238,
      6,
      146,
      136,
      96,
      117,
      254,
      190,
      23,
      41,
      93,
      111,
      103,
      169,
      120,
      174,
      96,
      23,
      117,
      6,
      228,
      133,
      60
    ],
    "32": [
      139,
      214,
      209,
      149,
      108,
      193,
      208,
      66,
      130,
      195,
      17,
      70,
      224,
      90,
      157,
      13,
      209,
      205,
      127,
      123,
      79,
      100,
      30,
      107,
      78,
      136,
      125,
      82,
      143,
      11,
      187,
      22
    ],
    "13": [
      213,
      94,
      104,
      69,
      159,
      22,
      139,
      225,
      33,
      8,
      240,
      49,
      98,
      227,
      51,
      54,
      29,
      219,
      211,
      0,
      48,
      186,
      160,
      96,
      93,
      0,
      165,
      143,
      209,
      208,
      254,
      183
    ],
    "44": [
      233,
      232,
      180,
      92,
      98,
      139,
      215,
      95,
      25,
      209,
      48,
      223,
      220,
      136,
      56,
      41,
      76,
      111,
      114,
      213,
      75,
      146,
      177,
      153,
      58,
      126,
      225,
      251,
      30,
      238,
      180,
      253
    ],
    "9": [
      84,
      171,
      95,
      125,
      64,
      131,
      227,
      31,
      153,
      116,
      234,
      30,
      22,
      120,
      97,
      55,
      147,
      37,
      140,
      227,
      161,
      109,
      164,
      174,
      153,
      58,
      252,
      10,
      218,
      205,
      106,
      161
    ],
    "40": [
      43,
      101,
      101,
      100,
      152,
      154,
      125,
      10,
      175,
      108,
      131,
      56,
      50,
      161,
      69,
      161,
      135,
      240,
      232,
      55,
      94,
      18,
      20,
      21,
      63,
      119,
      61,
      125,
      213,
      251,
      20,
      6
    ],
    "21": [
      228,
      70,
      183,
      104,
      239,
      173,
      93,
      165,
      206,
      203,
      54,
      66,
      134,
      170,
      136,
      174,
      227,
      143,
      237,
      94,
      36,
      91,
      32,
      28,
      43,
      90,
      126,
      101,
      251,
      144,
      97,
      192
    ],
    "52": [
      252,
      12,
      115,
      160,
      126,
      222,
      245,
      45,
      37,
      46,
      101,
      35,
      51,
      238,
      237,
      131,
      15,
      113,
      76,
      11,
      214,
      102,
      169,
      27,
      92,
      130,
      171,
      59,
      24,
      172,
      73,
      224
    ],
    "17": [
      220,
      196,
      38,
      165,
      29,
      156,
      68,
      206,
      137,
      213,
      7,
      26,
      149,
      96,
      228,
      129,
      53,
      151,
      144,
      244,
      52,
      198,
      0,
      71,
      191,
      163,
      222,
      190,
      63,
      157,
      248,
      253
    ],
    "48": [
      38,
      130,
      50,
      114,
      41,
      170,
      51,
      99,
      169,
      168,
      181,
      229,
      199,
      235,
      38,
      179,
      255,
      194,
      113,
      193,
      139,
      66,
      249,
      59,
      176,
      136,
      54,
      19,
      184,
      232,
      182,
      50
    ],
    "29": [
      113,
      84,
      251,
      210,
      123,
      141,
      74,
      234,
      171,
      42,
      166,
      219,
      132,
      236,
      24,
      22,
      58,
      248,
      208,
      114,
      111,
      115,
      253,
      89,
      0,
      126,
      251,
      148,
      88,
      249,
      153,
      144
    ],
    "60": [
      217,
      103,
      123,
      198,
      213,
      21,
      223,
      139,
      99,
      17,
      78,
      177,
      200,
      147,
      249,
      202,
      131,
      36,
      29,
      106,
      189,
      67,
      136,
      9,
      154,
      131,
      190,
      57,
      44,
      207,
      119,
      146
    ],
    "25": [
      167,
      51,
      131,
      51,
      65,
      139,
      133,
      170,
      173,
      73,
      87,
      107,
      121,
      129,
      194,
      47,
      125,
      192,
      209,
      243,
      37,
      24,
      14,
      68,
      155,
      51,
      202,
      13,
      11,
      12,
      26,
      142
    ],
    "56": [
      198,
      225,
      210,
      224,
      69,
      251,
      53,
      80,
      70,
      111,
      69,
      219,
      221,
      164,
      151,
      91,
      157,
      222,
      193,
      211,
      130,
      239,
      54,
      154,
      39,
      169,
      176,
      33,
      110,
      102,
      35,
      75
    ],
    "4": [
      72,
      180,
      111,
      51,
      65,
      53,
      231,
      194,
      124,
      253,
      2,
      10,
      94,
      178,
      198,
      140,
      38,
      213,
      123,
      151,
      97,
      32,
      174,
      43,
      13,
      114,
      206,
      110,
      168,
      80,
      204,
      136
    ],
    "39": [
      1,
      4,
      152,
      199,
      149,
      1,
      142,
      86,
      69,
      1,
      40,
      155,
      51,
      88,
      229,
      253,
      31,
      192,
      48,
      240,
      211,
      97,
      166,
      222,
      231,
      249,
      32,
      176,
      209,
      213,
      204,
      4
    ],
    "0": [
      226,
      214,
      164,
      140,
      184,
      90,
      232,
      171,
      153,
      108,
      91,
      100,
      203,
      147,
      177,
      188,
      103,
      60,
      67,
      106,
      249,
      192,
      201,
      113,
      248,
      59,
      91,
      56,
      171,
      174,
      47,
      170
    ],
    "35": [
      193,
      153,
      184,
      100,
      222,
      94,
      112,
      213,
      40,
      51,
      239,
      133,
      4,
      89,
      206,
      38,
      166,
      172,
      165,
      162,
      102,
      137,
      127,
      117,
      15,
      158,
      52,
      184,
      191,
      21,
      136,
      25
    ],
    "12": [
      227,
      255,
      106,
      110,
      139,
      76,
      128,
      184,
      96,
      97,
      22,
      145,
      52,
      213,
      94,
      250,
      115,
      96,
      203,
      82,
      94,
      222,
      217,
      233,
      160,
      212,
      229,
      186,
      108,
      213,
      205,
      178
    ],
    "47": [
      139,
      99,
      44,
      131,
      165,
      144,
      193,
      26,
      181,
      93,
      127,
      199,
      155,
      37,
      71,
      95,
      34,
      185,
      39,
      206,
      100,
      62,
      15,
      101,
      51,
      92,
      179,
      162,
      90,
      178,
      69,
      183
    ],
    "8": [
      204,
      211,
      153,
      17,
      20,
      174,
      100,
      119,
      73,
      79,
      85,
      126,
      105,
      209,
      226,
      160,
      164,
      58,
      254,
      155,
      10,
      110,
      137,
      2,
      108,
      86,
      101,
      176,
      214,
      192,
      23,
      131
    ],
    "43": [
      133,
      149,
      246,
      120,
      190,
      130,
      253,
      238,
      57,
      134,
      62,
      185,
      115,
      164,
      250,
      181,
      35,
      230,
      104,
      157,
      87,
      215,
      100,
      218,
      201,
      155,
      151,
      19,
      74,
      17,
      15,
      163
    ],
    "20": [
      225,
      153,
      144,
      51,
      44,
      225,
      214,
      43,
      247,
      170,
      13,
      43,
      189,
      28,
      90,
      139,
      94,
      212,
      190,
      149,
      221,
      143,
      222,
      7,
      65,
      33,
      179,
      250,
      144,
      143,
      174,
      55
    ],
    "55": [
      203,
      80,
      252,
      48,
      113,
      12,
      29,
      176,
      11,
      30,
      145,
      236,
      15,
      45,
      57,
      238,
      242,
      71,
      41,
      107,
      31,
      231,
      58,
      9,
      165,
      34,
      103,
      64,
      195,
      18,
      221,
      218
    ],
    "16": [
      82,
      219,
      169,
      51,
      63,
      47,
      17,
      56,
      50,
      176,
      202,
      37,
      223,
      195,
      84,
      214,
      80,
      92,
      174,
      1,
      52,
      233,
      115,
      13,
      237,
      251,
      81,
      80,
      142,
      138,
      14,
      246
    ],
    "51": [
      146,
      114,
      225,
      173,
      146,
      243,
      67,
      252,
      191,
      94,
      93,
      68,
      235,
      16,
      243,
      226,
      206,
      183,
      44,
      119,
      242,
      170,
      247,
      118,
      122,
      127,
      199,
      83,
      81,
      209,
      176,
      15
    ],
    "28": [
      42,
      67,
      217,
      61,
      166,
      207,
      43,
      4,
      113,
      204,
      209,
      241,
      146,
      218,
      97,
      97,
      69,
      54,
      127,
      5,
      66,
      97,
      204,
      232,
      68,
      15,
      11,
      192,
      249,
      226,
      245,
      141
    ],
    "63": [
      153,
      252,
      50,
      80,
      147,
      80,
      177,
      168,
      104,
      167,
      102,
      143,
      107,
      118,
      171,
      34,
      223,
      62,
      222,
      54,
      186,
      241,
      17,
      22,
      81,
      7,
      150,
      6,
      238,
      248,
      184,
      188
    ],
    "24": [
      203,
      87,
      26,
      251,
      136,
      244,
      84,
      136,
      33,
      213,
      154,
      233,
      213,
      154,
      7,
      85,
      1,
      71,
      189,
      26,
      223,
      127,
      201,
      134,
      127,
      164,
      182,
      252,
      172,
      155,
      222,
      156
    ],
    "59": [
      237,
      230,
      72,
      148,
      225,
      250,
      8,
      197,
      220,
      111,
      235,
      201,
      4,
      163,
      191,
      87,
      138,
      86,
      155,
      158,
      117,
      109,
      23,
      192,
      241,
      148,
      75,
      118,
      161,
      175,
      75,
      153
    ],
    "7": [
      145,
      110,
      9,
      143,
      219,
      4,
      154,
      63,
      45,
      252,
      24,
      152,
      116,
      69,
      131,
      141,
      193,
      215,
      130,
      128,
      59,
      211,
      196,
      97,
      193,
      194,
      166,
      10,
      251,
      173,
      97,
      130
    ],
    "38": [
      188,
      37,
      86,
      26,
      203,
      58,
      68,
      73,
      167,
      69,
      73,
      46,
      136,
      100,
      221,
      4,
      235,
      148,
      154,
      92,
      208,
      84,
      22,
      251,
      236,
      87,
      6,
      242,
      165,
      127,
      186,
      176
    ],
    "3": [
      64,
      53,
      39,
      115,
      225,
      155,
      169,
      142,
      23,
      66,
      32,
      37,
      35,
      254,
      154,
      158,
      45,
      196,
      40,
      188,
      128,
      177,
      138,
      114,
      104,
      21,
      254,
      118,
      236,
      158,
      150,
      144
    ],
    "34": [
      175,
      165,
      67,
      74,
      33,
      20,
      231,
      95,
      172,
      82,
      176,
      137,
      178,
      152,
      156,
      61,
      99,
      116,
      62,
      20,
      1,
      58,
      147,
      212,
      130,
      165,
      248,
      164,
      98,
      13,
      150,
      151
    ],
    "15": [
      224,
      108,
      170,
      10,
      138,
      224,
      134,
      70,
      132,
      81,
      237,
      39,
      247,
      244,
      238,
      147,
      36,
      34,
      149,
      212,
      86,
      129,
      176,
      224,
      31,
      74,
      187,
      121,
      13,
      114,
      248,
      69
    ],
    "46": [
      33,
      227,
      96,
      86,
      215,
      101,
      109,
      171,
      28,
      8,
      199,
      15,
      212,
      210,
      134,
      103,
      176,
      78,
      183,
      50,
      107,
      23,
      15,
      80,
      184,
      18,
      199,
      7,
      1,
      21,
      131,
      105
    ],
    "11": [
      228,
      152,
      205,
      212,
      0,
      220,
      37,
      103,
      222,
      200,
      87,
      170,
      79,
      32,
      59,
      71,
      157,
      110,
      238,
      37,
      168,
      182,
      19,
      217,
      5,
      232,
      148,
      222,
      217,
      65,
      108,
      49
    ],
    "42": [
      172,
      128,
      183,
      168,
      67,
      145,
      108,
      34,
      62,
      73,
      166,
      197,
      152,
      218,
      144,
      130,
      67,
      146,
      238,
      74,
      223,
      163,
      100,
      149,
      5,
      198,
      119,
      249,
      134,
      233,
      76,
      244
    ],
    "23": [
      125,
      148,
      255,
      132,
      176,
      11,
      80,
      122,
      42,
      87,
      24,
      82,
      141,
      180,
      150,
      145,
      214,
      202,
      2,
      202,
      29,
      140,
      0,
      7,
      88,
      121,
      249,
      26,
      165,
      205,
      114,
      190
    ],
    "54": [
      58,
      45,
      225,
      197,
      223,
      193,
      14,
      56,
      137,
      117,
      159,
      50,
      192,
      176,
      5,
      164,
      28,
      202,
      105,
      81,
      105,
      65,
      181,
      226,
      103,
      155,
      11,
      231,
      36,
      101,
      101,
      34
    ],
    "19": [
      117,
      90,
      39,
      148,
      138,
      172,
      72,
      170,
      171,
      45,
      51,
      172,
      154,
      93,
      183,
      183,
      162,
      196,
      187,
      239,
      133,
      125,
      14,
      218,
      183,
      55,
      46,
      36,
      130,
      206,
      241,
      118
    ],
    "50": [
      102,
      237,
      114,
      132,
      85,
      85,
      81,
      242,
      145,
      190,
      5,
      48,
      24,
      218,
      240,
      190,
      125,
      207,
      1,
      35,
      21,
      70,
      26,
      205,
      113,
      184,
      32,
      132,
      89,
      160,
      18,
      29
    ],
    "31": [
      54,
      60,
      137,
      247,
      181,
      41,
      48,
      107,
      114,
      112,
      185,
      228,
      211,
      157,
      252,
      162,
      21,
      181,
      48,
      10,
      204,
      245,
      16,
      177,
      151,
      38,
      221,
      237,
      45,
      10,
      19,
      189
    ],
    "62": [
      11,
      53,
      108,
      239,
      169,
      17,
      102,
      95,
      184,
      180,
      113,
      55,
      176,
      98,
      7,
      220,
      176,
      243,
      54,
      249,
      196,
      99,
      159,
      171,
      151,
      199,
      133,
      108,
      199,
      153,
      225,
      30
    ],
    "27": [
      207,
      83,
      212,
      111,
      228,
      104,
      196,
      3,
      193,
      94,
      167,
      112,
      2,
      31,
      152,
      129,
      83,
      148,
      36,
      138,
      192,
      14,
      18,
      147,
      54,
      153,
      242,
      81,
      130,
      111,
      73,
      95
    ],
    "58": [
      177,
      82,
      77,
      25,
      68,
      137,
      101,
      132,
      242,
      162,
      12,
      92,
      241,
      31,
      23,
      96,
      85,
      11,
      189,
      247,
      214,
      202,
      128,
      152,
      231,
      255,
      41,
      67,
      164,
      136,
      123,
      65
    ]
  },
  "my_cert": [],
  "my_cert_key": [],
  "root_cert": []
}