{
  "net_map": {
    "37": "127.0.0.1:8537",
    "6": "127.0.0.1:8506",
    "33": "127.0.0.1:8533",
    "64": "127.0.0.1:9000",
    "2": "127.0.0.1:8502",
    "45": "127.0.0.1:8545",
    "14": "127.0.0.1:8514",
    "41": "127.0.0.1:8541",
    "10": "127.0.0.1:8510",
    "53": "127.0.0.1:8553",
    "22": "127.0.0.1:8522",
    "49": "127.0.0.1:8549",
    "18": "127.0.0.1:8518",
    "61": "127.0.0.1:8561",
    "30": "127.0.0.1:8530",
    "57": "127.0.0.1:8557",
    "26": "127.0.0.1:8526",
    "5": "127.0.0.1:8505",
    "36": "127.0.0.1:8536",
    "1": "127.0.0.1:8501",
    "32": "127.0.0.1:8532",
    "13": "127.0.0.1:8513",
    "44": "127.0.0.1:8544",
    "9": "127.0.0.1:8509",
    "40": "127.0.0.1:8540",
    "21": "127.0.0.1:8521",
    "52": "127.0.0.1:8552",
    "17": "127.0.0.1:8517",
    "48": "127.0.0.1:8548",
    "29": "127.0.0.1:8529",
    "60": "127.0.0.1:8560",
    "25": "127.0.0.1:8525",
    "56": "127.0.0.1:8556",
    "4": "127.0.0.1:8504",
    "39": "127.0.0.1:8539",
    "0": "127.0.0.1:8500",
    "35": "127.0.0.1:8535",
    "12": "127.0.0.1:8512",
    "47": "127.0.0.1:8547",
    "8": "127.0.0.1:8508",
    "43": "127.0.0.1:8543",
    "20": "127.0.0.1:8520",
    "55": "127.0.0.1:8555",
    "16": "127.0.0.1:8516",
    "51": "127.0.0.1:8551",
    "28": "127.0.0.1:8528",
    "63": "127.0.0.1:8563",
    "24": "127.0.0.1:8524",
    "59": "127.0.0.1:8559",
    "7": "127.0.0.1:8507",
    "38": "127.0.0.1:8538",
    "3": "127.0.0.1:8503",
    "34": "127.0.0.1:8534",
    "15": "127.0.0.1:8515",
    "46": "127.0.0.1:8546",
    "11": "127.0.0.1:8511",
    "42": "127.0.0.1:8542",
    "23": "127.0.0.1:8523",
    "54": "127.0.0.1:8554",
    "19": "127.0.0.1:8519",
    "50": "127.0.0.1:8550",
    "31": "127.0.0.1:8531",
    "62": "127.0.0.1:8562",
    "27": "127.0.0.1:8527",
    "58": "127.0.0.1:8558"
  },
  "delta": 100,
  "id": 26,
  "num_nodes": 64,
  "num_faults": 21,
  "block_size": 100,
  "client_port": 7026,
  "client_addr": "0.0.0.0:5000",
  "payload": 0,
  "prot_payload": "cc,/home/akhil/research/EEBA/libchatter/",
  "crypto_alg": "NOPKI",
  "pk_map": {},
  "secret_key_bytes": [],
  "sk_map": {
    "37": [
      2,
      132,
      16,
      12,
      22,
      101,
      76,
      7,
      8,
      212,
      50,
      77,
      68,
      137,
      33,
      59,
      195,
      123,
      188,
      212,
      197,
      80,
      40,
      203,
      108,
      71,
      214,
      84,
      222,
      185,
      62,
      195
    ],
    "6": [
      137,
      96,
      141,
      56,
      243,
      142,
      25,
      232,
      146,
      182,
      94,
      42,
      26,
      29,
      120,
      41,
      151,
      243,
      118,
      236,
      202,
      224,
      31,
      64,
      163,
      50,
      175,
      9,
      9,
      237,
      183,
      47
    ],
    "33": [
      30,
      203,
      151,
      160,
      245,
      155,
      64,
      84,
      159,
      190,
      109,
      43,
      153,
      55,
      129,
      91,
      177,
      111,
      234,
      120,
      173,
      131,
      102,
      177,
      192,
      238,
      64,
      33,
      1,
      111,
      30,
      212
    ],
    "2": [
      23,
      233,
      189,
      117,
      94,
      51,
      186,
      124,
      9,
      219,
      9,
      36,
      255,
      42,
      52,
      137,
      126,
      218,
      36,
      124,
      242,
      148,
      232,
      171,
      238,
      92,
      233,
      204,
      199,
      68,
      196,
      226
    ],
    "45": [
      97,
      221,
      189,
      28,
      221,
      81,
      8,
      175,
      20,
      33,
      229,
      3,
      94,
      129,
      84,
      5,
      139,
      7,
      212,
      68,
      114,
      201,
      162,
      24,
      41,
      226,
      101,
      226,
      150,
      16,
      160,
      164
    ],
    "14": [
      24,
      194,
      236,
      70,
      176,
      174,
      49,
      46,
      226,
      234,
      143,
      57,
      46,
      4,
      6,
      192,
      180,
      63,
      155,
      239,
      66,
      193,
      31,
      191,
      6,
      127,
      8,
      243,
      31,
      246,
      25,
      228
    ],
    "41": [
      198,
      247,
      77,
      189,
      215,
      78,
      127,
      70,
      161,
      198,
      101,
      139,
      4,
      181,
      136,
      73,
      109,
      13,
      154,
      210,
      202,
      148,
      119,
      80,
      34,
      118,
      76,
      22,
      138,
      34,
      252,
      71
    ],
    "10": [
      126,
      32,
      43,
      144,
      94,
      229,
      112,
      111,
      83,
      182,
      236,
      14,
      136,
      175,
      110,
      243,
      254,
      4,
      39,
      94,
      145,
      79,
      132,
      203,
      77,
      138,
      233,
      107,
      2,
      245,
      209,
      219
    ],
    "53": [
      35,
      39,
      164,
      204,
      43,
      131,
      180,
      25,
      219,
      67,
      120,
      223,
      44,
      219,
      82,
      171,
      182,
      12,
      41,
      135,
      134,
      208,
      180,
      113,
      229,
      105,
      254,
      155,
      123,
      153,
      44,
      60
    ],
    "22": [
      16,
      161,
      86,
      54,
      223,
      205,
      53,
      194,
      233,
      93,
      128,
      68,
      141,
      128,
      61,
      29,
      80,
      123,
      130,
      244,
      207,
      243,
      47,
      155,
      168,
      195,
      211,
      73,
      30,
      56,
      100,
      16
    ],
    "49": [
      243,
      237,
      234,
      127,
      127,
      229,
      198,
      194,
      52,
      99,
      163,
      209,
      165,
      7,
      91,
      121,
      157,
      90,
      119,
      184,
      99,
      11,
      226,
      207,
      193,
      220,
      17,
      238,
      112,
      86,
      209,
      65
    ],
    "18": [
      244,
      156,
      127,
      230,
      202,
      170,
      160,
      62,
      5,
      159,
      139,
      207,
      26,
      94,
      189,
      216,
      138,
      105,
      7,
      138,
      205,
      251,
      174,
      114,
      139,
      109,
      57,
      174,
      72,
      93,
      171,
      97
    ],
    "61": [
      15,
      87,
      132,
      33,
      241,
      150,
      144,
      44,
      21,
      79,
      180,
      111,
      10,
      0,
      131,
      5,
      123,
      123,
      161,
      233,
      64,
      241,
      134,
      180,
      13,
      126,
      165,
      186,
      224,
      168,
      16,
      103
    ],
    "30": [
      209,
      119,
      123,
      215,
      244,
      239,
      113,
      62,
      192,
      211,
      74,
      43,
      235,
      30,
      242,
      204,
      81,
      116,
      13,
      152,
      194,
      98,
      130,
      113,
      146,
      45,
      232,
      3,
      101,
      124,
      242,
      243
    ],
    "57": [
      144,
      122,
      73,
      213,
      168,
      203,
      141,
      145,
      104,
      76,
      109,
      149,
      30,
      115,
      72,
      81,
      171,
      115,
      59,
      156,
      241,
      208,
      233,
      183,
      46,
      195,
      209,
      164,
      72,
      204,
      190,
      48
    ],
    "26": [
      71,
      246,
      227,
      228,
      186,
      229,
      117,
      80,
      91,
      167,
      159,
      219,
      114,
      129,
      231,
      223,
      243,
      178,
      85,
      122,
      244,
      175,
      51,
      60,
      18,
      205,
      186,
      236,
      220,
      53,
      57,
      7
    ],
    "5": [
      225,
      3,
      139,
      79,
      95,
      98,
      113,
      188,
      52,
      119,
      143,
      211,
      82,
      37,
      238,
      148,
      61,
      61,
      106,
      236,
      28,
      59,
      212,
      26,
      147,
      245,
      152,
      41,
      212,
      29,
      232,
      235
    ],
    "36": [
      225,
      251,
      242,
      205,
      168,
      7,
      63,
      175,
      86,
      5,
      185,
      33,
      153,
      132,
      29,
      5,
      69,
      229,
      86,
      224,
      220,
      246,
      116,
      58,
      84,
      210,
      124,
      226,
      222,
      250,
      124,
      204
    ],
    "1": [
      58,
      251,
      57,
      114,
      170,
      245,
      222,
      239,
      94,
      251,
      227,
      138,
      186,
      245,
      79,
      20,
      143,
      233,
      186,
      149,
      30,
      132,
      4,
      139,
      115,
      6,
      75,
      238,
      177,
      255,
      144,
      202
    ],
    "32": [
      216,
      76,
      223,
      119,
      175,
      81,
      216,
      180,
      208,
      247,
      160,
      193,
      201,
      142,
      75,
      48,
      106,
      44,
      152,
      216,
      68,
      211,
      157,
      251,
      103,
      126,
      81,
      58,
      248,
      22,
      217,
      80
    ],
    "13": [
      74,
      138,
      181,
      254,
      56,
      126,
      221,
      234,
      55,
      40,
      130,
      183,
      75,
      38,
      201,
      221,
      48,
      54,
      108,
      144,
      182,
      15,
      192,
      65,
      214,
      35,
      114,
      143,
      154,
      141,
      211,
      118
    ],
    "44": [
      112,
      84,
      217,
      117,
      129,
      231,
      194,
      202,
      31,
      182,
      197,
      245,
      195,
      194,
      201,
      0,
      110,
      91,
      176,
      179,
      249,
      114,
      34,
      131,
      84,
      235,
      162,
      189,
      208,
      234,
      67,
      168
    ],
    "9": [
      180,
      248,
      105,
      127,
      56,
      57,
      89,
      26,
      98,
      172,
      169,
      83,
      246,
      48,
      175,
      82,
      186,
      247,
      106,
      178,
      124,
      22,
      140,
      232,
      40,
      237,
      74,
      63,
      97,
      78,
      154,
      153
    ],
    "40": [
      113,
      182,
      166,
      23,
      167,
      152,
      106,
      36,
      4,
      239,
      240,
      107,
      216,
      243,
      179,
      210,
      131,
      200,
      188,
      232,
      230,
      144,
      77,
      72,
      79,
      65,
      145,
      232,
      172,
      150,
      166,
      9
    ],
    "21": [
      114,
      247,
      17,
      61,
      249,
      179,
      166,
      205,
      233,
      201,
      50,
      246,
      142,
      123,
      137,
      79,
      77,
      0,
      120,
      19,
      165,
      227,
      227,
      166,
      128,
      50,
      95,
      78,
      235,
      92,
      106,
      223
    ],
    "52": [
      169,
      59,
      252,
      90,
      252,
      92,
      180,
      254,
      213,
      237,
      173,
      196,
      115,
      41,
      247,
      188,
      143,
      179,
      15,
      202,
      161,
      2,
      214,
      145,
      136,
      184,
      242,
      21,
      144,
      2,
      213,
      69
    ],
    "17": [
      217,
      19,
      109,
      103,
      201,
      159,
      15,
      174,
      214,
      144,
      43,
      197,
      168,
      112,
      194,
      219,
      5,
      167,
      222,
      232,
      63,
      70,
      254,
      159,
      68,
      214,
      23,
      110,
      194,
      135,
      4,
      179
    ],
    "48": [
      5,
      132,
      13,
      250,
      118,
      76,
      224,
      81,
      67,
      204,
      29,
      94,
      2,
      230,
      6,
      153,
      164,
      73,
      175,
      68,
      173,
      239,
      139,
      179,
      81,
      178,
      24,
      160,
      194,
      53,
      178,
      222
    ],
    "29": [
      103,
      221,
      96,
      79,
      107,
      19,
      228,
      195,
      223,
      138,
      205,
      47,
      160,
      15,
      178,
      139,
      216,
      93,
      138,
      68,
      137,
      211,
      215,
      18,
      113,
      189,
      63,
      29,
      199,
      44,
      241,
      128
    ],
    "60": [
      196,
      86,
      193,
      115,
      142,
      128,
      164,
      31,
      26,
      245,
      73,
      218,
      78,
      220,
      23,
      54,
      214,
      154,
      178,
      89,
      200,
      13,
      168,
      190,
      157,
      44,
      223,
      60,
      37,
      141,
      132,
      18
    ],
    "25": [
      31,
      157,
      65,
      59,
      9,
      157,
      72,
      223,
      239,
      12,
      163,
      41,
      178,
      236,
      44,
      200,
      191,
      194,
      199,
      51,
      196,
      50,
      39,
      96,
      210,
      216,
      61,
      19,
      21,
      143,
      140,
      96
    ],
    "56": [
      79,
      207,
      105,
      0,
      119,
      55,
      5,
      178,
      181,
      15,
      11,
      195,
      95,
      240,
      101,
      1,
      233,
      7,
      73,
      197,
      255,
      175,
      109,
      161,
      1,
      68,
      140,
      21,
      198,
      164,
      35,
      59
    ],
    "4": [
      131,
      53,
      36,
      123,
      215,
      130,
      206,
      69,
      162,
      108,
      168,
      182,
      38,
      234,
      89,
      234,
      71,
      244,
      17,
      60,
      31,
      10,
      167,
      147,
      26,
      74,
      75,
      35,
      97,
      104,
      247,
      156
    ],
    "39": [
      215,
      15,
      53,
      80,
      78,
      5,
      167,
      67,
      30,
      184,
      237,
      137,
      45,
      56,
      243,
      206,
      9,
      67,
      211,
      46,
      21,
      187,
      166,
      37,
      142,
      128,
      170,
      217,
      137,
      128,
      186,
      39
    ],
    "0": [
      119,
      183,
      137,
      152,
      34,
      53,
      185,
      50,
      213,
      156,
      0,
      28,
      24,
      142,
      74,
      185,
      212,
      163,
      142,
      219,
      156,
      243,
      114,
      73,
      148,
      230,
      28,
      236,
      105,
      253,
      211,
      84
    ],
    "35": [
      89,
      53,
      102,
      231,
      52,
      202,
      60,
      178,
      197,
      25,
      233,
      8,
      147,
      109,
      69,
      37,
      102,
      187,
      119,
      242,
      254,
      100,
      79,
      220,
      50,
      210,
      97,
      88,
      236,
      217,
      54,
      235
    ],
    "12": [
      90,
      194,
      232,
      76,
      80,
      25,
      167,
      93,
      119,
      77,
      208,
      142,
      136,
      89,
      214,
      242,
      245,
      224,
      50,
      213,
      229,
      216,
      144,
      222,
      218,
      166,
      195,
      236,
      174,
      49,
      126,
      210
    ],
    "47": [
      59,
      196,
      142,
      214,
      103,
      58,
      210,
      58,
      247,
      134,
      125,
      70,
      110,
      250,
      149,
      155,
      64,
      4,
      89,
      187,
      200,
      220,
      1,
      188,
      93,
      205,
      4,
      197,
      210,
      214,
      71,
      34
    ],
    "8": [
      243,
      175,
      105,
      82,
      0,
      233,
      40,
      209,
      18,
      56,
      75,
      245,
      228,
      143,
      245,
      42,
      181,
      17,
      101,
      192,
      150,
      108,
      238,
      2,
      202,
      7,
      109,
      187,
      181,
      190,
      158,
      138
    ],
    "43": [
      85,
      18,
      190,
      177,
      213,
      160,
      18,
      148,
      86,
      26,
      201,
      49,
      174,
      106,
      68,
      216,
      156,
      95,
      185,
      87,
      157,
      41,
      110,
      146,
      163,
      104,
      141,
      90,
      93,
      171,
      153,
      183
    ],
    "20": [
      188,
      163,
      162,
      82,
      209,
      59,
      75,
      166,
      218,
      53,
      29,
      91,
      245,
      34,
      6,
      202,
      49,
      199,
      180,
      236,
      198,
      170,
      235,
      132,
      198,
      213,
      255,
      104,
      44,
      215,
      185,
      46
    ],
    "55": [
      122,
      36,
      31,
      229,
      245,
      55,
      143,
      147,
      13,
      142,
      228,
      238,
      207,
      98,
      35,
      180,
      158,
      220,
      61,
      53,
      5,
      90,
      75,
      109,
      61,
      219,
      219,
      204,
      84,
      19,
      179,
      64
    ],
    "16": [
      150,
      85,
      100,
      106,
      204,
      121,
      62,
      139,
      100,
      228,
      208,
      8,
      214,
      190,
      136,
      162,
      197,
      70,
      30,
      1,
      32,
      110,
      99,
      177,
      36,
      155,
      161,
      122,
      248,
      46,
      54,
      49
    ],
    "51": [
      184,
      15,
      37,
      152,
      152,
      45,
      141,
      33,
      22,
      15,
      86,
      111,
      210,
      196,
      210,
      22,
      30,
      192,
      18,
      201,
      118,
      4,
      237,
      72,
      91,
      131,
      43,
      243,
      145,
      242,
      16,
      252
    ],
    "28": [
      189,
      80,
      136,
      133,
      212,
      169,
      50,
      17,
      141,
      203,
      26,
      160,
      189,
      123,
      179,
      32,
      12,
      111,
      134,
      105,
      227,
      133,
      99,
      228,
      240,
      60,
      154,
      109,
      98,
      20,
      133,
      130
    ],
    "63": [
      66,
      69,
      142,
      144,
      129,
      172,
      10,
      17,
      168,
      108,
      150,
      213,
      62,
      246,
      17,
      132,
      60,
      101,
      172,
      5,
      40,
      165,
      240,
      19,
      83,
      152,
      229,
      94,
      181,
      158,
      18,
      38
    ],
    "24": [
      251,
      208,
      169,
      107,
      39,
      102,
      162,
      175,
      142,
      176,
      217,
      123,
      178,
      85,
      7,
      150,
      210,
      110,
      159,
      36,
      251,
      136,
      255,
      159,
      159,
      50,
      37,
      14,
      112,
      67,
      147,
      44
    ],
    "59": [
      122,
      9,
      82,
      200,
      104,
      190,
      248,
      232,
      249,
      199,
      171,
      202,
      217,
      238,
      115,
      109,
      211,
      61,
      188,
      123,
      67,
      9,
      23,
      82,
      73,
      251,
      57,
      192,
      246,
      142,
      28,
      139
    ],
    "7": [
      78,
      206,
      101,
      197,
      109,
      135,
      40,
      89,
      41,
      195,
      185,
      84,
      8,
      121,
      132,
      191,
      152,
      115,
      95,
      83,
      75,
      39,
      168,
      113,
      41,
      113,
      231,
      115,
      193,
      4,
      0,
      102
    ],
    "38": [
      163,
      8,
      50,
      93,
      58,
      135,
      239,
      214,
      13,
      91,
      98,
      104,
      244,
      37,
      86,
      100,
      25,
      48,
      189,
      160,
      125,
      242,
      50,
      110,
      151,
      255,
      162,
      169,
      47,
      227,
      179,
      216
    ],
    "3": [
      77,
      196,
      2,
      181,
      77,
      28,
      146,
      158,
      239,
      156,
      50,
      123,
      194,
      45,
      229,
      23,
      245,
      144,
      77,
      78,
      10,
      46,
      84,
      19,
      174,
      249,
      27,
      232,
      134,
      164,
      74,
      185
    ],
    "34": [
      136,
      91,
      149,
      213,
      146,
      69,
      93,
      116,
      118,
      222,
      230,
      30,
      76,
      196,
      112,
      189,
      33,
      221,
      243,
      117,
      36,
      225,
      155,
      207,
      255,
      35,
      244,
      58,
      30,
      157,
      67,
      152
    ],
    "15": [
      43,
      211,
      83,
      55,
      91,
      96,
      220,
      132,
      176,
      237,
      150,
      151,
      170,
      245,
      139,
      22,
      182,
      25,
      11,
      129,
      30,
      55,
      19,
      8,
      136,
      102,
      52,
      240,
      147,
      107,
      69,
      170
    ],
    "46": [
      107,
      241,
      147,
      20,
      246,
      138,
      96,
      141,
      104,
      223,
      124,
      186,
      27,
      138,
      27,
      24,
      77,
      182,
      193,
      159,
      135,
      78,
      247,
      243,
      106,
      183,
      30,
      31,
      225,
      249,
      240,
      182
    ],
    "11": [
      99,
      99,
      213,
      34,
      4,
      169,
      149,
      252,
      208,
      37,
      193,
      165,
      250,
      197,
      60,
      66,
      16,
      138,
      252,
      44,
      229,
      66,
      47,
      111,
      153,
      155,
      217,
      157,
      24,
      110,
      189,
      164
    ],
    "42": [
      107,
      21,
      98,
      51,
      102,
      77,
      116,
      69,
      106,
      184,
      155,
      98,
      122,
      173,
      60,
      210,
      130,
      207,
      84,
      171,
      83,
      118,
      51,
      173,
      116,
      82,
      197,
      141,
      199,
      21,
      129,
      30
    ],
    "23": [
      47,
      117,
      155,
      201,
      201,
      213,
      75,
      154,
      102,
      74,
      221,
      53,
      156,
      83,
      28,
      166,
      255,
      236,
      170,
      94,
      16,
      48,
      225,
      165,
      121,
      29,
      196,
      145,
      140,
      82,
      0,
      251
    ],
    "54": [
      135,
      208,
      103,
      182,
      213,
      159,
      229,
      128,
      4,
      180,
      90,
      79,
      98,
      93,
      205,
      64,
      90,
      207,
      12,
      58,
      163,
      206,
      177,
      168,
      120,
      141,
      159,
      104,
      26,
      246,
      52,
      90
    ],
    "19": [
      37,
      222,
      193,
      34,
      30,
      119,
      149,
      114,
      196,
      229,
      62,
      133,
      0,
      233,
      48,
      165,
      126,
      26,
      46,
      98,
      106,
      114,
      86,
      5,
      173,
      222,
      201,
      111,
      11,
      163,
      255,
      172
    ],
    "50": [
      16,
      60,
      168,
      202,
      158,
      83,
      125,
      217,
      185,
      97,
      193,
      209,
      76,
      25,
      203,
      236,
      136,
      21,
      183,
      63,
      231,
      24,
      249,
      76,
      178,
      69,
      200,
      16,
      54,
      243,
      204,
      188
    ],
    "31": [
      255,
      2,
      19,
      87,
      187,
      9,
      66,
      12,
      59,
      200,
      242,
      113,
      151,
      103,
      11,
      255,
      171,
      13,
      148,
      175,
      60,
      76,
      11,
      184,
      197,
      147,
      204,
      183,
      109,
      246,
      204,
      15
    ],
    "62": [
      157,
      175,
      38,
      75,
      251,
      166,
      168,
      126,
      160,
      161,
      181,
      108,
      93,
      135,
      89,
      134,
      247,
      134,
      132,
      104,
      57,
      226,
      182,
      169,
      58,
      247,
      222,
      83,
      203,
      44,
      225,
      105
    ],
    "27": [
      7,
      105,
      197,
      43,
      134,
      186,
      157,
      194,
      230,
      63,
      186,
      76,
      59,
      115,
      158,
      79,
      127,
      20,
      41,
      50,
      241,
      116,
      153,
      2,
      218,
      16,
      222,
      186,
      122,
      228,
      73,
      98
    ],
    "58": [
      217,
      58,
      87,
      206,
      226,
      224,
      0,
      80,
      106,
      137,
      27,
      191,
      194,
      58,
      54,
      18,
      6,
      183,
      4,
      31,
      29,
      133,
      187,
      234,
      143,
      62,
      44,
      7,
      144,
      207,
      181,
      131
    ]
  },
  "my_cert": [],
  "my_cert_key": [],
  "root_cert": []
}