{
  "net_map": {
    "37": "127.0.0.1:8537",
    "6": "127.0.0.1:8506",
    "33": "127.0.0.1:8533",
    "64": "127.0.0.1:9000",
    "2": "127.0.0.1:8502",
    "45": "127.0.0.1:8545",
    "14": "127.0.0.1:8514",
    "41": "127.0.0.1:8541",
    "10": "127.0.0.1:8510",
    "53": "127.0.0.1:8553",
    "22": "127.0.0.1:8522",
    "49": "127.0.0.1:8549",
    "18": "127.0.0.1:8518",
    "61": "127.0.0.1:8561",
    "30": "127.0.0.1:8530",
    "57": "127.0.0.1:8557",
    "26": "127.0.0.1:8526",
    "5": "127.0.0.1:8505",
    "36": "127.0.0.1:8536",
    "1": "127.0.0.1:8501",
    "32": "127.0.0.1:8532",
    "13": "127.0.0.1:8513",
    "44": "127.0.0.1:8544",
    "9": "127.0.0.1:8509",
    "40": "127.0.0.1:8540",
    "21": "127.0.0.1:8521",
    "52": "127.0.0.1:8552",
    "17": "127.0.0.1:8517",
    "48": "127.0.0.1:8548",
    "29": "127.0.0.1:8529",
    "60": "127.0.0.1:8560",
    "25": "127.0.0.1:8525",
    "56": "127.0.0.1:8556",
    "4": "127.0.0.1:8504",
    "39": "127.0.0.1:8539",
    "0": "127.0.0.1:8500",
    "35": "127.0.0.1:8535",
    "12": "127.0.0.1:8512",
    "47": "127.0.0.1:8547",
    "8": "127.0.0.1:8508",
    "43": "127.0.0.1:8543",
    "20": "127.0.0.1:8520",
    "55": "127.0.0.1:8555",
    "16": "127.0.0.1:8516",
    "51": "127.0.0.1:8551",
    "28": "127.0.0.1:8528",
    "63": "127.0.0.1:8563",
    "24": "127.0.0.1:8524",
    "59": "127.0.0.1:8559",
    "7": "127.0.0.1:8507",
    "38": "127.0.0.1:8538",
    "3": "127.0.0.1:8503",
    "34": "127.0.0.1:8534",
    "15": "127.0.0.1:8515",
    "46": "127.0.0.1:8546",
    "11": "127.0.0.1:8511",
    "42": "127.0.0.1:8542",
    "23": "127.0.0.1:8523",
    "54": "127.0.0.1:8554",
    "19": "127.0.0.1:8519",
    "50": "127.0.0.1:8550",
    "31": "127.0.0.1:8531",
    "62": "127.0.0.1:8562",
    "27": "127.0.0.1:8527",
    "58": "127.0.0.1:8558"
  },
  "delta": 100,
  "id": 12,
  "num_nodes": 64,
  "num_faults": 21,
  "block_size": 100,
  "client_port": 7012,
  "client_addr": "0.0.0.0:5000",
  "payload": 0,
  "prot_payload": "cc,/home/akhil/research/EEBA/libchatter/",
  "crypto_alg": "NOPKI",
  "pk_map": {},
  "secret_key_bytes": [],
  "sk_map": {
    "37": [
      78,
      48,
      205,
      159,
      60,
      80,
      146,
      185,
      243,
      134,
      176,
      211,
      81,
      1,
      0,
      217,
      55,
      218,
      42,
      219,
      163,
      162,
      8,
      50,
      15,
      6,
      8,
      5,
      127,
      20,
      161,
      161
    ],
    "6": [
      236,
      138,
      40,
      21,
      72,
      113,
      213,
      161,
      31,
      169,
      138,
      90,
      164,
      127,
      3,
      133,
      158,
      163,
      236,
      205,
      68,
      127,
      81,
      210,
      131,
      220,
      158,
      129,
      138,
      222,
      45,
      156
    ],
    "33": [
      104,
      141,
      241,
      129,
      212,
      110,
      23,
      250,
      85,
      228,
      8,
      112,
      200,
      225,
      115,
      198,
      87,
      254,
      250,
      83,
      92,
      3,
      123,
      117,
      107,
      189,
      38,
      81,
      75,
      187,
      44,
      14
    ],
    "2": [
      231,
      5,
      234,
      151,
      141,
      7,
      39,
      155,
      154,
      168,
      146,
      112,
      76,
      163,
      222,
      227,
      218,
      161,
      157,
      205,
      192,
      166,
      79,
      174,
      116,
      219,
      196,
      34,
      147,
      237,
      40,
      243
    ],
    "45": [
      200,
      135,
      248,
      95,
      152,
      126,
      122,
      27,
      160,
      42,
      86,
      80,
      193,
      204,
      210,
      148,
      252,
      51,
      133,
      188,
      123,
      103,
      159,
      22,
      241,
      132,
      74,
      100,
      18,
      122,
      253,
      94
    ],
    "14": [
      210,
      52,
      246,
      187,
      61,
      7,
      165,
      145,
      91,
      127,
      212,
      222,
      228,
      85,
      205,
      251,
      231,
      69,
      135,
      201,
      149,
      131,
      42,
      93,
      56,
      190,
      192,
      119,
      139,
      212,
      44,
      121
    ],
    "41": [
      14,
      90,
      12,
      83,
      204,
      77,
      210,
      70,
      176,
      14,
      236,
      167,
      139,
      192,
      191,
      149,
      24,
      252,
      164,
      178,
      48,
      131,
      185,
      121,
      9,
      236,
      207,
      112,
      61,
      93,
      179,
      119
    ],
    "10": [
      131,
      237,
      238,
      17,
      68,
      17,
      141,
      195,
      11,
      114,
      3,
      4,
      160,
      61,
      144,
      95,
      170,
      1,
      230,
      230,
      37,
      50,
      127,
      115,
      40,
      163,
      62,
      24,
      200,
      49,
      130,
      144
    ],
    "53": [
      9,
      126,
      205,
      60,
      52,
      120,
      12,
      56,
      44,
      228,
      124,
      33,
      180,
      65,
      139,
      79,
      207,
      86,
      32,
      220,
      19,
      241,
      45,
      75,
      47,
      174,
      108,
      51,
      28,
      70,
      130,
      57
    ],
    "22": [
      10,
      244,
      175,
      31,
      0,
      18,
      104,
      9,
      214,
      24,
      140,
      192,
      32,
      143,
      236,
      192,
      142,
      105,
      28,
      80,
      12,
      253,
      51,
      218,
      26,
      148,
      227,
      87,
      251,
      89,
      0,
      92
    ],
    "49": [
      96,
      255,
      233,
      207,
      143,
      22,
      156,
      152,
      82,
      96,
      153,
      215,
      62,
      78,
      139,
      139,
      129,
      223,
      36,
      102,
      91,
      193,
      228,
      179,
      89,
      85,
      62,
      101,
      163,
      187,
      89,
      192
    ],
    "18": [
      88,
      99,
      110,
      73,
      190,
      27,
      244,
      36,
      220,
      226,
      146,
      57,
      54,
      44,
      40,
      52,
      177,
      7,
      143,
      250,
      166,
      237,
      68,
      147,
      118,
      155,
      111,
      57,
      165,
      77,
      170,
      36
    ],
    "61": [
      12,
      182,
      123,
      114,
      199,
      152,
      80,
      248,
      170,
      79,
      205,
      109,
      159,
      204,
      94,
      195,
      79,
      114,
      11,
      55,
      221,
      179,
      40,
      171,
      144,
      175,
      92,
      32,
      53,
      232,
      101,
      103
    ],
    "30": [
      227,
      255,
      106,
      110,
      139,
      76,
      128,
      184,
      96,
      97,
      22,
      145,
      52,
      213,
      94,
      250,
      115,
      96,
      203,
      82,
      94,
      222,
      217,
      233,
      160,
      212,
      229,
      186,
      108,
      213,
      205,
      178
    ],
    "57": [
      180,
      111,
      62,
      107,
      48,
      102,
      255,
      102,
      42,
      21,
      92,
      97,
      114,
      167,
      211,
      213,
      144,
      85,
      46,
      190,
      128,
      65,
      36,
      223,
      126,
      102,
      87,
      197,
      130,
      108,
      239,
      211
    ],
    "26": [
      90,
      194,
      232,
      76,
      80,
      25,
      167,
      93,
      119,
      77,
      208,
      142,
      136,
      89,
      214,
      242,
      245,
      224,
      50,
      213,
      229,
      216,
      144,
      222,
      218,
      166,
      195,
      236,
      174,
      49,
      126,
      210
    ],
    "5": [
      107,
      34,
      225,
      22,
      52,
      89,
      107,
      93,
      232,
      50,
      100,
      4,
      131,
      64,
      127,
      123,
      175,
      11,
      7,
      30,
      225,
      178,
      79,
      85,
      70,
      63,
      65,
      238,
      189,
      25,
      56,
      11
    ],
    "36": [
      70,
      205,
      124,
      224,
      81,
      147,
      130,
      63,
      201,
      131,
      137,
      141,
      110,
      87,
      118,
      49,
      95,
      99,
      47,
      23,
      15,
      56,
      80,
      231,
      104,
      74,
      12,
      130,
      156,
      61,
      85,
      142
    ],
    "1": [
      136,
      6,
      214,
      71,
      90,
      171,
      2,
      84,
      147,
      56,
      120,
      111,
      73,
      51,
      249,
      158,
      244,
      215,
      54,
      22,
      234,
      220,
      143,
      163,
      220,
      125,
      223,
      28,
      233,
      236,
      91,
      249
    ],
    "32": [
      235,
      123,
      167,
      130,
      32,
      12,
      165,
      154,
      216,
      55,
      36,
      123,
      236,
      235,
      84,
      106,
      187,
      124,
      118,
      119,
      145,
      83,
      97,
      112,
      238,
      180,
      190,
      194,
      243,
      120,
      102,
      31
    ],
    "13": [
      162,
      54,
      66,
      246,
      89,
      139,
      37,
      188,
      1,
      185,
      51,
      212,
      40,
      219,
      52,
      121,
      130,
      255,
      143,
      219,
      40,
      8,
      198,
      167,
      208,
      50,
      44,
      234,
      22,
      57,
      63,
      233
    ],
    "44": [
      64,
      214,
      51,
      29,
      157,
      85,
      44,
      8,
      30,
      51,
      187,
      174,
      109,
      148,
      116,
      247,
      192,
      248,
      209,
      62,
      141,
      89,
      56,
      34,
      59,
      252,
      10,
      175,
      104,
      239,
      44,
      58
    ],
    "9": [
      200,
      2,
      18,
      76,
      226,
      111,
      88,
      244,
      239,
      135,
      246,
      37,
      252,
      193,
      177,
      80,
      206,
      120,
      83,
      144,
      198,
      30,
      37,
      205,
      188,
      134,
      210,
      44,
      191,
      133,
      17,
      113
    ],
    "40": [
      143,
      113,
      186,
      21,
      160,
      168,
      144,
      186,
      229,
      230,
      0,
      220,
      88,
      6,
      22,
      57,
      14,
      31,
      47,
      60,
      223,
      104,
      118,
      237,
      100,
      3,
      55,
      169,
      198,
      173,
      245,
      19
    ],
    "21": [
      237,
      171,
      40,
      166,
      250,
      140,
      171,
      139,
      226,
      243,
      42,
      235,
      134,
      102,
      152,
      172,
      56,
      70,
      40,
      84,
      4,
      220,
      4,
      89,
      129,
      208,
      174,
      84,
      29,
      114,
      66,
      22
    ],
    "52": [
      229,
      78,
      247,
      228,
      46,
      206,
      149,
      181,
      161,
      157,
      23,
      250,
      36,
      207,
      221,
      218,
      65,
      26,
      156,
      210,
      181,
      50,
      234,
      44,
      185,
      198,
      130,
      86,
      119,
      163,
      123,
      58
    ],
    "17": [
      109,
      223,
      158,
      198,
      113,
      251,
      251,
      226,
      81,
      223,
      239,
      148,
      78,
      255,
      201,
      0,
      101,
      143,
      91,
      162,
      60,
      195,
      55,
      121,
      212,
      87,
      192,
      111,
      189,
      66,
      95,
      16
    ],
    "48": [
      177,
      220,
      106,
      203,
      28,
      244,
      30,
      8,
      26,
      159,
      56,
      6,
      226,
      178,
      35,
      180,
      23,
      41,
      27,
      246,
      165,
      67,
      122,
      199,
      30,
      159,
      140,
      93,
      50,
      104,
      63,
      238
    ],
    "29": [
      44,
      66,
      227,
      18,
      170,
      157,
      243,
      214,
      187,
      140,
      74,
      159,
      247,
      229,
      24,
      92,
      1,
      96,
      222,
      135,
      234,
      51,
      166,
      229,
      19,
      125,
      33,
      11,
      201,
      156,
      165,
      85
    ],
    "60": [
      182,
      191,
      125,
      206,
      213,
      217,
      48,
      20,
      191,
      173,
      115,
      127,
      175,
      45,
      192,
      234,
      211,
      183,
      80,
      212,
      9,
      69,
      205,
      253,
      141,
      143,
      28,
      83,
      238,
      116,
      35,
      250
    ],
    "25": [
      80,
      98,
      71,
      195,
      239,
      244,
      223,
      226,
      42,
      75,
      68,
      217,
      85,
      90,
      150,
      66,
      56,
      25,
      29,
      219,
      188,
      18,
      175,
      69,
      211,
      171,
      168,
      89,
      79,
      199,
      57,
      194
    ],
    "56": [
      78,
      123,
      218,
      159,
      234,
      26,
      49,
      184,
      17,
      242,
      102,
      223,
      114,
      7,
      181,
      3,
      118,
      5,
      149,
      96,
      132,
      46,
      64,
      88,
      219,
      17,
      210,
      79,
      15,
      84,
      223,
      84
    ],
    "4": [
      224,
      49,
      23,
      78,
      188,
      108,
      169,
      161,
      227,
      137,
      206,
      5,
      55,
      164,
      127,
      108,
      177,
      105,
      21,
      99,
      197,
      172,
      126,
      217,
      7,
      52,
      28,
      228,
      8,
      150,
      15,
      191
    ],
    "39": [
      119,
      188,
      23,
      132,
      131,
      18,
      212,
      72,
      205,
      228,
      7,
      100,
      162,
      45,
      1,
      149,
      26,
      40,
      153,
      150,
      160,
      202,
      116,
      250,
      39,
      143,
      41,
      181,
      139,
      96,
      75,
      89
    ],
    "0": [
      206,
      177,
      48,
      94,
      213,
      33,
      189,
      57,
      3,
      156,
      140,
      250,
      47,
      90,
      134,
      106,
      240,
      253,
      10,
      31,
      42,
      169,
      63,
      192,
      151,
      201,
      18,
      4,
      57,
      178,
      193,
      111
    ],
    "35": [
      164,
      73,
      242,
      92,
      101,
      8,
      170,
      14,
      91,
      18,
      85,
      88,
      80,
      220,
      140,
      120,
      115,
      45,
      211,
      200,
      11,
      59,
      14,
      144,
      78,
      36,
      45,
      81,
      12,
      42,
      44,
      78
    ],
    "12": [
      109,
      71,
      205,
      127,
      39,
      129,
      151,
      68,
      99,
      225,
      242,
      32,
      40,
      166,
      124,
      249,
      156,
      232,
      100,
      126,
      247,
      203,
      65,
      0,
      10,
      164,
      141,
      73,
      80,
      112,
      225,
      13
    ],
    "47": [
      112,
      203,
      161,
      47,
      58,
      47,
      14,
      61,
      132,
      151,
      214,
      90,
      212,
      214,
      106,
      16,
      242,
      64,
      177,
      234,
      248,
      152,
      16,
      248,
      40,
      234,
      54,
      88,
      233,
      4,
      36,
      40
    ],
    "8": [
      85,
      160,
      72,
      102,
      150,
      225,
      23,
      107,
      121,
      135,
      148,
      209,
      208,
      177,
      223,
      89,
      139,
      186,
      59,
      42,
      244,
      57,
      30,
      4,
      104,
      126,
      42,
      215,
      186,
      83,
      238,
      181
    ],
    "43": [
      162,
      158,
      61,
      76,
      45,
      13,
      107,
      16,
      3,
      235,
      72,
      244,
      39,
      53,
      33,
      239,
      222,
      17,
      222,
      28,
      54,
      137,
      210,
      233,
      208,
      144,
      94,
      101,
      147,
      252,
      174,
      125
    ],
    "20": [
      29,
      20,
      184,
      253,
      240,
      142,
      10,
      60,
      42,
      205,
      181,
      126,
      134,
      138,
      57,
      9,
      84,
      182,
      253,
      219,
      219,
      198,
      123,
      185,
      187,
      9,
      202,
      29,
      105,
      119,
      132,
      67
    ],
    "55": [
      35,
      194,
      189,
      190,
      250,
      2,
      177,
      224,
      25,
      241,
      89,
      175,
      157,
      59,
      47,
      42,
      159,
      246,
      29,
      139,
      229,
      209,
      95,
      219,
      0,
      235,
      216,
      253,
      24,
      3,
      202,
      33
    ],
    "16": [
      211,
      79,
      152,
      113,
      9,
      142,
      92,
      47,
      44,
      97,
      21,
      121,
      73,
      249,
      3,
      14,
      149,
      191,
      185,
      173,
      110,
      151,
      97,
      212,
      87,
      144,
      51,
      245,
      189,
      225,
      109,
      176
    ],
    "51": [
      179,
      30,
      148,
      111,
      22,
      136,
      150,
      195,
      178,
      124,
      111,
      28,
      183,
      242,
      177,
      173,
      90,
      73,
      37,
      7,
      114,
      99,
      24,
      11,
      168,
      166,
      51,
      53,
      240,
      49,
      142,
      45
    ],
    "28": [
      98,
      127,
      71,
      99,
      101,
      5,
      49,
      23,
      54,
      77,
      156,
      247,
      187,
      170,
      79,
      15,
      212,
      214,
      149,
      233,
      91,
      16,
      231,
      178,
      104,
      184,
      216,
      16,
      237,
      129,
      168,
      208
    ],
    "63": [
      182,
      92,
      168,
      248,
      208,
      15,
      63,
      53,
      94,
      74,
      192,
      117,
      215,
      107,
      233,
      7,
      37,
      70,
      90,
      199,
      72,
      67,
      97,
      227,
      215,
      98,
      113,
      137,
      222,
      180,
      107,
      143
    ],
    "24": [
      81,
      101,
      23,
      85,
      236,
      205,
      211,
      8,
      183,
      194,
      150,
      135,
      178,
      38,
      91,
      169,
      136,
      72,
      213,
      35,
      130,
      137,
      174,
      98,
      160,
      76,
      33,
      102,
      72,
      146,
      21,
      168
    ],
    "59": [
      3,
      60,
      124,
      91,
      134,
      43,
      48,
      243,
      195,
      223,
      93,
      20,
      148,
      203,
      46,
      238,
      170,
      208,
      241,
      144,
      148,
      97,
      146,
      201,
      33,
      34,
      123,
      133,
      124,
      115,
      39,
      26
    ],
    "7": [
      235,
      149,
      45,
      81,
      211,
      219,
      172,
      66,
      177,
      109,
      137,
      238,
      250,
      29,
      82,
      72,
      152,
      93,
      66,
      25,
      181,
      12,
      21,
      228,
      76,
      107,
      253,
      129,
      7,
      30,
      58,
      31
    ],
    "38": [
      155,
      224,
      250,
      112,
      151,
      89,
      132,
      133,
      97,
      131,
      241,
      65,
      223,
      189,
      39,
      173,
      166,
      97,
      136,
      143,
      121,
      83,
      90,
      92,
      210,
      29,
      102,
      184,
      126,
      58,
      251,
      96
    ],
    "3": [
      166,
      48,
      101,
      24,
      168,
      16,
      181,
      237,
      79,
      82,
      120,
      84,
      67,
      52,
      215,
      238,
      252,
      22,
      132,
      248,
      113,
      113,
      53,
      123,
      173,
      30,
      24,
      119,
      28,
      78,
      62,
      174
    ],
    "34": [
      210,
      237,
      196,
      235,
      139,
      67,
      177,
      14,
      152,
      84,
      188,
      214,
      7,
      24,
      114,
      189,
      229,
      80,
      61,
      71,
      233,
      2,
      29,
      171,
      118,
      178,
      119,
      145,
      69,
      59,
      124,
      139
    ],
    "15": [
      182,
      135,
      151,
      179,
      240,
      91,
      39,
      234,
      83,
      49,
      151,
      107,
      69,
      1,
      40,
      122,
      32,
      8,
      32,
      118,
      0,
      141,
      215,
      26,
      241,
      180,
      58,
      36,
      9,
      243,
      232,
      11
    ],
    "46": [
      124,
      52,
      123,
      75,
      203,
      5,
      106,
      70,
      28,
      49,
      94,
      33,
      224,
      137,
      32,
      54,
      167,
      166,
      36,
      159,
      27,
      44,
      251,
      246,
      188,
      65,
      17,
      141,
      88,
      43,
      231,
      201
    ],
    "11": [
      56,
      7,
      52,
      255,
      60,
      9,
      66,
      252,
      252,
      11,
      82,
      102,
      98,
      27,
      28,
      1,
      182,
      89,
      118,
      184,
      223,
      120,
      79,
      147,
      90,
      180,
      255,
      89,
      198,
      155,
      245,
      24
    ],
    "42": [
      251,
      194,
      128,
      113,
      127,
      119,
      139,
      209,
      18,
      10,
      191,
      139,
      242,
      224,
      73,
      96,
      75,
      203,
      247,
      237,
      85,
      0,
      130,
      94,
      72,
      12,
      59,
      115,
      177,
      91,
      160,
      135
    ],
    "23": [
      83,
      217,
      140,
      115,
      148,
      139,
      111,
      162,
      30,
      61,
      52,
      6,
      175,
      72,
      33,
      45,
      105,
      86,
      118,
      224,
      50,
      84,
      179,
      242,
      158,
      1,
      97,
      127,
      208,
      92,
      201,
      91
    ],
    "54": [
      216,
      210,
      233,
      14,
      69,
      129,
      17,
      89,
      157,
      66,
      27,
      115,
      206,
      9,
      37,
      84,
      181,
      208,
      127,
      77,
      2,
      146,
      179,
      43,
      161,
      191,
      96,
      175,
      53,
      29,
      200,
      246
    ],
    "19": [
      229,
      230,
      184,
      218,
      53,
      40,
      178,
      30,
      125,
      115,
      219,
      122,
      142,
      235,
      142,
      130,
      32,
      192,
      54,
      64,
      255,
      62,
      87,
      92,
      112,
      179,
      89,
      140,
      132,
      96,
      97,
      120
    ],
    "50": [
      188,
      165,
      57,
      171,
      240,
      99,
      26,
      243,
      156,
      65,
      25,
      171,
      113,
      76,
      218,
      51,
      192,
      126,
      23,
      99,
      28,
      204,
      109,
      121,
      171,
      200,
      152,
      68,
      172,
      79,
      38,
      188
    ],
    "31": [
      77,
      62,
      100,
      99,
      37,
      61,
      79,
      158,
      127,
      122,
      225,
      224,
      174,
      216,
      186,
      132,
      117,
      239,
      252,
      121,
      173,
      254,
      235,
      129,
      4,
      135,
      201,
      7,
      142,
      82,
      151,
      140
    ],
    "62": [
      222,
      86,
      14,
      1,
      157,
      156,
      165,
      185,
      242,
      56,
      52,
      124,
      217,
      86,
      226,
      41,
      26,
      244,
      11,
      163,
      102,
      95,
      213,
      176,
      173,
      38,
      213,
      64,
      82,
      11,
      181,
      208
    ],
    "27": [
      241,
      58,
      127,
      211,
      98,
      200,
      27,
      201,
      68,
      25,
      187,
      57,
      198,
      242,
      187,
      29,
      189,
      106,
      165,
      36,
      39,
      147,
      47,
      42,
      193,
      49,
      6,
      182,
      128,
      87,
      122,
      145
    ],
    "58": [
      215,
      63,
      35,
      209,
      249,
      174,
      99,
      113,
      229,
      156,
      41,
      248,
      131,
      224,
      51,
      221,
      237,
      95,
      105,
      134,
      254,
      48,
      95,
      212,
      58,
      226,
      41,
      38,
      187,
      14,
      61,
      129
    ]
  },
  "my_cert": [],
  "my_cert_key": [],
  "root_cert": []
}