{
  "net_map": {
    "37": "127.0.0.1:8537",
    "6": "127.0.0.1:8506",
    "33": "127.0.0.1:8533",
    "64": "127.0.0.1:9000",
    "2": "127.0.0.1:8502",
    "45": "127.0.0.1:8545",
    "14": "127.0.0.1:8514",
    "41": "127.0.0.1:8541",
    "10": "127.0.0.1:8510",
    "53": "127.0.0.1:8553",
    "22": "127.0.0.1:8522",
    "49": "127.0.0.1:8549",
    "18": "127.0.0.1:8518",
    "61": "127.0.0.1:8561",
    "30": "127.0.0.1:8530",
    "57": "127.0.0.1:8557",
    "26": "127.0.0.1:8526",
    "5": "127.0.0.1:8505",
    "36": "127.0.0.1:8536",
    "1": "127.0.0.1:8501",
    "32": "127.0.0.1:8532",
    "13": "127.0.0.1:8513",
    "44": "127.0.0.1:8544",
    "9": "127.0.0.1:8509",
    "40": "127.0.0.1:8540",
    "21": "127.0.0.1:8521",
    "52": "127.0.0.1:8552",
    "17": "127.0.0.1:8517",
    "48": "127.0.0.1:8548",
    "29": "127.0.0.1:8529",
    "60": "127.0.0.1:8560",
    "25": "127.0.0.1:8525",
    "56": "127.0.0.1:8556",
    "4": "127.0.0.1:8504",
    "39": "127.0.0.1:8539",
    "0": "127.0.0.1:8500",
    "35": "127.0.0.1:8535",
    "12": "127.0.0.1:8512",
    "47": "127.0.0.1:8547",
    "8": "127.0.0.1:8508",
    "43": "127.0.0.1:8543",
    "20": "127.0.0.1:8520",
    "55": "127.0.0.1:8555",
    "16": "127.0.0.1:8516",
    "51": "127.0.0.1:8551",
    "28": "127.0.0.1:8528",
    "63": "127.0.0.1:8563",
    "24": "127.0.0.1:8524",
    "59": "127.0.0.1:8559",
    "7": "127.0.0.1:8507",
    "38": "127.0.0.1:8538",
    "3": "127.0.0.1:8503",
    "34": "127.0.0.1:8534",
    "15": "127.0.0.1:8515",
    "46": "127.0.0.1:8546",
    "11": "127.0.0.1:8511",
    "42": "127.0.0.1:8542",
    "23": "127.0.0.1:8523",
    "54": "127.0.0.1:8554",
    "19": "127.0.0.1:8519",
    "50": "127.0.0.1:8550",
    "31": "127.0.0.1:8531",
    "62": "127.0.0.1:8562",
    "27": "127.0.0.1:8527",
    "58": "127.0.0.1:8558"
  },
  "delta": 100,
  "id": 58,
  "num_nodes": 64,
  "num_faults": 21,
  "block_size": 100,
  "client_port": 7058,
  "client_addr": "0.0.0.0:5000",
  "payload": 0,
  "prot_payload": "cc,/home/akhil/research/EEBA/libchatter/",
  "crypto_alg": "NOPKI",
  "pk_map": {},
  "secret_key_bytes": [],
  "sk_map": {
    "37": [
      244,
      95,
      75,
      182,
      227,
      155,
      81,
      166,
      72,
      207,
      202,
      181,
      109,
      209,
      50,
      241,
      79,
      120,
      99,
      209,
      47,
      243,
      216,
      91,
      122,
      111,
      87,
      41,
      30,
      206,
      86,
      29
    ],
    "6": [
      38,
      99,
      2,
      163,
      102,
      127,
      40,
      145,
      71,
      232,
      41,
      41,
      104,
      221,
      164,
      211,
      250,
      99,
      34,
      99,
      189,
      11,
      113,
      240,
      56,
      15,
      138,
      122,
      199,
      238,
      36,
      66
    ],
    "33": [
      83,
      171,
      222,
      104,
      176,
      235,
      116,
      84,
      67,
      164,
      69,
      254,
      208,
      49,
      30,
      81,
      181,
      163,
      161,
      187,
      151,
      92,
      2,
      208,
      49,
      33,
      32,
      183,
      183,
      181,
      76,
      183
    ],
    "2": [
      90,
      194,
      72,
      84,
      48,
      222,
      168,
      253,
      116,
      136,
      114,
      193,
      201,
      43,
      219,
      39,
      210,
      24,
      12,
      16,
      160,
      194,
      197,
      5,
      64,
      241,
      89,
      254,
      24,
      180,
      134,
      4
    ],
    "45": [
      66,
      218,
      110,
      20,
      66,
      31,
      3,
      244,
      53,
      171,
      99,
      76,
      34,
      128,
      102,
      127,
      49,
      153,
      188,
      85,
      25,
      71,
      13,
      32,
      148,
      78,
      59,
      205,
      94,
      204,
      91,
      86
    ],
    "14": [
      231,
      104,
      128,
      244,
      179,
      94,
      56,
      53,
      252,
      206,
      195,
      17,
      136,
      98,
      2,
      128,
      156,
      63,
      19,
      146,
      52,
      83,
      16,
      255,
      113,
      93,
      103,
      38,
      233,
      37,
      219,
      44
    ],
    "41": [
      62,
      192,
      196,
      224,
      56,
      77,
      21,
      202,
      194,
      143,
      247,
      214,
      161,
      198,
      25,
      197,
      109,
      29,
      239,
      103,
      57,
      157,
      222,
      53,
      124,
      62,
      73,
      222,
      61,
      139,
      222,
      225
    ],
    "10": [
      7,
      169,
      185,
      24,
      133,
      44,
      82,
      7,
      69,
      65,
      251,
      162,
      104,
      241,
      167,
      125,
      199,
      79,
      2,
      138,
      51,
      35,
      245,
      11,
      66,
      200,
      115,
      89,
      116,
      8,
      117,
      203
    ],
    "53": [
      230,
      137,
      254,
      132,
      145,
      89,
      146,
      34,
      210,
      72,
      129,
      154,
      42,
      112,
      148,
      86,
      128,
      177,
      202,
      180,
      34,
      253,
      123,
      207,
      65,
      147,
      188,
      218,
      252,
      205,
      87,
      68
    ],
    "22": [
      36,
      168,
      210,
      250,
      101,
      30,
      147,
      125,
      25,
      81,
      35,
      148,
      63,
      89,
      99,
      157,
      147,
      112,
      135,
      245,
      29,
      240,
      216,
      161,
      49,
      55,
      53,
      47,
      78,
      140,
      104,
      152
    ],
    "49": [
      254,
      4,
      30,
      45,
      206,
      190,
      32,
      181,
      175,
      22,
      198,
      245,
      195,
      16,
      118,
      224,
      112,
      185,
      39,
      250,
      128,
      195,
      29,
      100,
      102,
      177,
      168,
      69,
      194,
      203,
      120,
      177
    ],
    "18": [
      219,
      243,
      126,
      152,
      249,
      6,
      202,
      48,
      87,
      76,
      247,
      165,
      99,
      92,
      179,
      41,
      24,
      222,
      212,
      82,
      92,
      101,
      71,
      108,
      167,
      244,
      229,
      82,
      7,
      81,
      243,
      148
    ],
    "61": [
      255,
      79,
      97,
      4,
      131,
      196,
      220,
      31,
      30,
      89,
      216,
      81,
      134,
      90,
      175,
      40,
      169,
      96,
      88,
      131,
      172,
      39,
      159,
      214,
      183,
      184,
      95,
      73,
      244,
      225,
      145,
      10
    ],
    "30": [
      177,
      82,
      77,
      25,
      68,
      137,
      101,
      132,
      242,
      162,
      12,
      92,
      241,
      31,
      23,
      96,
      85,
      11,
      189,
      247,
      214,
      202,
      128,
      152,
      231,
      255,
      41,
      67,
      164,
      136,
      123,
      65
    ],
    "57": [
      230,
      146,
      243,
      118,
      145,
      22,
      112,
      137,
      112,
      92,
      14,
      19,
      77,
      135,
      231,
      252,
      245,
      222,
      15,
      250,
      195,
      125,
      74,
      172,
      180,
      46,
      25,
      18,
      82,
      133,
      26,
      200
    ],
    "26": [
      217,
      58,
      87,
      206,
      226,
      224,
      0,
      80,
      106,
      137,
      27,
      191,
      194,
      58,
      54,
      18,
      6,
      183,
      4,
      31,
      29,
      133,
      187,
      234,
      143,
      62,
      44,
      7,
      144,
      207,
      181,
      131
    ],
    "5": [
      41,
      250,
      102,
      18,
      205,
      30,
      232,
      41,
      22,
      245,
      70,
      200,
      145,
      20,
      135,
      52,
      211,
      63,
      141,
      96,
      17,
      72,
      193,
      176,
      233,
      231,
      126,
      233,
      41,
      56,
      224,
      60
    ],
    "36": [
      241,
      189,
      136,
      51,
      195,
      144,
      82,
      22,
      158,
      61,
      197,
      218,
      212,
      21,
      228,
      247,
      102,
      43,
      114,
      168,
      161,
      120,
      50,
      37,
      228,
      252,
      27,
      175,
      119,
      63,
      83,
      1
    ],
    "1": [
      54,
      80,
      180,
      179,
      198,
      204,
      199,
      75,
      161,
      77,
      102,
      83,
      110,
      176,
      135,
      77,
      100,
      202,
      87,
      155,
      246,
      245,
      216,
      193,
      36,
      79,
      51,
      46,
      114,
      251,
      194,
      232
    ],
    "32": [
      119,
      116,
      23,
      122,
      140,
      125,
      163,
      177,
      147,
      176,
      55,
      242,
      41,
      99,
      14,
      113,
      127,
      221,
      22,
      180,
      240,
      181,
      3,
      75,
      71,
      14,
      240,
      156,
      219,
      60,
      31,
      69
    ],
    "13": [
      163,
      118,
      153,
      63,
      43,
      67,
      204,
      17,
      124,
      250,
      2,
      24,
      8,
      216,
      181,
      231,
      71,
      245,
      204,
      244,
      15,
      59,
      184,
      229,
      140,
      141,
      21,
      203,
      222,
      200,
      115,
      213
    ],
    "44": [
      128,
      248,
      160,
      199,
      148,
      194,
      218,
      157,
      136,
      174,
      212,
      25,
      112,
      168,
      73,
      116,
      51,
      210,
      188,
      57,
      25,
      209,
      127,
      9,
      70,
      156,
      183,
      82,
      160,
      184,
      132,
      54
    ],
    "9": [
      192,
      104,
      132,
      108,
      37,
      62,
      161,
      36,
      30,
      101,
      230,
      188,
      252,
      169,
      180,
      5,
      244,
      20,
      168,
      98,
      159,
      224,
      217,
      162,
      66,
      29,
      83,
      152,
      245,
      92,
      115,
      220
    ],
    "40": [
      140,
      109,
      8,
      199,
      75,
      242,
      102,
      123,
      247,
      216,
      155,
      247,
      227,
      104,
      110,
      186,
      20,
      238,
      83,
      190,
      172,
      49,
      2,
      11,
      132,
      30,
      153,
      97,
      79,
      15,
      203,
      199
    ],
    "21": [
      165,
      218,
      209,
      219,
      40,
      11,
      35,
      58,
      135,
      128,
      204,
      212,
      27,
      137,
      64,
      197,
      58,
      90,
      167,
      5,
      167,
      221,
      255,
      39,
      54,
      86,
      194,
      33,
      28,
      139,
      51,
      192
    ],
    "52": [
      68,
      133,
      122,
      115,
      13,
      116,
      223,
      108,
      78,
      156,
      111,
      61,
      39,
      184,
      103,
      237,
      248,
      29,
      243,
      241,
      238,
      158,
      83,
      173,
      229,
      178,
      148,
      255,
      245,
      60,
      159,
      223
    ],
    "17": [
      41,
      56,
      137,
      170,
      77,
      92,
      83,
      217,
      205,
      102,
      13,
      42,
      192,
      132,
      105,
      35,
      52,
      189,
      119,
      3,
      175,
      73,
      165,
      5,
      210,
      45,
      219,
      37,
      6,
      11,
      144,
      34
    ],
    "48": [
      184,
      159,
      172,
      143,
      161,
      92,
      193,
      95,
      99,
      149,
      194,
      196,
      246,
      52,
      143,
      149,
      211,
      27,
      144,
      226,
      127,
      206,
      124,
      236,
      134,
      31,
      214,
      223,
      215,
      218,
      8,
      215
    ],
    "29": [
      21,
      89,
      240,
      126,
      30,
      197,
      136,
      98,
      96,
      142,
      72,
      9,
      78,
      222,
      113,
      50,
      241,
      145,
      171,
      154,
      212,
      95,
      17,
      141,
      236,
      166,
      36,
      101,
      48,
      196,
      176,
      61
    ],
    "60": [
      80,
      34,
      124,
      213,
      78,
      212,
      207,
      72,
      79,
      248,
      206,
      227,
      209,
      10,
      34,
      104,
      172,
      192,
      26,
      185,
      75,
      66,
      151,
      191,
      10,
      225,
      67,
      203,
      27,
      51,
      169,
      118
    ],
    "25": [
      66,
      163,
      155,
      102,
      55,
      82,
      219,
      214,
      193,
      172,
      53,
      85,
      197,
      53,
      87,
      149,
      97,
      204,
      47,
      192,
      56,
      198,
      76,
      111,
      105,
      208,
      203,
      156,
      181,
      84,
      218,
      117
    ],
    "56": [
      67,
      1,
      42,
      163,
      112,
      62,
      102,
      227,
      188,
      16,
      94,
      176,
      94,
      235,
      81,
      225,
      113,
      143,
      122,
      243,
      240,
      179,
      199,
      1,
      186,
      119,
      246,
      24,
      160,
      44,
      84,
      224
    ],
    "4": [
      11,
      11,
      75,
      1,
      44,
      18,
      16,
      145,
      242,
      5,
      92,
      109,
      163,
      107,
      218,
      112,
      6,
      95,
      221,
      48,
      157,
      109,
      17,
      122,
      184,
      40,
      142,
      177,
      86,
      86,
      166,
      173
    ],
    "39": [
      83,
      64,
      176,
      225,
      203,
      239,
      223,
      229,
      55,
      94,
      246,
      241,
      190,
      42,
      197,
      248,
      84,
      6,
      186,
      165,
      5,
      79,
      236,
      61,
      14,
      125,
      158,
      156,
      242,
      182,
      219,
      207
    ],
    "0": [
      28,
      79,
      89,
      244,
      66,
      33,
      90,
      112,
      144,
      78,
      189,
      176,
      249,
      145,
      57,
      244,
      239,
      250,
      232,
      139,
      167,
      65,
      57,
      150,
      189,
      150,
      122,
      23,
      177,
      243,
      35,
      69
    ],
    "35": [
      90,
      83,
      103,
      136,
      119,
      94,
      216,
      93,
      18,
      227,
      201,
      217,
      121,
      138,
      138,
      165,
      225,
      110,
      39,
      223,
      83,
      153,
      121,
      242,
      92,
      182,
      235,
      53,
      61,
      220,
      194,
      187
    ],
    "12": [
      215,
      63,
      35,
      209,
      249,
      174,
      99,
      113,
      229,
      156,
      41,
      248,
      131,
      224,
      51,
      221,
      237,
      95,
      105,
      134,
      254,
      48,
      95,
      212,
      58,
      226,
      41,
      38,
      187,
      14,
      61,
      129
    ],
    "47": [
      71,
      174,
      250,
      126,
      167,
      86,
      81,
      113,
      210,
      168,
      240,
      130,
      74,
      201,
      252,
      17,
      36,
      162,
      181,
      106,
      23,
      254,
      214,
      79,
      254,
      146,
      219,
      189,
      247,
      29,
      29,
      211
    ],
    "8": [
      228,
      97,
      1,
      218,
      5,
      172,
      133,
      103,
      250,
      244,
      2,
      169,
      7,
      233,
      252,
      81,
      23,
      21,
      95,
      164,
      83,
      106,
      103,
      162,
      106,
      105,
      244,
      17,
      55,
      21,
      117,
      202
    ],
    "43": [
      188,
      189,
      0,
      145,
      5,
      77,
      176,
      37,
      15,
      176,
      206,
      34,
      82,
      94,
      4,
      81,
      34,
      242,
      135,
      166,
      50,
      23,
      186,
      29,
      220,
      233,
      193,
      218,
      126,
      106,
      119,
      163
    ],
    "20": [
      74,
      17,
      54,
      127,
      147,
      116,
      59,
      30,
      99,
      169,
      226,
      102,
      156,
      139,
      137,
      3,
      243,
      144,
      192,
      126,
      186,
      207,
      164,
      46,
      217,
      51,
      13,
      243,
      17,
      61,
      145,
      193
    ],
    "55": [
      46,
      21,
      181,
      61,
      54,
      144,
      251,
      61,
      152,
      18,
      241,
      79,
      105,
      143,
      132,
      207,
      99,
      29,
      84,
      131,
      132,
      170,
      75,
      191,
      34,
      214,
      121,
      93,
      38,
      108,
      109,
      201
    ],
    "16": [
      196,
      227,
      23,
      195,
      101,
      35,
      160,
      219,
      74,
      59,
      17,
      162,
      76,
      70,
      40,
      220,
      7,
      91,
      191,
      55,
      168,
      34,
      205,
      11,
      34,
      197,
      238,
      84,
      201,
      112,
      143,
      153
    ],
    "51": [
      81,
      84,
      137,
      68,
      123,
      44,
      163,
      36,
      83,
      138,
      92,
      161,
      224,
      58,
      233,
      112,
      76,
      217,
      190,
      121,
      144,
      50,
      55,
      10,
      110,
      238,
      238,
      171,
      207,
      208,
      191,
      207
    ],
    "28": [
      117,
      42,
      229,
      124,
      87,
      35,
      124,
      123,
      225,
      186,
      194,
      243,
      249,
      131,
      148,
      217,
      63,
      253,
      108,
      85,
      227,
      230,
      11,
      182,
      244,
      185,
      123,
      32,
      217,
      186,
      111,
      244
    ],
    "63": [
      84,
      95,
      226,
      233,
      179,
      36,
      117,
      55,
      54,
      6,
      240,
      37,
      184,
      86,
      224,
      95,
      242,
      43,
      44,
      48,
      54,
      190,
      199,
      178,
      108,
      128,
      110,
      48,
      30,
      49,
      222,
      90
    ],
    "24": [
      186,
      121,
      41,
      220,
      25,
      149,
      46,
      165,
      32,
      105,
      107,
      168,
      217,
      74,
      23,
      82,
      197,
      62,
      94,
      59,
      93,
      52,
      231,
      231,
      239,
      16,
      155,
      197,
      224,
      140,
      93,
      140
    ],
    "59": [
      124,
      108,
      123,
      17,
      165,
      119,
      155,
      62,
      169,
      166,
      212,
      136,
      73,
      232,
      33,
      22,
      196,
      130,
      41,
      75,
      150,
      59,
      161,
      74,
      90,
      244,
      173,
      251,
      207,
      139,
      165,
      168
    ],
    "7": [
      223,
      120,
      10,
      140,
      172,
      154,
      94,
      255,
      68,
      246,
      1,
      41,
      136,
      59,
      58,
      73,
      102,
      172,
      187,
      207,
      47,
      5,
      20,
      167,
      11,
      192,
      140,
      29,
      187,
      46,
      7,
      252
    ],
    "38": [
      217,
      147,
      11,
      102,
      106,
      42,
      238,
      245,
      123,
      110,
      234,
      229,
      92,
      105,
      225,
      237,
      86,
      124,
      225,
      4,
      29,
      78,
      105,
      63,
      16,
      163,
      179,
      33,
      33,
      215,
      190,
      194
    ],
    "3": [
      11,
      218,
      215,
      51,
      223,
      23,
      246,
      21,
      254,
      69,
      250,
      90,
      222,
      43,
      155,
      108,
      174,
      52,
      206,
      3,
      250,
      136,
      13,
      231,
      218,
      211,
      99,
      112,
      250,
      130,
      141,
      10
    ],
    "34": [
      116,
      180,
      255,
      121,
      141,
      50,
      45,
      229,
      171,
      110,
      148,
      111,
      65,
      91,
      152,
      175,
      157,
      96,
      51,
      3,
      100,
      197,
      241,
      109,
      35,
      88,
      68,
      53,
      106,
      13,
      199,
      157
    ],
    "15": [
      221,
      25,
      7,
      43,
      103,
      13,
      239,
      10,
      179,
      237,
      29,
      51,
      213,
      206,
      46,
      239,
      204,
      193,
      47,
      167,
      247,
      217,
      123,
      175,
      251,
      221,
      209,
      234,
      89,
      187,
      46,
      65
    ],
    "46": [
      134,
      20,
      196,
      231,
      165,
      172,
      40,
      247,
      74,
      117,
      41,
      2,
      104,
      23,
      197,
      61,
      56,
      116,
      106,
      26,
      213,
      113,
      172,
      87,
      245,
      71,
      109,
      53,
      70,
      149,
      84,
      78
    ],
    "11": [
      95,
      3,
      132,
      234,
      189,
      65,
      226,
      17,
      73,
      107,
      9,
      152,
      138,
      16,
      183,
      96,
      201,
      133,
      37,
      240,
      233,
      63,
      75,
      166,
      155,
      114,
      87,
      207,
      167,
      156,
      74,
      239
    ],
    "42": [
      163,
      30,
      184,
      139,
      125,
      49,
      97,
      93,
      216,
      138,
      192,
      229,
      57,
      77,
      25,
      209,
      14,
      196,
      163,
      171,
      178,
      136,
      250,
      138,
      2,
      96,
      67,
      24,
      192,
      86,
      33,
      25
    ],
    "23": [
      119,
      206,
      10,
      237,
      241,
      207,
      47,
      83,
      203,
      182,
      224,
      54,
      217,
      142,
      10,
      114,
      138,
      6,
      219,
      156,
      99,
      34,
      48,
      51,
      39,
      96,
      144,
      198,
      144,
      72,
      234,
      17
    ],
    "54": [
      126,
      95,
      41,
      155,
      234,
      189,
      49,
      89,
      225,
      204,
      149,
      149,
      10,
      24,
      172,
      217,
      189,
      210,
      86,
      10,
      76,
      220,
      0,
      47,
      208,
      109,
      66,
      154,
      211,
      195,
      58,
      7
    ],
    "19": [
      141,
      182,
      239,
      95,
      24,
      181,
      13,
      173,
      223,
      194,
      42,
      135,
      0,
      129,
      78,
      242,
      21,
      189,
      37,
      186,
      88,
      29,
      126,
      212,
      216,
      65,
      229,
      197,
      77,
      203,
      254,
      211
    ],
    "50": [
      167,
      124,
      53,
      91,
      226,
      148,
      173,
      182,
      203,
      14,
      115,
      80,
      32,
      140,
      9,
      217,
      46,
      141,
      159,
      230,
      215,
      78,
      104,
      29,
      116,
      155,
      234,
      245,
      154,
      54,
      65,
      11
    ],
    "31": [
      74,
      166,
      34,
      202,
      145,
      91,
      254,
      228,
      204,
      165,
      99,
      6,
      16,
      236,
      19,
      128,
      155,
      26,
      2,
      153,
      118,
      116,
      76,
      15,
      243,
      79,
      224,
      127,
      40,
      209,
      78,
      105
    ],
    "62": [
      24,
      170,
      29,
      214,
      148,
      136,
      60,
      142,
      0,
      106,
      100,
      24,
      4,
      170,
      16,
      249,
      254,
      201,
      61,
      178,
      186,
      162,
      105,
      245,
      96,
      181,
      130,
      183,
      148,
      146,
      224,
      71
    ],
    "27": [
      7,
      226,
      133,
      101,
      61,
      227,
      138,
      240,
      191,
      66,
      19,
      218,
      186,
      17,
      108,
      211,
      38,
      44,
      97,
      168,
      146,
      167,
      216,
      126,
      147,
      187,
      219,
      228,
      179,
      180,
      59,
      59
    ],
    "58": [
      84,
      112,
      13,
      188,
      132,
      166,
      26,
      92,
      181,
      197,
      219,
      224,
      34,
      11,
      96,
      127,
      243,
      230,
      113,
      155,
      137,
      79,
      81,
      52,
      255,
      176,
      154,
      49,
      180,
      101,
      169,
      224
    ]
  },
  "my_cert": [],
  "my_cert_key": [],
  "root_cert": []
}