{
  "net_map": {
    "37": "127.0.0.1:8537",
    "6": "127.0.0.1:8506",
    "33": "127.0.0.1:8533",
    "64": "127.0.0.1:9000",
    "2": "127.0.0.1:8502",
    "45": "127.0.0.1:8545",
    "14": "127.0.0.1:8514",
    "41": "127.0.0.1:8541",
    "10": "127.0.0.1:8510",
    "53": "127.0.0.1:8553",
    "22": "127.0.0.1:8522",
    "49": "127.0.0.1:8549",
    "18": "127.0.0.1:8518",
    "61": "127.0.0.1:8561",
    "30": "127.0.0.1:8530",
    "57": "127.0.0.1:8557",
    "26": "127.0.0.1:8526",
    "5": "127.0.0.1:8505",
    "36": "127.0.0.1:8536",
    "1": "127.0.0.1:8501",
    "32": "127.0.0.1:8532",
    "13": "127.0.0.1:8513",
    "44": "127.0.0.1:8544",
    "9": "127.0.0.1:8509",
    "40": "127.0.0.1:8540",
    "21": "127.0.0.1:8521",
    "52": "127.0.0.1:8552",
    "17": "127.0.0.1:8517",
    "48": "127.0.0.1:8548",
    "29": "127.0.0.1:8529",
    "60": "127.0.0.1:8560",
    "25": "127.0.0.1:8525",
    "56": "127.0.0.1:8556",
    "4": "127.0.0.1:8504",
    "39": "127.0.0.1:8539",
    "0": "127.0.0.1:8500",
    "35": "127.0.0.1:8535",
    "12": "127.0.0.1:8512",
    "47": "127.0.0.1:8547",
    "8": "127.0.0.1:8508",
    "43": "127.0.0.1:8543",
    "20": "127.0.0.1:8520",
    "55": "127.0.0.1:8555",
    "16": "127.0.0.1:8516",
    "51": "127.0.0.1:8551",
    "28": "127.0.0.1:8528",
    "63": "127.0.0.1:8563",
    "24": "127.0.0.1:8524",
    "59": "127.0.0.1:8559",
    "7": "127.0.0.1:8507",
    "38": "127.0.0.1:8538",
    "3": "127.0.0.1:8503",
    "34": "127.0.0.1:8534",
    "15": "127.0.0.1:8515",
    "46": "127.0.0.1:8546",
    "11": "127.0.0.1:8511",
    "42": "127.0.0.1:8542",
    "23": "127.0.0.1:8523",
    "54": "127.0.0.1:8554",
    "19": "127.0.0.1:8519",
    "50": "127.0.0.1:8550",
    "31": "127.0.0.1:8531",
    "62": "127.0.0.1:8562",
    "27": "127.0.0.1:8527",
    "58": "127.0.0.1:8558"
  },
  "delta": 100,
  "id": 61,
  "num_nodes": 64,
  "num_faults": 21,
  "block_size": 100,
  "client_port": 7061,
  "client_addr": "0.0.0.0:5000",
  "payload": 0,
  "prot_payload": "cc,/home/akhil/research/EEBA/libchatter/",
  "crypto_alg": "NOPKI",
  "pk_map": {},
  "secret_key_bytes": [],
  "sk_map": {
    "37": [
      23,
      177,
      194,
      204,
      54,
      108,
      106,
      169,
      150,
      87,
      184,
      10,
      169,
      237,
      248,
      87,
      229,
      165,
      183,
      161,
      214,
      94,
      209,
      70,
      247,
      61,
      165,
      203,
      46,
      202,
      248,
      149
    ],
    "6": [
      142,
      2,
      2,
      68,
      100,
      24,
      109,
      2,
      28,
      103,
      47,
      0,
      25,
      122,
      137,
      6,
      121,
      196,
      47,
      107,
      190,
      181,
      214,
      213,
      128,
      199,
      197,
      212,
      227,
      33,
      58,
      27
    ],
    "33": [
      77,
      78,
      200,
      91,
      40,
      105,
      169,
      190,
      56,
      237,
      12,
      201,
      220,
      185,
      20,
      222,
      55,
      175,
      158,
      34,
      247,
      45,
      92,
      123,
      149,
      121,
      109,
      226,
      36,
      196,
      215,
      128
    ],
    "2": [
      72,
      164,
      155,
      216,
      150,
      35,
      180,
      85,
      202,
      26,
      47,
      49,
      161,
      118,
      105,
      21,
      34,
      252,
      235,
      82,
      61,
      31,
      165,
      64,
      228,
      71,
      194,
      88,
      199,
      243,
      76,
      68
    ],
    "45": [
      207,
      233,
      84,
      254,
      66,
      7,
      18,
      93,
      48,
      229,
      21,
      26,
      129,
      234,
      228,
      241,
      224,
      20,
      121,
      104,
      210,
      63,
      138,
      97,
      203,
      86,
      172,
      51,
      114,
      227,
      72,
      95
    ],
    "14": [
      82,
      203,
      156,
      244,
      11,
      234,
      236,
      60,
      23,
      220,
      45,
      199,
      176,
      190,
      9,
      55,
      141,
      79,
      112,
      133,
      212,
      5,
      238,
      66,
      173,
      134,
      106,
      115,
      191,
      2,
      176,
      128
    ],
    "41": [
      80,
      150,
      237,
      112,
      100,
      238,
      139,
      84,
      175,
      118,
      28,
      175,
      31,
      49,
      139,
      44,
      116,
      169,
      22,
      21,
      165,
      149,
      12,
      148,
      107,
      54,
      76,
      120,
      158,
      166,
      4,
      202
    ],
    "10": [
      161,
      168,
      237,
      206,
      133,
      242,
      190,
      68,
      144,
      47,
      97,
      89,
      34,
      74,
      138,
      185,
      41,
      140,
      199,
      253,
      95,
      108,
      155,
      42,
      9,
      39,
      43,
      31,
      6,
      124,
      23,
      141
    ],
    "53": [
      127,
      211,
      112,
      159,
      255,
      213,
      163,
      130,
      30,
      172,
      200,
      60,
      138,
      39,
      120,
      64,
      153,
      206,
      78,
      147,
      120,
      92,
      26,
      222,
      206,
      151,
      192,
      57,
      14,
      56,
      49,
      245
    ],
    "22": [
      139,
      186,
      172,
      75,
      18,
      154,
      25,
      209,
      242,
      30,
      26,
      58,
      236,
      127,
      67,
      0,
      140,
      74,
      133,
      226,
      59,
      21,
      137,
      4,
      87,
      76,
      17,
      247,
      249,
      203,
      140,
      234
    ],
    "49": [
      115,
      18,
      188,
      203,
      83,
      137,
      13,
      38,
      196,
      181,
      40,
      60,
      168,
      190,
      208,
      57,
      0,
      25,
      61,
      160,
      207,
      187,
      43,
      28,
      173,
      102,
      212,
      208,
      206,
      85,
      134,
      119
    ],
    "18": [
      57,
      5,
      13,
      14,
      49,
      70,
      228,
      88,
      175,
      25,
      15,
      164,
      98,
      218,
      175,
      38,
      217,
      105,
      130,
      105,
      110,
      0,
      47,
      242,
      231,
      106,
      54,
      181,
      136,
      55,
      114,
      26
    ],
    "61": [
      3,
      86,
      125,
      143,
      7,
      3,
      139,
      84,
      68,
      126,
      10,
      164,
      237,
      203,
      202,
      58,
      194,
      153,
      205,
      63,
      121,
      174,
      108,
      66,
      116,
      172,
      100,
      75,
      208,
      4,
      62,
      154
    ],
    "30": [
      117,
      247,
      55,
      44,
      147,
      142,
      253,
      23,
      152,
      138,
      70,
      156,
      41,
      109,
      31,
      45,
      149,
      23,
      102,
      189,
      85,
      123,
      239,
      114,
      101,
      219,
      210,
      144,
      244,
      212,
      106,
      204
    ],
    "57": [
      75,
      40,
      20,
      97,
      186,
      217,
      204,
      39,
      208,
      166,
      174,
      23,
      83,
      135,
      195,
      33,
      200,
      207,
      145,
      147,
      49,
      247,
      235,
      255,
      205,
      94,
      15,
      238,
      215,
      131,
      205,
      221
    ],
    "26": [
      15,
      87,
      132,
      33,
      241,
      150,
      144,
      44,
      21,
      79,
      180,
      111,
      10,
      0,
      131,
      5,
      123,
      123,
      161,
      233,
      64,
      241,
      134,
      180,
      13,
      126,
      165,
      186,
      224,
      168,
      16,
      103
    ],
    "5": [
      12,
      27,
      238,
      143,
      154,
      241,
      84,
      113,
      97,
      115,
      22,
      184,
      121,
      28,
      20,
      169,
      41,
      97,
      238,
      107,
      147,
      68,
      65,
      164,
      243,
      213,
      40,
      153,
      117,
      6,
      154,
      25
    ],
    "36": [
      104,
      9,
      228,
      87,
      86,
      151,
      96,
      62,
      65,
      26,
      156,
      74,
      7,
      220,
      92,
      62,
      244,
      108,
      11,
      114,
      98,
      25,
      211,
      89,
      163,
      32,
      114,
      219,
      33,
      92,
      127,
      217
    ],
    "1": [
      185,
      61,
      243,
      134,
      27,
      76,
      254,
      166,
      80,
      138,
      202,
      46,
      100,
      18,
      122,
      22,
      219,
      50,
      113,
      98,
      201,
      138,
      198,
      67,
      84,
      141,
      56,
      133,
      5,
      181,
      194,
      144
    ],
    "32": [
      103,
      169,
      32,
      215,
      133,
      199,
      218,
      104,
      119,
      52,
      174,
      206,
      115,
      24,
      153,
      36,
      93,
      220,
      33,
      206,
      95,
      34,
      79,
      203,
      39,
      158,
      105,
      237,
      124,
      25,
      133,
      137
    ],
    "13": [
      124,
      182,
      245,
      145,
      183,
      255,
      138,
      154,
      18,
      45,
      8,
      167,
      202,
      213,
      204,
      188,
      31,
      171,
      219,
      188,
      34,
      108,
      178,
      73,
      41,
      54,
      63,
      205,
      228,
      63,
      19,
      178
    ],
    "44": [
      185,
      195,
      80,
      253,
      142,
      199,
      9,
      29,
      230,
      97,
      203,
      45,
      247,
      23,
      121,
      230,
      48,
      188,
      192,
      229,
      62,
      134,
      91,
      82,
      102,
      69,
      181,
      175,
      169,
      223,
      73,
      31
    ],
    "9": [
      154,
      44,
      37,
      45,
      152,
      85,
      142,
      200,
      28,
      164,
      43,
      121,
      229,
      86,
      85,
      88,
      142,
      110,
      148,
      4,
      20,
      191,
      41,
      250,
      148,
      216,
      81,
      210,
      126,
      188,
      156,
      22
    ],
    "40": [
      11,
      126,
      177,
      242,
      28,
      201,
      190,
      228,
      209,
      153,
      158,
      22,
      201,
      28,
      141,
      138,
      127,
      186,
      18,
      179,
      250,
      108,
      29,
      122,
      42,
      227,
      139,
      44,
      220,
      45,
      89,
      181
    ],
    "21": [
      201,
      176,
      82,
      64,
      2,
      188,
      226,
      38,
      252,
      60,
      29,
      80,
      77,
      8,
      56,
      237,
      237,
      99,
      74,
      62,
      108,
      233,
      102,
      105,
      36,
      16,
      195,
      33,
      46,
      175,
      40,
      66
    ],
    "52": [
      245,
      72,
      180,
      30,
      77,
      11,
      91,
      18,
      2,
      159,
      244,
      216,
      10,
      236,
      95,
      161,
      40,
      189,
      85,
      158,
      232,
      23,
      139,
      225,
      17,
      7,
      87,
      6,
      179,
      18,
      136,
      149
    ],
    "17": [
      191,
      91,
      244,
      49,
      219,
      10,
      198,
      245,
      189,
      203,
      233,
      158,
      131,
      93,
      248,
      197,
      109,
      44,
      65,
      199,
      169,
      142,
      120,
      119,
      172,
      251,
      123,
      221,
      170,
      83,
      132,
      154
    ],
    "48": [
      199,
      181,
      228,
      186,
      34,
      143,
      171,
      246,
      150,
      218,
      36,
      223,
      40,
      216,
      165,
      36,
      242,
      216,
      158,
      249,
      156,
      68,
      138,
      58,
      223,
      185,
      57,
      10,
      50,
      132,
      245,
      146
    ],
    "29": [
      166,
      168,
      251,
      45,
      84,
      203,
      6,
      144,
      52,
      193,
      103,
      79,
      18,
      93,
      0,
      59,
      190,
      140,
      44,
      2,
      69,
      193,
      6,
      200,
      126,
      103,
      191,
      57,
      112,
      47,
      136,
      231
    ],
    "60": [
      123,
      183,
      173,
      122,
      114,
      51,
      12,
      17,
      132,
      132,
      42,
      117,
      102,
      113,
      179,
      166,
      21,
      189,
      105,
      1,
      66,
      137,
      72,
      188,
      55,
      39,
      17,
      159,
      123,
      227,
      180,
      105
    ],
    "25": [
      68,
      54,
      133,
      247,
      162,
      253,
      221,
      109,
      13,
      81,
      77,
      232,
      34,
      22,
      157,
      170,
      254,
      164,
      21,
      209,
      55,
      153,
      58,
      194,
      105,
      114,
      97,
      192,
      170,
      137,
      118,
      130
    ],
    "56": [
      10,
      5,
      77,
      154,
      7,
      79,
      9,
      185,
      151,
      81,
      43,
      210,
      177,
      146,
      32,
      239,
      163,
      150,
      43,
      221,
      71,
      73,
      27,
      206,
      26,
      106,
      78,
      146,
      65,
      193,
      43,
      241
    ],
    "4": [
      158,
      64,
      31,
      73,
      213,
      56,
      246,
      101,
      189,
      51,
      72,
      222,
      70,
      31,
      64,
      85,
      79,
      178,
      135,
      17,
      151,
      240,
      157,
      235,
      140,
      149,
      68,
      235,
      254,
      212,
      151,
      206
    ],
    "39": [
      148,
      28,
      254,
      146,
      161,
      120,
      231,
      94,
      11,
      99,
      201,
      131,
      171,
      146,
      39,
      235,
      66,
      92,
      112,
      2,
      16,
      201,
      243,
      31,
      110,
      129,
      75,
      114,
      70,
      116,
      158,
      138
    ],
    "0": [
      162,
      243,
      101,
      51,
      69,
      140,
      244,
      20,
      36,
      154,
      132,
      20,
      116,
      250,
      200,
      242,
      15,
      147,
      87,
      72,
      229,
      18,
      218,
      244,
      186,
      5,
      168,
      11,
      197,
      132,
      118,
      193
    ],
    "35": [
      123,
      222,
      196,
      237,
      207,
      160,
      24,
      153,
      73,
      26,
      189,
      166,
      229,
      88,
      41,
      214,
      218,
      29,
      226,
      42,
      208,
      2,
      222,
      243,
      3,
      108,
      167,
      85,
      46,
      53,
      149,
      185
    ],
    "12": [
      12,
      182,
      123,
      114,
      199,
      152,
      80,
      248,
      170,
      79,
      205,
      109,
      159,
      204,
      94,
      195,
      79,
      114,
      11,
      55,
      221,
      179,
      40,
      171,
      144,
      175,
      92,
      32,
      53,
      232,
      101,
      103
    ],
    "47": [
      93,
      114,
      116,
      219,
      54,
      231,
      105,
      194,
      39,
      109,
      22,
      145,
      87,
      79,
      65,
      31,
      209,
      117,
      110,
      243,
      222,
      222,
      117,
      57,
      74,
      143,
      254,
      255,
      3,
      16,
      185,
      76
    ],
    "8": [
      3,
      8,
      194,
      49,
      104,
      242,
      147,
      164,
      179,
      160,
      175,
      100,
      121,
      124,
      240,
      77,
      190,
      217,
      112,
      203,
      155,
      190,
      128,
      78,
      174,
      66,
      204,
      93,
      8,
      240,
      80,
      48
    ],
    "43": [
      255,
      242,
      226,
      122,
      42,
      132,
      54,
      14,
      185,
      193,
      246,
      91,
      54,
      107,
      239,
      114,
      215,
      178,
      11,
      20,
      246,
      66,
      82,
      214,
      21,
      150,
      93,
      2,
      115,
      106,
      149,
      225
    ],
    "20": [
      106,
      216,
      175,
      28,
      154,
      142,
      15,
      43,
      167,
      33,
      45,
      179,
      184,
      161,
      144,
      18,
      214,
      136,
      123,
      170,
      42,
      45,
      252,
      170,
      89,
      117,
      201,
      198,
      103,
      148,
      242,
      145
    ],
    "55": [
      81,
      95,
      185,
      165,
      7,
      95,
      109,
      199,
      6,
      223,
      244,
      190,
      64,
      205,
      109,
      206,
      122,
      20,
      107,
      6,
      255,
      194,
      135,
      11,
      254,
      50,
      126,
      82,
      159,
      206,
      92,
      33
    ],
    "16": [
      26,
      104,
      175,
      138,
      168,
      32,
      13,
      75,
      7,
      142,
      30,
      82,
      78,
      14,
      219,
      5,
      205,
      19,
      192,
      52,
      223,
      58,
      128,
      236,
      197,
      200,
      56,
      192,
      39,
      2,
      145,
      11
    ],
    "51": [
      195,
      46,
      172,
      120,
      187,
      121,
      210,
      99,
      220,
      234,
      5,
      163,
      11,
      13,
      133,
      203,
      110,
      15,
      105,
      97,
      189,
      168,
      125,
      244,
      61,
      12,
      167,
      194,
      238,
      33,
      202,
      23
    ],
    "28": [
      130,
      26,
      242,
      242,
      133,
      96,
      182,
      102,
      114,
      184,
      211,
      59,
      134,
      216,
      26,
      252,
      249,
      209,
      141,
      196,
      217,
      110,
      32,
      80,
      34,
      214,
      182,
      102,
      96,
      140,
      127,
      144
    ],
    "63": [
      132,
      57,
      65,
      227,
      248,
      152,
      65,
      34,
      132,
      216,
      42,
      134,
      188,
      150,
      230,
      136,
      162,
      107,
      126,
      192,
      235,
      81,
      85,
      191,
      81,
      147,
      2,
      127,
      86,
      30,
      181,
      246
    ],
    "24": [
      76,
      75,
      31,
      18,
      158,
      236,
      228,
      47,
      125,
      106,
      14,
      165,
      99,
      57,
      188,
      62,
      132,
      91,
      158,
      28,
      176,
      125,
      214,
      26,
      39,
      8,
      162,
      169,
      146,
      12,
      52,
      145
    ],
    "59": [
      201,
      154,
      66,
      184,
      225,
      117,
      242,
      74,
      81,
      115,
      245,
      58,
      213,
      201,
      118,
      170,
      252,
      124,
      125,
      191,
      205,
      233,
      9,
      117,
      216,
      215,
      96,
      78,
      37,
      111,
      250,
      165
    ],
    "7": [
      241,
      109,
      23,
      24,
      121,
      152,
      37,
      68,
      150,
      91,
      186,
      61,
      127,
      250,
      191,
      148,
      167,
      81,
      180,
      145,
      242,
      185,
      213,
      48,
      48,
      128,
      209,
      237,
      215,
      116,
      6,
      139
    ],
    "38": [
      54,
      68,
      37,
      3,
      4,
      212,
      236,
      11,
      188,
      83,
      138,
      212,
      15,
      118,
      148,
      203,
      55,
      241,
      39,
      147,
      187,
      241,
      169,
      194,
      202,
      126,
      92,
      81,
      124,
      176,
      15,
      103
    ],
    "3": [
      85,
      160,
      209,
      97,
      36,
      78,
      145,
      101,
      62,
      36,
      174,
      149,
      243,
      13,
      73,
      12,
      210,
      177,
      111,
      188,
      36,
      163,
      196,
      121,
      39,
      169,
      125,
      220,
      166,
      181,
      76,
      71
    ],
    "34": [
      244,
      250,
      94,
      66,
      203,
      201,
      46,
      52,
      15,
      50,
      148,
      112,
      175,
      198,
      218,
      117,
      198,
      250,
      140,
      110,
      129,
      95,
      208,
      74,
      58,
      163,
      12,
      186,
      120,
      30,
      173,
      186
    ],
    "15": [
      66,
      206,
      135,
      108,
      203,
      157,
      222,
      170,
      225,
      182,
      249,
      153,
      231,
      140,
      254,
      179,
      189,
      205,
      99,
      114,
      3,
      70,
      199,
      252,
      9,
      132,
      192,
      57,
      174,
      228,
      103,
      67
    ],
    "46": [
      137,
      44,
      205,
      234,
      123,
      236,
      179,
      51,
      103,
      205,
      247,
      116,
      92,
      191,
      201,
      39,
      234,
      247,
      169,
      115,
      185,
      197,
      88,
      120,
      213,
      85,
      84,
      250,
      226,
      27,
      168,
      75
    ],
    "11": [
      253,
      246,
      166,
      141,
      135,
      122,
      138,
      208,
      90,
      193,
      193,
      227,
      225,
      210,
      215,
      12,
      100,
      76,
      191,
      33,
      90,
      211,
      135,
      225,
      23,
      116,
      204,
      12,
      25,
      23,
      228,
      123
    ],
    "42": [
      133,
      74,
      230,
      62,
      102,
      115,
      167,
      11,
      121,
      253,
      48,
      23,
      182,
      142,
      58,
      241,
      167,
      210,
      191,
      24,
      70,
      56,
      131,
      64,
      195,
      69,
      221,
      95,
      26,
      9,
      73,
      169
    ],
    "23": [
      235,
      93,
      147,
      160,
      46,
      106,
      175,
      185,
      236,
      239,
      139,
      39,
      208,
      238,
      118,
      249,
      44,
      70,
      163,
      134,
      91,
      155,
      116,
      237,
      137,
      33,
      99,
      211,
      53,
      196,
      250,
      16
    ],
    "54": [
      45,
      50,
      29,
      19,
      65,
      78,
      171,
      120,
      107,
      115,
      252,
      148,
      224,
      108,
      17,
      37,
      11,
      101,
      154,
      152,
      227,
      17,
      28,
      196,
      202,
      94,
      135,
      161,
      89,
      251,
      57,
      99
    ],
    "19": [
      90,
      88,
      17,
      249,
      165,
      177,
      17,
      168,
      70,
      208,
      4,
      135,
      112,
      209,
      188,
      144,
      157,
      252,
      115,
      242,
      79,
      101,
      91,
      237,
      185,
      91,
      197,
      134,
      105,
      100,
      69,
      187
    ],
    "50": [
      24,
      170,
      140,
      32,
      65,
      178,
      23,
      39,
      179,
      237,
      255,
      94,
      245,
      89,
      27,
      129,
      223,
      43,
      148,
      165,
      136,
      231,
      62,
      190,
      84,
      44,
      159,
      106,
      64,
      59,
      141,
      235
    ],
    "31": [
      23,
      12,
      163,
      68,
      43,
      163,
      243,
      69,
      50,
      123,
      144,
      233,
      218,
      128,
      108,
      42,
      129,
      175,
      51,
      152,
      164,
      167,
      44,
      161,
      207,
      219,
      248,
      110,
      39,
      53,
      25,
      99
    ],
    "62": [
      235,
      107,
      204,
      61,
      172,
      81,
      203,
      73,
      82,
      49,
      64,
      250,
      181,
      225,
      87,
      46,
      33,
      205,
      92,
      205,
      85,
      44,
      48,
      188,
      175,
      122,
      72,
      28,
      146,
      126,
      144,
      9
    ],
    "27": [
      59,
      13,
      111,
      189,
      150,
      152,
      190,
      53,
      34,
      116,
      162,
      77,
      208,
      126,
      105,
      13,
      252,
      119,
      143,
      131,
      2,
      236,
      184,
      153,
      85,
      147,
      104,
      17,
      10,
      60,
      67,
      232
    ],
    "58": [
      255,
      79,
      97,
      4,
      131,
      196,
      220,
      31,
      30,
      89,
      216,
      81,
      134,
      90,
      175,
      40,
      169,
      96,
      88,
      131,
      172,
      39,
      159,
      214,
      183,
      184,
      95,
      73,
      244,
      225,
      145,
      10
    ]
  },
  "my_cert": [],
  "my_cert_key": [],
  "root_cert": []
}