{
  "net_map": {
    "37": "127.0.0.1:8537",
    "6": "127.0.0.1:8506",
    "33": "127.0.0.1:8533",
    "64": "127.0.0.1:9000",
    "2": "127.0.0.1:8502",
    "45": "127.0.0.1:8545",
    "14": "127.0.0.1:8514",
    "41": "127.0.0.1:8541",
    "10": "127.0.0.1:8510",
    "53": "127.0.0.1:8553",
    "22": "127.0.0.1:8522",
    "49": "127.0.0.1:8549",
    "18": "127.0.0.1:8518",
    "61": "127.0.0.1:8561",
    "30": "127.0.0.1:8530",
    "57": "127.0.0.1:8557",
    "26": "127.0.0.1:8526",
    "5": "127.0.0.1:8505",
    "36": "127.0.0.1:8536",
    "1": "127.0.0.1:8501",
    "32": "127.0.0.1:8532",
    "13": "127.0.0.1:8513",
    "44": "127.0.0.1:8544",
    "9": "127.0.0.1:8509",
    "40": "127.0.0.1:8540",
    "21": "127.0.0.1:8521",
    "52": "127.0.0.1:8552",
    "17": "127.0.0.1:8517",
    "48": "127.0.0.1:8548",
    "29": "127.0.0.1:8529",
    "60": "127.0.0.1:8560",
    "25": "127.0.0.1:8525",
    "56": "127.0.0.1:8556",
    "4": "127.0.0.1:8504",
    "39": "127.0.0.1:8539",
    "0": "127.0.0.1:8500",
    "35": "127.0.0.1:8535",
    "12": "127.0.0.1:8512",
    "47": "127.0.0.1:8547",
    "8": "127.0.0.1:8508",
    "43": "127.0.0.1:8543",
    "20": "127.0.0.1:8520",
    "55": "127.0.0.1:8555",
    "16": "127.0.0.1:8516",
    "51": "127.0.0.1:8551",
    "28": "127.0.0.1:8528",
    "63": "127.0.0.1:8563",
    "24": "127.0.0.1:8524",
    "59": "127.0.0.1:8559",
    "7": "127.0.0.1:8507",
    "38": "127.0.0.1:8538",
    "3": "127.0.0.1:8503",
    "34": "127.0.0.1:8534",
    "15": "127.0.0.1:8515",
    "46": "127.0.0.1:8546",
    "11": "127.0.0.1:8511",
    "42": "127.0.0.1:8542",
    "23": "127.0.0.1:8523",
    "54": "127.0.0.1:8554",
    "19": "127.0.0.1:8519",
    "50": "127.0.0.1:8550",
    "31": "127.0.0.1:8531",
    "62": "127.0.0.1:8562",
    "27": "127.0.0.1:8527",
    "58": "127.0.0.1:8558"
  },
  "delta": 100,
  "id": 20,
  "num_nodes": 64,
  "num_faults": 21,
  "block_size": 100,
  "client_port": 7020,
  "client_addr": "0.0.0.0:5000",
  "payload": 0,
  "prot_payload": "cc,/home/akhil/research/EEBA/libchatter/",
  "crypto_alg": "NOPKI",
  "pk_map": {},
  "secret_key_bytes": [],
  "sk_map": {
    "37": [
      42,
      181,
      24,
      172,
      120,
      152,
      214,
      59,
      146,
      105,
      214,
      157,
      30,
      224,
      179,
      119,
      106,
      4,
      128,
      27,
      163,
      47,
      20,
      214,
      172,
      71,
      150,
      221,
      5,
      140,
      236,
      83
    ],
    "6": [
      136,
      56,
      40,
      108,
      151,
      129,
      38,
      140,
      103,
      53,
      88,
      204,
      161,
      168,
      144,
      153,
      116,
      63,
      18,
      32,
      238,
      192,
      153,
      93,
      195,
      221,
      219,
      98,
      18,
      100,
      208,
      118
    ],
    "33": [
      190,
      68,
      83,
      90,
      19,
      197,
      63,
      74,
      1,
      31,
      62,
      0,
      36,
      78,
      18,
      104,
      31,
      6,
      133,
      124,
      189,
      243,
      191,
      19,
      230,
      6,
      7,
      242,
      166,
      63,
      118,
      62
    ],
    "2": [
      198,
      121,
      236,
      247,
      140,
      148,
      98,
      235,
      116,
      49,
      237,
      211,
      89,
      137,
      203,
      49,
      63,
      127,
      85,
      40,
      156,
      63,
      9,
      165,
      160,
      222,
      53,
      235,
      67,
      36,
      220,
      5
    ],
    "45": [
      171,
      235,
      174,
      95,
      138,
      59,
      97,
      118,
      220,
      137,
      117,
      80,
      250,
      5,
      45,
      16,
      207,
      179,
      167,
      211,
      152,
      91,
      96,
      24,
      110,
      126,
      157,
      106,
      140,
      47,
      10,
      4
    ],
    "14": [
      190,
      22,
      50,
      112,
      239,
      76,
      254,
      136,
      64,
      241,
      62,
      131,
      226,
      25,
      102,
      60,
      183,
      176,
      245,
      249,
      29,
      210,
      160,
      67,
      115,
      38,
      108,
      180,
      67,
      75,
      254,
      98
    ],
    "41": [
      1,
      196,
      129,
      129,
      30,
      58,
      22,
      58,
      208,
      244,
      244,
      42,
      184,
      233,
      133,
      85,
      72,
      13,
      109,
      216,
      161,
      212,
      9,
      128,
      215,
      132,
      31,
      174,
      218,
      80,
      109,
      182
    ],
    "10": [
      245,
      241,
      251,
      104,
      143,
      238,
      232,
      169,
      240,
      195,
      141,
      39,
      174,
      51,
      63,
      49,
      154,
      28,
      207,
      114,
      232,
      138,
      80,
      142,
      18,
      86,
      119,
      97,
      214,
      24,
      250,
      91
    ],
    "53": [
      232,
      151,
      199,
      48,
      21,
      236,
      183,
      200,
      197,
      161,
      43,
      86,
      207,
      251,
      255,
      197,
      119,
      2,
      164,
      187,
      22,
      110,
      89,
      20,
      213,
      193,
      113,
      105,
      194,
      251,
      238,
      136
    ],
    "22": [
      110,
      170,
      80,
      84,
      127,
      140,
      68,
      214,
      87,
      86,
      97,
      153,
      238,
      94,
      3,
      210,
      131,
      213,
      9,
      123,
      141,
      243,
      54,
      116,
      215,
      48,
      98,
      41,
      177,
      164,
      159,
      24
    ],
    "49": [
      157,
      68,
      243,
      90,
      135,
      166,
      96,
      181,
      154,
      28,
      114,
      8,
      180,
      187,
      97,
      229,
      76,
      9,
      166,
      37,
      192,
      204,
      64,
      11,
      121,
      209,
      61,
      50,
      120,
      57,
      92,
      105
    ],
    "18": [
      107,
      53,
      37,
      1,
      88,
      129,
      126,
      219,
      26,
      197,
      135,
      53,
      149,
      33,
      232,
      14,
      143,
      245,
      140,
      208,
      110,
      35,
      38,
      79,
      204,
      108,
      96,
      207,
      180,
      30,
      152,
      0
    ],
    "61": [
      106,
      216,
      175,
      28,
      154,
      142,
      15,
      43,
      167,
      33,
      45,
      179,
      184,
      161,
      144,
      18,
      214,
      136,
      123,
      170,
      42,
      45,
      252,
      170,
      89,
      117,
      201,
      198,
      103,
      148,
      242,
      145
    ],
    "30": [
      225,
      153,
      144,
      51,
      44,
      225,
      214,
      43,
      247,
      170,
      13,
      43,
      189,
      28,
      90,
      139,
      94,
      212,
      190,
      149,
      221,
      143,
      222,
      7,
      65,
      33,
      179,
      250,
      144,
      143,
      174,
      55
    ],
    "57": [
      210,
      243,
      195,
      228,
      235,
      85,
      4,
      115,
      112,
      208,
      21,
      44,
      77,
      167,
      248,
      3,
      24,
      53,
      110,
      249,
      124,
      114,
      159,
      79,
      154,
      194,
      198,
      237,
      66,
      192,
      26,
      215
    ],
    "26": [
      188,
      163,
      162,
      82,
      209,
      59,
      75,
      166,
      218,
      53,
      29,
      91,
      245,
      34,
      6,
      202,
      49,
      199,
      180,
      236,
      198,
      170,
      235,
      132,
      198,
      213,
      255,
      104,
      44,
      215,
      185,
      46
    ],
    "5": [
      242,
      16,
      32,
      129,
      81,
      136,
      130,
      5,
      46,
      138,
      19,
      201,
      48,
      216,
      205,
      55,
      143,
      58,
      254,
      85,
      152,
      4,
      130,
      94,
      246,
      194,
      100,
      121,
      66,
      242,
      86,
      75
    ],
    "36": [
      250,
      194,
      109,
      112,
      0,
      106,
      197,
      169,
      225,
      31,
      168,
      177,
      177,
      118,
      162,
      211,
      67,
      133,
      136,
      80,
      93,
      54,
      224,
      157,
      77,
      108,
      201,
      250,
      176,
      15,
      130,
      42
    ],
    "1": [
      117,
      47,
      22,
      226,
      72,
      203,
      167,
      241,
      201,
      242,
      38,
      176,
      22,
      8,
      230,
      185,
      148,
      169,
      3,
      110,
      126,
      134,
      118,
      123,
      196,
      224,
      25,
      42,
      78,
      200,
      241,
      79
    ],
    "32": [
      194,
      6,
      19,
      20,
      57,
      22,
      1,
      103,
      176,
      165,
      127,
      99,
      147,
      194,
      1,
      170,
      166,
      199,
      60,
      32,
      228,
      175,
      137,
      53,
      46,
      113,
      45,
      63,
      149,
      242,
      75,
      170
    ],
    "13": [
      12,
      193,
      175,
      123,
      215,
      190,
      40,
      175,
      161,
      90,
      218,
      9,
      234,
      205,
      247,
      63,
      181,
      109,
      60,
      18,
      96,
      60,
      27,
      129,
      114,
      253,
      67,
      59,
      23,
      104,
      147,
      115
    ],
    "44": [
      92,
      137,
      195,
      56,
      235,
      7,
      24,
      178,
      222,
      166,
      47,
      151,
      60,
      114,
      219,
      188,
      78,
      49,
      208,
      132,
      102,
      37,
      33,
      251,
      28,
      134,
      77,
      95,
      217,
      109,
      195,
      218
    ],
    "9": [
      194,
      93,
      163,
      90,
      190,
      41,
      209,
      136,
      109,
      252,
      139,
      243,
      235,
      136,
      156,
      231,
      189,
      110,
      244,
      99,
      124,
      220,
      243,
      166,
      162,
      204,
      58,
      233,
      107,
      73,
      191,
      213
    ],
    "40": [
      58,
      252,
      173,
      143,
      185,
      210,
      109,
      74,
      85,
      26,
      163,
      112,
      166,
      214,
      187,
      198,
      238,
      85,
      46,
      174,
      208,
      118,
      205,
      188,
      81,
      21,
      128,
      165,
      118,
      136,
      237,
      137
    ],
    "21": [
      238,
      8,
      113,
      207,
      202,
      34,
      11,
      199,
      245,
      201,
      130,
      46,
      31,
      217,
      251,
      237,
      39,
      114,
      92,
      151,
      104,
      64,
      148,
      30,
      219,
      104,
      16,
      29,
      62,
      232,
      147,
      96
    ],
    "52": [
      249,
      2,
      123,
      132,
      99,
      69,
      17,
      154,
      176,
      141,
      224,
      171,
      113,
      78,
      45,
      113,
      81,
      28,
      85,
      237,
      182,
      232,
      107,
      228,
      139,
      193,
      70,
      197,
      31,
      155,
      69,
      188
    ],
    "17": [
      162,
      104,
      199,
      154,
      13,
      160,
      46,
      122,
      221,
      233,
      170,
      21,
      74,
      212,
      105,
      172,
      63,
      143,
      230,
      47,
      34,
      71,
      47,
      216,
      84,
      102,
      36,
      86,
      83,
      23,
      137,
      75
    ],
    "48": [
      51,
      253,
      183,
      248,
      80,
      113,
      19,
      91,
      51,
      227,
      17,
      154,
      17,
      109,
      82,
      106,
      128,
      46,
      41,
      171,
      241,
      94,
      185,
      112,
      36,
      16,
      204,
      7,
      110,
      206,
      195,
      242
    ],
    "29": [
      227,
      114,
      210,
      242,
      200,
      239,
      65,
      198,
      64,
      125,
      163,
      151,
      232,
      0,
      110,
      255,
      15,
      108,
      32,
      67,
      35,
      216,
      104,
      225,
      237,
      98,
      27,
      18,
      111,
      165,
      188,
      221
    ],
    "60": [
      29,
      8,
      230,
      58,
      14,
      137,
      79,
      49,
      107,
      180,
      247,
      60,
      229,
      246,
      211,
      253,
      124,
      231,
      144,
      164,
      158,
      39,
      66,
      168,
      170,
      15,
      167,
      167,
      100,
      170,
      174,
      244
    ],
    "25": [
      212,
      173,
      118,
      108,
      70,
      0,
      167,
      11,
      209,
      128,
      254,
      49,
      153,
      57,
      9,
      141,
      32,
      84,
      85,
      147,
      122,
      105,
      156,
      132,
      112,
      71,
      157,
      200,
      1,
      129,
      79,
      58
    ],
    "56": [
      159,
      150,
      185,
      184,
      128,
      82,
      3,
      144,
      15,
      255,
      242,
      228,
      151,
      0,
      25,
      251,
      217,
      153,
      134,
      196,
      121,
      144,
      22,
      244,
      234,
      174,
      168,
      255,
      138,
      116,
      156,
      172
    ],
    "4": [
      95,
      161,
      233,
      223,
      158,
      157,
      51,
      12,
      157,
      178,
      64,
      175,
      223,
      171,
      96,
      118,
      223,
      29,
      83,
      223,
      188,
      220,
      39,
      73,
      126,
      130,
      161,
      132,
      199,
      141,
      179,
      235
    ],
    "39": [
      206,
      218,
      19,
      117,
      30,
      93,
      62,
      110,
      42,
      80,
      156,
      210,
      20,
      5,
      173,
      121,
      55,
      201,
      191,
      26,
      206,
      57,
      70,
      236,
      115,
      223,
      82,
      188,
      123,
      179,
      47,
      194
    ],
    "0": [
      162,
      195,
      123,
      26,
      24,
      230,
      85,
      107,
      168,
      114,
      214,
      233,
      20,
      159,
      165,
      74,
      109,
      242,
      8,
      45,
      133,
      25,
      15,
      252,
      239,
      112,
      132,
      30,
      131,
      91,
      93,
      40
    ],
    "35": [
      79,
      12,
      149,
      205,
      232,
      248,
      137,
      118,
      63,
      235,
      222,
      222,
      50,
      175,
      23,
      1,
      5,
      39,
      202,
      169,
      163,
      85,
      81,
      48,
      196,
      210,
      49,
      93,
      203,
      77,
      20,
      134
    ],
    "12": [
      29,
      20,
      184,
      253,
      240,
      142,
      10,
      60,
      42,
      205,
      181,
      126,
      134,
      138,
      57,
      9,
      84,
      182,
      253,
      219,
      219,
      198,
      123,
      185,
      187,
      9,
      202,
      29,
      105,
      119,
      132,
      67
    ],
    "47": [
      107,
      185,
      137,
      223,
      197,
      244,
      173,
      192,
      108,
      88,
      23,
      77,
      53,
      31,
      63,
      43,
      231,
      146,
      120,
      11,
      57,
      252,
      235,
      240,
      140,
      92,
      97,
      164,
      174,
      110,
      44,
      212
    ],
    "8": [
      15,
      214,
      117,
      214,
      33,
      19,
      15,
      213,
      143,
      255,
      99,
      209,
      206,
      79,
      230,
      93,
      147,
      30,
      95,
      158,
      227,
      19,
      156,
      49,
      248,
      48,
      128,
      178,
      37,
      225,
      169,
      79
    ],
    "43": [
      198,
      167,
      138,
      253,
      99,
      118,
      45,
      171,
      21,
      247,
      160,
      146,
      43,
      18,
      138,
      119,
      37,
      131,
      78,
      135,
      218,
      165,
      111,
      195,
      97,
      7,
      140,
      12,
      36,
      167,
      171,
      41
    ],
    "20": [
      220,
      94,
      146,
      135,
      16,
      207,
      231,
      200,
      26,
      34,
      52,
      170,
      251,
      83,
      21,
      188,
      240,
      35,
      250,
      151,
      62,
      64,
      161,
      33,
      230,
      22,
      215,
      191,
      72,
      30,
      6,
      15
    ],
    "55": [
      140,
      14,
      126,
      77,
      251,
      38,
      106,
      243,
      192,
      79,
      18,
      101,
      32,
      220,
      76,
      13,
      228,
      200,
      131,
      198,
      39,
      37,
      131,
      110,
      94,
      97,
      38,
      189,
      107,
      194,
      80,
      26
    ],
    "16": [
      72,
      66,
      60,
      13,
      154,
      146,
      57,
      179,
      226,
      252,
      36,
      119,
      180,
      174,
      138,
      250,
      3,
      16,
      187,
      213,
      140,
      145,
      121,
      124,
      1,
      68,
      244,
      93,
      153,
      133,
      184,
      94
    ],
    "51": [
      2,
      186,
      191,
      153,
      194,
      66,
      240,
      15,
      230,
      202,
      111,
      155,
      163,
      142,
      6,
      68,
      192,
      71,
      129,
      38,
      155,
      152,
      15,
      200,
      46,
      33,
      45,
      155,
      91,
      79,
      176,
      125
    ],
    "28": [
      64,
      195,
      34,
      19,
      145,
      18,
      125,
      173,
      41,
      77,
      53,
      233,
      39,
      107,
      148,
      232,
      253,
      23,
      9,
      18,
      154,
      63,
      123,
      168,
      143,
      15,
      58,
      242,
      149,
      120,
      185,
      71
    ],
    "63": [
      115,
      191,
      189,
      26,
      20,
      135,
      91,
      247,
      32,
      152,
      147,
      214,
      52,
      91,
      149,
      80,
      13,
      43,
      233,
      113,
      124,
      147,
      221,
      18,
      48,
      233,
      88,
      145,
      95,
      200,
      68,
      188
    ],
    "24": [
      35,
      187,
      48,
      174,
      254,
      7,
      223,
      186,
      98,
      174,
      177,
      17,
      252,
      18,
      89,
      98,
      76,
      195,
      108,
      177,
      254,
      217,
      83,
      240,
      9,
      171,
      223,
      91,
      117,
      170,
      87,
      180
    ],
    "59": [
      18,
      211,
      169,
      212,
      197,
      15,
      202,
      197,
      4,
      227,
      205,
      124,
      44,
      144,
      173,
      57,
      201,
      33,
      26,
      154,
      86,
      158,
      236,
      152,
      12,
      82,
      112,
      180,
      229,
      32,
      26,
      84
    ],
    "7": [
      33,
      33,
      38,
      142,
      190,
      87,
      225,
      119,
      213,
      35,
      64,
      140,
      85,
      123,
      60,
      110,
      63,
      97,
      53,
      155,
      227,
      120,
      94,
      152,
      124,
      198,
      24,
      252,
      116,
      252,
      54,
      115
    ],
    "38": [
      194,
      234,
      206,
      67,
      84,
      126,
      18,
      249,
      162,
      176,
      80,
      194,
      79,
      236,
      30,
      141,
      83,
      119,
      87,
      172,
      17,
      146,
      123,
      84,
      181,
      139,
      17,
      197,
      249,
      79,
      42,
      167
    ],
    "3": [
      28,
      170,
      145,
      7,
      158,
      143,
      107,
      164,
      57,
      207,
      204,
      104,
      193,
      40,
      169,
      204,
      27,
      151,
      184,
      205,
      85,
      81,
      90,
      196,
      127,
      57,
      178,
      193,
      21,
      106,
      247,
      193
    ],
    "34": [
      138,
      74,
      211,
      60,
      19,
      1,
      58,
      119,
      240,
      135,
      130,
      104,
      248,
      9,
      147,
      105,
      134,
      101,
      225,
      108,
      9,
      8,
      82,
      112,
      204,
      114,
      204,
      64,
      156,
      127,
      108,
      128
    ],
    "15": [
      61,
      211,
      227,
      23,
      251,
      14,
      87,
      35,
      192,
      165,
      75,
      106,
      119,
      250,
      5,
      132,
      209,
      229,
      56,
      18,
      213,
      254,
      249,
      55,
      141,
      127,
      165,
      167,
      103,
      77,
      96,
      60
    ],
    "46": [
      246,
      53,
      230,
      138,
      213,
      65,
      45,
      158,
      211,
      161,
      166,
      139,
      202,
      127,
      197,
      11,
      244,
      176,
      224,
      217,
      172,
      86,
      13,
      159,
      104,
      190,
      221,
      141,
      136,
      82,
      136,
      18
    ],
    "11": [
      229,
      24,
      182,
      195,
      199,
      3,
      90,
      58,
      215,
      86,
      102,
      61,
      0,
      172,
      168,
      87,
      121,
      49,
      84,
      171,
      66,
      201,
      118,
      228,
      66,
      45,
      221,
      65,
      124,
      133,
      46,
      140
    ],
    "42": [
      184,
      143,
      162,
      126,
      105,
      138,
      9,
      240,
      200,
      126,
      3,
      197,
      133,
      246,
      7,
      68,
      28,
      200,
      139,
      64,
      204,
      33,
      0,
      111,
      125,
      43,
      125,
      241,
      77,
      2,
      126,
      35
    ],
    "23": [
      14,
      136,
      221,
      196,
      114,
      194,
      138,
      133,
      0,
      96,
      46,
      90,
      57,
      185,
      4,
      142,
      201,
      64,
      137,
      77,
      170,
      226,
      44,
      153,
      213,
      55,
      149,
      63,
      217,
      28,
      84,
      192
    ],
    "54": [
      9,
      86,
      90,
      111,
      244,
      38,
      174,
      152,
      87,
      25,
      237,
      56,
      49,
      43,
      107,
      84,
      105,
      147,
      241,
      111,
      164,
      189,
      48,
      76,
      190,
      174,
      3,
      251,
      130,
      161,
      109,
      106
    ],
    "19": [
      199,
      240,
      63,
      106,
      83,
      27,
      83,
      200,
      42,
      138,
      95,
      167,
      127,
      2,
      181,
      255,
      149,
      25,
      42,
      2,
      174,
      210,
      149,
      7,
      58,
      154,
      11,
      158,
      62,
      33,
      82,
      169
    ],
    "50": [
      251,
      174,
      22,
      40,
      163,
      153,
      51,
      73,
      190,
      91,
      198,
      15,
      34,
      148,
      203,
      87,
      124,
      179,
      15,
      0,
      97,
      196,
      82,
      124,
      66,
      161,
      67,
      220,
      85,
      89,
      26,
      227
    ],
    "31": [
      219,
      97,
      243,
      40,
      230,
      91,
      247,
      229,
      190,
      20,
      134,
      45,
      96,
      53,
      18,
      148,
      166,
      161,
      29,
      193,
      27,
      244,
      175,
      177,
      227,
      153,
      178,
      157,
      12,
      99,
      55,
      214
    ],
    "62": [
      70,
      59,
      61,
      19,
      76,
      123,
      9,
      229,
      131,
      47,
      235,
      237,
      191,
      186,
      22,
      131,
      71,
      73,
      122,
      250,
      138,
      106,
      30,
      181,
      139,
      201,
      162,
      237,
      59,
      112,
      208,
      91
    ],
    "27": [
      101,
      74,
      103,
      3,
      229,
      230,
      123,
      193,
      204,
      34,
      150,
      242,
      186,
      142,
      40,
      244,
      165,
      43,
      157,
      28,
      251,
      106,
      35,
      77,
      246,
      147,
      224,
      172,
      41,
      241,
      117,
      104
    ],
    "58": [
      74,
      17,
      54,
      127,
      147,
      116,
      59,
      30,
      99,
      169,
      226,
      102,
      156,
      139,
      137,
      3,
      243,
      144,
      192,
      126,
      186,
      207,
      164,
      46,
      217,
      51,
      13,
      243,
      17,
      61,
      145,
      193
    ]
  },
  "my_cert": [],
  "my_cert_key": [],
  "root_cert": []
}