{
  "net_map": {
    "37": "127.0.0.1:8537",
    "6": "127.0.0.1:8506",
    "33": "127.0.0.1:8533",
    "64": "127.0.0.1:9000",
    "2": "127.0.0.1:8502",
    "45": "127.0.0.1:8545",
    "14": "127.0.0.1:8514",
    "41": "127.0.0.1:8541",
    "10": "127.0.0.1:8510",
    "53": "127.0.0.1:8553",
    "22": "127.0.0.1:8522",
    "49": "127.0.0.1:8549",
    "18": "127.0.0.1:8518",
    "61": "127.0.0.1:8561",
    "30": "127.0.0.1:8530",
    "57": "127.0.0.1:8557",
    "26": "127.0.0.1:8526",
    "5": "127.0.0.1:8505",
    "36": "127.0.0.1:8536",
    "1": "127.0.0.1:8501",
    "32": "127.0.0.1:8532",
    "13": "127.0.0.1:8513",
    "44": "127.0.0.1:8544",
    "9": "127.0.0.1:8509",
    "40": "127.0.0.1:8540",
    "21": "127.0.0.1:8521",
    "52": "127.0.0.1:8552",
    "17": "127.0.0.1:8517",
    "48": "127.0.0.1:8548",
    "29": "127.0.0.1:8529",
    "60": "127.0.0.1:8560",
    "25": "127.0.0.1:8525",
    "56": "127.0.0.1:8556",
    "4": "127.0.0.1:8504",
    "39": "127.0.0.1:8539",
    "0": "127.0.0.1:8500",
    "35": "127.0.0.1:8535",
    "12": "127.0.0.1:8512",
    "47": "127.0.0.1:8547",
    "8": "127.0.0.1:8508",
    "43": "127.0.0.1:8543",
    "20": "127.0.0.1:8520",
    "55": "127.0.0.1:8555",
    "16": "127.0.0.1:8516",
    "51": "127.0.0.1:8551",
    "28": "127.0.0.1:8528",
    "63": "127.0.0.1:8563",
    "24": "127.0.0.1:8524",
    "59": "127.0.0.1:8559",
    "7": "127.0.0.1:8507",
    "38": "127.0.0.1:8538",
    "3": "127.0.0.1:8503",
    "34": "127.0.0.1:8534",
    "15": "127.0.0.1:8515",
    "46": "127.0.0.1:8546",
    "11": "127.0.0.1:8511",
    "42": "127.0.0.1:8542",
    "23": "127.0.0.1:8523",
    "54": "127.0.0.1:8554",
    "19": "127.0.0.1:8519",
    "50": "127.0.0.1:8550",
    "31": "127.0.0.1:8531",
    "62": "127.0.0.1:8562",
    "27": "127.0.0.1:8527",
    "58": "127.0.0.1:8558"
  },
  "delta": 100,
  "id": 13,
  "num_nodes": 64,
  "num_faults": 21,
  "block_size": 100,
  "client_port": 7013,
  "client_addr": "0.0.0.0:5000",
  "payload": 0,
  "prot_payload": "cc,/home/akhil/research/EEBA/libchatter/",
  "crypto_alg": "NOPKI",
  "pk_map": {},
  "secret_key_bytes": [],
  "sk_map": {
    "37": [
      209,
      30,
      151,
      145,
      33,
      192,
      49,
      252,
      82,
      37,
      8,
      47,
      35,
      47,
      137,
      43,
      64,
      178,
      11,
      39,
      76,
      236,
      229,
      110,
      208,
      25,
      174,
      31,
      166,
      34,
      179,
      238
    ],
    "6": [
      146,
      12,
      85,
      59,
      47,
      182,
      198,
      16,
      90,
      248,
      143,
      187,
      46,
      154,
      25,
      141,
      77,
      110,
      80,
      237,
      120,
      248,
      182,
      6,
      167,
      55,
      237,
      81,
      100,
      240,
      151,
      171
    ],
    "33": [
      199,
      135,
      86,
      158,
      228,
      230,
      66,
      185,
      191,
      68,
      98,
      74,
      203,
      237,
      127,
      149,
      170,
      26,
      89,
      2,
      46,
      193,
      127,
      187,
      28,
      167,
      71,
      6,
      148,
      91,
      182,
      74
    ],
    "2": [
      127,
      159,
      225,
      243,
      250,
      193,
      110,
      197,
      50,
      8,
      215,
      134,
      17,
      240,
      242,
      179,
      21,
      13,
      54,
      171,
      40,
      106,
      73,
      32,
      121,
      163,
      102,
      96,
      113,
      119,
      218,
      98
    ],
    "45": [
      109,
      34,
      216,
      83,
      222,
      3,
      32,
      180,
      28,
      68,
      102,
      28,
      195,
      189,
      93,
      177,
      162,
      49,
      207,
      177,
      21,
      74,
      83,
      116,
      226,
      80,
      81,
      142,
      140,
      110,
      12,
      88
    ],
    "14": [
      37,
      16,
      186,
      18,
      37,
      111,
      231,
      74,
      243,
      213,
      202,
      49,
      191,
      119,
      142,
      169,
      219,
      237,
      201,
      227,
      171,
      247,
      25,
      64,
      103,
      96,
      182,
      13,
      239,
      43,
      219,
      136
    ],
    "41": [
      47,
      129,
      125,
      202,
      201,
      14,
      137,
      124,
      87,
      219,
      23,
      160,
      126,
      92,
      67,
      200,
      249,
      128,
      186,
      202,
      198,
      154,
      162,
      98,
      150,
      54,
      187,
      86,
      170,
      14,
      151,
      244
    ],
    "10": [
      245,
      127,
      161,
      134,
      35,
      218,
      159,
      25,
      226,
      76,
      149,
      255,
      116,
      62,
      164,
      139,
      232,
      240,
      125,
      65,
      100,
      10,
      34,
      58,
      67,
      246,
      205,
      109,
      62,
      72,
      192,
      247
    ],
    "53": [
      102,
      13,
      47,
      33,
      87,
      183,
      46,
      51,
      83,
      4,
      136,
      110,
      108,
      93,
      41,
      36,
      78,
      4,
      139,
      212,
      185,
      42,
      115,
      107,
      245,
      235,
      53,
      213,
      237,
      10,
      253,
      220
    ],
    "22": [
      129,
      68,
      212,
      198,
      38,
      170,
      23,
      138,
      112,
      222,
      97,
      202,
      23,
      38,
      241,
      2,
      42,
      167,
      184,
      242,
      216,
      135,
      177,
      188,
      139,
      66,
      248,
      214,
      234,
      83,
      19,
      68
    ],
    "49": [
      208,
      14,
      47,
      219,
      67,
      54,
      195,
      206,
      33,
      155,
      237,
      89,
      99,
      162,
      231,
      179,
      172,
      112,
      55,
      202,
      145,
      23,
      85,
      20,
      151,
      238,
      127,
      71,
      157,
      158,
      115,
      177
    ],
    "18": [
      156,
      89,
      201,
      73,
      161,
      111,
      128,
      151,
      77,
      191,
      136,
      5,
      240,
      17,
      160,
      4,
      103,
      47,
      31,
      79,
      129,
      28,
      163,
      42,
      92,
      121,
      5,
      88,
      143,
      205,
      51,
      31
    ],
    "61": [
      124,
      182,
      245,
      145,
      183,
      255,
      138,
      154,
      18,
      45,
      8,
      167,
      202,
      213,
      204,
      188,
      31,
      171,
      219,
      188,
      34,
      108,
      178,
      73,
      41,
      54,
      63,
      205,
      228,
      63,
      19,
      178
    ],
    "30": [
      213,
      94,
      104,
      69,
      159,
      22,
      139,
      225,
      33,
      8,
      240,
      49,
      98,
      227,
      51,
      54,
      29,
      219,
      211,
      0,
      48,
      186,
      160,
      96,
      93,
      0,
      165,
      143,
      209,
      208,
      254,
      183
    ],
    "57": [
      55,
      43,
      59,
      126,
      71,
      61,
      8,
      101,
      95,
      59,
      71,
      245,
      20,
      183,
      115,
      3,
      22,
      238,
      126,
      84,
      61,
      177,
      129,
      55,
      106,
      209,
      159,
      197,
      183,
      167,
      73,
      65
    ],
    "26": [
      74,
      138,
      181,
      254,
      56,
      126,
      221,
      234,
      55,
      40,
      130,
      183,
      75,
      38,
      201,
      221,
      48,
      54,
      108,
      144,
      182,
      15,
      192,
      65,
      214,
      35,
      114,
      143,
      154,
      141,
      211,
      118
    ],
    "5": [
      78,
      198,
      213,
      214,
      113,
      73,
      249,
      162,
      56,
      40,
      134,
      7,
      187,
      84,
      168,
      102,
      241,
      212,
      180,
      49,
      186,
      44,
      30,
      9,
      98,
      168,
      179,
      115,
      72,
      254,
      191,
      9
    ],
    "36": [
      167,
      81,
      75,
      44,
      41,
      80,
      206,
      23,
      183,
      42,
      18,
      69,
      57,
      208,
      93,
      81,
      41,
      86,
      163,
      94,
      179,
      131,
      180,
      43,
      87,
      47,
      161,
      172,
      250,
      201,
      67,
      191
    ],
    "1": [
      211,
      55,
      79,
      166,
      149,
      109,
      97,
      207,
      145,
      136,
      209,
      31,
      39,
      54,
      133,
      12,
      188,
      78,
      133,
      237,
      64,
      250,
      54,
      210,
      185,
      180,
      16,
      207,
      36,
      209,
      85,
      210
    ],
    "32": [
      138,
      26,
      127,
      50,
      207,
      56,
      207,
      233,
      50,
      33,
      66,
      49,
      184,
      16,
      116,
      143,
      42,
      210,
      193,
      32,
      142,
      137,
      245,
      120,
      160,
      65,
      167,
      154,
      191,
      114,
      57,
      110
    ],
    "13": [
      203,
      57,
      186,
      103,
      104,
      185,
      57,
      176,
      114,
      47,
      48,
      8,
      152,
      247,
      12,
      40,
      137,
      237,
      58,
      183,
      58,
      62,
      158,
      150,
      159,
      29,
      141,
      47,
      248,
      225,
      24,
      76
    ],
    "44": [
      89,
      56,
      71,
      66,
      231,
      9,
      10,
      140,
      98,
      229,
      88,
      198,
      233,
      184,
      122,
      142,
      159,
      176,
      166,
      231,
      148,
      238,
      18,
      123,
      130,
      55,
      155,
      207,
      85,
      3,
      237,
      108
    ],
    "9": [
      170,
      52,
      179,
      203,
      90,
      110,
      1,
      115,
      47,
      193,
      101,
      57,
      136,
      208,
      196,
      250,
      155,
      184,
      253,
      114,
      227,
      212,
      31,
      208,
      132,
      18,
      226,
      167,
      67,
      151,
      84,
      105
    ],
    "40": [
      239,
      48,
      49,
      205,
      236,
      220,
      169,
      187,
      77,
      57,
      8,
      99,
      132,
      205,
      174,
      51,
      181,
      66,
      154,
      71,
      164,
      47,
      215,
      6,
      144,
      47,
      6,
      112,
      9,
      231,
      211,
      181
    ],
    "21": [
      159,
      95,
      147,
      59,
      114,
      52,
      152,
      112,
      7,
      198,
      225,
      197,
      159,
      95,
      110,
      140,
      249,
      59,
      80,
      245,
      85,
      254,
      240,
      5,
      23,
      71,
      144,
      81,
      149,
      67,
      29,
      132
    ],
    "52": [
      181,
      133,
      207,
      85,
      227,
      79,
      245,
      194,
      66,
      46,
      109,
      19,
      191,
      63,
      196,
      145,
      65,
      56,
      224,
      244,
      2,
      23,
      74,
      123,
      90,
      70,
      95,
      14,
      239,
      238,
      26,
      212
    ],
    "17": [
      129,
      235,
      183,
      47,
      62,
      44,
      140,
      128,
      247,
      153,
      145,
      105,
      179,
      57,
      150,
      198,
      73,
      255,
      29,
      189,
      72,
      209,
      52,
      218,
      115,
      169,
      55,
      155,
      66,
      224,
      102,
      197
    ],
    "48": [
      193,
      87,
      186,
      201,
      80,
      211,
      99,
      141,
      111,
      154,
      89,
      160,
      144,
      151,
      201,
      43,
      173,
      255,
      47,
      10,
      55,
      251,
      193,
      213,
      252,
      205,
      30,
      66,
      234,
      78,
      87,
      219
    ],
    "29": [
      170,
      17,
      223,
      152,
      151,
      164,
      24,
      103,
      55,
      92,
      38,
      209,
      5,
      245,
      163,
      184,
      112,
      45,
      220,
      215,
      88,
      173,
      64,
      75,
      125,
      83,
      146,
      147,
      196,
      115,
      27,
      63
    ],
    "60": [
      233,
      223,
      128,
      247,
      131,
      165,
      255,
      219,
      24,
      192,
      63,
      253,
      90,
      140,
      184,
      50,
      105,
      27,
      124,
      231,
      17,
      208,
      67,
      250,
      61,
      226,
      104,
      121,
      66,
      81,
      40,
      122
    ],
    "25": [
      247,
      93,
      103,
      41,
      72,
      98,
      152,
      38,
      246,
      224,
      168,
      12,
      95,
      161,
      65,
      252,
      240,
      61,
      235,
      219,
      96,
      253,
      217,
      50,
      33,
      59,
      44,
      150,
      108,
      71,
      83,
      67
    ],
    "56": [
      142,
      21,
      22,
      253,
      196,
      107,
      89,
      154,
      12,
      132,
      10,
      129,
      105,
      241,
      99,
      213,
      252,
      207,
      209,
      160,
      162,
      58,
      96,
      161,
      56,
      108,
      162,
      174,
      140,
      7,
      221,
      84
    ],
    "4": [
      98,
      167,
      42,
      83,
      105,
      248,
      159,
      219,
      158,
      44,
      79,
      101,
      186,
      188,
      189,
      212,
      188,
      153,
      159,
      203,
      245,
      76,
      245,
      14,
      118,
      149,
      67,
      206,
      85,
      221,
      33,
      253
    ],
    "39": [
      189,
      163,
      12,
      191,
      129,
      17,
      166,
      236,
      129,
      128,
      192,
      94,
      58,
      188,
      217,
      14,
      132,
      34,
      164,
      228,
      154,
      120,
      30,
      145,
      20,
      215,
      232,
      129,
      86,
      119,
      197,
      143
    ],
    "0": [
      251,
      23,
      42,
      101,
      179,
      62,
      230,
      142,
      112,
      77,
      129,
      67,
      19,
      27,
      144,
      44,
      57,
      32,
      50,
      3,
      242,
      63,
      83,
      141,
      127,
      116,
      83,
      94,
      66,
      97,
      207,
      93
    ],
    "35": [
      69,
      117,
      101,
      26,
      148,
      29,
      229,
      148,
      198,
      79,
      225,
      37,
      14,
      6,
      143,
      53,
      169,
      219,
      167,
      7,
      143,
      99,
      218,
      220,
      52,
      219,
      2,
      17,
      157,
      181,
      168,
      9
    ],
    "12": [
      162,
      54,
      66,
      246,
      89,
      139,
      37,
      188,
      1,
      185,
      51,
      212,
      40,
      219,
      52,
      121,
      130,
      255,
      143,
      219,
      40,
      8,
      198,
      167,
      208,
      50,
      44,
      234,
      22,
      57,
      63,
      233
    ],
    "47": [
      91,
      245,
      22,
      249,
      142,
      52,
      125,
      100,
      235,
      213,
      14,
      4,
      243,
      65,
      254,
      104,
      60,
      0,
      38,
      240,
      243,
      65,
      91,
      174,
      220,
      228,
      17,
      2,
      38,
      171,
      173,
      233
    ],
    "8": [
      216,
      18,
      243,
      212,
      73,
      178,
      189,
      53,
      130,
      76,
      213,
      150,
      19,
      159,
      15,
      103,
      252,
      135,
      48,
      11,
      203,
      15,
      171,
      224,
      119,
      63,
      107,
      34,
      141,
      9,
      64,
      30
    ],
    "43": [
      242,
      108,
      129,
      2,
      52,
      125,
      40,
      125,
      35,
      49,
      16,
      76,
      127,
      104,
      195,
      24,
      69,
      31,
      24,
      159,
      122,
      113,
      146,
      80,
      41,
      129,
      48,
      151,
      238,
      56,
      35,
      237
    ],
    "20": [
      12,
      193,
      175,
      123,
      215,
      190,
      40,
      175,
      161,
      90,
      218,
      9,
      234,
      205,
      247,
      63,
      181,
      109,
      60,
      18,
      96,
      60,
      27,
      129,
      114,
      253,
      67,
      59,
      23,
      104,
      147,
      115
    ],
    "55": [
      87,
      163,
      90,
      60,
      15,
      179,
      87,
      113,
      61,
      212,
      237,
      201,
      205,
      173,
      225,
      249,
      71,
      188,
      74,
      155,
      201,
      129,
      19,
      221,
      49,
      188,
      159,
      28,
      72,
      62,
      196,
      129
    ],
    "16": [
      144,
      235,
      49,
      229,
      96,
      60,
      99,
      36,
      3,
      180,
      149,
      45,
      235,
      87,
      251,
      45,
      118,
      198,
      185,
      17,
      226,
      60,
      255,
      91,
      16,
      196,
      213,
      173,
      179,
      121,
      62,
      204
    ],
    "51": [
      2,
      144,
      157,
      122,
      184,
      56,
      119,
      76,
      194,
      77,
      15,
      55,
      67,
      86,
      108,
      181,
      182,
      79,
      39,
      155,
      39,
      233,
      115,
      198,
      195,
      230,
      216,
      22,
      26,
      172,
      8,
      86
    ],
    "28": [
      8,
      254,
      49,
      110,
      53,
      96,
      233,
      81,
      214,
      245,
      48,
      210,
      237,
      23,
      101,
      1,
      35,
      122,
      91,
      229,
      45,
      125,
      120,
      205,
      230,
      68,
      113,
      233,
      11,
      0,
      79,
      248
    ],
    "63": [
      128,
      85,
      211,
      184,
      166,
      237,
      33,
      111,
      185,
      163,
      198,
      217,
      14,
      33,
      201,
      239,
      213,
      0,
      255,
      169,
      4,
      169,
      148,
      136,
      140,
      138,
      47,
      189,
      227,
      208,
      108,
      59
    ],
    "24": [
      105,
      158,
      151,
      85,
      15,
      206,
      71,
      18,
      223,
      30,
      42,
      235,
      79,
      9,
      243,
      48,
      231,
      14,
      198,
      242,
      137,
      2,
      101,
      106,
      24,
      174,
      95,
      20,
      217,
      109,
      72,
      235
    ],
    "59": [
      254,
      139,
      31,
      131,
      206,
      252,
      17,
      225,
      61,
      17,
      87,
      63,
      200,
      247,
      245,
      90,
      235,
      44,
      213,
      31,
      135,
      162,
      250,
      181,
      158,
      132,
      77,
      249,
      99,
      146,
      48,
      231
    ],
    "7": [
      132,
      151,
      46,
      25,
      238,
      72,
      97,
      42,
      201,
      194,
      91,
      175,
      234,
      120,
      84,
      237,
      24,
      195,
      178,
      175,
      233,
      195,
      146,
      89,
      125,
      230,
      53,
      42,
      215,
      37,
      25,
      196
    ],
    "38": [
      240,
      122,
      175,
      161,
      14,
      249,
      234,
      197,
      67,
      38,
      53,
      199,
      46,
      219,
      5,
      224,
      173,
      185,
      181,
      148,
      221,
      65,
      213,
      12,
      150,
      4,
      11,
      210,
      46,
      121,
      155,
      120
    ],
    "3": [
      228,
      4,
      136,
      207,
      207,
      51,
      45,
      141,
      66,
      163,
      19,
      146,
      109,
      216,
      115,
      97,
      37,
      117,
      118,
      217,
      131,
      8,
      255,
      207,
      83,
      131,
      235,
      196,
      120,
      198,
      237,
      90
    ],
    "34": [
      220,
      126,
      224,
      28,
      130,
      36,
      221,
      138,
      203,
      251,
      15,
      66,
      250,
      195,
      54,
      252,
      216,
      61,
      112,
      175,
      1,
      127,
      146,
      173,
      217,
      30,
      177,
      193,
      249,
      199,
      198,
      160
    ],
    "15": [
      201,
      53,
      176,
      121,
      236,
      76,
      79,
      164,
      51,
      190,
      21,
      162,
      123,
      186,
      150,
      160,
      173,
      14,
      252,
      71,
      60,
      18,
      20,
      23,
      148,
      254,
      228,
      26,
      39,
      40,
      167,
      36
    ],
    "46": [
      130,
      242,
      141,
      195,
      41,
      20,
      175,
      164,
      56,
      5,
      184,
      45,
      100,
      224,
      118,
      164,
      80,
      58,
      195,
      133,
      202,
      106,
      137,
      124,
      78,
      113,
      228,
      47,
      151,
      183,
      255,
      130
    ],
    "11": [
      22,
      188,
      26,
      52,
      243,
      106,
      167,
      168,
      58,
      126,
      249,
      33,
      188,
      232,
      97,
      175,
      57,
      186,
      11,
      149,
      27,
      75,
      23,
      50,
      22,
      37,
      114,
      119,
      156,
      175,
      130,
      244
    ],
    "42": [
      212,
      90,
      134,
      12,
      223,
      118,
      243,
      227,
      161,
      149,
      72,
      163,
      5,
      3,
      237,
      38,
      251,
      29,
      48,
      118,
      230,
      99,
      183,
      212,
      230,
      75,
      130,
      225,
      105,
      84,
      33,
      60
    ],
    "23": [
      62,
      120,
      216,
      184,
      201,
      169,
      129,
      1,
      152,
      74,
      125,
      44,
      44,
      81,
      218,
      103,
      103,
      141,
      44,
      8,
      99,
      102,
      249,
      26,
      4,
      67,
      4,
      42,
      7,
      42,
      152,
      69
    ],
    "54": [
      77,
      220,
      57,
      8,
      187,
      214,
      251,
      248,
      37,
      29,
      48,
      58,
      245,
      251,
      236,
      42,
      168,
      66,
      21,
      85,
      110,
      171,
      230,
      235,
      126,
      23,
      51,
      115,
      205,
      33,
      90,
      58
    ],
    "19": [
      150,
      9,
      137,
      218,
      231,
      143,
      107,
      222,
      101,
      36,
      179,
      76,
      73,
      7,
      137,
      137,
      29,
      42,
      229,
      220,
      110,
      165,
      199,
      177,
      193,
      47,
      64,
      57,
      207,
      171,
      162,
      188
    ],
    "50": [
      221,
      6,
      26,
      46,
      86,
      126,
      124,
      167,
      85,
      9,
      125,
      32,
      48,
      52,
      249,
      66,
      20,
      159,
      28,
      247,
      54,
      165,
      189,
      249,
      13,
      133,
      3,
      80,
      103,
      109,
      148,
      51
    ],
    "31": [
      107,
      47,
      247,
      90,
      27,
      107,
      181,
      24,
      214,
      78,
      140,
      215,
      14,
      47,
      86,
      238,
      151,
      241,
      109,
      193,
      193,
      187,
      100,
      243,
      92,
      200,
      101,
      79,
      18,
      103,
      147,
      34
    ],
    "62": [
      37,
      221,
      75,
      16,
      24,
      235,
      21,
      127,
      96,
      49,
      251,
      49,
      61,
      175,
      84,
      217,
      28,
      88,
      176,
      66,
      65,
      167,
      89,
      70,
      25,
      117,
      176,
      20,
      70,
      66,
      160,
      143
    ],
    "27": [
      228,
      164,
      35,
      64,
      62,
      175,
      198,
      225,
      212,
      249,
      187,
      54,
      110,
      117,
      164,
      157,
      98,
      157,
      49,
      141,
      34,
      227,
      19,
      213,
      120,
      172,
      201,
      40,
      249,
      227,
      52,
      144
    ],
    "58": [
      163,
      118,
      153,
      63,
      43,
      67,
      204,
      17,
      124,
      250,
      2,
      24,
      8,
      216,
      181,
      231,
      71,
      245,
      204,
      244,
      15,
      59,
      184,
      229,
      140,
      141,
      21,
      203,
      222,
      200,
      115,
      213
    ]
  },
  "my_cert": [],
  "my_cert_key": [],
  "root_cert": []
}