{
  "net_map": {
    "37": "127.0.0.1:8537",
    "6": "127.0.0.1:8506",
    "33": "127.0.0.1:8533",
    "64": "127.0.0.1:9000",
    "2": "127.0.0.1:8502",
    "45": "127.0.0.1:8545",
    "14": "127.0.0.1:8514",
    "41": "127.0.0.1:8541",
    "10": "127.0.0.1:8510",
    "53": "127.0.0.1:8553",
    "22": "127.0.0.1:8522",
    "49": "127.0.0.1:8549",
    "18": "127.0.0.1:8518",
    "61": "127.0.0.1:8561",
    "30": "127.0.0.1:8530",
    "57": "127.0.0.1:8557",
    "26": "127.0.0.1:8526",
    "5": "127.0.0.1:8505",
    "36": "127.0.0.1:8536",
    "1": "127.0.0.1:8501",
    "32": "127.0.0.1:8532",
    "13": "127.0.0.1:8513",
    "44": "127.0.0.1:8544",
    "9": "127.0.0.1:8509",
    "40": "127.0.0.1:8540",
    "21": "127.0.0.1:8521",
    "52": "127.0.0.1:8552",
    "17": "127.0.0.1:8517",
    "48": "127.0.0.1:8548",
    "29": "127.0.0.1:8529",
    "60": "127.0.0.1:8560",
    "25": "127.0.0.1:8525",
    "56": "127.0.0.1:8556",
    "4": "127.0.0.1:8504",
    "39": "127.0.0.1:8539",
    "0": "127.0.0.1:8500",
    "35": "127.0.0.1:8535",
    "12": "127.0.0.1:8512",
    "47": "127.0.0.1:8547",
    "8": "127.0.0.1:8508",
    "43": "127.0.0.1:8543",
    "20": "127.0.0.1:8520",
    "55": "127.0.0.1:8555",
    "16": "127.0.0.1:8516",
    "51": "127.0.0.1:8551",
    "28": "127.0.0.1:8528",
    "63": "127.0.0.1:8563",
    "24": "127.0.0.1:8524",
    "59": "127.0.0.1:8559",
    "7": "127.0.0.1:8507",
    "38": "127.0.0.1:8538",
    "3": "127.0.0.1:8503",
    "34": "127.0.0.1:8534",
    "15": "127.0.0.1:8515",
    "46": "127.0.0.1:8546",
    "11": "127.0.0.1:8511",
    "42": "127.0.0.1:8542",
    "23": "127.0.0.1:8523",
    "54": "127.0.0.1:8554",
    "19": "127.0.0.1:8519",
    "50": "127.0.0.1:8550",
    "31": "127.0.0.1:8531",
    "62": "127.0.0.1:8562",
    "27": "127.0.0.1:8527",
    "58": "127.0.0.1:8558"
  },
  "delta": 100,
  "id": 50,
  "num_nodes": 64,
  "num_faults": 21,
  "block_size": 100,
  "client_port": 7050,
  "client_addr": "0.0.0.0:5000",
  "payload": 0,
  "prot_payload": "cc,/home/akhil/research/EEBA/libchatter/",
  "crypto_alg": "NOPKI",
  "pk_map": {},
  "secret_key_bytes": [],
  "sk_map": {
    "37": [
      225,
      31,
      234,
      91,
      7,
      237,
      164,
      223,
      126,
      241,
      202,
      75,
      139,
      197,
      44,
      112,
      102,
      174,
      241,
      180,
      104,
      82,
      245,
      26,
      213,
      100,
      83,
      254,
      115,
      214,
      142,
      159
    ],
    "6": [
      32,
      147,
      214,
      241,
      66,
      179,
      63,
      60,
      68,
      73,
      187,
      159,
      208,
      211,
      81,
      217,
      171,
      58,
      62,
      139,
      80,
      83,
      218,
      194,
      119,
      170,
      43,
      172,
      200,
      35,
      152,
      236
    ],
    "33": [
      245,
      143,
      20,
      20,
      237,
      109,
      7,
      112,
      67,
      179,
      202,
      21,
      175,
      240,
      138,
      105,
      129,
      208,
      192,
      171,
      17,
      178,
      87,
      15,
      214,
      244,
      176,
      106,
      195,
      20,
      232,
      219
    ],
    "2": [
      189,
      6,
      33,
      179,
      6,
      194,
      203,
      62,
      71,
      202,
      178,
      99,
      223,
      150,
      161,
      16,
      64,
      127,
      90,
      20,
      106,
      89,
      247,
      3,
      49,
      178,
      200,
      200,
      243,
      193,
      175,
      147
    ],
    "45": [
      169,
      189,
      210,
      90,
      140,
      219,
      229,
      84,
      92,
      83,
      29,
      250,
      251,
      9,
      158,
      248,
      161,
      152,
      33,
      88,
      16,
      96,
      44,
      140,
      15,
      234,
      160,
      163,
      156,
      104,
      130,
      140
    ],
    "14": [
      29,
      69,
      55,
      73,
      46,
      177,
      42,
      249,
      194,
      182,
      168,
      32,
      130,
      23,
      6,
      80,
      221,
      218,
      129,
      165,
      239,
      48,
      116,
      97,
      224,
      216,
      215,
      114,
      101,
      255,
      110,
      196
    ],
    "41": [
      182,
      125,
      98,
      102,
      25,
      131,
      135,
      114,
      173,
      182,
      48,
      55,
      215,
      214,
      56,
      168,
      230,
      134,
      23,
      17,
      68,
      194,
      197,
      187,
      99,
      250,
      101,
      129,
      35,
      231,
      125,
      82
    ],
    "10": [
      2,
      88,
      215,
      234,
      98,
      34,
      205,
      195,
      223,
      134,
      60,
      150,
      166,
      149,
      166,
      183,
      157,
      136,
      222,
      197,
      249,
      214,
      30,
      179,
      127,
      162,
      228,
      61,
      63,
      103,
      251,
      189
    ],
    "53": [
      204,
      171,
      116,
      251,
      224,
      54,
      32,
      147,
      215,
      53,
      120,
      4,
      109,
      242,
      31,
      22,
      5,
      192,
      196,
      255,
      23,
      236,
      19,
      166,
      246,
      25,
      224,
      16,
      10,
      254,
      131,
      35
    ],
    "22": [
      134,
      85,
      166,
      212,
      128,
      95,
      167,
      80,
      20,
      223,
      204,
      122,
      167,
      246,
      120,
      72,
      32,
      41,
      3,
      60,
      176,
      99,
      115,
      231,
      158,
      130,
      94,
      223,
      73,
      96,
      158,
      41
    ],
    "49": [
      213,
      47,
      145,
      13,
      33,
      210,
      154,
      163,
      152,
      149,
      58,
      225,
      154,
      255,
      87,
      190,
      147,
      141,
      114,
      206,
      134,
      148,
      213,
      97,
      124,
      243,
      211,
      113,
      127,
      69,
      125,
      152
    ],
    "18": [
      244,
      55,
      53,
      177,
      103,
      105,
      161,
      103,
      6,
      210,
      52,
      6,
      166,
      141,
      50,
      214,
      98,
      248,
      150,
      255,
      213,
      92,
      4,
      198,
      242,
      46,
      142,
      35,
      58,
      61,
      231,
      75
    ],
    "61": [
      24,
      170,
      140,
      32,
      65,
      178,
      23,
      39,
      179,
      237,
      255,
      94,
      245,
      89,
      27,
      129,
      223,
      43,
      148,
      165,
      136,
      231,
      62,
      190,
      84,
      44,
      159,
      106,
      64,
      59,
      141,
      235
    ],
    "30": [
      102,
      237,
      114,
      132,
      85,
      85,
      81,
      242,
      145,
      190,
      5,
      48,
      24,
      218,
      240,
      190,
      125,
      207,
      1,
      35,
      21,
      70,
      26,
      205,
      113,
      184,
      32,
      132,
      89,
      160,
      18,
      29
    ],
    "57": [
      100,
      187,
      78,
      170,
      90,
      211,
      55,
      79,
      149,
      110,
      236,
      121,
      182,
      57,
      126,
      38,
      130,
      141,
      229,
      178,
      240,
      191,
      121,
      125,
      73,
      220,
      184,
      116,
      196,
      104,
      66,
      50
    ],
    "26": [
      16,
      60,
      168,
      202,
      158,
      83,
      125,
      217,
      185,
      97,
      193,
      209,
      76,
      25,
      203,
      236,
      136,
      21,
      183,
      63,
      231,
      24,
      249,
      76,
      178,
      69,
      200,
      16,
      54,
      243,
      204,
      188
    ],
    "5": [
      26,
      186,
      233,
      93,
      42,
      193,
      14,
      252,
      59,
      23,
      70,
      103,
      34,
      15,
      127,
      9,
      17,
      147,
      161,
      55,
      81,
      22,
      192,
      86,
      157,
      209,
      15,
      92,
      50,
      219,
      245,
      240
    ],
    "36": [
      175,
      156,
      141,
      64,
      217,
      134,
      210,
      167,
      96,
      88,
      75,
      150,
      150,
      8,
      218,
      204,
      8,
      246,
      121,
      182,
      255,
      216,
      148,
      204,
      7,
      209,
      226,
      171,
      180,
      101,
      234,
      31
    ],
    "1": [
      79,
      115,
      153,
      129,
      21,
      12,
      184,
      25,
      33,
      24,
      193,
      157,
      32,
      200,
      215,
      253,
      236,
      68,
      129,
      225,
      150,
      175,
      36,
      195,
      244,
      183,
      80,
      218,
      52,
      178,
      123,
      41
    ],
    "32": [
      90,
      171,
      44,
      117,
      145,
      60,
      217,
      177,
      109,
      101,
      165,
      90,
      28,
      181,
      84,
      12,
      223,
      169,
      188,
      221,
      221,
      66,
      189,
      227,
      30,
      255,
      113,
      0,
      45,
      72,
      98,
      80
    ],
    "13": [
      221,
      6,
      26,
      46,
      86,
      126,
      124,
      167,
      85,
      9,
      125,
      32,
      48,
      52,
      249,
      66,
      20,
      159,
      28,
      247,
      54,
      165,
      189,
      249,
      13,
      133,
      3,
      80,
      103,
      109,
      148,
      51
    ],
    "44": [
      208,
      5,
      172,
      169,
      138,
      90,
      4,
      241,
      40,
      100,
      217,
      4,
      112,
      186,
      141,
      191,
      230,
      248,
      139,
      125,
      109,
      237,
      130,
      112,
      52,
      245,
      170,
      219,
      249,
      37,
      35,
      37
    ],
    "9": [
      35,
      61,
      139,
      71,
      216,
      128,
      87,
      62,
      54,
      94,
      145,
      87,
      211,
      231,
      47,
      250,
      90,
      156,
      143,
      114,
      3,
      36,
      51,
      209,
      230,
      236,
      180,
      80,
      214,
      251,
      166,
      77
    ],
    "40": [
      153,
      225,
      10,
      85,
      65,
      128,
      215,
      57,
      19,
      89,
      137,
      62,
      52,
      43,
      58,
      195,
      152,
      93,
      157,
      218,
      32,
      185,
      13,
      191,
      117,
      234,
      145,
      49,
      232,
      176,
      135,
      45
    ],
    "21": [
      35,
      26,
      89,
      96,
      168,
      25,
      253,
      149,
      236,
      60,
      208,
      64,
      160,
      114,
      81,
      120,
      151,
      86,
      72,
      197,
      248,
      5,
      59,
      200,
      130,
      33,
      43,
      227,
      166,
      239,
      245,
      81
    ],
    "52": [
      250,
      27,
      222,
      49,
      66,
      31,
      100,
      127,
      58,
      224,
      225,
      59,
      57,
      127,
      9,
      26,
      92,
      84,
      55,
      243,
      59,
      3,
      4,
      149,
      209,
      72,
      231,
      83,
      208,
      112,
      206,
      240
    ],
    "17": [
      195,
      95,
      235,
      244,
      34,
      128,
      52,
      208,
      27,
      145,
      61,
      41,
      6,
      63,
      214,
      162,
      67,
      36,
      216,
      152,
      10,
      182,
      187,
      182,
      196,
      137,
      41,
      226,
      183,
      96,
      217,
      81
    ],
    "48": [
      51,
      216,
      72,
      7,
      12,
      207,
      245,
      152,
      119,
      154,
      233,
      181,
      239,
      45,
      194,
      235,
      101,
      126,
      106,
      58,
      206,
      213,
      34,
      235,
      83,
      25,
      133,
      254,
      17,
      49,
      39,
      146
    ],
    "29": [
      54,
      173,
      41,
      24,
      169,
      127,
      51,
      112,
      245,
      169,
      94,
      168,
      193,
      246,
      111,
      237,
      88,
      137,
      118,
      213,
      155,
      188,
      123,
      33,
      169,
      185,
      255,
      122,
      239,
      36,
      135,
      206
    ],
    "60": [
      110,
      66,
      125,
      9,
      26,
      69,
      175,
      124,
      164,
      47,
      166,
      184,
      110,
      226,
      125,
      71,
      112,
      28,
      175,
      54,
      47,
      26,
      2,
      99,
      208,
      179,
      65,
      186,
      184,
      62,
      41,
      1
    ],
    "25": [
      212,
      21,
      7,
      23,
      87,
      146,
      242,
      62,
      27,
      221,
      107,
      112,
      12,
      33,
      110,
      142,
      193,
      201,
      179,
      1,
      88,
      157,
      242,
      187,
      179,
      196,
      50,
      48,
      51,
      22,
      10,
      182
    ],
    "56": [
      90,
      112,
      173,
      76,
      201,
      218,
      229,
      105,
      146,
      109,
      139,
      5,
      108,
      56,
      158,
      71,
      4,
      58,
      20,
      184,
      127,
      111,
      215,
      22,
      66,
      45,
      132,
      175,
      245,
      125,
      164,
      62
    ],
    "4": [
      57,
      26,
      5,
      21,
      159,
      215,
      89,
      79,
      213,
      2,
      38,
      88,
      54,
      236,
      61,
      255,
      235,
      31,
      76,
      29,
      139,
      236,
      37,
      110,
      143,
      193,
      170,
      8,
      28,
      228,
      110,
      189
    ],
    "39": [
      21,
      81,
      16,
      49,
      183,
      90,
      217,
      121,
      145,
      235,
      132,
      237,
      242,
      175,
      228,
      251,
      186,
      128,
      116,
      190,
      46,
      155,
      87,
      60,
      210,
      13,
      5,
      67,
      246,
      1,
      143,
      161
    ],
    "0": [
      59,
      255,
      194,
      114,
      37,
      40,
      198,
      82,
      189,
      149,
      78,
      104,
      94,
      128,
      170,
      123,
      78,
      148,
      223,
      63,
      207,
      60,
      11,
      64,
      43,
      83,
      107,
      16,
      151,
      12,
      153,
      200
    ],
    "35": [
      81,
      137,
      137,
      104,
      14,
      31,
      209,
      218,
      94,
      34,
      185,
      198,
      85,
      1,
      188,
      228,
      214,
      183,
      145,
      231,
      53,
      255,
      17,
      202,
      68,
      254,
      1,
      116,
      136,
      4,
      143,
      70
    ],
    "12": [
      188,
      165,
      57,
      171,
      240,
      99,
      26,
      243,
      156,
      65,
      25,
      171,
      113,
      76,
      218,
      51,
      192,
      126,
      23,
      99,
      28,
      204,
      109,
      121,
      171,
      200,
      152,
      68,
      172,
      79,
      38,
      188
    ],
    "47": [
      229,
      207,
      213,
      4,
      178,
      229,
      47,
      0,
      238,
      210,
      125,
      46,
      131,
      48,
      28,
      176,
      2,
      214,
      113,
      222,
      126,
      128,
      106,
      156,
      30,
      6,
      190,
      187,
      23,
      170,
      172,
      237
    ],
    "8": [
      55,
      253,
      10,
      45,
      58,
      130,
      101,
      207,
      224,
      101,
      58,
      169,
      54,
      37,
      219,
      166,
      85,
      66,
      247,
      10,
      248,
      77,
      13,
      152,
      204,
      97,
      16,
      30,
      98,
      237,
      49,
      85
    ],
    "43": [
      171,
      149,
      241,
      96,
      222,
      230,
      43,
      83,
      203,
      2,
      28,
      180,
      193,
      33,
      10,
      207,
      204,
      159,
      183,
      244,
      41,
      204,
      31,
      101,
      152,
      28,
      3,
      72,
      128,
      243,
      0,
      190
    ],
    "20": [
      251,
      174,
      22,
      40,
      163,
      153,
      51,
      73,
      190,
      91,
      198,
      15,
      34,
      148,
      203,
      87,
      124,
      179,
      15,
      0,
      97,
      196,
      82,
      124,
      66,
      161,
      67,
      220,
      85,
      89,
      26,
      227
    ],
    "55": [
      29,
      21,
      225,
      236,
      112,
      83,
      188,
      55,
      137,
      81,
      42,
      195,
      247,
      55,
      56,
      171,
      180,
      243,
      248,
      208,
      3,
      144,
      175,
      18,
      132,
      45,
      183,
      253,
      177,
      224,
      210,
      113
    ],
    "16": [
      49,
      228,
      99,
      227,
      235,
      202,
      175,
      97,
      120,
      135,
      164,
      185,
      108,
      121,
      71,
      120,
      250,
      132,
      111,
      186,
      86,
      99,
      167,
      70,
      134,
      250,
      207,
      231,
      230,
      104,
      238,
      249
    ],
    "51": [
      42,
      248,
      7,
      254,
      13,
      52,
      164,
      78,
      253,
      47,
      0,
      250,
      192,
      36,
      34,
      227,
      136,
      123,
      245,
      151,
      44,
      103,
      184,
      159,
      231,
      210,
      170,
      149,
      151,
      161,
      233,
      22
    ],
    "28": [
      106,
      253,
      87,
      222,
      236,
      253,
      66,
      165,
      202,
      33,
      116,
      174,
      198,
      203,
      251,
      173,
      138,
      152,
      120,
      102,
      175,
      212,
      7,
      118,
      137,
      13,
      24,
      214,
      44,
      94,
      252,
      33
    ],
    "63": [
      27,
      201,
      36,
      140,
      98,
      57,
      71,
      44,
      41,
      237,
      48,
      95,
      250,
      71,
      248,
      156,
      30,
      146,
      243,
      65,
      247,
      60,
      176,
      111,
      194,
      225,
      161,
      174,
      47,
      56,
      249,
      47
    ],
    "24": [
      86,
      151,
      209,
      135,
      215,
      17,
      114,
      42,
      101,
      45,
      74,
      15,
      28,
      183,
      106,
      178,
      149,
      111,
      254,
      233,
      6,
      107,
      157,
      135,
      156,
      73,
      93,
      193,
      204,
      232,
      33,
      254
    ],
    "59": [
      2,
      150,
      108,
      175,
      78,
      130,
      66,
      57,
      66,
      130,
      64,
      224,
      17,
      143,
      145,
      49,
      144,
      8,
      98,
      230,
      160,
      83,
      78,
      18,
      5,
      253,
      243,
      99,
      59,
      95,
      242,
      187
    ],
    "7": [
      197,
      63,
      57,
      182,
      15,
      182,
      34,
      154,
      155,
      116,
      90,
      205,
      166,
      121,
      212,
      184,
      254,
      1,
      122,
      24,
      67,
      23,
      74,
      187,
      31,
      87,
      97,
      151,
      18,
      246,
      92,
      211
    ],
    "38": [
      46,
      178,
      87,
      65,
      179,
      85,
      207,
      25,
      123,
      249,
      167,
      152,
      124,
      179,
      228,
      42,
      61,
      57,
      56,
      81,
      226,
      224,
      241,
      122,
      184,
      122,
      226,
      56,
      111,
      65,
      15,
      28
    ],
    "3": [
      157,
      16,
      68,
      7,
      232,
      122,
      73,
      11,
      219,
      14,
      218,
      201,
      209,
      17,
      55,
      127,
      224,
      207,
      197,
      91,
      88,
      186,
      195,
      44,
      66,
      189,
      47,
      221,
      197,
      1,
      210,
      107
    ],
    "34": [
      40,
      190,
      8,
      125,
      215,
      3,
      27,
      108,
      155,
      158,
      216,
      234,
      130,
      58,
      96,
      197,
      5,
      119,
      33,
      227,
      71,
      159,
      237,
      214,
      161,
      110,
      108,
      152,
      120,
      242,
      97,
      210
    ],
    "15": [
      44,
      200,
      236,
      105,
      18,
      168,
      139,
      198,
      206,
      151,
      131,
      191,
      122,
      10,
      1,
      30,
      54,
      206,
      185,
      61,
      20,
      167,
      143,
      141,
      131,
      170,
      3,
      144,
      108,
      234,
      205,
      63
    ],
    "46": [
      118,
      79,
      35,
      29,
      143,
      74,
      92,
      163,
      222,
      212,
      15,
      69,
      36,
      54,
      150,
      92,
      14,
      214,
      97,
      33,
      70,
      85,
      221,
      186,
      165,
      199,
      27,
      206,
      105,
      7,
      70,
      45
    ],
    "11": [
      16,
      116,
      157,
      229,
      218,
      16,
      250,
      160,
      164,
      245,
      4,
      94,
      16,
      139,
      102,
      245,
      236,
      84,
      248,
      0,
      59,
      130,
      86,
      78,
      211,
      120,
      143,
      128,
      120,
      37,
      106,
      17
    ],
    "42": [
      142,
      136,
      213,
      217,
      182,
      247,
      142,
      132,
      244,
      39,
      144,
      48,
      143,
      4,
      244,
      181,
      17,
      67,
      71,
      1,
      116,
      123,
      141,
      43,
      48,
      23,
      43,
      235,
      204,
      122,
      30,
      229
    ],
    "23": [
      38,
      9,
      92,
      89,
      212,
      104,
      242,
      65,
      23,
      137,
      0,
      8,
      54,
      36,
      33,
      240,
      36,
      79,
      86,
      66,
      8,
      80,
      198,
      106,
      118,
      233,
      49,
      3,
      54,
      172,
      115,
      55
    ],
    "54": [
      165,
      5,
      83,
      83,
      122,
      133,
      43,
      207,
      1,
      254,
      97,
      196,
      182,
      197,
      211,
      142,
      113,
      229,
      165,
      38,
      245,
      103,
      242,
      26,
      0,
      159,
      204,
      158,
      191,
      209,
      18,
      179
    ],
    "19": [
      24,
      62,
      74,
      75,
      63,
      167,
      224,
      237,
      48,
      231,
      237,
      162,
      186,
      131,
      113,
      67,
      247,
      215,
      42,
      90,
      74,
      35,
      129,
      157,
      43,
      46,
      190,
      167,
      94,
      237,
      124,
      45
    ],
    "50": [
      52,
      97,
      36,
      77,
      252,
      197,
      12,
      238,
      189,
      134,
      218,
      118,
      179,
      87,
      228,
      144,
      13,
      14,
      93,
      174,
      181,
      144,
      3,
      116,
      5,
      103,
      173,
      68,
      2,
      129,
      185,
      59
    ],
    "31": [
      6,
      94,
      13,
      5,
      241,
      185,
      174,
      63,
      220,
      181,
      217,
      130,
      39,
      185,
      110,
      45,
      52,
      26,
      248,
      241,
      65,
      229,
      16,
      85,
      58,
      62,
      27,
      252,
      127,
      236,
      161,
      39
    ],
    "62": [
      142,
      136,
      204,
      131,
      160,
      234,
      84,
      33,
      248,
      137,
      84,
      31,
      25,
      155,
      38,
      180,
      51,
      41,
      104,
      214,
      168,
      168,
      255,
      136,
      52,
      30,
      220,
      105,
      172,
      74,
      56,
      11
    ],
    "27": [
      21,
      247,
      8,
      107,
      105,
      165,
      121,
      81,
      145,
      41,
      12,
      210,
      193,
      167,
      8,
      29,
      86,
      220,
      250,
      225,
      62,
      115,
      88,
      78,
      177,
      154,
      43,
      88,
      173,
      139,
      141,
      90
    ],
    "58": [
      167,
      124,
      53,
      91,
      226,
      148,
      173,
      182,
      203,
      14,
      115,
      80,
      32,
      140,
      9,
      217,
      46,
      141,
      159,
      230,
      215,
      78,
      104,
      29,
      116,
      155,
      234,
      245,
      154,
      54,
      65,
      11
    ]
  },
  "my_cert": [],
  "my_cert_key": [],
  "root_cert": []
}