{
  "net_map": {
    "37": "127.0.0.1:8537",
    "6": "127.0.0.1:8506",
    "33": "127.0.0.1:8533",
    "64": "127.0.0.1:9000",
    "2": "127.0.0.1:8502",
    "45": "127.0.0.1:8545",
    "14": "127.0.0.1:8514",
    "41": "127.0.0.1:8541",
    "10": "127.0.0.1:8510",
    "53": "127.0.0.1:8553",
    "22": "127.0.0.1:8522",
    "49": "127.0.0.1:8549",
    "18": "127.0.0.1:8518",
    "61": "127.0.0.1:8561",
    "30": "127.0.0.1:8530",
    "57": "127.0.0.1:8557",
    "26": "127.0.0.1:8526",
    "5": "127.0.0.1:8505",
    "36": "127.0.0.1:8536",
    "1": "127.0.0.1:8501",
    "32": "127.0.0.1:8532",
    "13": "127.0.0.1:8513",
    "44": "127.0.0.1:8544",
    "9": "127.0.0.1:8509",
    "40": "127.0.0.1:8540",
    "21": "127.0.0.1:8521",
    "52": "127.0.0.1:8552",
    "17": "127.0.0.1:8517",
    "48": "127.0.0.1:8548",
    "29": "127.0.0.1:8529",
    "60": "127.0.0.1:8560",
    "25": "127.0.0.1:8525",
    "56": "127.0.0.1:8556",
    "4": "127.0.0.1:8504",
    "39": "127.0.0.1:8539",
    "0": "127.0.0.1:8500",
    "35": "127.0.0.1:8535",
    "12": "127.0.0.1:8512",
    "47": "127.0.0.1:8547",
    "8": "127.0.0.1:8508",
    "43": "127.0.0.1:8543",
    "20": "127.0.0.1:8520",
    "55": "127.0.0.1:8555",
    "16": "127.0.0.1:8516",
    "51": "127.0.0.1:8551",
    "28": "127.0.0.1:8528",
    "63": "127.0.0.1:8563",
    "24": "127.0.0.1:8524",
    "59": "127.0.0.1:8559",
    "7": "127.0.0.1:8507",
    "38": "127.0.0.1:8538",
    "3": "127.0.0.1:8503",
    "34": "127.0.0.1:8534",
    "15": "127.0.0.1:8515",
    "46": "127.0.0.1:8546",
    "11": "127.0.0.1:8511",
    "42": "127.0.0.1:8542",
    "23": "127.0.0.1:8523",
    "54": "127.0.0.1:8554",
    "19": "127.0.0.1:8519",
    "50": "127.0.0.1:8550",
    "31": "127.0.0.1:8531",
    "62": "127.0.0.1:8562",
    "27": "127.0.0.1:8527",
    "58": "127.0.0.1:8558"
  },
  "delta": 100,
  "id": 3,
  "num_nodes": 64,
  "num_faults": 21,
  "block_size": 100,
  "client_port": 7003,
  "client_addr": "0.0.0.0:5000",
  "payload": 0,
  "prot_payload": "cc,/home/akhil/research/EEBA/libchatter/",
  "crypto_alg": "NOPKI",
  "pk_map": {},
  "secret_key_bytes": [],
  "sk_map": {
    "37": [
      28,
      230,
      22,
      20,
      142,
      132,
      210,
      164,
      42,
      99,
      166,
      88,
      164,
      65,
      202,
      134,
      28,
      156,
      189,
      231,
      139,
      154,
      137,
      102,
      197,
      25,
      160,
      0,
      209,
      2,
      25,
      107
    ],
    "6": [
      191,
      44,
      152,
      250,
      128,
      61,
      50,
      33,
      192,
      227,
      139,
      215,
      193,
      13,
      87,
      204,
      185,
      134,
      174,
      140,
      86,
      214,
      63,
      60,
      186,
      187,
      55,
      29,
      123,
      43,
      12,
      234
    ],
    "33": [
      189,
      226,
      170,
      170,
      150,
      53,
      218,
      135,
      52,
      100,
      21,
      219,
      174,
      226,
      128,
      185,
      144,
      96,
      138,
      95,
      151,
      183,
      88,
      131,
      107,
      100,
      105,
      119,
      197,
      116,
      36,
      111
    ],
    "2": [
      204,
      127,
      99,
      168,
      215,
      111,
      226,
      126,
      168,
      169,
      85,
      71,
      25,
      129,
      133,
      246,
      7,
      91,
      195,
      205,
      39,
      220,
      168,
      244,
      242,
      69,
      59,
      243,
      43,
      73,
      2,
      16
    ],
    "45": [
      25,
      165,
      247,
      242,
      63,
      248,
      74,
      114,
      158,
      107,
      166,
      6,
      67,
      233,
      72,
      19,
      255,
      215,
      148,
      111,
      127,
      41,
      214,
      176,
      75,
      129,
      94,
      186,
      104,
      130,
      142,
      22
    ],
    "14": [
      248,
      150,
      48,
      160,
      175,
      182,
      34,
      23,
      204,
      49,
      52,
      108,
      214,
      23,
      45,
      12,
      11,
      121,
      19,
      58,
      248,
      153,
      252,
      176,
      184,
      105,
      213,
      240,
      57,
      52,
      221,
      98
    ],
    "41": [
      203,
      58,
      98,
      45,
      235,
      231,
      54,
      12,
      187,
      157,
      227,
      54,
      8,
      55,
      15,
      247,
      130,
      235,
      186,
      129,
      238,
      27,
      191,
      103,
      74,
      99,
      112,
      212,
      101,
      84,
      110,
      50
    ],
    "10": [
      107,
      8,
      38,
      42,
      29,
      13,
      171,
      100,
      246,
      98,
      204,
      228,
      203,
      47,
      196,
      52,
      5,
      6,
      115,
      161,
      122,
      34,
      40,
      198,
      223,
      201,
      83,
      183,
      191,
      157,
      31,
      73
    ],
    "53": [
      179,
      200,
      236,
      30,
      218,
      194,
      42,
      194,
      246,
      239,
      143,
      119,
      215,
      164,
      36,
      87,
      73,
      136,
      191,
      50,
      195,
      67,
      112,
      15,
      136,
      33,
      90,
      231,
      107,
      6,
      241,
      15
    ],
    "22": [
      8,
      72,
      21,
      137,
      143,
      158,
      190,
      111,
      253,
      165,
      126,
      65,
      166,
      24,
      247,
      223,
      18,
      0,
      33,
      115,
      75,
      56,
      243,
      166,
      208,
      178,
      25,
      163,
      233,
      227,
      188,
      126
    ],
    "49": [
      195,
      92,
      80,
      219,
      68,
      155,
      33,
      127,
      125,
      147,
      224,
      104,
      63,
      240,
      72,
      153,
      106,
      63,
      121,
      122,
      164,
      138,
      65,
      215,
      27,
      92,
      134,
      118,
      8,
      103,
      151,
      93
    ],
    "18": [
      121,
      0,
      228,
      166,
      27,
      172,
      177,
      46,
      116,
      190,
      214,
      146,
      31,
      27,
      53,
      218,
      94,
      114,
      160,
      169,
      215,
      14,
      92,
      82,
      28,
      241,
      148,
      156,
      161,
      163,
      40,
      148
    ],
    "61": [
      85,
      160,
      209,
      97,
      36,
      78,
      145,
      101,
      62,
      36,
      174,
      149,
      243,
      13,
      73,
      12,
      210,
      177,
      111,
      188,
      36,
      163,
      196,
      121,
      39,
      169,
      125,
      220,
      166,
      181,
      76,
      71
    ],
    "30": [
      64,
      53,
      39,
      115,
      225,
      155,
      169,
      142,
      23,
      66,
      32,
      37,
      35,
      254,
      154,
      158,
      45,
      196,
      40,
      188,
      128,
      177,
      138,
      114,
      104,
      21,
      254,
      118,
      236,
      158,
      150,
      144
    ],
    "57": [
      227,
      168,
      233,
      77,
      197,
      133,
      208,
      62,
      225,
      49,
      91,
      177,
      1,
      203,
      111,
      112,
      113,
      60,
      36,
      25,
      85,
      232,
      147,
      69,
      32,
      241,
      246,
      138,
      8,
      83,
      46,
      107
    ],
    "26": [
      77,
      196,
      2,
      181,
      77,
      28,
      146,
      158,
      239,
      156,
      50,
      123,
      194,
      45,
      229,
      23,
      245,
      144,
      77,
      78,
      10,
      46,
      84,
      19,
      174,
      249,
      27,
      232,
      134,
      164,
      74,
      185
    ],
    "5": [
      151,
      173,
      147,
      40,
      251,
      177,
      163,
      55,
      100,
      7,
      64,
      179,
      128,
      245,
      35,
      4,
      132,
      221,
      174,
      46,
      227,
      10,
      255,
      197,
      174,
      233,
      218,
      213,
      67,
      253,
      164,
      142
    ],
    "36": [
      81,
      47,
      86,
      77,
      1,
      233,
      78,
      25,
      247,
      106,
      3,
      71,
      209,
      250,
      193,
      19,
      58,
      20,
      116,
      252,
      130,
      103,
      207,
      174,
      44,
      179,
      147,
      193,
      40,
      107,
      169,
      133
    ],
    "1": [
      119,
      37,
      122,
      69,
      124,
      130,
      234,
      218,
      42,
      191,
      235,
      157,
      224,
      210,
      10,
      214,
      21,
      35,
      226,
      29,
      218,
      172,
      125,
      248,
      188,
      21,
      155,
      89,
      225,
      136,
      115,
      48
    ],
    "32": [
      138,
      14,
      110,
      230,
      144,
      11,
      34,
      142,
      128,
      235,
      74,
      244,
      9,
      52,
      65,
      52,
      233,
      16,
      81,
      54,
      123,
      204,
      66,
      55,
      18,
      140,
      89,
      192,
      98,
      247,
      97,
      11
    ],
    "13": [
      228,
      4,
      136,
      207,
      207,
      51,
      45,
      141,
      66,
      163,
      19,
      146,
      109,
      216,
      115,
      97,
      37,
      117,
      118,
      217,
      131,
      8,
      255,
      207,
      83,
      131,
      235,
      196,
      120,
      198,
      237,
      90
    ],
    "44": [
      189,
      177,
      217,
      73,
      160,
      191,
      87,
      60,
      226,
      118,
      108,
      228,
      206,
      96,
      232,
      94,
      77,
      39,
      133,
      237,
      207,
      117,
      253,
      133,
      199,
      150,
      114,
      11,
      145,
      27,
      94,
      224
    ],
    "9": [
      74,
      228,
      240,
      186,
      36,
      116,
      187,
      240,
      137,
      32,
      221,
      2,
      91,
      251,
      0,
      50,
      36,
      165,
      185,
      14,
      142,
      128,
      89,
      39,
      72,
      104,
      124,
      197,
      190,
      233,
      11,
      114
    ],
    "40": [
      248,
      10,
      189,
      76,
      17,
      214,
      55,
      10,
      154,
      26,
      18,
      135,
      139,
      155,
      221,
      189,
      194,
      172,
      68,
      172,
      102,
      153,
      39,
      206,
      251,
      95,
      200,
      20,
      209,
      133,
      147,
      71
    ],
    "21": [
      65,
      134,
      151,
      219,
      238,
      47,
      21,
      44,
      187,
      160,
      43,
      173,
      92,
      122,
      170,
      199,
      173,
      54,
      219,
      186,
      158,
      216,
      84,
      56,
      41,
      213,
      141,
      167,
      12,
      46,
      198,
      65
    ],
    "52": [
      63,
      75,
      138,
      119,
      192,
      27,
      168,
      101,
      63,
      110,
      180,
      60,
      236,
      137,
      39,
      48,
      56,
      145,
      104,
      98,
      84,
      126,
      184,
      140,
      227,
      189,
      171,
      40,
      10,
      58,
      192,
      236
    ],
    "17": [
      109,
      133,
      202,
      254,
      217,
      236,
      181,
      20,
      163,
      145,
      19,
      14,
      252,
      245,
      61,
      217,
      114,
      205,
      14,
      47,
      235,
      118,
      37,
      106,
      57,
      198,
      18,
      246,
      121,
      15,
      45,
      186
    ],
    "48": [
      27,
      64,
      140,
      130,
      178,
      125,
      80,
      99,
      102,
      63,
      82,
      48,
      139,
      148,
      245,
      230,
      112,
      248,
      11,
      112,
      144,
      121,
      11,
      56,
      188,
      88,
      186,
      54,
      60,
      45,
      148,
      153
    ],
    "29": [
      141,
      96,
      68,
      92,
      24,
      229,
      251,
      149,
      104,
      134,
      135,
      81,
      11,
      6,
      48,
      148,
      163,
      8,
      163,
      148,
      25,
      5,
      32,
      11,
      1,
      66,
      226,
      189,
      22,
      172,
      20,
      169
    ],
    "60": [
      218,
      179,
      108,
      42,
      24,
      115,
      76,
      231,
      177,
      60,
      64,
      142,
      123,
      222,
      88,
      184,
      58,
      159,
      148,
      15,
      42,
      73,
      51,
      174,
      63,
      121,
      156,
      162,
      138,
      173,
      50,
      217
    ],
    "25": [
      237,
      239,
      192,
      212,
      249,
      51,
      85,
      13,
      200,
      108,
      171,
      4,
      65,
      1,
      3,
      128,
      209,
      165,
      244,
      85,
      115,
      96,
      28,
      192,
      236,
      77,
      221,
      208,
      132,
      66,
      64,
      189
    ],
    "56": [
      225,
      100,
      203,
      17,
      177,
      92,
      95,
      0,
      66,
      255,
      99,
      157,
      125,
      115,
      83,
      41,
      71,
      164,
      194,
      132,
      237,
      49,
      179,
      90,
      96,
      150,
      74,
      142,
      207,
      71,
      225,
      128
    ],
    "4": [
      243,
      214,
      245,
      226,
      175,
      62,
      232,
      190,
      67,
      150,
      44,
      127,
      61,
      156,
      212,
      227,
      136,
      41,
      197,
      251,
      110,
      203,
      86,
      209,
      85,
      33,
      160,
      85,
      21,
      62,
      236,
      226
    ],
    "39": [
      252,
      102,
      213,
      238,
      54,
      252,
      61,
      88,
      86,
      21,
      85,
      181,
      181,
      245,
      242,
      10,
      135,
      167,
      188,
      253,
      197,
      108,
      140,
      128,
      251,
      225,
      126,
      160,
      149,
      250,
      194,
      215
    ],
    "0": [
      163,
      27,
      115,
      201,
      220,
      87,
      213,
      211,
      72,
      29,
      33,
      119,
      166,
      152,
      84,
      77,
      55,
      213,
      215,
      201,
      156,
      51,
      144,
      157,
      132,
      188,
      74,
      85,
      136,
      229,
      241,
      68
    ],
    "35": [
      24,
      189,
      206,
      236,
      155,
      240,
      69,
      105,
      98,
      19,
      126,
      32,
      165,
      246,
      120,
      134,
      151,
      69,
      131,
      137,
      45,
      18,
      160,
      173,
      44,
      85,
      250,
      205,
      119,
      246,
      62,
      162
    ],
    "12": [
      166,
      48,
      101,
      24,
      168,
      16,
      181,
      237,
      79,
      82,
      120,
      84,
      67,
      52,
      215,
      238,
      252,
      22,
      132,
      248,
      113,
      113,
      53,
      123,
      173,
      30,
      24,
      119,
      28,
      78,
      62,
      174
    ],
    "47": [
      201,
      162,
      100,
      13,
      3,
      215,
      220,
      145,
      162,
      98,
      105,
      227,
      146,
      94,
      128,
      9,
      158,
      246,
      84,
      173,
      207,
      110,
      95,
      166,
      205,
      188,
      102,
      140,
      164,
      164,
      119,
      87
    ],
    "8": [
      242,
      43,
      11,
      92,
      38,
      64,
      44,
      92,
      90,
      122,
      26,
      32,
      66,
      36,
      29,
      134,
      13,
      175,
      120,
      48,
      38,
      224,
      48,
      152,
      125,
      11,
      93,
      203,
      63,
      161,
      249,
      232
    ],
    "43": [
      29,
      55,
      151,
      76,
      204,
      64,
      118,
      12,
      137,
      25,
      139,
      123,
      106,
      202,
      80,
      169,
      147,
      145,
      111,
      74,
      27,
      160,
      86,
      198,
      213,
      217,
      227,
      250,
      221,
      45,
      227,
      65
    ],
    "20": [
      28,
      170,
      145,
      7,
      158,
      143,
      107,
      164,
      57,
      207,
      204,
      104,
      193,
      40,
      169,
      204,
      27,
      151,
      184,
      205,
      85,
      81,
      90,
      196,
      127,
      57,
      178,
      193,
      21,
      106,
      247,
      193
    ],
    "55": [
      188,
      200,
      121,
      190,
      8,
      100,
      115,
      228,
      158,
      238,
      59,
      88,
      78,
      138,
      215,
      66,
      165,
      78,
      178,
      1,
      117,
      97,
      181,
      250,
      135,
      176,
      180,
      236,
      117,
      51,
      225,
      254
    ],
    "16": [
      113,
      178,
      5,
      152,
      10,
      124,
      223,
      248,
      26,
      127,
      95,
      103,
      195,
      82,
      156,
      0,
      227,
      2,
      93,
      44,
      131,
      229,
      92,
      22,
      152,
      62,
      106,
      96,
      31,
      141,
      85,
      124
    ],
    "51": [
      103,
      160,
      212,
      151,
      19,
      247,
      123,
      47,
      38,
      40,
      14,
      139,
      216,
      40,
      161,
      192,
      237,
      81,
      86,
      2,
      50,
      97,
      95,
      100,
      163,
      83,
      24,
      211,
      232,
      58,
      52,
      72
    ],
    "28": [
      95,
      112,
      217,
      25,
      17,
      82,
      128,
      91,
      2,
      131,
      192,
      81,
      51,
      229,
      81,
      122,
      245,
      29,
      89,
      118,
      192,
      51,
      226,
      43,
      184,
      94,
      187,
      196,
      132,
      163,
      10,
      63
    ],
    "63": [
      101,
      126,
      125,
      141,
      252,
      99,
      29,
      21,
      109,
      10,
      73,
      101,
      21,
      219,
      82,
      59,
      153,
      221,
      127,
      55,
      30,
      142,
      109,
      193,
      122,
      186,
      106,
      13,
      79,
      91,
      101,
      255
    ],
    "24": [
      245,
      66,
      83,
      100,
      168,
      206,
      63,
      227,
      250,
      177,
      211,
      51,
      64,
      31,
      22,
      229,
      120,
      249,
      106,
      77,
      161,
      227,
      40,
      174,
      212,
      102,
      20,
      42,
      209,
      155,
      182,
      153
    ],
    "59": [
      218,
      215,
      146,
      59,
      132,
      24,
      128,
      193,
      101,
      201,
      54,
      65,
      46,
      97,
      141,
      73,
      8,
      146,
      241,
      202,
      91,
      133,
      26,
      169,
      114,
      147,
      125,
      190,
      42,
      210,
      54,
      28
    ],
    "7": [
      216,
      72,
      106,
      172,
      24,
      160,
      55,
      56,
      68,
      121,
      169,
      243,
      225,
      196,
      135,
      200,
      149,
      22,
      216,
      178,
      204,
      222,
      116,
      45,
      144,
      57,
      125,
      97,
      22,
      41,
      151,
      241
    ],
    "38": [
      145,
      14,
      213,
      237,
      22,
      244,
      144,
      88,
      9,
      235,
      150,
      190,
      75,
      10,
      227,
      136,
      135,
      135,
      41,
      86,
      209,
      18,
      64,
      20,
      247,
      84,
      52,
      35,
      109,
      4,
      67,
      242
    ],
    "3": [
      54,
      147,
      2,
      181,
      100,
      86,
      252,
      225,
      138,
      168,
      52,
      16,
      74,
      74,
      222,
      159,
      140,
      32,
      163,
      155,
      6,
      186,
      168,
      78,
      51,
      146,
      190,
      156,
      139,
      59,
      72,
      95
    ],
    "34": [
      10,
      168,
      116,
      123,
      184,
      8,
      213,
      255,
      247,
      157,
      242,
      57,
      202,
      191,
      22,
      201,
      148,
      245,
      140,
      187,
      146,
      90,
      77,
      181,
      235,
      133,
      157,
      15,
      95,
      196,
      233,
      191
    ],
    "15": [
      91,
      100,
      212,
      207,
      228,
      231,
      62,
      211,
      220,
      109,
      61,
      217,
      18,
      46,
      102,
      24,
      59,
      32,
      35,
      107,
      160,
      127,
      108,
      153,
      62,
      223,
      216,
      132,
      95,
      85,
      121,
      177
    ],
    "46": [
      13,
      159,
      14,
      203,
      179,
      12,
      144,
      135,
      252,
      81,
      65,
      96,
      199,
      96,
      5,
      100,
      55,
      44,
      130,
      230,
      151,
      188,
      167,
      213,
      43,
      1,
      188,
      196,
      10,
      27,
      196,
      34
    ],
    "11": [
      75,
      235,
      100,
      76,
      243,
      61,
      186,
      11,
      243,
      1,
      223,
      76,
      94,
      70,
      191,
      166,
      146,
      226,
      162,
      221,
      207,
      70,
      85,
      87,
      98,
      22,
      32,
      17,
      232,
      184,
      242,
      241
    ],
    "42": [
      179,
      78,
      241,
      137,
      74,
      116,
      135,
      110,
      128,
      171,
      22,
      98,
      135,
      248,
      138,
      155,
      35,
      210,
      16,
      160,
      183,
      49,
      202,
      18,
      231,
      176,
      148,
      75,
      245,
      130,
      98,
      215
    ],
    "23": [
      208,
      83,
      161,
      214,
      71,
      220,
      144,
      123,
      110,
      251,
      18,
      236,
      102,
      193,
      250,
      62,
      229,
      88,
      110,
      7,
      42,
      223,
      218,
      100,
      211,
      128,
      130,
      164,
      197,
      60,
      16,
      238
    ],
    "54": [
      236,
      90,
      246,
      33,
      224,
      74,
      234,
      176,
      101,
      62,
      135,
      163,
      235,
      91,
      238,
      222,
      55,
      221,
      22,
      105,
      48,
      113,
      81,
      228,
      83,
      235,
      102,
      135,
      95,
      67,
      248,
      127
    ],
    "19": [
      200,
      172,
      25,
      222,
      61,
      161,
      226,
      204,
      243,
      20,
      238,
      0,
      110,
      1,
      110,
      180,
      30,
      115,
      218,
      163,
      180,
      18,
      117,
      95,
      87,
      74,
      3,
      52,
      222,
      39,
      16,
      125
    ],
    "50": [
      157,
      16,
      68,
      7,
      232,
      122,
      73,
      11,
      219,
      14,
      218,
      201,
      209,
      17,
      55,
      127,
      224,
      207,
      197,
      91,
      88,
      186,
      195,
      44,
      66,
      189,
      47,
      221,
      197,
      1,
      210,
      107
    ],
    "31": [
      169,
      160,
      245,
      199,
      194,
      49,
      28,
      174,
      226,
      15,
      225,
      244,
      20,
      182,
      131,
      145,
      31,
      42,
      234,
      199,
      126,
      175,
      151,
      119,
      138,
      73,
      37,
      30,
      139,
      254,
      180,
      21
    ],
    "62": [
      82,
      167,
      170,
      209,
      174,
      191,
      14,
      6,
      101,
      217,
      224,
      66,
      115,
      88,
      180,
      129,
      225,
      160,
      245,
      86,
      65,
      195,
      204,
      208,
      179,
      61,
      97,
      92,
      236,
      144,
      241,
      209
    ],
    "27": [
      92,
      37,
      113,
      176,
      134,
      98,
      28,
      217,
      22,
      240,
      28,
      250,
      133,
      209,
      232,
      52,
      150,
      34,
      248,
      15,
      172,
      90,
      235,
      21,
      92,
      153,
      61,
      206,
      138,
      134,
      207,
      83
    ],
    "58": [
      11,
      218,
      215,
      51,
      223,
      23,
      246,
      21,
      254,
      69,
      250,
      90,
      222,
      43,
      155,
      108,
      174,
      52,
      206,
      3,
      250,
      136,
      13,
      231,
      218,
      211,
      99,
      112,
      250,
      130,
      141,
      10
    ]
  },
  "my_cert": [],
  "my_cert_key": [],
  "root_cert": []
}