{
  "net_map": {
    "37": "127.0.0.1:8537",
    "6": "127.0.0.1:8506",
    "33": "127.0.0.1:8533",
    "64": "127.0.0.1:9000",
    "2": "127.0.0.1:8502",
    "45": "127.0.0.1:8545",
    "14": "127.0.0.1:8514",
    "41": "127.0.0.1:8541",
    "10": "127.0.0.1:8510",
    "53": "127.0.0.1:8553",
    "22": "127.0.0.1:8522",
    "49": "127.0.0.1:8549",
    "18": "127.0.0.1:8518",
    "61": "127.0.0.1:8561",
    "30": "127.0.0.1:8530",
    "57": "127.0.0.1:8557",
    "26": "127.0.0.1:8526",
    "5": "127.0.0.1:8505",
    "36": "127.0.0.1:8536",
    "1": "127.0.0.1:8501",
    "32": "127.0.0.1:8532",
    "13": "127.0.0.1:8513",
    "44": "127.0.0.1:8544",
    "9": "127.0.0.1:8509",
    "40": "127.0.0.1:8540",
    "21": "127.0.0.1:8521",
    "52": "127.0.0.1:8552",
    "17": "127.0.0.1:8517",
    "48": "127.0.0.1:8548",
    "29": "127.0.0.1:8529",
    "60": "127.0.0.1:8560",
    "25": "127.0.0.1:8525",
    "56": "127.0.0.1:8556",
    "4": "127.0.0.1:8504",
    "39": "127.0.0.1:8539",
    "0": "127.0.0.1:8500",
    "35": "127.0.0.1:8535",
    "12": "127.0.0.1:8512",
    "47": "127.0.0.1:8547",
    "8": "127.0.0.1:8508",
    "43": "127.0.0.1:8543",
    "20": "127.0.0.1:8520",
    "55": "127.0.0.1:8555",
    "16": "127.0.0.1:8516",
    "51": "127.0.0.1:8551",
    "28": "127.0.0.1:8528",
    "63": "127.0.0.1:8563",
    "24": "127.0.0.1:8524",
    "59": "127.0.0.1:8559",
    "7": "127.0.0.1:8507",
    "38": "127.0.0.1:8538",
    "3": "127.0.0.1:8503",
    "34": "127.0.0.1:8534",
    "15": "127.0.0.1:8515",
    "46": "127.0.0.1:8546",
    "11": "127.0.0.1:8511",
    "42": "127.0.0.1:8542",
    "23": "127.0.0.1:8523",
    "54": "127.0.0.1:8554",
    "19": "127.0.0.1:8519",
    "50": "127.0.0.1:8550",
    "31": "127.0.0.1:8531",
    "62": "127.0.0.1:8562",
    "27": "127.0.0.1:8527",
    "58": "127.0.0.1:8558"
  },
  "delta": 100,
  "id": 39,
  "num_nodes": 64,
  "num_faults": 21,
  "block_size": 100,
  "client_port": 7039,
  "client_addr": "0.0.0.0:5000",
  "payload": 0,
  "prot_payload": "cc,/home/akhil/research/EEBA/libchatter/",
  "crypto_alg": "NOPKI",
  "pk_map": {},
  "secret_key_bytes": [],
  "sk_map": {
    "37": [
      45,
      234,
      5,
      225,
      221,
      249,
      98,
      242,
      130,
      232,
      46,
      42,
      180,
      195,
      231,
      140,
      75,
      173,
      180,
      154,
      209,
      73,
      103,
      156,
      39,
      87,
      159,
      125,
      138,
      27,
      138,
      66
    ],
    "6": [
      83,
      126,
      156,
      251,
      224,
      164,
      32,
      138,
      65,
      221,
      201,
      115,
      50,
      159,
      9,
      2,
      100,
      163,
      143,
      174,
      245,
      166,
      158,
      210,
      63,
      129,
      135,
      248,
      92,
      71,
      93,
      165
    ],
    "33": [
      89,
      176,
      125,
      171,
      212,
      196,
      116,
      12,
      156,
      41,
      45,
      82,
      13,
      124,
      67,
      103,
      159,
      15,
      165,
      137,
      229,
      102,
      99,
      119,
      253,
      66,
      223,
      186,
      188,
      5,
      118,
      93
    ],
    "2": [
      231,
      100,
      113,
      254,
      79,
      56,
      253,
      91,
      170,
      42,
      103,
      205,
      29,
      189,
      97,
      176,
      222,
      102,
      202,
      215,
      226,
      113,
      234,
      82,
      135,
      216,
      130,
      244,
      48,
      120,
      73,
      72
    ],
    "45": [
      117,
      229,
      254,
      156,
      94,
      4,
      245,
      176,
      9,
      212,
      70,
      136,
      150,
      3,
      250,
      214,
      9,
      148,
      9,
      10,
      239,
      36,
      7,
      69,
      158,
      249,
      246,
      221,
      106,
      29,
      152,
      220
    ],
    "14": [
      76,
      3,
      223,
      199,
      193,
      241,
      94,
      167,
      140,
      234,
      217,
      170,
      101,
      116,
      104,
      134,
      223,
      151,
      236,
      95,
      175,
      83,
      226,
      87,
      147,
      101,
      124,
      202,
      11,
      63,
      138,
      109
    ],
    "41": [
      127,
      171,
      247,
      36,
      171,
      189,
      176,
      135,
      167,
      7,
      84,
      231,
      129,
      132,
      90,
      126,
      114,
      133,
      178,
      183,
      176,
      196,
      234,
      29,
      41,
      113,
      70,
      100,
      143,
      87,
      124,
      42
    ],
    "10": [
      164,
      236,
      0,
      17,
      51,
      34,
      59,
      164,
      8,
      177,
      56,
      105,
      196,
      253,
      89,
      141,
      114,
      121,
      180,
      189,
      141,
      63,
      66,
      205,
      130,
      186,
      189,
      133,
      30,
      193,
      59,
      26
    ],
    "53": [
      232,
      35,
      205,
      127,
      214,
      224,
      242,
      82,
      216,
      86,
      254,
      32,
      80,
      64,
      18,
      167,
      165,
      27,
      17,
      78,
      182,
      249,
      196,
      95,
      11,
      26,
      226,
      132,
      163,
      173,
      132,
      170
    ],
    "22": [
      190,
      7,
      30,
      75,
      241,
      61,
      100,
      142,
      171,
      45,
      154,
      87,
      94,
      60,
      187,
      83,
      255,
      67,
      54,
      6,
      195,
      37,
      41,
      218,
      68,
      196,
      174,
      109,
      172,
      178,
      200,
      219
    ],
    "49": [
      59,
      180,
      43,
      161,
      222,
      239,
      166,
      87,
      242,
      67,
      155,
      29,
      166,
      244,
      33,
      109,
      249,
      196,
      140,
      43,
      52,
      164,
      101,
      103,
      234,
      219,
      249,
      213,
      63,
      202,
      26,
      102
    ],
    "18": [
      231,
      26,
      136,
      35,
      112,
      76,
      189,
      139,
      131,
      167,
      96,
      39,
      223,
      229,
      68,
      156,
      85,
      46,
      231,
      255,
      223,
      36,
      104,
      54,
      173,
      178,
      142,
      9,
      156,
      217,
      90,
      186
    ],
    "61": [
      148,
      28,
      254,
      146,
      161,
      120,
      231,
      94,
      11,
      99,
      201,
      131,
      171,
      146,
      39,
      235,
      66,
      92,
      112,
      2,
      16,
      201,
      243,
      31,
      110,
      129,
      75,
      114,
      70,
      116,
      158,
      138
    ],
    "30": [
      1,
      4,
      152,
      199,
      149,
      1,
      142,
      86,
      69,
      1,
      40,
      155,
      51,
      88,
      229,
      253,
      31,
      192,
      48,
      240,
      211,
      97,
      166,
      222,
      231,
      249,
      32,
      176,
      209,
      213,
      204,
      4
    ],
    "57": [
      140,
      172,
      218,
      9,
      247,
      91,
      139,
      131,
      253,
      195,
      41,
      164,
      101,
      82,
      48,
      228,
      51,
      13,
      152,
      18,
      176,
      165,
      26,
      91,
      222,
      104,
      29,
      4,
      52,
      203,
      124,
      97
    ],
    "26": [
      215,
      15,
      53,
      80,
      78,
      5,
      167,
      67,
      30,
      184,
      237,
      137,
      45,
      56,
      243,
      206,
      9,
      67,
      211,
      46,
      21,
      187,
      166,
      37,
      142,
      128,
      170,
      217,
      137,
      128,
      186,
      39
    ],
    "5": [
      93,
      43,
      78,
      254,
      242,
      119,
      3,
      159,
      203,
      37,
      186,
      55,
      137,
      210,
      167,
      59,
      64,
      44,
      194,
      185,
      175,
      78,
      70,
      60,
      201,
      66,
      11,
      4,
      91,
      146,
      196,
      19
    ],
    "36": [
      70,
      72,
      73,
      149,
      67,
      138,
      231,
      159,
      212,
      169,
      71,
      101,
      209,
      186,
      161,
      39,
      224,
      0,
      76,
      43,
      210,
      201,
      247,
      83,
      86,
      33,
      81,
      219,
      180,
      253,
      99,
      109
    ],
    "1": [
      81,
      118,
      42,
      245,
      234,
      98,
      94,
      70,
      162,
      137,
      56,
      80,
      165,
      243,
      12,
      182,
      209,
      16,
      150,
      39,
      168,
      167,
      185,
      112,
      116,
      221,
      34,
      196,
      200,
      32,
      224,
      239
    ],
    "32": [
      120,
      120,
      109,
      181,
      127,
      226,
      160,
      77,
      226,
      46,
      14,
      254,
      0,
      165,
      134,
      205,
      80,
      80,
      126,
      205,
      1,
      236,
      120,
      207,
      175,
      151,
      95,
      79,
      20,
      122,
      203,
      109
    ],
    "13": [
      189,
      163,
      12,
      191,
      129,
      17,
      166,
      236,
      129,
      128,
      192,
      94,
      58,
      188,
      217,
      14,
      132,
      34,
      164,
      228,
      154,
      120,
      30,
      145,
      20,
      215,
      232,
      129,
      86,
      119,
      197,
      143
    ],
    "44": [
      34,
      24,
      39,
      88,
      198,
      0,
      172,
      180,
      122,
      150,
      11,
      250,
      27,
      30,
      11,
      59,
      88,
      109,
      99,
      109,
      95,
      97,
      238,
      7,
      155,
      121,
      79,
      212,
      130,
      221,
      132,
      212
    ],
    "9": [
      61,
      193,
      157,
      69,
      154,
      45,
      218,
      237,
      158,
      33,
      15,
      89,
      234,
      173,
      59,
      72,
      86,
      101,
      15,
      183,
      214,
      38,
      147,
      244,
      74,
      152,
      76,
      93,
      242,
      21,
      79,
      198
    ],
    "40": [
      31,
      102,
      149,
      81,
      119,
      114,
      230,
      163,
      51,
      33,
      51,
      235,
      41,
      123,
      144,
      18,
      15,
      235,
      148,
      67,
      183,
      212,
      63,
      119,
      136,
      134,
      171,
      229,
      8,
      23,
      12,
      105
    ],
    "21": [
      197,
      59,
      102,
      175,
      2,
      92,
      194,
      141,
      222,
      66,
      139,
      39,
      220,
      64,
      164,
      201,
      112,
      45,
      202,
      215,
      160,
      214,
      244,
      177,
      239,
      59,
      72,
      26,
      158,
      246,
      222,
      239
    ],
    "52": [
      151,
      225,
      96,
      177,
      248,
      243,
      39,
      205,
      203,
      244,
      235,
      28,
      136,
      249,
      66,
      20,
      3,
      127,
      41,
      34,
      22,
      168,
      74,
      25,
      195,
      66,
      84,
      70,
      156,
      16,
      11,
      101
    ],
    "17": [
      246,
      190,
      57,
      242,
      195,
      224,
      235,
      27,
      82,
      243,
      23,
      66,
      17,
      218,
      137,
      156,
      9,
      54,
      252,
      90,
      24,
      200,
      198,
      83,
      13,
      250,
      94,
      87,
      217,
      29,
      113,
      187
    ],
    "48": [
      225,
      7,
      136,
      163,
      31,
      103,
      237,
      218,
      68,
      99,
      216,
      34,
      179,
      153,
      39,
      48,
      209,
      255,
      130,
      46,
      42,
      52,
      255,
      201,
      52,
      146,
      66,
      231,
      241,
      145,
      31,
      101
    ],
    "29": [
      120,
      5,
      240,
      234,
      216,
      42,
      127,
      6,
      78,
      160,
      172,
      195,
      231,
      1,
      220,
      90,
      135,
      52,
      146,
      209,
      227,
      187,
      123,
      235,
      112,
      22,
      28,
      0,
      101,
      147,
      17,
      181
    ],
    "60": [
      19,
      116,
      113,
      72,
      219,
      70,
      69,
      73,
      54,
      2,
      239,
      116,
      72,
      65,
      255,
      186,
      114,
      154,
      87,
      128,
      87,
      153,
      239,
      206,
      81,
      176,
      50,
      224,
      210,
      120,
      246,
      54
    ],
    "25": [
      129,
      107,
      249,
      15,
      40,
      189,
      32,
      110,
      102,
      232,
      52,
      84,
      34,
      98,
      20,
      48,
      23,
      44,
      121,
      174,
      227,
      184,
      11,
      251,
      50,
      122,
      253,
      226,
      26,
      3,
      35,
      222
    ],
    "56": [
      232,
      243,
      9,
      137,
      75,
      193,
      4,
      170,
      248,
      207,
      186,
      13,
      139,
      95,
      236,
      120,
      88,
      136,
      46,
      108,
      166,
      70,
      218,
      37,
      178,
      84,
      124,
      108,
      72,
      70,
      18,
      29
    ],
    "4": [
      44,
      86,
      94,
      191,
      84,
      24,
      52,
      83,
      249,
      35,
      237,
      135,
      33,
      64,
      203,
      11,
      166,
      196,
      123,
      59,
      13,
      202,
      50,
      30,
      90,
      154,
      187,
      133,
      18,
      28,
      134,
      3
    ],
    "39": [
      214,
      201,
      254,
      66,
      64,
      193,
      155,
      237,
      163,
      115,
      188,
      155,
      3,
      51,
      159,
      32,
      77,
      103,
      24,
      129,
      0,
      126,
      225,
      44,
      160,
      191,
      115,
      232,
      138,
      57,
      211,
      107
    ],
    "0": [
      10,
      250,
      16,
      128,
      240,
      9,
      76,
      46,
      12,
      94,
      174,
      1,
      51,
      64,
      115,
      149,
      127,
      80,
      189,
      103,
      130,
      2,
      130,
      234,
      76,
      113,
      121,
      42,
      110,
      253,
      170,
      221
    ],
    "35": [
      142,
      154,
      95,
      218,
      57,
      241,
      22,
      190,
      108,
      152,
      247,
      227,
      227,
      235,
      194,
      195,
      171,
      167,
      184,
      28,
      176,
      177,
      23,
      126,
      139,
      124,
      227,
      241,
      84,
      5,
      139,
      75
    ],
    "12": [
      119,
      188,
      23,
      132,
      131,
      18,
      212,
      72,
      205,
      228,
      7,
      100,
      162,
      45,
      1,
      149,
      26,
      40,
      153,
      150,
      160,
      202,
      116,
      250,
      39,
      143,
      41,
      181,
      139,
      96,
      75,
      89
    ],
    "47": [
      246,
      211,
      77,
      147,
      18,
      81,
      18,
      15,
      137,
      20,
      24,
      106,
      242,
      126,
      61,
      217,
      245,
      84,
      225,
      154,
      167,
      215,
      209,
      85,
      239,
      195,
      90,
      251,
      46,
      12,
      50,
      71
    ],
    "8": [
      67,
      60,
      11,
      132,
      49,
      144,
      225,
      48,
      221,
      217,
      19,
      227,
      188,
      103,
      113,
      172,
      111,
      135,
      135,
      227,
      221,
      179,
      145,
      77,
      146,
      135,
      141,
      6,
      93,
      29,
      251,
      38
    ],
    "43": [
      5,
      201,
      206,
      229,
      232,
      25,
      241,
      54,
      215,
      182,
      250,
      15,
      83,
      213,
      218,
      134,
      134,
      168,
      109,
      227,
      53,
      100,
      120,
      118,
      19,
      183,
      209,
      37,
      222,
      22,
      241,
      87
    ],
    "20": [
      206,
      218,
      19,
      117,
      30,
      93,
      62,
      110,
      42,
      80,
      156,
      210,
      20,
      5,
      173,
      121,
      55,
      201,
      191,
      26,
      206,
      57,
      70,
      236,
      115,
      223,
      82,
      188,
      123,
      179,
      47,
      194
    ],
    "55": [
      53,
      183,
      15,
      28,
      212,
      61,
      237,
      215,
      157,
      215,
      59,
      239,
      113,
      51,
      104,
      111,
      75,
      167,
      73,
      173,
      109,
      152,
      152,
      81,
      245,
      84,
      7,
      207,
      80,
      38,
      25,
      111
    ],
    "16": [
      113,
      92,
      165,
      65,
      3,
      103,
      58,
      92,
      126,
      78,
      75,
      210,
      31,
      70,
      148,
      219,
      116,
      53,
      73,
      86,
      156,
      38,
      175,
      223,
      243,
      2,
      174,
      239,
      252,
      217,
      21,
      248
    ],
    "51": [
      161,
      21,
      153,
      32,
      147,
      149,
      57,
      72,
      2,
      169,
      64,
      81,
      27,
      128,
      183,
      17,
      191,
      78,
      206,
      132,
      113,
      120,
      105,
      254,
      141,
      244,
      216,
      46,
      144,
      33,
      11,
      193
    ],
    "28": [
      123,
      178,
      26,
      171,
      29,
      26,
      23,
      234,
      35,
      61,
      247,
      128,
      185,
      103,
      9,
      40,
      47,
      43,
      75,
      252,
      173,
      218,
      42,
      109,
      93,
      18,
      244,
      65,
      14,
      20,
      147,
      194
    ],
    "63": [
      166,
      131,
      202,
      141,
      190,
      72,
      11,
      95,
      23,
      47,
      143,
      159,
      124,
      251,
      247,
      83,
      16,
      120,
      19,
      218,
      148,
      108,
      123,
      157,
      150,
      229,
      204,
      93,
      182,
      103,
      28,
      53
    ],
    "24": [
      92,
      159,
      41,
      45,
      232,
      129,
      212,
      134,
      143,
      129,
      197,
      112,
      104,
      51,
      241,
      98,
      134,
      76,
      49,
      24,
      42,
      197,
      60,
      121,
      104,
      99,
      124,
      186,
      223,
      108,
      209,
      236
    ],
    "59": [
      205,
      13,
      148,
      79,
      39,
      143,
      108,
      84,
      32,
      189,
      238,
      46,
      98,
      73,
      43,
      164,
      116,
      53,
      200,
      94,
      189,
      73,
      79,
      155,
      200,
      59,
      93,
      138,
      157,
      129,
      145,
      129
    ],
    "7": [
      94,
      154,
      111,
      4,
      44,
      14,
      218,
      45,
      254,
      229,
      240,
      19,
      117,
      243,
      9,
      63,
      34,
      165,
      212,
      171,
      140,
      161,
      170,
      139,
      29,
      168,
      148,
      169,
      128,
      85,
      117,
      119
    ],
    "38": [
      219,
      112,
      203,
      188,
      202,
      223,
      176,
      159,
      216,
      224,
      25,
      226,
      241,
      213,
      177,
      246,
      85,
      74,
      196,
      213,
      246,
      157,
      152,
      0,
      65,
      137,
      8,
      134,
      131,
      140,
      164,
      54
    ],
    "3": [
      252,
      102,
      213,
      238,
      54,
      252,
      61,
      88,
      86,
      21,
      85,
      181,
      181,
      245,
      242,
      10,
      135,
      167,
      188,
      253,
      197,
      108,
      140,
      128,
      251,
      225,
      126,
      160,
      149,
      250,
      194,
      215
    ],
    "34": [
      3,
      227,
      61,
      230,
      12,
      70,
      131,
      124,
      115,
      7,
      3,
      204,
      243,
      171,
      119,
      237,
      110,
      14,
      105,
      158,
      128,
      59,
      209,
      153,
      0,
      55,
      79,
      100,
      61,
      41,
      204,
      55
    ],
    "15": [
      45,
      8,
      82,
      137,
      60,
      93,
      85,
      81,
      179,
      170,
      201,
      32,
      78,
      221,
      211,
      159,
      120,
      110,
      115,
      172,
      75,
      28,
      54,
      60,
      135,
      216,
      200,
      207,
      9,
      145,
      151,
      62
    ],
    "46": [
      45,
      187,
      139,
      209,
      110,
      13,
      22,
      6,
      18,
      8,
      0,
      13,
      125,
      90,
      84,
      7,
      246,
      10,
      191,
      92,
      77,
      44,
      84,
      116,
      74,
      145,
      34,
      218,
      96,
      3,
      162,
      174
    ],
    "11": [
      176,
      101,
      34,
      37,
      136,
      117,
      231,
      156,
      124,
      100,
      154,
      48,
      99,
      254,
      46,
      108,
      90,
      198,
      199,
      133,
      99,
      21,
      179,
      41,
      125,
      140,
      14,
      100,
      26,
      186,
      71,
      10
    ],
    "42": [
      10,
      76,
      82,
      195,
      53,
      13,
      237,
      136,
      219,
      106,
      141,
      72,
      40,
      217,
      31,
      87,
      61,
      2,
      135,
      221,
      124,
      180,
      164,
      41,
      140,
      98,
      38,
      109,
      51,
      234,
      253,
      202
    ],
    "23": [
      215,
      89,
      165,
      186,
      194,
      158,
      162,
      137,
      169,
      194,
      55,
      199,
      168,
      29,
      11,
      195,
      150,
      251,
      211,
      176,
      108,
      28,
      119,
      208,
      205,
      72,
      61,
      228,
      126,
      58,
      180,
      179
    ],
    "54": [
      184,
      252,
      50,
      146,
      35,
      248,
      171,
      74,
      212,
      165,
      106,
      167,
      52,
      234,
      192,
      92,
      207,
      79,
      195,
      199,
      116,
      232,
      19,
      39,
      152,
      47,
      109,
      245,
      218,
      37,
      23,
      19
    ],
    "19": [
      139,
      132,
      147,
      143,
      99,
      122,
      172,
      21,
      231,
      20,
      249,
      86,
      159,
      200,
      170,
      233,
      41,
      231,
      30,
      31,
      18,
      95,
      86,
      140,
      118,
      75,
      63,
      248,
      55,
      228,
      118,
      144
    ],
    "50": [
      21,
      81,
      16,
      49,
      183,
      90,
      217,
      121,
      145,
      235,
      132,
      237,
      242,
      175,
      228,
      251,
      186,
      128,
      116,
      190,
      46,
      155,
      87,
      60,
      210,
      13,
      5,
      67,
      246,
      1,
      143,
      161
    ],
    "31": [
      195,
      137,
      231,
      38,
      125,
      192,
      216,
      26,
      0,
      165,
      58,
      132,
      73,
      195,
      14,
      67,
      235,
      18,
      163,
      176,
      54,
      237,
      64,
      123,
      104,
      38,
      23,
      29,
      126,
      123,
      240,
      211
    ],
    "62": [
      220,
      249,
      156,
      225,
      127,
      86,
      0,
      71,
      163,
      156,
      237,
      34,
      129,
      36,
      37,
      73,
      180,
      221,
      183,
      48,
      75,
      50,
      128,
      125,
      155,
      204,
      146,
      199,
      49,
      115,
      94,
      216
    ],
    "27": [
      187,
      80,
      181,
      80,
      242,
      10,
      12,
      13,
      130,
      118,
      189,
      10,
      165,
      131,
      133,
      17,
      119,
      226,
      97,
      215,
      165,
      56,
      91,
      26,
      61,
      184,
      156,
      83,
      186,
      229,
      233,
      85
    ],
    "58": [
      83,
      64,
      176,
      225,
      203,
      239,
      223,
      229,
      55,
      94,
      246,
      241,
      190,
      42,
      197,
      248,
      84,
      6,
      186,
      165,
      5,
      79,
      236,
      61,
      14,
      125,
      158,
      156,
      242,
      182,
      219,
      207
    ]
  },
  "my_cert": [],
  "my_cert_key": [],
  "root_cert": []
}