{
  "net_map": {
    "37": "127.0.0.1:8537",
    "6": "127.0.0.1:8506",
    "33": "127.0.0.1:8533",
    "64": "127.0.0.1:9000",
    "2": "127.0.0.1:8502",
    "45": "127.0.0.1:8545",
    "14": "127.0.0.1:8514",
    "41": "127.0.0.1:8541",
    "10": "127.0.0.1:8510",
    "53": "127.0.0.1:8553",
    "22": "127.0.0.1:8522",
    "49": "127.0.0.1:8549",
    "18": "127.0.0.1:8518",
    "61": "127.0.0.1:8561",
    "30": "127.0.0.1:8530",
    "57": "127.0.0.1:8557",
    "26": "127.0.0.1:8526",
    "5": "127.0.0.1:8505",
    "36": "127.0.0.1:8536",
    "1": "127.0.0.1:8501",
    "32": "127.0.0.1:8532",
    "13": "127.0.0.1:8513",
    "44": "127.0.0.1:8544",
    "9": "127.0.0.1:8509",
    "40": "127.0.0.1:8540",
    "21": "127.0.0.1:8521",
    "52": "127.0.0.1:8552",
    "17": "127.0.0.1:8517",
    "48": "127.0.0.1:8548",
    "29": "127.0.0.1:8529",
    "60": "127.0.0.1:8560",
    "25": "127.0.0.1:8525",
    "56": "127.0.0.1:8556",
    "4": "127.0.0.1:8504",
    "39": "127.0.0.1:8539",
    "0": "127.0.0.1:8500",
    "35": "127.0.0.1:8535",
    "12": "127.0.0.1:8512",
    "47": "127.0.0.1:8547",
    "8": "127.0.0.1:8508",
    "43": "127.0.0.1:8543",
    "20": "127.0.0.1:8520",
    "55": "127.0.0.1:8555",
    "16": "127.0.0.1:8516",
    "51": "127.0.0.1:8551",
    "28": "127.0.0.1:8528",
    "63": "127.0.0.1:8563",
    "24": "127.0.0.1:8524",
    "59": "127.0.0.1:8559",
    "7": "127.0.0.1:8507",
    "38": "127.0.0.1:8538",
    "3": "127.0.0.1:8503",
    "34": "127.0.0.1:8534",
    "15": "127.0.0.1:8515",
    "46": "127.0.0.1:8546",
    "11": "127.0.0.1:8511",
    "42": "127.0.0.1:8542",
    "23": "127.0.0.1:8523",
    "54": "127.0.0.1:8554",
    "19": "127.0.0.1:8519",
    "50": "127.0.0.1:8550",
    "31": "127.0.0.1:8531",
    "62": "127.0.0.1:8562",
    "27": "127.0.0.1:8527",
    "58": "127.0.0.1:8558"
  },
  "delta": 100,
  "id": 2,
  "num_nodes": 64,
  "num_faults": 21,
  "block_size": 100,
  "client_port": 7002,
  "client_addr": "0.0.0.0:5000",
  "payload": 0,
  "prot_payload": "cc,/home/akhil/research/EEBA/libchatter/",
  "crypto_alg": "NOPKI",
  "pk_map": {},
  "secret_key_bytes": [],
  "sk_map": {
    "37": [
      244,
      109,
      44,
      51,
      191,
      171,
      52,
      233,
      71,
      67,
      130,
      145,
      187,
      101,
      191,
      51,
      96,
      243,
      148,
      43,
      106,
      82,
      167,
      253,
      10,
      120,
      247,
      16,
      236,
      201,
      53,
      78
    ],
    "6": [
      159,
      174,
      68,
      41,
      170,
      23,
      25,
      97,
      82,
      164,
      229,
      80,
      27,
      179,
      239,
      71,
      15,
      237,
      47,
      95,
      25,
      1,
      56,
      172,
      3,
      21,
      153,
      24,
      237,
      23,
      65,
      203
    ],
    "33": [
      7,
      117,
      172,
      116,
      84,
      134,
      50,
      74,
      124,
      176,
      70,
      113,
      169,
      226,
      216,
      44,
      245,
      0,
      137,
      29,
      163,
      40,
      60,
      101,
      133,
      55,
      136,
      132,
      60,
      131,
      201,
      195
    ],
    "2": [
      115,
      25,
      27,
      86,
      177,
      228,
      152,
      212,
      70,
      147,
      253,
      200,
      219,
      217,
      13,
      84,
      20,
      66,
      22,
      28,
      166,
      67,
      22,
      216,
      214,
      98,
      0,
      54,
      247,
      175,
      119,
      234
    ],
    "45": [
      237,
      47,
      93,
      0,
      65,
      168,
      91,
      162,
      102,
      139,
      44,
      106,
      187,
      24,
      191,
      147,
      185,
      26,
      160,
      165,
      184,
      151,
      27,
      51,
      240,
      128,
      225,
      211,
      229,
      101,
      217,
      191
    ],
    "14": [
      196,
      249,
      34,
      125,
      131,
      225,
      239,
      0,
      75,
      38,
      118,
      24,
      203,
      201,
      115,
      20,
      184,
      163,
      30,
      221,
      42,
      55,
      217,
      243,
      230,
      145,
      167,
      76,
      46,
      220,
      25,
      243
    ],
    "41": [
      249,
      54,
      60,
      118,
      47,
      53,
      57,
      92,
      153,
      144,
      252,
      195,
      167,
      159,
      111,
      1,
      84,
      175,
      96,
      207,
      8,
      252,
      154,
      94,
      71,
      1,
      164,
      161,
      82,
      119,
      48,
      100
    ],
    "10": [
      34,
      50,
      165,
      200,
      136,
      102,
      13,
      8,
      31,
      17,
      177,
      232,
      125,
      131,
      185,
      99,
      162,
      143,
      133,
      255,
      4,
      249,
      245,
      166,
      148,
      149,
      94,
      87,
      216,
      201,
      108,
      11
    ],
    "53": [
      198,
      223,
      171,
      174,
      15,
      131,
      23,
      9,
      137,
      210,
      40,
      135,
      198,
      81,
      138,
      18,
      232,
      130,
      71,
      55,
      211,
      216,
      156,
      6,
      190,
      90,
      50,
      192,
      33,
      94,
      124,
      91
    ],
    "22": [
      216,
      10,
      98,
      142,
      247,
      54,
      197,
      199,
      217,
      54,
      87,
      100,
      74,
      51,
      128,
      114,
      38,
      254,
      202,
      189,
      254,
      84,
      196,
      10,
      141,
      45,
      116,
      1,
      199,
      107,
      236,
      35
    ],
    "49": [
      188,
      54,
      54,
      195,
      236,
      90,
      88,
      184,
      146,
      37,
      171,
      196,
      237,
      80,
      50,
      110,
      79,
      144,
      221,
      118,
      134,
      7,
      101,
      245,
      1,
      224,
      105,
      71,
      71,
      223,
      233,
      186
    ],
    "18": [
      236,
      77,
      186,
      171,
      176,
      184,
      145,
      125,
      44,
      118,
      130,
      212,
      217,
      148,
      75,
      36,
      115,
      116,
      107,
      7,
      218,
      119,
      86,
      212,
      185,
      101,
      120,
      59,
      40,
      48,
      216,
      103
    ],
    "61": [
      72,
      164,
      155,
      216,
      150,
      35,
      180,
      85,
      202,
      26,
      47,
      49,
      161,
      118,
      105,
      21,
      34,
      252,
      235,
      82,
      61,
      31,
      165,
      64,
      228,
      71,
      194,
      88,
      199,
      243,
      76,
      68
    ],
    "30": [
      32,
      166,
      128,
      243,
      43,
      234,
      82,
      231,
      13,
      9,
      20,
      172,
      170,
      246,
      121,
      75,
      63,
      105,
      60,
      167,
      40,
      241,
      8,
      140,
      149,
      87,
      131,
      162,
      103,
      45,
      72,
      95
    ],
    "57": [
      16,
      120,
      134,
      161,
      74,
      207,
      211,
      247,
      8,
      39,
      213,
      222,
      96,
      172,
      6,
      39,
      60,
      219,
      188,
      49,
      17,
      201,
      17,
      194,
      139,
      62,
      54,
      51,
      167,
      105,
      205,
      109
    ],
    "26": [
      23,
      233,
      189,
      117,
      94,
      51,
      186,
      124,
      9,
      219,
      9,
      36,
      255,
      42,
      52,
      137,
      126,
      218,
      36,
      124,
      242,
      148,
      232,
      171,
      238,
      92,
      233,
      204,
      199,
      68,
      196,
      226
    ],
    "5": [
      161,
      194,
      166,
      223,
      98,
      248,
      22,
      161,
      231,
      234,
      174,
      254,
      8,
      121,
      86,
      242,
      224,
      99,
      202,
      18,
      194,
      138,
      102,
      246,
      89,
      215,
      68,
      120,
      39,
      79,
      197,
      51
    ],
    "36": [
      82,
      24,
      62,
      40,
      138,
      234,
      88,
      233,
      139,
      169,
      52,
      37,
      86,
      135,
      25,
      153,
      12,
      80,
      221,
      32,
      77,
      144,
      92,
      223,
      166,
      1,
      164,
      201,
      216,
      14,
      253,
      186
    ],
    "1": [
      46,
      35,
      34,
      103,
      233,
      90,
      96,
      120,
      213,
      1,
      4,
      131,
      11,
      107,
      90,
      111,
      247,
      95,
      81,
      48,
      161,
      48,
      242,
      137,
      170,
      160,
      80,
      0,
      121,
      38,
      61,
      189
    ],
    "32": [
      130,
      24,
      0,
      224,
      150,
      55,
      138,
      96,
      69,
      250,
      153,
      88,
      183,
      57,
      233,
      241,
      181,
      143,
      94,
      96,
      1,
      151,
      189,
      36,
      18,
      197,
      163,
      113,
      30,
      43,
      122,
      105
    ],
    "13": [
      127,
      159,
      225,
      243,
      250,
      193,
      110,
      197,
      50,
      8,
      215,
      134,
      17,
      240,
      242,
      179,
      21,
      13,
      54,
      171,
      40,
      106,
      73,
      32,
      121,
      163,
      102,
      96,
      113,
      119,
      218,
      98
    ],
    "44": [
      33,
      238,
      27,
      42,
      140,
      132,
      110,
      211,
      200,
      95,
      167,
      72,
      209,
      165,
      73,
      42,
      117,
      226,
      9,
      181,
      99,
      233,
      27,
      165,
      71,
      133,
      235,
      135,
      178,
      129,
      96,
      210
    ],
    "9": [
      180,
      244,
      152,
      246,
      34,
      237,
      156,
      201,
      170,
      129,
      139,
      254,
      61,
      135,
      103,
      76,
      49,
      154,
      172,
      174,
      244,
      89,
      56,
      243,
      91,
      248,
      176,
      220,
      18,
      216,
      141,
      61
    ],
    "40": [
      153,
      103,
      72,
      80,
      46,
      205,
      54,
      148,
      96,
      232,
      44,
      164,
      254,
      80,
      44,
      95,
      149,
      6,
      4,
      188,
      251,
      171,
      159,
      206,
      152,
      181,
      147,
      151,
      145,
      212,
      226,
      180
    ],
    "21": [
      64,
      225,
      35,
      57,
      135,
      218,
      40,
      233,
      48,
      235,
      76,
      141,
      128,
      32,
      70,
      73,
      210,
      226,
      41,
      147,
      232,
      157,
      134,
      212,
      193,
      220,
      160,
      148,
      89,
      20,
      190,
      41
    ],
    "52": [
      34,
      120,
      188,
      2,
      130,
      211,
      49,
      203,
      43,
      176,
      207,
      38,
      87,
      191,
      200,
      175,
      95,
      87,
      131,
      142,
      179,
      161,
      232,
      111,
      8,
      154,
      69,
      101,
      199,
      40,
      96,
      142
    ],
    "17": [
      10,
      248,
      9,
      45,
      31,
      153,
      43,
      119,
      217,
      175,
      6,
      47,
      115,
      175,
      113,
      165,
      74,
      48,
      208,
      61,
      93,
      106,
      124,
      72,
      223,
      132,
      118,
      145,
      230,
      100,
      27,
      20
    ],
    "48": [
      96,
      166,
      38,
      84,
      180,
      51,
      107,
      221,
      123,
      227,
      162,
      127,
      101,
      218,
      121,
      51,
      12,
      94,
      115,
      100,
      149,
      180,
      194,
      70,
      182,
      164,
      44,
      166,
      183,
      249,
      61,
      187
    ],
    "29": [
      204,
      141,
      137,
      22,
      191,
      63,
      190,
      147,
      42,
      149,
      212,
      157,
      98,
      235,
      29,
      221,
      181,
      91,
      6,
      196,
      209,
      247,
      164,
      65,
      225,
      42,
      102,
      246,
      249,
      69,
      15,
      135
    ],
    "60": [
      175,
      18,
      247,
      132,
      61,
      192,
      44,
      173,
      228,
      8,
      45,
      211,
      2,
      124,
      216,
      166,
      222,
      97,
      34,
      21,
      8,
      132,
      171,
      103,
      58,
      16,
      180,
      30,
      204,
      104,
      122,
      102
    ],
    "25": [
      67,
      43,
      174,
      30,
      203,
      198,
      175,
      153,
      139,
      130,
      174,
      203,
      96,
      97,
      32,
      74,
      95,
      183,
      186,
      128,
      110,
      175,
      77,
      169,
      34,
      148,
      14,
      233,
      179,
      205,
      151,
      116
    ],
    "56": [
      48,
      24,
      214,
      23,
      160,
      201,
      22,
      43,
      197,
      216,
      30,
      30,
      202,
      31,
      249,
      253,
      57,
      18,
      59,
      4,
      228,
      80,
      136,
      41,
      62,
      225,
      252,
      12,
      164,
      134,
      0,
      122
    ],
    "4": [
      124,
      198,
      41,
      205,
      184,
      146,
      205,
      124,
      151,
      215,
      79,
      166,
      194,
      55,
      91,
      179,
      153,
      35,
      149,
      195,
      14,
      23,
      46,
      162,
      190,
      236,
      15,
      29,
      113,
      155,
      124,
      255
    ],
    "39": [
      231,
      100,
      113,
      254,
      79,
      56,
      253,
      91,
      170,
      42,
      103,
      205,
      29,
      189,
      97,
      176,
      222,
      102,
      202,
      215,
      226,
      113,
      234,
      82,
      135,
      216,
      130,
      244,
      48,
      120,
      73,
      72
    ],
    "0": [
      97,
      20,
      225,
      217,
      146,
      204,
      107,
      110,
      199,
      246,
      3,
      34,
      138,
      184,
      142,
      240,
      100,
      238,
      153,
      118,
      172,
      171,
      9,
      148,
      183,
      96,
      22,
      228,
      228,
      67,
      47,
      172
    ],
    "35": [
      138,
      73,
      64,
      249,
      30,
      141,
      205,
      230,
      213,
      68,
      146,
      111,
      15,
      239,
      147,
      45,
      85,
      52,
      250,
      156,
      6,
      225,
      247,
      235,
      250,
      2,
      172,
      157,
      166,
      28,
      133,
      124
    ],
    "12": [
      231,
      5,
      234,
      151,
      141,
      7,
      39,
      155,
      154,
      168,
      146,
      112,
      76,
      163,
      222,
      227,
      218,
      161,
      157,
      205,
      192,
      166,
      79,
      174,
      116,
      219,
      196,
      34,
      147,
      237,
      40,
      243
    ],
    "47": [
      167,
      154,
      28,
      2,
      8,
      120,
      199,
      130,
      87,
      86,
      165,
      194,
      142,
      106,
      170,
      58,
      97,
      47,
      226,
      73,
      51,
      251,
      248,
      40,
      161,
      83,
      160,
      195,
      219,
      74,
      66,
      209
    ],
    "8": [
      149,
      243,
      231,
      59,
      189,
      103,
      60,
      132,
      110,
      54,
      206,
      83,
      250,
      16,
      136,
      83,
      22,
      231,
      149,
      195,
      251,
      93,
      118,
      231,
      117,
      226,
      62,
      62,
      49,
      148,
      174,
      169
    ],
    "43": [
      137,
      157,
      148,
      222,
      3,
      124,
      206,
      254,
      145,
      182,
      218,
      127,
      144,
      205,
      0,
      133,
      57,
      38,
      98,
      149,
      45,
      91,
      166,
      81,
      49,
      159,
      223,
      186,
      72,
      246,
      136,
      205
    ],
    "20": [
      198,
      121,
      236,
      247,
      140,
      148,
      98,
      235,
      116,
      49,
      237,
      211,
      89,
      137,
      203,
      49,
      63,
      127,
      85,
      40,
      156,
      63,
      9,
      165,
      160,
      222,
      53,
      235,
      67,
      36,
      220,
      5
    ],
    "55": [
      156,
      183,
      136,
      119,
      29,
      105,
      166,
      182,
      239,
      50,
      61,
      207,
      220,
      48,
      237,
      59,
      206,
      110,
      90,
      187,
      122,
      122,
      236,
      199,
      62,
      246,
      111,
      47,
      246,
      130,
      137,
      237
    ],
    "16": [
      220,
      173,
      193,
      77,
      197,
      73,
      224,
      122,
      135,
      5,
      211,
      56,
      176,
      164,
      196,
      89,
      154,
      113,
      235,
      12,
      214,
      199,
      87,
      240,
      5,
      126,
      209,
      235,
      108,
      48,
      169,
      220
    ],
    "51": [
      238,
      169,
      183,
      22,
      183,
      55,
      38,
      75,
      14,
      71,
      154,
      14,
      52,
      75,
      120,
      18,
      64,
      42,
      89,
      157,
      18,
      45,
      80,
      108,
      254,
      246,
      109,
      162,
      84,
      240,
      113,
      1
    ],
    "28": [
      225,
      254,
      75,
      172,
      30,
      62,
      52,
      136,
      112,
      198,
      138,
      71,
      7,
      147,
      125,
      243,
      237,
      86,
      147,
      79,
      112,
      156,
      107,
      181,
      2,
      167,
      171,
      238,
      9,
      209,
      144,
      21
    ],
    "63": [
      210,
      189,
      99,
      221,
      186,
      76,
      27,
      211,
      98,
      144,
      14,
      79,
      128,
      3,
      64,
      111,
      84,
      227,
      26,
      58,
      97,
      85,
      6,
      212,
      207,
      146,
      220,
      33,
      39,
      209,
      162,
      188
    ],
    "24": [
      162,
      158,
      86,
      213,
      180,
      55,
      205,
      155,
      106,
      86,
      234,
      106,
      40,
      122,
      20,
      157,
      32,
      205,
      193,
      251,
      193,
      236,
      165,
      152,
      230,
      92,
      92,
      196,
      179,
      173,
      126,
      46
    ],
    "59": [
      8,
      38,
      131,
      191,
      225,
      106,
      31,
      96,
      38,
      63,
      199,
      107,
      30,
      51,
      187,
      42,
      154,
      29,
      203,
      85,
      191,
      24,
      29,
      87,
      207,
      210,
      78,
      165,
      44,
      87,
      75,
      101
    ],
    "7": [
      231,
      191,
      180,
      108,
      136,
      253,
      20,
      255,
      115,
      89,
      213,
      182,
      158,
      151,
      97,
      53,
      143,
      86,
      129,
      106,
      42,
      244,
      105,
      35,
      36,
      217,
      39,
      110,
      214,
      89,
      72,
      107
    ],
    "38": [
      249,
      150,
      206,
      191,
      71,
      215,
      193,
      27,
      101,
      209,
      244,
      144,
      23,
      148,
      98,
      172,
      124,
      120,
      181,
      147,
      95,
      202,
      232,
      143,
      157,
      129,
      235,
      5,
      65,
      224,
      215,
      236
    ],
    "3": [
      204,
      127,
      99,
      168,
      215,
      111,
      226,
      126,
      168,
      169,
      85,
      71,
      25,
      129,
      133,
      246,
      7,
      91,
      195,
      205,
      39,
      220,
      168,
      244,
      242,
      69,
      59,
      243,
      43,
      73,
      2,
      16
    ],
    "34": [
      187,
      58,
      113,
      9,
      115,
      108,
      65,
      4,
      14,
      61,
      175,
      72,
      173,
      26,
      209,
      163,
      241,
      121,
      90,
      139,
      55,
      231,
      248,
      61,
      122,
      223,
      102,
      235,
      183,
      150,
      161,
      188
    ],
    "15": [
      174,
      207,
      170,
      71,
      54,
      166,
      213,
      251,
      112,
      56,
      218,
      102,
      197,
      243,
      223,
      52,
      19,
      180,
      60,
      191,
      145,
      82,
      109,
      31,
      39,
      18,
      250,
      48,
      49,
      240,
      149,
      7
    ],
    "46": [
      187,
      158,
      147,
      204,
      187,
      56,
      171,
      185,
      128,
      61,
      34,
      166,
      60,
      225,
      221,
      148,
      253,
      125,
      163,
      233,
      216,
      61,
      72,
      218,
      182,
      127,
      24,
      105,
      19,
      26,
      76,
      161
    ],
    "11": [
      65,
      220,
      15,
      149,
      134,
      186,
      180,
      166,
      245,
      212,
      239,
      63,
      40,
      206,
      60,
      51,
      228,
      88,
      145,
      232,
      245,
      250,
      67,
      128,
      42,
      131,
      171,
      160,
      182,
      52,
      135,
      143
    ],
    "42": [
      12,
      224,
      17,
      231,
      209,
      140,
      233,
      253,
      251,
      147,
      152,
      234,
      27,
      39,
      177,
      149,
      138,
      36,
      120,
      108,
      128,
      52,
      206,
      192,
      234,
      119,
      41,
      129,
      69,
      166,
      122,
      237
    ],
    "23": [
      149,
      67,
      134,
      143,
      175,
      8,
      45,
      110,
      220,
      125,
      91,
      105,
      95,
      229,
      231,
      86,
      218,
      167,
      171,
      5,
      187,
      120,
      128,
      32,
      125,
      44,
      169,
      68,
      164,
      160,
      188,
      44
    ],
    "54": [
      242,
      13,
      177,
      148,
      169,
      193,
      59,
      198,
      202,
      203,
      101,
      241,
      207,
      134,
      52,
      3,
      214,
      207,
      211,
      122,
      179,
      165,
      93,
      90,
      83,
      165,
      180,
      199,
      93,
      17,
      117,
      77
    ],
    "19": [
      67,
      131,
      95,
      228,
      3,
      221,
      144,
      95,
      57,
      50,
      55,
      138,
      229,
      109,
      65,
      228,
      116,
      214,
      215,
      27,
      178,
      4,
      34,
      151,
      22,
      143,
      230,
      240,
      132,
      26,
      18,
      55
    ],
    "50": [
      189,
      6,
      33,
      179,
      6,
      194,
      203,
      62,
      71,
      202,
      178,
      99,
      223,
      150,
      161,
      16,
      64,
      127,
      90,
      20,
      106,
      89,
      247,
      3,
      49,
      178,
      200,
      200,
      243,
      193,
      175,
      147
    ],
    "31": [
      193,
      44,
      232,
      127,
      179,
      100,
      185,
      156,
      217,
      149,
      138,
      209,
      82,
      185,
      71,
      97,
      182,
      91,
      13,
      243,
      252,
      165,
      187,
      80,
      117,
      58,
      73,
      115,
      142,
      82,
      151,
      60
    ],
    "62": [
      59,
      171,
      10,
      119,
      106,
      213,
      195,
      127,
      73,
      179,
      60,
      84,
      200,
      0,
      59,
      137,
      86,
      232,
      114,
      208,
      70,
      108,
      6,
      1,
      152,
      230,
      51,
      118,
      64,
      56,
      60,
      18
    ],
    "27": [
      249,
      16,
      112,
      129,
      56,
      214,
      135,
      142,
      109,
      242,
      134,
      183,
      94,
      112,
      49,
      145,
      166,
      154,
      182,
      199,
      5,
      152,
      59,
      32,
      96,
      111,
      162,
      50,
      92,
      177,
      245,
      195
    ],
    "58": [
      90,
      194,
      72,
      84,
      48,
      222,
      168,
      253,
      116,
      136,
      114,
      193,
      201,
      43,
      219,
      39,
      210,
      24,
      12,
      16,
      160,
      194,
      197,
      5,
      64,
      241,
      89,
      254,
      24,
      180,
      134,
      4
    ]
  },
  "my_cert": [],
  "my_cert_key": [],
  "root_cert": []
}