{
  "net_map": {
    "37": "127.0.0.1:8537",
    "6": "127.0.0.1:8506",
    "33": "127.0.0.1:8533",
    "64": "127.0.0.1:9000",
    "2": "127.0.0.1:8502",
    "45": "127.0.0.1:8545",
    "14": "127.0.0.1:8514",
    "41": "127.0.0.1:8541",
    "10": "127.0.0.1:8510",
    "53": "127.0.0.1:8553",
    "22": "127.0.0.1:8522",
    "49": "127.0.0.1:8549",
    "18": "127.0.0.1:8518",
    "61": "127.0.0.1:8561",
    "30": "127.0.0.1:8530",
    "57": "127.0.0.1:8557",
    "26": "127.0.0.1:8526",
    "5": "127.0.0.1:8505",
    "36": "127.0.0.1:8536",
    "1": "127.0.0.1:8501",
    "32": "127.0.0.1:8532",
    "13": "127.0.0.1:8513",
    "44": "127.0.0.1:8544",
    "9": "127.0.0.1:8509",
    "40": "127.0.0.1:8540",
    "21": "127.0.0.1:8521",
    "52": "127.0.0.1:8552",
    "17": "127.0.0.1:8517",
    "48": "127.0.0.1:8548",
    "29": "127.0.0.1:8529",
    "60": "127.0.0.1:8560",
    "25": "127.0.0.1:8525",
    "56": "127.0.0.1:8556",
    "4": "127.0.0.1:8504",
    "39": "127.0.0.1:8539",
    "0": "127.0.0.1:8500",
    "35": "127.0.0.1:8535",
    "12": "127.0.0.1:8512",
    "47": "127.0.0.1:8547",
    "8": "127.0.0.1:8508",
    "43": "127.0.0.1:8543",
    "20": "127.0.0.1:8520",
    "55": "127.0.0.1:8555",
    "16": "127.0.0.1:8516",
    "51": "127.0.0.1:8551",
    "28": "127.0.0.1:8528",
    "63": "127.0.0.1:8563",
    "24": "127.0.0.1:8524",
    "59": "127.0.0.1:8559",
    "7": "127.0.0.1:8507",
    "38": "127.0.0.1:8538",
    "3": "127.0.0.1:8503",
    "34": "127.0.0.1:8534",
    "15": "127.0.0.1:8515",
    "46": "127.0.0.1:8546",
    "11": "127.0.0.1:8511",
    "42": "127.0.0.1:8542",
    "23": "127.0.0.1:8523",
    "54": "127.0.0.1:8554",
    "19": "127.0.0.1:8519",
    "50": "127.0.0.1:8550",
    "31": "127.0.0.1:8531",
    "62": "127.0.0.1:8562",
    "27": "127.0.0.1:8527",
    "58": "127.0.0.1:8558"
  },
  "delta": 100,
  "id": 8,
  "num_nodes": 64,
  "num_faults": 21,
  "block_size": 100,
  "client_port": 7008,
  "client_addr": "0.0.0.0:5000",
  "payload": 0,
  "prot_payload": "cc,/home/akhil/research/EEBA/libchatter/",
  "crypto_alg": "NOPKI",
  "pk_map": {},
  "secret_key_bytes": [],
  "sk_map": {
    "37": [
      170,
      131,
      250,
      67,
      235,
      189,
      199,
      224,
      192,
      150,
      81,
      6,
      113,
      149,
      148,
      88,
      105,
      194,
      13,
      235,
      117,
      199,
      199,
      238,
      68,
      247,
      105,
      150,
      10,
      223,
      206,
      224
    ],
    "6": [
      227,
      108,
      247,
      90,
      135,
      172,
      159,
      57,
      161,
      184,
      182,
      143,
      239,
      135,
      8,
      213,
      104,
      246,
      246,
      140,
      100,
      194,
      106,
      40,
      226,
      107,
      130,
      82,
      236,
      143,
      202,
      32
    ],
    "33": [
      85,
      57,
      134,
      183,
      250,
      106,
      78,
      194,
      88,
      64,
      207,
      4,
      162,
      145,
      167,
      91,
      204,
      35,
      50,
      171,
      83,
      157,
      148,
      221,
      13,
      226,
      254,
      73,
      71,
      152,
      254,
      76
    ],
    "2": [
      149,
      243,
      231,
      59,
      189,
      103,
      60,
      132,
      110,
      54,
      206,
      83,
      250,
      16,
      136,
      83,
      22,
      231,
      149,
      195,
      251,
      93,
      118,
      231,
      117,
      226,
      62,
      62,
      49,
      148,
      174,
      169
    ],
    "45": [
      130,
      245,
      4,
      202,
      108,
      115,
      226,
      31,
      12,
      39,
      97,
      120,
      90,
      132,
      118,
      235,
      87,
      218,
      180,
      145,
      7,
      25,
      188,
      98,
      153,
      60,
      242,
      151,
      252,
      47,
      25,
      7
    ],
    "14": [
      22,
      29,
      246,
      33,
      64,
      95,
      195,
      106,
      218,
      163,
      4,
      100,
      137,
      235,
      64,
      214,
      164,
      245,
      18,
      221,
      131,
      115,
      166,
      73,
      126,
      158,
      14,
      190,
      151,
      60,
      11,
      32
    ],
    "41": [
      10,
      0,
      118,
      150,
      129,
      121,
      187,
      215,
      76,
      129,
      90,
      18,
      140,
      79,
      65,
      244,
      88,
      3,
      110,
      100,
      74,
      65,
      101,
      126,
      206,
      83,
      26,
      77,
      77,
      211,
      127,
      217
    ],
    "10": [
      189,
      45,
      234,
      156,
      51,
      153,
      135,
      34,
      47,
      46,
      216,
      5,
      0,
      112,
      194,
      148,
      47,
      164,
      163,
      20,
      94,
      240,
      231,
      2,
      40,
      222,
      64,
      18,
      17,
      181,
      90,
      217
    ],
    "53": [
      55,
      67,
      219,
      44,
      87,
      229,
      68,
      65,
      141,
      93,
      107,
      28,
      50,
      180,
      222,
      17,
      187,
      23,
      27,
      52,
      112,
      58,
      205,
      164,
      191,
      232,
      190,
      243,
      25,
      63,
      213,
      109
    ],
    "22": [
      4,
      10,
      228,
      48,
      2,
      86,
      27,
      206,
      218,
      102,
      77,
      225,
      243,
      41,
      58,
      123,
      187,
      211,
      218,
      77,
      36,
      128,
      152,
      14,
      221,
      157,
      85,
      157,
      151,
      116,
      225,
      113
    ],
    "49": [
      139,
      212,
      184,
      53,
      44,
      52,
      220,
      93,
      26,
      51,
      96,
      204,
      237,
      155,
      176,
      212,
      162,
      67,
      52,
      174,
      234,
      84,
      28,
      83,
      205,
      8,
      244,
      3,
      113,
      244,
      101,
      25
    ],
    "18": [
      26,
      13,
      112,
      94,
      104,
      144,
      227,
      111,
      204,
      106,
      193,
      210,
      141,
      191,
      200,
      117,
      154,
      67,
      201,
      136,
      82,
      209,
      1,
      215,
      117,
      151,
      69,
      105,
      31,
      13,
      57,
      214
    ],
    "61": [
      3,
      8,
      194,
      49,
      104,
      242,
      147,
      164,
      179,
      160,
      175,
      100,
      121,
      124,
      240,
      77,
      190,
      217,
      112,
      203,
      155,
      190,
      128,
      78,
      174,
      66,
      204,
      93,
      8,
      240,
      80,
      48
    ],
    "30": [
      204,
      211,
      153,
      17,
      20,
      174,
      100,
      119,
      73,
      79,
      85,
      126,
      105,
      209,
      226,
      160,
      164,
      58,
      254,
      155,
      10,
      110,
      137,
      2,
      108,
      86,
      101,
      176,
      214,
      192,
      23,
      131
    ],
    "57": [
      178,
      171,
      247,
      143,
      44,
      178,
      210,
      166,
      25,
      1,
      234,
      145,
      9,
      23,
      210,
      84,
      198,
      176,
      122,
      170,
      107,
      49,
      89,
      193,
      190,
      154,
      72,
      252,
      4,
      213,
      33,
      135
    ],
    "26": [
      243,
      175,
      105,
      82,
      0,
      233,
      40,
      209,
      18,
      56,
      75,
      245,
      228,
      143,
      245,
      42,
      181,
      17,
      101,
      192,
      150,
      108,
      238,
      2,
      202,
      7,
      109,
      187,
      181,
      190,
      158,
      138
    ],
    "5": [
      77,
      13,
      36,
      125,
      37,
      28,
      119,
      165,
      37,
      99,
      89,
      48,
      159,
      203,
      42,
      13,
      79,
      120,
      181,
      28,
      137,
      50,
      248,
      243,
      122,
      241,
      184,
      81,
      173,
      85,
      40,
      155
    ],
    "36": [
      162,
      222,
      112,
      75,
      216,
      219,
      218,
      212,
      190,
      233,
      159,
      200,
      152,
      94,
      86,
      69,
      147,
      249,
      224,
      103,
      121,
      156,
      76,
      234,
      95,
      125,
      40,
      6,
      125,
      249,
      235,
      59
    ],
    "1": [
      235,
      119,
      80,
      213,
      75,
      7,
      205,
      91,
      76,
      6,
      212,
      179,
      94,
      254,
      246,
      161,
      140,
      82,
      12,
      139,
      227,
      7,
      244,
      113,
      123,
      17,
      228,
      241,
      186,
      146,
      124,
      34
    ],
    "32": [
      245,
      52,
      217,
      7,
      164,
      218,
      248,
      187,
      146,
      241,
      179,
      134,
      134,
      159,
      13,
      24,
      172,
      29,
      83,
      192,
      247,
      82,
      107,
      227,
      80,
      84,
      188,
      57,
      15,
      213,
      227,
      253
    ],
    "13": [
      216,
      18,
      243,
      212,
      73,
      178,
      189,
      53,
      130,
      76,
      213,
      150,
      19,
      159,
      15,
      103,
      252,
      135,
      48,
      11,
      203,
      15,
      171,
      224,
      119,
      63,
      107,
      34,
      141,
      9,
      64,
      30
    ],
    "44": [
      239,
      108,
      239,
      23,
      37,
      110,
      131,
      216,
      135,
      125,
      134,
      184,
      33,
      191,
      37,
      38,
      192,
      216,
      202,
      174,
      55,
      103,
      177,
      249,
      98,
      198,
      151,
      28,
      65,
      57,
      131,
      184
    ],
    "9": [
      108,
      232,
      115,
      48,
      186,
      229,
      200,
      12,
      203,
      245,
      47,
      83,
      57,
      20,
      122,
      157,
      229,
      94,
      166,
      65,
      76,
      111,
      184,
      120,
      210,
      210,
      27,
      198,
      171,
      40,
      20,
      143
    ],
    "40": [
      6,
      175,
      49,
      115,
      83,
      46,
      191,
      109,
      126,
      212,
      252,
      212,
      143,
      229,
      232,
      101,
      239,
      149,
      156,
      223,
      28,
      236,
      25,
      130,
      38,
      166,
      163,
      19,
      63,
      64,
      37,
      207
    ],
    "21": [
      190,
      102,
      32,
      72,
      105,
      150,
      177,
      233,
      186,
      40,
      150,
      60,
      187,
      239,
      173,
      200,
      196,
      120,
      94,
      249,
      14,
      162,
      197,
      15,
      78,
      53,
      140,
      26,
      145,
      235,
      112,
      20
    ],
    "52": [
      143,
      212,
      139,
      12,
      197,
      166,
      5,
      113,
      188,
      74,
      170,
      36,
      129,
      192,
      146,
      245,
      131,
      14,
      192,
      228,
      145,
      97,
      139,
      89,
      185,
      105,
      94,
      233,
      75,
      212,
      6,
      62
    ],
    "17": [
      196,
      201,
      211,
      16,
      47,
      227,
      120,
      113,
      230,
      3,
      71,
      19,
      34,
      152,
      197,
      19,
      0,
      247,
      135,
      154,
      71,
      17,
      208,
      215,
      224,
      199,
      135,
      147,
      23,
      161,
      137,
      181
    ],
    "48": [
      217,
      211,
      63,
      195,
      217,
      59,
      71,
      139,
      204,
      44,
      232,
      87,
      41,
      158,
      56,
      186,
      105,
      152,
      73,
      100,
      242,
      112,
      211,
      203,
      170,
      111,
      212,
      62,
      100,
      210,
      56,
      238
    ],
    "29": [
      233,
      14,
      116,
      73,
      52,
      222,
      223,
      181,
      133,
      177,
      62,
      161,
      156,
      96,
      144,
      6,
      58,
      219,
      138,
      34,
      199,
      51,
      205,
      215,
      44,
      132,
      208,
      144,
      60,
      231,
      149,
      206
    ],
    "60": [
      55,
      222,
      225,
      175,
      204,
      15,
      155,
      240,
      173,
      53,
      237,
      63,
      66,
      48,
      225,
      51,
      68,
      205,
      38,
      100,
      39,
      156,
      4,
      201,
      126,
      77,
      46,
      86,
      118,
      239,
      235,
      170
    ],
    "25": [
      121,
      109,
      59,
      75,
      207,
      5,
      143,
      38,
      199,
      83,
      244,
      92,
      242,
      54,
      15,
      80,
      3,
      1,
      82,
      109,
      204,
      165,
      94,
      220,
      89,
      233,
      191,
      251,
      201,
      94,
      167,
      10
    ],
    "56": [
      142,
      253,
      82,
      238,
      93,
      47,
      29,
      28,
      81,
      11,
      185,
      66,
      184,
      185,
      49,
      150,
      134,
      241,
      57,
      7,
      218,
      87,
      185,
      218,
      246,
      142,
      166,
      23,
      159,
      19,
      192,
      88
    ],
    "4": [
      104,
      236,
      173,
      204,
      8,
      177,
      105,
      148,
      104,
      252,
      62,
      78,
      82,
      66,
      53,
      154,
      242,
      0,
      7,
      123,
      157,
      2,
      29,
      102,
      155,
      139,
      156,
      254,
      52,
      184,
      54,
      116
    ],
    "39": [
      67,
      60,
      11,
      132,
      49,
      144,
      225,
      48,
      221,
      217,
      19,
      227,
      188,
      103,
      113,
      172,
      111,
      135,
      135,
      227,
      221,
      179,
      145,
      77,
      146,
      135,
      141,
      6,
      93,
      29,
      251,
      38
    ],
    "0": [
      206,
      144,
      250,
      214,
      44,
      233,
      193,
      56,
      63,
      135,
      165,
      38,
      3,
      205,
      143,
      198,
      29,
      184,
      28,
      224,
      160,
      102,
      110,
      113,
      98,
      69,
      91,
      202,
      14,
      145,
      70,
      139
    ],
    "35": [
      172,
      123,
      128,
      70,
      9,
      51,
      199,
      136,
      20,
      60,
      100,
      168,
      199,
      223,
      158,
      190,
      247,
      41,
      230,
      100,
      119,
      68,
      226,
      12,
      108,
      40,
      156,
      227,
      12,
      120,
      24,
      108
    ],
    "12": [
      85,
      160,
      72,
      102,
      150,
      225,
      23,
      107,
      121,
      135,
      148,
      209,
      208,
      177,
      223,
      89,
      139,
      186,
      59,
      42,
      244,
      57,
      30,
      4,
      104,
      126,
      42,
      215,
      186,
      83,
      238,
      181
    ],
    "47": [
      213,
      212,
      66,
      149,
      175,
      45,
      254,
      116,
      68,
      43,
      214,
      73,
      178,
      187,
      182,
      203,
      207,
      113,
      153,
      151,
      44,
      43,
      48,
      40,
      112,
      200,
      44,
      244,
      20,
      186,
      134,
      197
    ],
    "8": [
      102,
      31,
      194,
      124,
      89,
      174,
      193,
      95,
      35,
      66,
      191,
      118,
      179,
      22,
      242,
      207,
      169,
      45,
      12,
      67,
      236,
      41,
      217,
      77,
      62,
      198,
      229,
      10,
      93,
      9,
      43,
      35
    ],
    "43": [
      12,
      120,
      41,
      136,
      253,
      247,
      185,
      66,
      240,
      33,
      61,
      249,
      179,
      159,
      249,
      157,
      133,
      11,
      231,
      183,
      216,
      2,
      198,
      109,
      72,
      113,
      21,
      214,
      29,
      199,
      81,
      135
    ],
    "20": [
      15,
      214,
      117,
      214,
      33,
      19,
      15,
      213,
      143,
      255,
      99,
      209,
      206,
      79,
      230,
      93,
      147,
      30,
      95,
      158,
      227,
      19,
      156,
      49,
      248,
      48,
      128,
      178,
      37,
      225,
      169,
      79
    ],
    "55": [
      105,
      240,
      41,
      78,
      40,
      4,
      162,
      207,
      39,
      124,
      5,
      244,
      156,
      26,
      186,
      114,
      207,
      110,
      13,
      172,
      54,
      159,
      121,
      12,
      243,
      39,
      68,
      118,
      40,
      115,
      17,
      14
    ],
    "16": [
      173,
      130,
      6,
      220,
      150,
      246,
      227,
      223,
      73,
      31,
      56,
      194,
      83,
      73,
      132,
      74,
      219,
      176,
      194,
      3,
      61,
      10,
      227,
      50,
      128,
      241,
      237,
      4,
      245,
      118,
      156,
      180
    ],
    "51": [
      128,
      108,
      218,
      98,
      34,
      56,
      39,
      65,
      137,
      218,
      78,
      143,
      69,
      103,
      35,
      25,
      253,
      134,
      31,
      190,
      175,
      227,
      199,
      105,
      234,
      237,
      232,
      195,
      51,
      14,
      157,
      176
    ],
    "28": [
      49,
      94,
      177,
      59,
      253,
      227,
      37,
      235,
      65,
      95,
      52,
      100,
      60,
      177,
      79,
      241,
      116,
      234,
      250,
      152,
      157,
      192,
      174,
      172,
      191,
      15,
      177,
      53,
      174,
      179,
      45,
      125
    ],
    "63": [
      114,
      69,
      222,
      36,
      253,
      31,
      97,
      141,
      117,
      90,
      155,
      179,
      78,
      203,
      55,
      244,
      228,
      223,
      232,
      156,
      178,
      106,
      100,
      113,
      241,
      189,
      151,
      77,
      251,
      116,
      149,
      155
    ],
    "24": [
      242,
      77,
      178,
      175,
      244,
      34,
      96,
      135,
      69,
      134,
      70,
      89,
      248,
      28,
      58,
      236,
      73,
      236,
      172,
      115,
      30,
      178,
      146,
      125,
      236,
      64,
      186,
      77,
      63,
      236,
      135,
      157
    ],
    "59": [
      198,
      47,
      58,
      74,
      158,
      104,
      174,
      214,
      215,
      186,
      97,
      96,
      22,
      117,
      125,
      122,
      5,
      161,
      235,
      131,
      10,
      216,
      234,
      177,
      147,
      235,
      154,
      222,
      65,
      139,
      138,
      154
    ],
    "7": [
      209,
      145,
      129,
      189,
      25,
      253,
      240,
      159,
      170,
      75,
      64,
      1,
      180,
      174,
      73,
      255,
      123,
      73,
      29,
      33,
      63,
      210,
      73,
      20,
      114,
      14,
      151,
      93,
      82,
      153,
      254,
      57
    ],
    "38": [
      162,
      156,
      150,
      190,
      242,
      242,
      38,
      253,
      113,
      29,
      96,
      254,
      190,
      113,
      27,
      106,
      253,
      173,
      161,
      146,
      164,
      179,
      5,
      92,
      51,
      52,
      1,
      144,
      121,
      20,
      66,
      136
    ],
    "3": [
      242,
      43,
      11,
      92,
      38,
      64,
      44,
      92,
      90,
      122,
      26,
      32,
      66,
      36,
      29,
      134,
      13,
      175,
      120,
      48,
      38,
      224,
      48,
      152,
      125,
      11,
      93,
      203,
      63,
      161,
      249,
      232
    ],
    "34": [
      52,
      152,
      41,
      184,
      179,
      184,
      113,
      2,
      32,
      11,
      33,
      150,
      156,
      117,
      68,
      208,
      221,
      146,
      144,
      244,
      176,
      136,
      243,
      68,
      17,
      240,
      86,
      69,
      14,
      145,
      121,
      77
    ],
    "15": [
      159,
      48,
      225,
      63,
      109,
      148,
      95,
      157,
      101,
      195,
      91,
      200,
      49,
      156,
      184,
      110,
      186,
      194,
      51,
      223,
      44,
      222,
      123,
      125,
      223,
      95,
      221,
      126,
      198,
      53,
      106,
      139
    ],
    "46": [
      183,
      170,
      103,
      110,
      97,
      104,
      186,
      5,
      139,
      175,
      232,
      97,
      216,
      48,
      226,
      167,
      204,
      34,
      80,
      37,
      146,
      67,
      173,
      109,
      211,
      7,
      124,
      175,
      187,
      205,
      107,
      23
    ],
    "11": [
      145,
      245,
      221,
      177,
      14,
      6,
      44,
      119,
      143,
      131,
      31,
      27,
      126,
      67,
      36,
      247,
      116,
      133,
      89,
      238,
      235,
      175,
      177,
      220,
      144,
      70,
      5,
      198,
      235,
      194,
      47,
      30
    ],
    "42": [
      83,
      65,
      82,
      92,
      181,
      122,
      20,
      134,
      16,
      194,
      40,
      117,
      136,
      61,
      11,
      170,
      24,
      31,
      202,
      38,
      144,
      76,
      110,
      236,
      22,
      186,
      219,
      94,
      50,
      62,
      42,
      63
    ],
    "23": [
      222,
      110,
      95,
      9,
      164,
      29,
      122,
      196,
      160,
      6,
      80,
      65,
      220,
      36,
      34,
      130,
      229,
      128,
      229,
      82,
      36,
      40,
      157,
      242,
      202,
      78,
      129,
      29,
      169,
      57,
      120,
      209
    ],
    "54": [
      93,
      154,
      215,
      122,
      243,
      187,
      29,
      244,
      205,
      59,
      243,
      199,
      116,
      61,
      228,
      144,
      168,
      252,
      27,
      47,
      244,
      42,
      225,
      3,
      40,
      141,
      163,
      137,
      201,
      158,
      105,
      31
    ],
    "19": [
      171,
      106,
      24,
      123,
      241,
      251,
      225,
      33,
      233,
      58,
      19,
      233,
      106,
      22,
      190,
      81,
      144,
      221,
      241,
      124,
      140,
      135,
      90,
      164,
      131,
      8,
      238,
      43,
      83,
      195,
      170,
      212
    ],
    "50": [
      55,
      253,
      10,
      45,
      58,
      130,
      101,
      207,
      224,
      101,
      58,
      169,
      54,
      37,
      219,
      166,
      85,
      66,
      247,
      10,
      248,
      77,
      13,
      152,
      204,
      97,
      16,
      30,
      98,
      237,
      49,
      85
    ],
    "31": [
      31,
      155,
      71,
      165,
      235,
      21,
      161,
      98,
      174,
      207,
      170,
      246,
      40,
      110,
      181,
      174,
      60,
      76,
      23,
      171,
      70,
      60,
      36,
      31,
      40,
      179,
      100,
      34,
      89,
      87,
      221,
      155
    ],
    "62": [
      155,
      128,
      73,
      152,
      199,
      200,
      190,
      140,
      225,
      169,
      12,
      27,
      186,
      163,
      209,
      45,
      49,
      120,
      205,
      38,
      199,
      1,
      149,
      36,
      176,
      144,
      147,
      36,
      148,
      47,
      5,
      22
    ],
    "27": [
      22,
      188,
      218,
      204,
      185,
      166,
      196,
      103,
      139,
      64,
      113,
      211,
      179,
      60,
      101,
      1,
      92,
      86,
      241,
      96,
      230,
      27,
      242,
      217,
      7,
      26,
      181,
      241,
      50,
      228,
      209,
      119
    ],
    "58": [
      228,
      97,
      1,
      218,
      5,
      172,
      133,
      103,
      250,
      244,
      2,
      169,
      7,
      233,
      252,
      81,
      23,
      21,
      95,
      164,
      83,
      106,
      103,
      162,
      106,
      105,
      244,
      17,
      55,
      21,
      117,
      202
    ]
  },
  "my_cert": [],
  "my_cert_key": [],
  "root_cert": []
}