{
  "net_map": {
    "37": "127.0.0.1:8537",
    "6": "127.0.0.1:8506",
    "33": "127.0.0.1:8533",
    "64": "127.0.0.1:9000",
    "2": "127.0.0.1:8502",
    "45": "127.0.0.1:8545",
    "14": "127.0.0.1:8514",
    "41": "127.0.0.1:8541",
    "10": "127.0.0.1:8510",
    "53": "127.0.0.1:8553",
    "22": "127.0.0.1:8522",
    "49": "127.0.0.1:8549",
    "18": "127.0.0.1:8518",
    "61": "127.0.0.1:8561",
    "30": "127.0.0.1:8530",
    "57": "127.0.0.1:8557",
    "26": "127.0.0.1:8526",
    "5": "127.0.0.1:8505",
    "36": "127.0.0.1:8536",
    "1": "127.0.0.1:8501",
    "32": "127.0.0.1:8532",
    "13": "127.0.0.1:8513",
    "44": "127.0.0.1:8544",
    "9": "127.0.0.1:8509",
    "40": "127.0.0.1:8540",
    "21": "127.0.0.1:8521",
    "52": "127.0.0.1:8552",
    "17": "127.0.0.1:8517",
    "48": "127.0.0.1:8548",
    "29": "127.0.0.1:8529",
    "60": "127.0.0.1:8560",
    "25": "127.0.0.1:8525",
    "56": "127.0.0.1:8556",
    "4": "127.0.0.1:8504",
    "39": "127.0.0.1:8539",
    "0": "127.0.0.1:8500",
    "35": "127.0.0.1:8535",
    "12": "127.0.0.1:8512",
    "47": "127.0.0.1:8547",
    "8": "127.0.0.1:8508",
    "43": "127.0.0.1:8543",
    "20": "127.0.0.1:8520",
    "55": "127.0.0.1:8555",
    "16": "127.0.0.1:8516",
    "51": "127.0.0.1:8551",
    "28": "127.0.0.1:8528",
    "63": "127.0.0.1:8563",
    "24": "127.0.0.1:8524",
    "59": "127.0.0.1:8559",
    "7": "127.0.0.1:8507",
    "38": "127.0.0.1:8538",
    "3": "127.0.0.1:8503",
    "34": "127.0.0.1:8534",
    "15": "127.0.0.1:8515",
    "46": "127.0.0.1:8546",
    "11": "127.0.0.1:8511",
    "42": "127.0.0.1:8542",
    "23": "127.0.0.1:8523",
    "54": "127.0.0.1:8554",
    "19": "127.0.0.1:8519",
    "50": "127.0.0.1:8550",
    "31": "127.0.0.1:8531",
    "62": "127.0.0.1:8562",
    "27": "127.0.0.1:8527",
    "58": "127.0.0.1:8558"
  },
  "delta": 100,
  "id": 42,
  "num_nodes": 64,
  "num_faults": 21,
  "block_size": 100,
  "client_port": 7042,
  "client_addr": "0.0.0.0:5000",
  "payload": 0,
  "prot_payload": "cc,/home/akhil/research/EEBA/libchatter/",
  "crypto_alg": "NOPKI",
  "pk_map": {},
  "secret_key_bytes": [],
  "sk_map": {
    "37": [
      232,
      195,
      175,
      66,
      47,
      135,
      206,
      93,
      164,
      225,
      12,
      156,
      208,
      52,
      142,
      170,
      221,
      102,
      36,
      217,
      54,
      112,
      221,
      226,
      111,
      29,
      61,
      167,
      202,
      212,
      242,
      229
    ],
    "6": [
      93,
      242,
      97,
      253,
      219,
      38,
      240,
      152,
      118,
      185,
      196,
      176,
      169,
      157,
      206,
      29,
      33,
      235,
      213,
      16,
      16,
      94,
      190,
      49,
      238,
      160,
      90,
      157,
      195,
      64,
      200,
      10
    ],
    "33": [
      246,
      74,
      58,
      161,
      75,
      252,
      114,
      81,
      178,
      86,
      165,
      105,
      191,
      141,
      126,
      63,
      230,
      58,
      243,
      50,
      237,
      115,
      83,
      209,
      12,
      158,
      239,
      90,
      110,
      197,
      77,
      230
    ],
    "2": [
      12,
      224,
      17,
      231,
      209,
      140,
      233,
      253,
      251,
      147,
      152,
      234,
      27,
      39,
      177,
      149,
      138,
      36,
      120,
      108,
      128,
      52,
      206,
      192,
      234,
      119,
      41,
      129,
      69,
      166,
      122,
      237
    ],
    "45": [
      230,
      33,
      58,
      197,
      232,
      193,
      3,
      127,
      69,
      34,
      0,
      47,
      72,
      115,
      3,
      82,
      113,
      78,
      167,
      123,
      75,
      161,
      99,
      159,
      167,
      248,
      5,
      207,
      229,
      89,
      20,
      84
    ],
    "14": [
      133,
      102,
      186,
      198,
      239,
      172,
      178,
      160,
      114,
      113,
      56,
      186,
      202,
      252,
      116,
      33,
      235,
      238,
      149,
      198,
      172,
      164,
      198,
      155,
      234,
      37,
      94,
      142,
      166,
      4,
      184,
      161
    ],
    "41": [
      165,
      211,
      63,
      206,
      172,
      168,
      34,
      73,
      186,
      35,
      233,
      54,
      81,
      176,
      27,
      171,
      109,
      244,
      16,
      58,
      120,
      221,
      165,
      90,
      184,
      91,
      228,
      145,
      72,
      237,
      116,
      236
    ],
    "10": [
      36,
      106,
      131,
      128,
      130,
      27,
      4,
      158,
      183,
      31,
      114,
      174,
      147,
      76,
      205,
      55,
      161,
      183,
      97,
      80,
      54,
      47,
      46,
      174,
      124,
      213,
      27,
      146,
      115,
      108,
      62,
      49
    ],
    "53": [
      251,
      220,
      186,
      219,
      112,
      91,
      142,
      14,
      151,
      181,
      230,
      79,
      38,
      106,
      177,
      198,
      75,
      67,
      242,
      7,
      88,
      121,
      111,
      112,
      139,
      65,
      192,
      65,
      252,
      62,
      66,
      242
    ],
    "22": [
      178,
      148,
      79,
      77,
      83,
      43,
      247,
      11,
      229,
      244,
      223,
      120,
      229,
      82,
      211,
      166,
      170,
      246,
      41,
      239,
      130,
      89,
      16,
      210,
      151,
      103,
      18,
      244,
      203,
      11,
      12,
      44
    ],
    "49": [
      101,
      180,
      55,
      238,
      147,
      136,
      54,
      254,
      76,
      110,
      26,
      91,
      28,
      102,
      138,
      37,
      81,
      6,
      233,
      51,
      68,
      122,
      197,
      219,
      247,
      130,
      67,
      5,
      17,
      30,
      81,
      45
    ],
    "18": [
      244,
      50,
      255,
      75,
      190,
      89,
      223,
      4,
      37,
      128,
      21,
      159,
      114,
      46,
      48,
      232,
      222,
      14,
      167,
      6,
      146,
      168,
      174,
      113,
      92,
      67,
      204,
      45,
      186,
      69,
      52,
      102
    ],
    "61": [
      133,
      74,
      230,
      62,
      102,
      115,
      167,
      11,
      121,
      253,
      48,
      23,
      182,
      142,
      58,
      241,
      167,
      210,
      191,
      24,
      70,
      56,
      131,
      64,
      195,
      69,
      221,
      95,
      26,
      9,
      73,
      169
    ],
    "30": [
      172,
      128,
      183,
      168,
      67,
      145,
      108,
      34,
      62,
      73,
      166,
      197,
      152,
      218,
      144,
      130,
      67,
      146,
      238,
      74,
      223,
      163,
      100,
      149,
      5,
      198,
      119,
      249,
      134,
      233,
      76,
      244
    ],
    "57": [
      113,
      214,
      232,
      242,
      73,
      149,
      135,
      170,
      249,
      82,
      19,
      173,
      47,
      121,
      138,
      156,
      109,
      14,
      36,
      45,
      223,
      225,
      115,
      231,
      248,
      207,
      46,
      80,
      24,
      214,
      121,
      176
    ],
    "26": [
      107,
      21,
      98,
      51,
      102,
      77,
      116,
      69,
      106,
      184,
      155,
      98,
      122,
      173,
      60,
      210,
      130,
      207,
      84,
      171,
      83,
      118,
      51,
      173,
      116,
      82,
      197,
      141,
      199,
      21,
      129,
      30
    ],
    "5": [
      100,
      174,
      7,
      163,
      20,
      177,
      113,
      246,
      80,
      125,
      246,
      5,
      209,
      171,
      5,
      221,
      243,
      146,
      29,
      59,
      22,
      167,
      143,
      196,
      129,
      12,
      193,
      9,
      53,
      13,
      113,
      44
    ],
    "36": [
      90,
      163,
      54,
      109,
      227,
      64,
      37,
      150,
      84,
      98,
      90,
      71,
      57,
      235,
      113,
      100,
      236,
      44,
      238,
      87,
      48,
      81,
      110,
      4,
      116,
      72,
      157,
      193,
      249,
      126,
      88,
      88
    ],
    "1": [
      251,
      207,
      22,
      173,
      149,
      191,
      64,
      46,
      250,
      37,
      33,
      19,
      253,
      31,
      113,
      253,
      185,
      82,
      169,
      117,
      246,
      41,
      69,
      171,
      28,
      116,
      110,
      68,
      76,
      217,
      77,
      22
    ],
    "32": [
      32,
      180,
      21,
      247,
      52,
      182,
      241,
      221,
      201,
      196,
      78,
      241,
      24,
      87,
      85,
      76,
      155,
      110,
      206,
      143,
      167,
      226,
      173,
      228,
      169,
      175,
      193,
      129,
      12,
      48,
      169,
      1
    ],
    "13": [
      212,
      90,
      134,
      12,
      223,
      118,
      243,
      227,
      161,
      149,
      72,
      163,
      5,
      3,
      237,
      38,
      251,
      29,
      48,
      118,
      230,
      99,
      183,
      212,
      230,
      75,
      130,
      225,
      105,
      84,
      33,
      60
    ],
    "44": [
      36,
      14,
      28,
      8,
      40,
      230,
      71,
      237,
      77,
      13,
      181,
      32,
      180,
      193,
      178,
      39,
      253,
      158,
      48,
      109,
      45,
      133,
      109,
      37,
      69,
      229,
      22,
      131,
      95,
      235,
      255,
      103
    ],
    "9": [
      109,
      0,
      35,
      144,
      151,
      113,
      178,
      192,
      193,
      121,
      168,
      212,
      53,
      85,
      76,
      216,
      89,
      228,
      20,
      79,
      147,
      108,
      99,
      154,
      29,
      17,
      122,
      114,
      32,
      251,
      232,
      46
    ],
    "40": [
      93,
      134,
      159,
      35,
      223,
      165,
      107,
      207,
      174,
      145,
      52,
      255,
      242,
      46,
      55,
      136,
      195,
      118,
      177,
      154,
      238,
      68,
      99,
      82,
      103,
      25,
      76,
      97,
      33,
      104,
      209,
      42
    ],
    "21": [
      98,
      200,
      155,
      128,
      129,
      83,
      194,
      183,
      208,
      155,
      203,
      252,
      107,
      60,
      149,
      117,
      48,
      162,
      58,
      95,
      234,
      121,
      253,
      128,
      72,
      205,
      156,
      179,
      142,
      122,
      75,
      155
    ],
    "52": [
      161,
      195,
      53,
      99,
      30,
      187,
      188,
      157,
      50,
      248,
      52,
      243,
      167,
      108,
      98,
      64,
      60,
      1,
      69,
      129,
      121,
      19,
      226,
      73,
      150,
      67,
      244,
      250,
      39,
      54,
      221,
      44
    ],
    "17": [
      166,
      146,
      165,
      239,
      210,
      21,
      217,
      89,
      105,
      186,
      93,
      198,
      187,
      48,
      25,
      242,
      138,
      79,
      14,
      42,
      215,
      179,
      4,
      246,
      148,
      125,
      180,
      240,
      94,
      62,
      196,
      250
    ],
    "48": [
      114,
      15,
      199,
      169,
      84,
      238,
      179,
      207,
      135,
      163,
      177,
      109,
      151,
      74,
      117,
      219,
      156,
      153,
      152,
      121,
      158,
      59,
      174,
      188,
      211,
      8,
      101,
      244,
      73,
      172,
      146,
      222
    ],
    "29": [
      122,
      65,
      17,
      245,
      21,
      124,
      105,
      200,
      58,
      146,
      240,
      174,
      138,
      88,
      70,
      157,
      47,
      184,
      97,
      232,
      154,
      141,
      4,
      74,
      220,
      210,
      112,
      88,
      65,
      66,
      198,
      134
    ],
    "60": [
      136,
      44,
      144,
      236,
      223,
      3,
      232,
      77,
      227,
      57,
      79,
      208,
      199,
      28,
      190,
      182,
      95,
      39,
      249,
      217,
      181,
      46,
      56,
      112,
      36,
      85,
      134,
      63,
      65,
      234,
      160,
      161
    ],
    "25": [
      234,
      47,
      196,
      50,
      59,
      226,
      194,
      238,
      209,
      16,
      217,
      171,
      64,
      37,
      230,
      24,
      234,
      253,
      1,
      253,
      80,
      91,
      112,
      214,
      69,
      50,
      24,
      187,
      119,
      239,
      172,
      57
    ],
    "56": [
      168,
      7,
      125,
      57,
      228,
      249,
      82,
      131,
      167,
      84,
      26,
      49,
      98,
      157,
      226,
      121,
      200,
      205,
      204,
      125,
      17,
      116,
      217,
      160,
      34,
      255,
      100,
      235,
      189,
      185,
      169,
      87
    ],
    "4": [
      48,
      75,
      1,
      119,
      62,
      27,
      244,
      195,
      166,
      82,
      166,
      54,
      175,
      240,
      68,
      240,
      46,
      47,
      232,
      168,
      104,
      153,
      118,
      88,
      34,
      249,
      103,
      9,
      219,
      215,
      215,
      154
    ],
    "39": [
      10,
      76,
      82,
      195,
      53,
      13,
      237,
      136,
      219,
      106,
      141,
      72,
      40,
      217,
      31,
      87,
      61,
      2,
      135,
      221,
      124,
      180,
      164,
      41,
      140,
      98,
      38,
      109,
      51,
      234,
      253,
      202
    ],
    "0": [
      141,
      153,
      102,
      229,
      103,
      184,
      223,
      54,
      198,
      153,
      28,
      210,
      235,
      211,
      252,
      198,
      166,
      49,
      12,
      147,
      137,
      140,
      61,
      113,
      143,
      183,
      205,
      135,
      118,
      38,
      167,
      145
    ],
    "35": [
      186,
      145,
      100,
      216,
      150,
      240,
      193,
      254,
      21,
      75,
      194,
      140,
      25,
      28,
      45,
      101,
      179,
      65,
      208,
      208,
      90,
      112,
      196,
      38,
      217,
      46,
      17,
      76,
      99,
      60,
      190,
      34
    ],
    "12": [
      251,
      194,
      128,
      113,
      127,
      119,
      139,
      209,
      18,
      10,
      191,
      139,
      242,
      224,
      73,
      96,
      75,
      203,
      247,
      237,
      85,
      0,
      130,
      94,
      72,
      12,
      59,
      115,
      177,
      91,
      160,
      135
    ],
    "47": [
      154,
      193,
      201,
      38,
      87,
      114,
      125,
      122,
      33,
      121,
      247,
      217,
      101,
      205,
      169,
      1,
      36,
      26,
      25,
      207,
      132,
      241,
      68,
      59,
      141,
      204,
      185,
      45,
      206,
      235,
      156,
      75
    ],
    "8": [
      83,
      65,
      82,
      92,
      181,
      122,
      20,
      134,
      16,
      194,
      40,
      117,
      136,
      61,
      11,
      170,
      24,
      31,
      202,
      38,
      144,
      76,
      110,
      236,
      22,
      186,
      219,
      94,
      50,
      62,
      42,
      63
    ],
    "43": [
      254,
      223,
      103,
      46,
      183,
      164,
      70,
      43,
      197,
      119,
      99,
      88,
      20,
      155,
      214,
      237,
      19,
      204,
      79,
      60,
      236,
      171,
      118,
      250,
      153,
      4,
      175,
      36,
      41,
      137,
      189,
      8
    ],
    "20": [
      184,
      143,
      162,
      126,
      105,
      138,
      9,
      240,
      200,
      126,
      3,
      197,
      133,
      246,
      7,
      68,
      28,
      200,
      139,
      64,
      204,
      33,
      0,
      111,
      125,
      43,
      125,
      241,
      77,
      2,
      126,
      35
    ],
    "55": [
      195,
      126,
      110,
      18,
      71,
      32,
      181,
      34,
      63,
      116,
      3,
      97,
      16,
      182,
      224,
      109,
      38,
      211,
      90,
      204,
      230,
      166,
      42,
      62,
      94,
      204,
      66,
      180,
      51,
      145,
      83,
      80
    ],
    "16": [
      138,
      120,
      147,
      91,
      207,
      242,
      190,
      144,
      88,
      100,
      245,
      10,
      78,
      5,
      223,
      234,
      226,
      170,
      107,
      121,
      123,
      173,
      79,
      243,
      161,
      222,
      72,
      20,
      63,
      84,
      241,
      162
    ],
    "51": [
      145,
      53,
      89,
      42,
      136,
      150,
      190,
      120,
      33,
      252,
      162,
      123,
      131,
      22,
      234,
      194,
      117,
      76,
      68,
      208,
      0,
      134,
      13,
      39,
      233,
      113,
      76,
      9,
      170,
      93,
      132,
      63
    ],
    "28": [
      190,
      131,
      50,
      199,
      14,
      177,
      16,
      24,
      77,
      225,
      61,
      175,
      232,
      149,
      238,
      245,
      114,
      118,
      53,
      242,
      89,
      41,
      59,
      186,
      212,
      21,
      211,
      215,
      245,
      221,
      83,
      155
    ],
    "63": [
      180,
      129,
      79,
      56,
      207,
      177,
      122,
      118,
      146,
      126,
      222,
      193,
      252,
      95,
      250,
      137,
      187,
      218,
      174,
      192,
      29,
      152,
      173,
      108,
      111,
      60,
      237,
      51,
      196,
      153,
      141,
      235
    ],
    "24": [
      103,
      121,
      196,
      208,
      10,
      67,
      159,
      116,
      54,
      155,
      177,
      203,
      153,
      186,
      216,
      38,
      168,
      118,
      67,
      217,
      149,
      23,
      77,
      156,
      120,
      175,
      2,
      221,
      55,
      173,
      237,
      161
    ],
    "59": [
      31,
      94,
      234,
      206,
      78,
      161,
      233,
      219,
      27,
      171,
      205,
      191,
      65,
      158,
      245,
      108,
      6,
      122,
      239,
      243,
      237,
      171,
      203,
      133,
      55,
      134,
      122,
      87,
      162,
      216,
      207,
      184
    ],
    "7": [
      47,
      235,
      66,
      33,
      242,
      36,
      41,
      172,
      238,
      97,
      17,
      39,
      55,
      192,
      242,
      171,
      226,
      28,
      31,
      225,
      219,
      164,
      237,
      53,
      211,
      225,
      154,
      158,
      199,
      89,
      62,
      213
    ],
    "38": [
      209,
      77,
      213,
      1,
      112,
      145,
      35,
      169,
      234,
      133,
      110,
      165,
      95,
      113,
      205,
      210,
      12,
      210,
      113,
      75,
      26,
      111,
      59,
      196,
      45,
      61,
      134,
      106,
      179,
      22,
      26,
      74
    ],
    "3": [
      179,
      78,
      241,
      137,
      74,
      116,
      135,
      110,
      128,
      171,
      22,
      98,
      135,
      248,
      138,
      155,
      35,
      210,
      16,
      160,
      183,
      49,
      202,
      18,
      231,
      176,
      148,
      75,
      245,
      130,
      98,
      215
    ],
    "34": [
      102,
      32,
      152,
      5,
      63,
      15,
      160,
      202,
      193,
      69,
      170,
      250,
      229,
      223,
      53,
      152,
      19,
      51,
      215,
      165,
      31,
      107,
      60,
      155,
      214,
      35,
      183,
      210,
      46,
      163,
      251,
      197
    ],
    "15": [
      106,
      180,
      154,
      1,
      143,
      231,
      131,
      167,
      161,
      248,
      55,
      198,
      141,
      239,
      188,
      37,
      220,
      87,
      191,
      136,
      51,
      181,
      43,
      31,
      140,
      161,
      97,
      53,
      181,
      205,
      159,
      76
    ],
    "46": [
      48,
      18,
      215,
      156,
      163,
      93,
      54,
      151,
      161,
      69,
      165,
      126,
      199,
      216,
      142,
      84,
      70,
      148,
      176,
      87,
      212,
      247,
      198,
      237,
      122,
      47,
      241,
      126,
      177,
      73,
      22,
      240
    ],
    "11": [
      164,
      74,
      76,
      191,
      124,
      181,
      199,
      41,
      59,
      185,
      187,
      192,
      133,
      96,
      41,
      248,
      193,
      129,
      142,
      19,
      63,
      152,
      128,
      229,
      248,
      231,
      99,
      101,
      106,
      111,
      30,
      171
    ],
    "42": [
      115,
      73,
      144,
      249,
      74,
      110,
      36,
      74,
      97,
      119,
      21,
      237,
      203,
      62,
      121,
      37,
      94,
      86,
      86,
      219,
      21,
      13,
      103,
      2,
      86,
      43,
      52,
      73,
      254,
      64,
      135,
      240
    ],
    "23": [
      178,
      184,
      253,
      112,
      250,
      22,
      216,
      222,
      182,
      174,
      99,
      248,
      105,
      75,
      77,
      22,
      53,
      93,
      196,
      46,
      103,
      155,
      225,
      27,
      112,
      61,
      67,
      104,
      6,
      94,
      91,
      107
    ],
    "54": [
      199,
      45,
      130,
      78,
      161,
      87,
      91,
      169,
      177,
      30,
      23,
      218,
      171,
      36,
      121,
      249,
      108,
      234,
      44,
      82,
      101,
      170,
      121,
      211,
      165,
      16,
      235,
      22,
      254,
      152,
      125,
      199
    ],
    "19": [
      60,
      5,
      67,
      158,
      217,
      162,
      10,
      0,
      84,
      38,
      48,
      115,
      30,
      37,
      172,
      63,
      111,
      255,
      100,
      8,
      223,
      7,
      77,
      57,
      137,
      10,
      109,
      65,
      106,
      21,
      1,
      128
    ],
    "50": [
      142,
      136,
      213,
      217,
      182,
      247,
      142,
      132,
      244,
      39,
      144,
      48,
      143,
      4,
      244,
      181,
      17,
      67,
      71,
      1,
      116,
      123,
      141,
      43,
      48,
      23,
      43,
      235,
      204,
      122,
      30,
      229
    ],
    "31": [
      19,
      118,
      109,
      250,
      62,
      127,
      151,
      173,
      85,
      11,
      197,
      192,
      72,
      189,
      225,
      81,
      215,
      209,
      189,
      249,
      130,
      158,
      126,
      25,
      105,
      87,
      86,
      82,
      74,
      145,
      162,
      236
    ],
    "62": [
      241,
      254,
      123,
      41,
      197,
      88,
      213,
      249,
      90,
      122,
      132,
      34,
      170,
      224,
      13,
      104,
      205,
      38,
      201,
      9,
      51,
      105,
      129,
      2,
      49,
      154,
      91,
      175,
      103,
      85,
      144,
      96
    ],
    "27": [
      57,
      78,
      207,
      115,
      136,
      21,
      158,
      224,
      136,
      208,
      16,
      43,
      215,
      22,
      35,
      153,
      17,
      236,
      251,
      151,
      120,
      241,
      38,
      180,
      246,
      98,
      43,
      208,
      4,
      196,
      187,
      108
    ],
    "58": [
      163,
      30,
      184,
      139,
      125,
      49,
      97,
      93,
      216,
      138,
      192,
      229,
      57,
      77,
      25,
      209,
      14,
      196,
      163,
      171,
      178,
      136,
      250,
      138,
      2,
      96,
      67,
      24,
      192,
      86,
      33,
      25
    ]
  },
  "my_cert": [],
  "my_cert_key": [],
  "root_cert": []
}