{
  "net_map": {
    "37": "127.0.0.1:8537",
    "6": "127.0.0.1:8506",
    "33": "127.0.0.1:8533",
    "64": "127.0.0.1:9000",
    "2": "127.0.0.1:8502",
    "45": "127.0.0.1:8545",
    "14": "127.0.0.1:8514",
    "41": "127.0.0.1:8541",
    "10": "127.0.0.1:8510",
    "53": "127.0.0.1:8553",
    "22": "127.0.0.1:8522",
    "49": "127.0.0.1:8549",
    "18": "127.0.0.1:8518",
    "61": "127.0.0.1:8561",
    "30": "127.0.0.1:8530",
    "57": "127.0.0.1:8557",
    "26": "127.0.0.1:8526",
    "5": "127.0.0.1:8505",
    "36": "127.0.0.1:8536",
    "1": "127.0.0.1:8501",
    "32": "127.0.0.1:8532",
    "13": "127.0.0.1:8513",
    "44": "127.0.0.1:8544",
    "9": "127.0.0.1:8509",
    "40": "127.0.0.1:8540",
    "21": "127.0.0.1:8521",
    "52": "127.0.0.1:8552",
    "17": "127.0.0.1:8517",
    "48": "127.0.0.1:8548",
    "29": "127.0.0.1:8529",
    "60": "127.0.0.1:8560",
    "25": "127.0.0.1:8525",
    "56": "127.0.0.1:8556",
    "4": "127.0.0.1:8504",
    "39": "127.0.0.1:8539",
    "0": "127.0.0.1:8500",
    "35": "127.0.0.1:8535",
    "12": "127.0.0.1:8512",
    "47": "127.0.0.1:8547",
    "8": "127.0.0.1:8508",
    "43": "127.0.0.1:8543",
    "20": "127.0.0.1:8520",
    "55": "127.0.0.1:8555",
    "16": "127.0.0.1:8516",
    "51": "127.0.0.1:8551",
    "28": "127.0.0.1:8528",
    "63": "127.0.0.1:8563",
    "24": "127.0.0.1:8524",
    "59": "127.0.0.1:8559",
    "7": "127.0.0.1:8507",
    "38": "127.0.0.1:8538",
    "3": "127.0.0.1:8503",
    "34": "127.0.0.1:8534",
    "15": "127.0.0.1:8515",
    "46": "127.0.0.1:8546",
    "11": "127.0.0.1:8511",
    "42": "127.0.0.1:8542",
    "23": "127.0.0.1:8523",
    "54": "127.0.0.1:8554",
    "19": "127.0.0.1:8519",
    "50": "127.0.0.1:8550",
    "31": "127.0.0.1:8531",
    "62": "127.0.0.1:8562",
    "27": "127.0.0.1:8527",
    "58": "127.0.0.1:8558"
  },
  "delta": 100,
  "id": 44,
  "num_nodes": 64,
  "num_faults": 21,
  "block_size": 100,
  "client_port": 7044,
  "client_addr": "0.0.0.0:5000",
  "payload": 0,
  "prot_payload": "cc,/home/akhil/research/EEBA/libchatter/",
  "crypto_alg": "NOPKI",
  "pk_map": {},
  "secret_key_bytes": [],
  "sk_map": {
    "37": [
      88,
      98,
      131,
      138,
      111,
      92,
      43,
      189,
      79,
      18,
      146,
      238,
      226,
      71,
      169,
      203,
      249,
      57,
      39,
      191,
      24,
      16,
      185,
      63,
      50,
      96,
      18,
      6,
      156,
      102,
      54,
      210
    ],
    "6": [
      128,
      235,
      112,
      107,
      5,
      97,
      148,
      237,
      73,
      110,
      158,
      181,
      86,
      7,
      114,
      200,
      166,
      152,
      227,
      223,
      240,
      36,
      197,
      90,
      163,
      221,
      42,
      112,
      101,
      65,
      118,
      146
    ],
    "33": [
      145,
      163,
      41,
      90,
      123,
      20,
      108,
      66,
      178,
      105,
      205,
      86,
      82,
      185,
      89,
      210,
      246,
      130,
      17,
      72,
      192,
      132,
      126,
      96,
      120,
      40,
      68,
      213,
      118,
      252,
      183,
      4
    ],
    "2": [
      33,
      238,
      27,
      42,
      140,
      132,
      110,
      211,
      200,
      95,
      167,
      72,
      209,
      165,
      73,
      42,
      117,
      226,
      9,
      181,
      99,
      233,
      27,
      165,
      71,
      133,
      235,
      135,
      178,
      129,
      96,
      210
    ],
    "45": [
      246,
      42,
      254,
      106,
      218,
      66,
      200,
      4,
      18,
      62,
      241,
      152,
      232,
      74,
      56,
      19,
      6,
      76,
      235,
      27,
      205,
      138,
      212,
      205,
      43,
      215,
      84,
      196,
      112,
      232,
      97,
      126
    ],
    "14": [
      248,
      195,
      217,
      216,
      16,
      211,
      150,
      101,
      100,
      197,
      23,
      125,
      144,
      152,
      33,
      186,
      139,
      194,
      222,
      134,
      227,
      119,
      226,
      83,
      70,
      39,
      96,
      12,
      14,
      148,
      64,
      0
    ],
    "41": [
      78,
      42,
      250,
      163,
      218,
      214,
      103,
      72,
      41,
      191,
      191,
      52,
      57,
      122,
      129,
      19,
      72,
      255,
      225,
      58,
      195,
      113,
      116,
      169,
      53,
      204,
      82,
      75,
      212,
      157,
      188,
      8
    ],
    "10": [
      114,
      31,
      200,
      36,
      161,
      89,
      177,
      135,
      138,
      77,
      132,
      15,
      39,
      75,
      193,
      147,
      149,
      164,
      98,
      148,
      244,
      53,
      188,
      13,
      112,
      53,
      69,
      32,
      220,
      32,
      30,
      102
    ],
    "53": [
      170,
      127,
      138,
      8,
      246,
      135,
      96,
      71,
      108,
      248,
      135,
      177,
      178,
      209,
      109,
      232,
      19,
      57,
      50,
      89,
      248,
      165,
      242,
      21,
      137,
      49,
      177,
      50,
      247,
      13,
      191,
      149
    ],
    "22": [
      241,
      96,
      12,
      129,
      91,
      214,
      125,
      210,
      187,
      254,
      165,
      49,
      216,
      103,
      33,
      23,
      22,
      104,
      132,
      96,
      95,
      30,
      128,
      233,
      235,
      81,
      58,
      151,
      19,
      107,
      113,
      212
    ],
    "49": [
      147,
      250,
      161,
      58,
      69,
      30,
      211,
      168,
      231,
      48,
      85,
      121,
      224,
      169,
      22,
      207,
      47,
      14,
      146,
      251,
      54,
      35,
      25,
      145,
      250,
      94,
      235,
      189,
      247,
      173,
      236,
      130
    ],
    "18": [
      17,
      197,
      74,
      118,
      65,
      163,
      180,
      11,
      173,
      79,
      175,
      165,
      54,
      105,
      195,
      247,
      93,
      206,
      3,
      96,
      243,
      162,
      230,
      40,
      102,
      203,
      231,
      83,
      18,
      138,
      89,
      174
    ],
    "61": [
      185,
      195,
      80,
      253,
      142,
      199,
      9,
      29,
      230,
      97,
      203,
      45,
      247,
      23,
      121,
      230,
      48,
      188,
      192,
      229,
      62,
      134,
      91,
      82,
      102,
      69,
      181,
      175,
      169,
      223,
      73,
      31
    ],
    "30": [
      233,
      232,
      180,
      92,
      98,
      139,
      215,
      95,
      25,
      209,
      48,
      223,
      220,
      136,
      56,
      41,
      76,
      111,
      114,
      213,
      75,
      146,
      177,
      153,
      58,
      126,
      225,
      251,
      30,
      238,
      180,
      253
    ],
    "57": [
      232,
      40,
      56,
      66,
      43,
      199,
      131,
      197,
      81,
      123,
      243,
      156,
      155,
      110,
      52,
      230,
      12,
      198,
      116,
      68,
      231,
      102,
      220,
      138,
      57,
      175,
      96,
      153,
      177,
      103,
      133,
      227
    ],
    "26": [
      112,
      84,
      217,
      117,
      129,
      231,
      194,
      202,
      31,
      182,
      197,
      245,
      195,
      194,
      201,
      0,
      110,
      91,
      176,
      179,
      249,
      114,
      34,
      131,
      84,
      235,
      162,
      189,
      208,
      234,
      67,
      168
    ],
    "5": [
      243,
      44,
      228,
      47,
      225,
      62,
      216,
      90,
      73,
      230,
      125,
      207,
      184,
      190,
      34,
      16,
      8,
      239,
      173,
      162,
      230,
      33,
      250,
      73,
      40,
      20,
      20,
      235,
      199,
      110,
      150,
      70
    ],
    "36": [
      141,
      179,
      2,
      197,
      152,
      229,
      45,
      129,
      76,
      174,
      95,
      176,
      152,
      155,
      51,
      201,
      127,
      38,
      30,
      104,
      134,
      7,
      243,
      54,
      233,
      94,
      11,
      86,
      215,
      170,
      210,
      184
    ],
    "1": [
      202,
      52,
      196,
      60,
      191,
      148,
      213,
      253,
      134,
      97,
      33,
      228,
      252,
      134,
      183,
      189,
      233,
      148,
      117,
      167,
      27,
      96,
      2,
      98,
      191,
      126,
      245,
      194,
      246,
      14,
      166,
      220
    ],
    "32": [
      87,
      179,
      134,
      123,
      176,
      31,
      62,
      65,
      150,
      111,
      204,
      84,
      209,
      54,
      251,
      170,
      140,
      95,
      217,
      23,
      117,
      94,
      18,
      23,
      143,
      196,
      202,
      85,
      24,
      100,
      64,
      133
    ],
    "13": [
      89,
      56,
      71,
      66,
      231,
      9,
      10,
      140,
      98,
      229,
      88,
      198,
      233,
      184,
      122,
      142,
      159,
      176,
      166,
      231,
      148,
      238,
      18,
      123,
      130,
      55,
      155,
      207,
      85,
      3,
      237,
      108
    ],
    "44": [
      102,
      146,
      127,
      214,
      32,
      250,
      43,
      249,
      103,
      227,
      31,
      67,
      5,
      20,
      122,
      30,
      121,
      17,
      130,
      128,
      174,
      153,
      126,
      156,
      44,
      104,
      239,
      150,
      212,
      84,
      84,
      223
    ],
    "9": [
      247,
      130,
      92,
      94,
      156,
      189,
      154,
      223,
      83,
      3,
      118,
      224,
      26,
      229,
      86,
      111,
      30,
      208,
      89,
      214,
      161,
      10,
      189,
      190,
      154,
      133,
      214,
      16,
      115,
      34,
      200,
      18
    ],
    "40": [
      165,
      202,
      87,
      84,
      171,
      11,
      244,
      214,
      221,
      55,
      157,
      168,
      181,
      3,
      188,
      179,
      130,
      191,
      20,
      203,
      148,
      44,
      161,
      240,
      238,
      96,
      160,
      118,
      164,
      200,
      79,
      156
    ],
    "21": [
      144,
      147,
      11,
      141,
      166,
      196,
      18,
      5,
      209,
      225,
      161,
      112,
      214,
      122,
      149,
      55,
      148,
      13,
      14,
      25,
      143,
      165,
      201,
      42,
      121,
      89,
      150,
      91,
      200,
      13,
      119,
      123
    ],
    "52": [
      128,
      172,
      46,
      15,
      206,
      182,
      181,
      198,
      125,
      98,
      156,
      64,
      46,
      213,
      233,
      32,
      104,
      0,
      15,
      249,
      133,
      67,
      46,
      148,
      199,
      230,
      110,
      125,
      71,
      6,
      74,
      30
    ],
    "17": [
      156,
      125,
      60,
      72,
      78,
      181,
      150,
      219,
      211,
      143,
      76,
      25,
      72,
      192,
      64,
      144,
      46,
      201,
      182,
      196,
      43,
      127,
      106,
      185,
      161,
      198,
      100,
      77,
      69,
      233,
      100,
      14
    ],
    "48": [
      120,
      6,
      36,
      84,
      139,
      79,
      102,
      105,
      25,
      122,
      122,
      203,
      183,
      88,
      104,
      49,
      84,
      24,
      158,
      119,
      250,
      186,
      100,
      161,
      142,
      8,
      87,
      183,
      3,
      49,
      16,
      239
    ],
    "29": [
      178,
      91,
      111,
      10,
      153,
      168,
      150,
      34,
      24,
      253,
      106,
      7,
      210,
      226,
      213,
      141,
      7,
      228,
      35,
      30,
      190,
      75,
      219,
      2,
      177,
      243,
      54,
      57,
      234,
      244,
      158,
      241
    ],
    "60": [
      205,
      171,
      85,
      141,
      39,
      4,
      196,
      222,
      192,
      213,
      166,
      242,
      240,
      122,
      250,
      162,
      108,
      10,
      122,
      38,
      110,
      40,
      93,
      132,
      70,
      72,
      180,
      12,
      147,
      247,
      169,
      61
    ],
    "25": [
      104,
      210,
      38,
      124,
      172,
      213,
      250,
      216,
      150,
      221,
      46,
      40,
      68,
      149,
      188,
      180,
      48,
      45,
      66,
      85,
      99,
      161,
      116,
      82,
      168,
      125,
      47,
      187,
      57,
      144,
      36,
      206
    ],
    "56": [
      42,
      158,
      136,
      226,
      47,
      140,
      41,
      111,
      49,
      58,
      25,
      253,
      27,
      137,
      163,
      91,
      34,
      213,
      81,
      215,
      39,
      223,
      93,
      153,
      72,
      202,
      92,
      111,
      210,
      68,
      75,
      32
    ],
    "4": [
      215,
      121,
      159,
      73,
      232,
      50,
      225,
      16,
      180,
      83,
      23,
      220,
      71,
      151,
      149,
      140,
      154,
      175,
      184,
      128,
      212,
      195,
      154,
      181,
      144,
      255,
      155,
      82,
      152,
      203,
      253,
      129
    ],
    "39": [
      34,
      24,
      39,
      88,
      198,
      0,
      172,
      180,
      122,
      150,
      11,
      250,
      27,
      30,
      11,
      59,
      88,
      109,
      99,
      109,
      95,
      97,
      238,
      7,
      155,
      121,
      79,
      212,
      130,
      221,
      132,
      212
    ],
    "0": [
      56,
      118,
      192,
      180,
      82,
      216,
      130,
      6,
      203,
      63,
      132,
      159,
      103,
      152,
      120,
      127,
      158,
      122,
      149,
      35,
      92,
      249,
      60,
      2,
      15,
      150,
      161,
      238,
      131,
      24,
      239,
      34
    ],
    "35": [
      205,
      188,
      25,
      231,
      156,
      102,
      16,
      176,
      180,
      181,
      46,
      42,
      38,
      212,
      106,
      110,
      206,
      131,
      83,
      76,
      182,
      181,
      212,
      30,
      48,
      214,
      163,
      136,
      206,
      80,
      82,
      81
    ],
    "12": [
      64,
      214,
      51,
      29,
      157,
      85,
      44,
      8,
      30,
      51,
      187,
      174,
      109,
      148,
      116,
      247,
      192,
      248,
      209,
      62,
      141,
      89,
      56,
      34,
      59,
      252,
      10,
      175,
      104,
      239,
      44,
      58
    ],
    "47": [
      153,
      211,
      28,
      31,
      254,
      29,
      207,
      225,
      15,
      127,
      250,
      3,
      157,
      94,
      147,
      187,
      94,
      218,
      34,
      229,
      19,
      109,
      55,
      77,
      167,
      237,
      209,
      111,
      222,
      8,
      124,
      92
    ],
    "8": [
      239,
      108,
      239,
      23,
      37,
      110,
      131,
      216,
      135,
      125,
      134,
      184,
      33,
      191,
      37,
      38,
      192,
      216,
      202,
      174,
      55,
      103,
      177,
      249,
      98,
      198,
      151,
      28,
      65,
      57,
      131,
      184
    ],
    "43": [
      15,
      82,
      92,
      65,
      98,
      127,
      122,
      142,
      129,
      236,
      225,
      157,
      40,
      47,
      153,
      76,
      216,
      22,
      206,
      59,
      180,
      236,
      162,
      196,
      230,
      8,
      10,
      169,
      164,
      114,
      99,
      102
    ],
    "20": [
      92,
      137,
      195,
      56,
      235,
      7,
      24,
      178,
      222,
      166,
      47,
      151,
      60,
      114,
      219,
      188,
      78,
      49,
      208,
      132,
      102,
      37,
      33,
      251,
      28,
      134,
      77,
      95,
      217,
      109,
      195,
      218
    ],
    "55": [
      4,
      36,
      8,
      104,
      47,
      55,
      157,
      237,
      140,
      35,
      190,
      227,
      5,
      101,
      121,
      145,
      67,
      99,
      57,
      51,
      59,
      109,
      251,
      188,
      96,
      185,
      42,
      36,
      157,
      120,
      20,
      177
    ],
    "16": [
      160,
      239,
      43,
      0,
      176,
      127,
      134,
      240,
      169,
      3,
      245,
      97,
      86,
      109,
      239,
      90,
      233,
      158,
      104,
      12,
      124,
      116,
      31,
      131,
      235,
      38,
      185,
      169,
      190,
      221,
      3,
      112
    ],
    "51": [
      76,
      83,
      171,
      228,
      129,
      211,
      197,
      137,
      40,
      93,
      59,
      75,
      210,
      96,
      198,
      206,
      7,
      134,
      4,
      189,
      246,
      191,
      92,
      190,
      250,
      193,
      85,
      255,
      131,
      226,
      34,
      208
    ],
    "28": [
      110,
      154,
      126,
      112,
      168,
      27,
      145,
      45,
      107,
      123,
      88,
      227,
      82,
      59,
      191,
      32,
      82,
      170,
      76,
      141,
      210,
      147,
      90,
      100,
      59,
      56,
      74,
      224,
      170,
      246,
      11,
      86
    ],
    "63": [
      57,
      4,
      226,
      182,
      183,
      43,
      98,
      200,
      150,
      80,
      80,
      150,
      84,
      63,
      35,
      15,
      112,
      73,
      57,
      190,
      120,
      10,
      230,
      155,
      224,
      225,
      151,
      85,
      84,
      85,
      113,
      115
    ],
    "24": [
      160,
      31,
      241,
      37,
      44,
      166,
      134,
      118,
      93,
      56,
      229,
      200,
      10,
      197,
      75,
      141,
      33,
      180,
      238,
      233,
      197,
      190,
      142,
      97,
      168,
      47,
      150,
      19,
      189,
      56,
      134,
      193
    ],
    "59": [
      43,
      41,
      47,
      159,
      157,
      131,
      137,
      245,
      221,
      34,
      41,
      108,
      56,
      209,
      161,
      4,
      93,
      116,
      124,
      53,
      193,
      168,
      136,
      37,
      251,
      87,
      64,
      247,
      168,
      237,
      200,
      61
    ],
    "7": [
      195,
      108,
      139,
      155,
      103,
      158,
      85,
      24,
      184,
      197,
      134,
      10,
      156,
      225,
      133,
      139,
      31,
      141,
      168,
      255,
      98,
      116,
      197,
      109,
      231,
      207,
      165,
      237,
      176,
      54,
      90,
      96
    ],
    "38": [
      20,
      225,
      60,
      104,
      190,
      23,
      171,
      109,
      159,
      88,
      44,
      155,
      202,
      214,
      57,
      173,
      88,
      240,
      248,
      181,
      56,
      4,
      101,
      216,
      27,
      29,
      25,
      159,
      200,
      6,
      86,
      1
    ],
    "3": [
      189,
      177,
      217,
      73,
      160,
      191,
      87,
      60,
      226,
      118,
      108,
      228,
      206,
      96,
      232,
      94,
      77,
      39,
      133,
      237,
      207,
      117,
      253,
      133,
      199,
      150,
      114,
      11,
      145,
      27,
      94,
      224
    ],
    "34": [
      145,
      58,
      21,
      60,
      87,
      126,
      163,
      102,
      228,
      64,
      77,
      104,
      82,
      24,
      7,
      229,
      224,
      164,
      186,
      167,
      52,
      4,
      24,
      197,
      114,
      36,
      12,
      237,
      201,
      78,
      193,
      179
    ],
    "15": [
      174,
      84,
      36,
      122,
      123,
      56,
      155,
      153,
      57,
      46,
      87,
      162,
      215,
      174,
      237,
      253,
      53,
      140,
      140,
      76,
      34,
      15,
      15,
      227,
      53,
      10,
      124,
      19,
      90,
      19,
      201,
      112
    ],
    "46": [
      111,
      130,
      80,
      76,
      217,
      129,
      56,
      76,
      91,
      127,
      245,
      131,
      85,
      12,
      48,
      200,
      251,
      36,
      111,
      95,
      44,
      220,
      161,
      245,
      21,
      195,
      90,
      146,
      45,
      35,
      65,
      79
    ],
    "11": [
      171,
      25,
      148,
      192,
      38,
      66,
      107,
      236,
      24,
      35,
      218,
      41,
      34,
      226,
      7,
      181,
      158,
      134,
      131,
      125,
      8,
      160,
      128,
      163,
      149,
      218,
      145,
      97,
      159,
      48,
      243,
      51
    ],
    "42": [
      36,
      14,
      28,
      8,
      40,
      230,
      71,
      237,
      77,
      13,
      181,
      32,
      180,
      193,
      178,
      39,
      253,
      158,
      48,
      109,
      45,
      133,
      109,
      37,
      69,
      229,
      22,
      131,
      95,
      235,
      255,
      103
    ],
    "23": [
      25,
      90,
      151,
      145,
      250,
      130,
      31,
      115,
      151,
      139,
      244,
      114,
      91,
      212,
      196,
      21,
      231,
      57,
      242,
      78,
      156,
      131,
      36,
      206,
      15,
      119,
      206,
      199,
      184,
      139,
      125,
      3
    ],
    "54": [
      225,
      158,
      251,
      135,
      106,
      12,
      229,
      92,
      184,
      96,
      252,
      29,
      232,
      186,
      216,
      95,
      42,
      61,
      211,
      35,
      77,
      120,
      23,
      156,
      28,
      33,
      92,
      83,
      14,
      220,
      250,
      90
    ],
    "19": [
      80,
      38,
      251,
      212,
      25,
      102,
      223,
      12,
      120,
      246,
      22,
      246,
      88,
      187,
      247,
      221,
      56,
      148,
      253,
      194,
      33,
      104,
      198,
      184,
      176,
      71,
      132,
      59,
      200,
      126,
      236,
      85
    ],
    "50": [
      208,
      5,
      172,
      169,
      138,
      90,
      4,
      241,
      40,
      100,
      217,
      4,
      112,
      186,
      141,
      191,
      230,
      248,
      139,
      125,
      109,
      237,
      130,
      112,
      52,
      245,
      170,
      219,
      249,
      37,
      35,
      37
    ],
    "31": [
      125,
      197,
      109,
      145,
      131,
      13,
      153,
      118,
      177,
      45,
      3,
      245,
      207,
      214,
      109,
      186,
      234,
      227,
      208,
      139,
      228,
      69,
      233,
      189,
      230,
      149,
      107,
      132,
      109,
      236,
      194,
      132
    ],
    "62": [
      82,
      204,
      181,
      255,
      23,
      113,
      124,
      130,
      190,
      147,
      8,
      99,
      86,
      221,
      144,
      100,
      64,
      96,
      89,
      11,
      28,
      104,
      37,
      213,
      96,
      221,
      223,
      226,
      173,
      242,
      229,
      115
    ],
    "27": [
      70,
      172,
      57,
      121,
      254,
      5,
      208,
      186,
      173,
      201,
      142,
      110,
      14,
      15,
      20,
      135,
      36,
      78,
      63,
      45,
      210,
      165,
      153,
      247,
      224,
      136,
      122,
      143,
      147,
      121,
      186,
      149
    ],
    "58": [
      128,
      248,
      160,
      199,
      148,
      194,
      218,
      157,
      136,
      174,
      212,
      25,
      112,
      168,
      73,
      116,
      51,
      210,
      188,
      57,
      25,
      209,
      127,
      9,
      70,
      156,
      183,
      82,
      160,
      184,
      132,
      54
    ]
  },
  "my_cert": [],
  "my_cert_key": [],
  "root_cert": []
}