{
  "net_map": {
    "37": "127.0.0.1:8537",
    "6": "127.0.0.1:8506",
    "33": "127.0.0.1:8533",
    "64": "127.0.0.1:9000",
    "2": "127.0.0.1:8502",
    "45": "127.0.0.1:8545",
    "14": "127.0.0.1:8514",
    "41": "127.0.0.1:8541",
    "10": "127.0.0.1:8510",
    "53": "127.0.0.1:8553",
    "22": "127.0.0.1:8522",
    "49": "127.0.0.1:8549",
    "18": "127.0.0.1:8518",
    "61": "127.0.0.1:8561",
    "30": "127.0.0.1:8530",
    "57": "127.0.0.1:8557",
    "26": "127.0.0.1:8526",
    "5": "127.0.0.1:8505",
    "36": "127.0.0.1:8536",
    "1": "127.0.0.1:8501",
    "32": "127.0.0.1:8532",
    "13": "127.0.0.1:8513",
    "44": "127.0.0.1:8544",
    "9": "127.0.0.1:8509",
    "40": "127.0.0.1:8540",
    "21": "127.0.0.1:8521",
    "52": "127.0.0.1:8552",
    "17": "127.0.0.1:8517",
    "48": "127.0.0.1:8548",
    "29": "127.0.0.1:8529",
    "60": "127.0.0.1:8560",
    "25": "127.0.0.1:8525",
    "56": "127.0.0.1:8556",
    "4": "127.0.0.1:8504",
    "39": "127.0.0.1:8539",
    "0": "127.0.0.1:8500",
    "35": "127.0.0.1:8535",
    "12": "127.0.0.1:8512",
    "47": "127.0.0.1:8547",
    "8": "127.0.0.1:8508",
    "43": "127.0.0.1:8543",
    "20": "127.0.0.1:8520",
    "55": "127.0.0.1:8555",
    "16": "127.0.0.1:8516",
    "51": "127.0.0.1:8551",
    "28": "127.0.0.1:8528",
    "63": "127.0.0.1:8563",
    "24": "127.0.0.1:8524",
    "59": "127.0.0.1:8559",
    "7": "127.0.0.1:8507",
    "38": "127.0.0.1:8538",
    "3": "127.0.0.1:8503",
    "34": "127.0.0.1:8534",
    "15": "127.0.0.1:8515",
    "46": "127.0.0.1:8546",
    "11": "127.0.0.1:8511",
    "42": "127.0.0.1:8542",
    "23": "127.0.0.1:8523",
    "54": "127.0.0.1:8554",
    "19": "127.0.0.1:8519",
    "50": "127.0.0.1:8550",
    "31": "127.0.0.1:8531",
    "62": "127.0.0.1:8562",
    "27": "127.0.0.1:8527",
    "58": "127.0.0.1:8558"
  },
  "delta": 100,
  "id": 54,
  "num_nodes": 64,
  "num_faults": 21,
  "block_size": 100,
  "client_port": 7054,
  "client_addr": "0.0.0.0:5000",
  "payload": 0,
  "prot_payload": "cc,/home/akhil/research/EEBA/libchatter/",
  "crypto_alg": "NOPKI",
  "pk_map": {},
  "secret_key_bytes": [],
  "sk_map": {
    "37": [
      107,
      73,
      116,
      136,
      189,
      196,
      38,
      126,
      172,
      106,
      32,
      22,
      149,
      132,
      61,
      92,
      70,
      206,
      130,
      194,
      59,
      13,
      172,
      145,
      84,
      101,
      248,
      202,
      245,
      216,
      13,
      89
    ],
    "6": [
      101,
      240,
      140,
      120,
      114,
      98,
      70,
      184,
      6,
      173,
      202,
      120,
      133,
      48,
      29,
      86,
      46,
      205,
      231,
      65,
      4,
      247,
      30,
      59,
      72,
      95,
      36,
      225,
      76,
      165,
      28,
      190
    ],
    "33": [
      176,
      233,
      249,
      69,
      193,
      69,
      49,
      36,
      130,
      88,
      26,
      153,
      233,
      40,
      182,
      211,
      142,
      89,
      8,
      171,
      247,
      19,
      121,
      60,
      89,
      90,
      225,
      195,
      1,
      179,
      28,
      132
    ],
    "2": [
      242,
      13,
      177,
      148,
      169,
      193,
      59,
      198,
      202,
      203,
      101,
      241,
      207,
      134,
      52,
      3,
      214,
      207,
      211,
      122,
      179,
      165,
      93,
      90,
      83,
      165,
      180,
      199,
      93,
      17,
      117,
      77
    ],
    "45": [
      192,
      98,
      36,
      49,
      74,
      211,
      174,
      206,
      9,
      140,
      38,
      212,
      103,
      38,
      156,
      142,
      225,
      183,
      36,
      210,
      13,
      239,
      197,
      238,
      140,
      56,
      199,
      55,
      236,
      145,
      27,
      35
    ],
    "14": [
      117,
      246,
      240,
      151,
      231,
      161,
      79,
      43,
      145,
      206,
      230,
      80,
      134,
      8,
      127,
      37,
      248,
      164,
      28,
      126,
      209,
      228,
      67,
      137,
      248,
      248,
      89,
      190,
      151,
      95,
      208,
      92
    ],
    "41": [
      97,
      68,
      161,
      50,
      199,
      37,
      104,
      6,
      10,
      90,
      20,
      143,
      82,
      61,
      210,
      4,
      64,
      50,
      117,
      238,
      40,
      146,
      33,
      180,
      179,
      49,
      144,
      190,
      194,
      181,
      253,
      63
    ],
    "10": [
      112,
      42,
      82,
      244,
      148,
      32,
      70,
      196,
      151,
      220,
      242,
      108,
      52,
      118,
      59,
      66,
      196,
      83,
      75,
      2,
      38,
      83,
      138,
      75,
      173,
      68,
      21,
      183,
      36,
      145,
      95,
      251
    ],
    "53": [
      148,
      184,
      104,
      121,
      179,
      130,
      89,
      170,
      151,
      52,
      254,
      5,
      193,
      123,
      107,
      86,
      239,
      108,
      124,
      157,
      16,
      13,
      2,
      219,
      199,
      114,
      208,
      246,
      196,
      243,
      164,
      184
    ],
    "22": [
      1,
      54,
      242,
      103,
      158,
      183,
      197,
      194,
      86,
      80,
      170,
      97,
      119,
      173,
      166,
      133,
      97,
      6,
      70,
      11,
      192,
      73,
      16,
      81,
      231,
      157,
      197,
      85,
      177,
      37,
      133,
      190
    ],
    "49": [
      98,
      224,
      212,
      114,
      14,
      112,
      195,
      108,
      20,
      185,
      69,
      176,
      206,
      42,
      120,
      145,
      128,
      125,
      148,
      152,
      212,
      183,
      238,
      213,
      130,
      59,
      146,
      205,
      89,
      112,
      206,
      53
    ],
    "18": [
      20,
      111,
      254,
      232,
      186,
      235,
      136,
      71,
      69,
      152,
      112,
      250,
      25,
      6,
      1,
      168,
      151,
      80,
      195,
      101,
      54,
      3,
      145,
      116,
      118,
      111,
      142,
      241,
      205,
      248,
      89,
      160
    ],
    "61": [
      45,
      50,
      29,
      19,
      65,
      78,
      171,
      120,
      107,
      115,
      252,
      148,
      224,
      108,
      17,
      37,
      11,
      101,
      154,
      152,
      227,
      17,
      28,
      196,
      202,
      94,
      135,
      161,
      89,
      251,
      57,
      99
    ],
    "30": [
      58,
      45,
      225,
      197,
      223,
      193,
      14,
      56,
      137,
      117,
      159,
      50,
      192,
      176,
      5,
      164,
      28,
      202,
      105,
      81,
      105,
      65,
      181,
      226,
      103,
      155,
      11,
      231,
      36,
      101,
      101,
      34
    ],
    "57": [
      6,
      58,
      55,
      120,
      208,
      84,
      60,
      53,
      112,
      213,
      251,
      60,
      130,
      24,
      97,
      177,
      159,
      128,
      242,
      49,
      23,
      63,
      119,
      138,
      103,
      116,
      11,
      253,
      63,
      125,
      243,
      38
    ],
    "26": [
      135,
      208,
      103,
      182,
      213,
      159,
      229,
      128,
      4,
      180,
      90,
      79,
      98,
      93,
      205,
      64,
      90,
      207,
      12,
      58,
      163,
      206,
      177,
      168,
      120,
      141,
      159,
      104,
      26,
      246,
      52,
      90
    ],
    "5": [
      150,
      246,
      174,
      114,
      138,
      98,
      26,
      101,
      91,
      10,
      199,
      223,
      81,
      205,
      114,
      105,
      125,
      130,
      149,
      25,
      213,
      112,
      1,
      52,
      54,
      102,
      43,
      176,
      9,
      46,
      125,
      25
    ],
    "36": [
      170,
      108,
      239,
      105,
      160,
      1,
      43,
      242,
      217,
      169,
      56,
      205,
      249,
      237,
      18,
      47,
      94,
      147,
      173,
      207,
      213,
      96,
      193,
      113,
      129,
      80,
      80,
      114,
      30,
      3,
      247,
      51
    ],
    "1": [
      195,
      75,
      227,
      184,
      241,
      36,
      18,
      96,
      30,
      49,
      86,
      224,
      172,
      107,
      255,
      174,
      21,
      148,
      243,
      47,
      84,
      244,
      162,
      136,
      68,
      26,
      191,
      216,
      211,
      19,
      186,
      169
    ],
    "32": [
      0,
      203,
      184,
      82,
      195,
      196,
      140,
      74,
      65,
      59,
      91,
      138,
      35,
      134,
      37,
      204,
      248,
      226,
      218,
      73,
      195,
      190,
      119,
      19,
      103,
      172,
      240,
      59,
      253,
      159,
      63,
      251
    ],
    "13": [
      77,
      220,
      57,
      8,
      187,
      214,
      251,
      248,
      37,
      29,
      48,
      58,
      245,
      251,
      236,
      42,
      168,
      66,
      21,
      85,
      110,
      171,
      230,
      235,
      126,
      23,
      51,
      115,
      205,
      33,
      90,
      58
    ],
    "44": [
      225,
      158,
      251,
      135,
      106,
      12,
      229,
      92,
      184,
      96,
      252,
      29,
      232,
      186,
      216,
      95,
      42,
      61,
      211,
      35,
      77,
      120,
      23,
      156,
      28,
      33,
      92,
      83,
      14,
      220,
      250,
      90
    ],
    "9": [
      101,
      4,
      138,
      190,
      195,
      87,
      160,
      251,
      145,
      110,
      30,
      26,
      160,
      49,
      85,
      180,
      201,
      75,
      90,
      109,
      17,
      110,
      247,
      166,
      243,
      193,
      111,
      168,
      246,
      12,
      252,
      137
    ],
    "40": [
      97,
      166,
      191,
      78,
      161,
      235,
      141,
      17,
      42,
      155,
      221,
      254,
      21,
      49,
      172,
      112,
      83,
      199,
      108,
      157,
      235,
      197,
      151,
      202,
      122,
      251,
      124,
      232,
      6,
      188,
      194,
      190
    ],
    "21": [
      2,
      36,
      210,
      253,
      95,
      18,
      170,
      142,
      33,
      84,
      109,
      29,
      246,
      115,
      109,
      46,
      27,
      133,
      132,
      5,
      90,
      252,
      206,
      222,
      90,
      40,
      84,
      189,
      51,
      159,
      169,
      95
    ],
    "52": [
      215,
      152,
      217,
      127,
      191,
      27,
      126,
      183,
      67,
      202,
      189,
      84,
      224,
      249,
      240,
      140,
      152,
      161,
      84,
      27,
      166,
      21,
      110,
      42,
      34,
      241,
      229,
      235,
      208,
      146,
      124,
      76
    ],
    "17": [
      148,
      176,
      251,
      115,
      39,
      254,
      249,
      58,
      34,
      166,
      236,
      71,
      143,
      173,
      233,
      212,
      134,
      8,
      238,
      186,
      190,
      138,
      60,
      213,
      26,
      132,
      110,
      19,
      61,
      250,
      72,
      207
    ],
    "48": [
      150,
      99,
      39,
      240,
      68,
      129,
      144,
      166,
      144,
      7,
      3,
      23,
      40,
      80,
      237,
      26,
      198,
      244,
      82,
      34,
      68,
      174,
      236,
      91,
      190,
      85,
      132,
      133,
      189,
      220,
      188,
      242
    ],
    "29": [
      201,
      203,
      74,
      247,
      95,
      255,
      54,
      170,
      230,
      157,
      221,
      161,
      62,
      186,
      176,
      206,
      48,
      60,
      96,
      209,
      190,
      156,
      8,
      148,
      249,
      74,
      17,
      79,
      159,
      164,
      34,
      54
    ],
    "60": [
      169,
      78,
      169,
      119,
      236,
      244,
      155,
      68,
      14,
      149,
      121,
      19,
      188,
      156,
      150,
      89,
      93,
      68,
      45,
      136,
      224,
      37,
      45,
      52,
      192,
      59,
      216,
      35,
      171,
      12,
      58,
      106
    ],
    "25": [
      103,
      121,
      194,
      231,
      32,
      27,
      32,
      71,
      93,
      227,
      28,
      251,
      240,
      243,
      116,
      1,
      54,
      37,
      244,
      145,
      84,
      227,
      5,
      143,
      228,
      144,
      81,
      160,
      151,
      102,
      214,
      128
    ],
    "56": [
      57,
      206,
      108,
      133,
      245,
      203,
      134,
      208,
      223,
      151,
      98,
      82,
      232,
      67,
      79,
      64,
      207,
      187,
      50,
      58,
      161,
      49,
      154,
      113,
      154,
      86,
      213,
      75,
      161,
      34,
      155,
      19
    ],
    "4": [
      199,
      247,
      208,
      103,
      146,
      193,
      107,
      235,
      139,
      209,
      75,
      230,
      144,
      209,
      157,
      141,
      146,
      149,
      54,
      220,
      67,
      80,
      169,
      198,
      71,
      247,
      246,
      166,
      161,
      35,
      132,
      236
    ],
    "39": [
      184,
      252,
      50,
      146,
      35,
      248,
      171,
      74,
      212,
      165,
      106,
      167,
      52,
      234,
      192,
      92,
      207,
      79,
      195,
      199,
      116,
      232,
      19,
      39,
      152,
      47,
      109,
      245,
      218,
      37,
      23,
      19
    ],
    "0": [
      35,
      250,
      142,
      61,
      44,
      190,
      249,
      55,
      70,
      158,
      135,
      21,
      197,
      102,
      1,
      109,
      71,
      96,
      163,
      229,
      179,
      250,
      16,
      97,
      35,
      23,
      254,
      116,
      175,
      209,
      7,
      54
    ],
    "35": [
      0,
      122,
      246,
      41,
      211,
      59,
      50,
      101,
      16,
      44,
      35,
      254,
      78,
      110,
      22,
      233,
      77,
      71,
      5,
      69,
      184,
      9,
      219,
      177,
      148,
      165,
      104,
      95,
      217,
      53,
      172,
      181
    ],
    "12": [
      216,
      210,
      233,
      14,
      69,
      129,
      17,
      89,
      157,
      66,
      27,
      115,
      206,
      9,
      37,
      84,
      181,
      208,
      127,
      77,
      2,
      146,
      179,
      43,
      161,
      191,
      96,
      175,
      53,
      29,
      200,
      246
    ],
    "47": [
      24,
      226,
      107,
      107,
      215,
      2,
      248,
      43,
      88,
      115,
      13,
      21,
      15,
      214,
      162,
      23,
      170,
      43,
      161,
      149,
      179,
      225,
      18,
      148,
      99,
      46,
      68,
      224,
      251,
      165,
      64,
      146
    ],
    "8": [
      93,
      154,
      215,
      122,
      243,
      187,
      29,
      244,
      205,
      59,
      243,
      199,
      116,
      61,
      228,
      144,
      168,
      252,
      27,
      47,
      244,
      42,
      225,
      3,
      40,
      141,
      163,
      137,
      201,
      158,
      105,
      31
    ],
    "43": [
      123,
      76,
      236,
      108,
      40,
      49,
      253,
      180,
      216,
      66,
      221,
      152,
      226,
      190,
      126,
      72,
      82,
      69,
      239,
      252,
      238,
      199,
      71,
      199,
      75,
      95,
      102,
      119,
      245,
      190,
      154,
      56
    ],
    "20": [
      9,
      86,
      90,
      111,
      244,
      38,
      174,
      152,
      87,
      25,
      237,
      56,
      49,
      43,
      107,
      84,
      105,
      147,
      241,
      111,
      164,
      189,
      48,
      76,
      190,
      174,
      3,
      251,
      130,
      161,
      109,
      106
    ],
    "55": [
      146,
      252,
      73,
      215,
      135,
      162,
      37,
      234,
      149,
      8,
      254,
      210,
      229,
      175,
      195,
      44,
      95,
      198,
      208,
      22,
      29,
      233,
      206,
      22,
      14,
      121,
      187,
      186,
      140,
      106,
      176,
      23
    ],
    "16": [
      94,
      37,
      214,
      160,
      168,
      11,
      122,
      215,
      216,
      219,
      175,
      176,
      64,
      152,
      235,
      41,
      235,
      69,
      45,
      158,
      211,
      21,
      163,
      196,
      48,
      24,
      205,
      129,
      175,
      120,
      109,
      157
    ],
    "51": [
      47,
      19,
      230,
      114,
      225,
      40,
      214,
      164,
      217,
      255,
      84,
      14,
      248,
      45,
      198,
      90,
      112,
      39,
      183,
      202,
      48,
      45,
      33,
      246,
      66,
      59,
      225,
      198,
      52,
      199,
      162,
      86
    ],
    "28": [
      20,
      45,
      17,
      189,
      83,
      160,
      110,
      191,
      138,
      77,
      123,
      198,
      57,
      65,
      22,
      67,
      12,
      209,
      41,
      250,
      85,
      156,
      3,
      98,
      123,
      113,
      111,
      176,
      212,
      140,
      149,
      59
    ],
    "63": [
      8,
      235,
      2,
      70,
      242,
      248,
      129,
      235,
      2,
      131,
      160,
      84,
      28,
      208,
      127,
      101,
      45,
      191,
      86,
      33,
      149,
      172,
      185,
      101,
      100,
      73,
      39,
      200,
      113,
      183,
      147,
      121
    ],
    "24": [
      195,
      222,
      102,
      71,
      228,
      108,
      107,
      123,
      165,
      0,
      160,
      239,
      96,
      131,
      211,
      179,
      136,
      118,
      45,
      154,
      173,
      91,
      191,
      225,
      165,
      206,
      59,
      26,
      204,
      139,
      152,
      190
    ],
    "59": [
      100,
      185,
      159,
      61,
      32,
      241,
      182,
      115,
      117,
      30,
      50,
      189,
      45,
      91,
      127,
      244,
      72,
      213,
      246,
      80,
      75,
      238,
      13,
      183,
      15,
      112,
      228,
      193,
      239,
      70,
      27,
      111
    ],
    "7": [
      222,
      234,
      51,
      165,
      211,
      69,
      164,
      182,
      224,
      190,
      94,
      65,
      13,
      254,
      103,
      105,
      104,
      0,
      95,
      203,
      123,
      177,
      76,
      251,
      142,
      250,
      55,
      233,
      160,
      30,
      24,
      46
    ],
    "38": [
      166,
      154,
      67,
      172,
      7,
      163,
      186,
      159,
      5,
      11,
      252,
      254,
      156,
      162,
      233,
      215,
      126,
      229,
      74,
      45,
      139,
      41,
      107,
      109,
      246,
      36,
      98,
      211,
      211,
      180,
      247,
      214
    ],
    "3": [
      236,
      90,
      246,
      33,
      224,
      74,
      234,
      176,
      101,
      62,
      135,
      163,
      235,
      91,
      238,
      222,
      55,
      221,
      22,
      105,
      48,
      113,
      81,
      228,
      83,
      235,
      102,
      135,
      95,
      67,
      248,
      127
    ],
    "34": [
      92,
      171,
      0,
      113,
      226,
      84,
      172,
      244,
      226,
      104,
      255,
      84,
      143,
      43,
      255,
      33,
      24,
      167,
      246,
      123,
      77,
      19,
      166,
      63,
      175,
      251,
      167,
      135,
      182,
      112,
      248,
      78
    ],
    "15": [
      14,
      22,
      200,
      226,
      96,
      144,
      240,
      191,
      85,
      189,
      207,
      127,
      13,
      163,
      207,
      187,
      170,
      139,
      229,
      165,
      193,
      9,
      43,
      47,
      203,
      25,
      47,
      48,
      147,
      145,
      51,
      182
    ],
    "46": [
      108,
      231,
      223,
      0,
      6,
      53,
      100,
      213,
      223,
      152,
      194,
      75,
      253,
      194,
      166,
      251,
      216,
      214,
      25,
      204,
      163,
      112,
      119,
      130,
      26,
      26,
      27,
      236,
      50,
      120,
      65,
      149
    ],
    "11": [
      13,
      101,
      89,
      68,
      214,
      214,
      215,
      229,
      244,
      178,
      121,
      197,
      76,
      32,
      24,
      114,
      243,
      191,
      102,
      162,
      162,
      69,
      177,
      113,
      101,
      133,
      224,
      200,
      211,
      71,
      238,
      60
    ],
    "42": [
      199,
      45,
      130,
      78,
      161,
      87,
      91,
      169,
      177,
      30,
      23,
      218,
      171,
      36,
      121,
      249,
      108,
      234,
      44,
      82,
      101,
      170,
      121,
      211,
      165,
      16,
      235,
      22,
      254,
      152,
      125,
      199
    ],
    "23": [
      247,
      109,
      150,
      151,
      97,
      239,
      83,
      64,
      185,
      27,
      200,
      249,
      87,
      91,
      109,
      82,
      134,
      223,
      120,
      6,
      21,
      239,
      194,
      111,
      67,
      95,
      1,
      171,
      9,
      219,
      250,
      11
    ],
    "54": [
      143,
      30,
      45,
      89,
      213,
      31,
      17,
      103,
      123,
      82,
      86,
      245,
      166,
      164,
      213,
      93,
      241,
      147,
      97,
      229,
      28,
      71,
      107,
      143,
      14,
      199,
      254,
      253,
      108,
      164,
      134,
      117
    ],
    "19": [
      161,
      47,
      179,
      33,
      179,
      201,
      222,
      88,
      134,
      191,
      55,
      143,
      132,
      26,
      110,
      18,
      160,
      121,
      95,
      130,
      135,
      153,
      74,
      172,
      39,
      7,
      13,
      235,
      5,
      93,
      168,
      51
    ],
    "50": [
      165,
      5,
      83,
      83,
      122,
      133,
      43,
      207,
      1,
      254,
      97,
      196,
      182,
      197,
      211,
      142,
      113,
      229,
      165,
      38,
      245,
      103,
      242,
      26,
      0,
      159,
      204,
      158,
      191,
      209,
      18,
      179
    ],
    "31": [
      146,
      123,
      191,
      139,
      172,
      29,
      218,
      85,
      163,
      9,
      207,
      209,
      73,
      125,
      98,
      4,
      212,
      80,
      9,
      117,
      104,
      133,
      29,
      18,
      108,
      135,
      219,
      227,
      32,
      213,
      65,
      208
    ],
    "62": [
      68,
      218,
      78,
      234,
      54,
      26,
      47,
      127,
      144,
      14,
      192,
      66,
      98,
      45,
      148,
      120,
      112,
      250,
      111,
      180,
      152,
      61,
      8,
      133,
      174,
      247,
      21,
      24,
      89,
      88,
      79,
      220
    ],
    "27": [
      177,
      132,
      10,
      85,
      90,
      27,
      17,
      192,
      105,
      102,
      127,
      245,
      120,
      4,
      4,
      52,
      205,
      102,
      194,
      195,
      16,
      12,
      161,
      183,
      133,
      235,
      142,
      64,
      133,
      168,
      160,
      26
    ],
    "58": [
      126,
      95,
      41,
      155,
      234,
      189,
      49,
      89,
      225,
      204,
      149,
      149,
      10,
      24,
      172,
      217,
      189,
      210,
      86,
      10,
      76,
      220,
      0,
      47,
      208,
      109,
      66,
      154,
      211,
      195,
      58,
      7
    ]
  },
  "my_cert": [],
  "my_cert_key": [],
  "root_cert": []
}