{
  "net_map": {
    "37": "127.0.0.1:8537",
    "6": "127.0.0.1:8506",
    "33": "127.0.0.1:8533",
    "64": "127.0.0.1:9000",
    "2": "127.0.0.1:8502",
    "45": "127.0.0.1:8545",
    "14": "127.0.0.1:8514",
    "41": "127.0.0.1:8541",
    "10": "127.0.0.1:8510",
    "53": "127.0.0.1:8553",
    "22": "127.0.0.1:8522",
    "49": "127.0.0.1:8549",
    "18": "127.0.0.1:8518",
    "61": "127.0.0.1:8561",
    "30": "127.0.0.1:8530",
    "57": "127.0.0.1:8557",
    "26": "127.0.0.1:8526",
    "5": "127.0.0.1:8505",
    "36": "127.0.0.1:8536",
    "1": "127.0.0.1:8501",
    "32": "127.0.0.1:8532",
    "13": "127.0.0.1:8513",
    "44": "127.0.0.1:8544",
    "9": "127.0.0.1:8509",
    "40": "127.0.0.1:8540",
    "21": "127.0.0.1:8521",
    "52": "127.0.0.1:8552",
    "17": "127.0.0.1:8517",
    "48": "127.0.0.1:8548",
    "29": "127.0.0.1:8529",
    "60": "127.0.0.1:8560",
    "25": "127.0.0.1:8525",
    "56": "127.0.0.1:8556",
    "4": "127.0.0.1:8504",
    "39": "127.0.0.1:8539",
    "0": "127.0.0.1:8500",
    "35": "127.0.0.1:8535",
    "12": "127.0.0.1:8512",
    "47": "127.0.0.1:8547",
    "8": "127.0.0.1:8508",
    "43": "127.0.0.1:8543",
    "20": "127.0.0.1:8520",
    "55": "127.0.0.1:8555",
    "16": "127.0.0.1:8516",
    "51": "127.0.0.1:8551",
    "28": "127.0.0.1:8528",
    "63": "127.0.0.1:8563",
    "24": "127.0.0.1:8524",
    "59": "127.0.0.1:8559",
    "7": "127.0.0.1:8507",
    "38": "127.0.0.1:8538",
    "3": "127.0.0.1:8503",
    "34": "127.0.0.1:8534",
    "15": "127.0.0.1:8515",
    "46": "127.0.0.1:8546",
    "11": "127.0.0.1:8511",
    "42": "127.0.0.1:8542",
    "23": "127.0.0.1:8523",
    "54": "127.0.0.1:8554",
    "19": "127.0.0.1:8519",
    "50": "127.0.0.1:8550",
    "31": "127.0.0.1:8531",
    "62": "127.0.0.1:8562",
    "27": "127.0.0.1:8527",
    "58": "127.0.0.1:8558"
  },
  "delta": 100,
  "id": 34,
  "num_nodes": 64,
  "num_faults": 21,
  "block_size": 100,
  "client_port": 7034,
  "client_addr": "0.0.0.0:5000",
  "payload": 0,
  "prot_payload": "cc,/home/akhil/research/EEBA/libchatter/",
  "crypto_alg": "NOPKI",
  "pk_map": {},
  "secret_key_bytes": [],
  "sk_map": {
    "37": [
      77,
      96,
      94,
      50,
      251,
      59,
      199,
      4,
      75,
      150,
      130,
      231,
      176,
      179,
      163,
      84,
      63,
      152,
      193,
      67,
      85,
      109,
      214,
      69,
      6,
      79,
      160,
      167,
      130,
      146,
      243,
      211
    ],
    "6": [
      87,
      155,
      105,
      54,
      73,
      97,
      9,
      173,
      43,
      175,
      66,
      198,
      244,
      23,
      223,
      97,
      18,
      158,
      168,
      22,
      179,
      215,
      9,
      168,
      192,
      28,
      233,
      81,
      73,
      141,
      216,
      198
    ],
    "33": [
      86,
      206,
      187,
      216,
      75,
      164,
      114,
      10,
      66,
      158,
      167,
      86,
      81,
      212,
      230,
      125,
      212,
      139,
      253,
      47,
      13,
      58,
      58,
      27,
      132,
      5,
      32,
      91,
      221,
      104,
      116,
      183
    ],
    "2": [
      187,
      58,
      113,
      9,
      115,
      108,
      65,
      4,
      14,
      61,
      175,
      72,
      173,
      26,
      209,
      163,
      241,
      121,
      90,
      139,
      55,
      231,
      248,
      61,
      122,
      223,
      102,
      235,
      183,
      150,
      161,
      188
    ],
    "45": [
      68,
      5,
      40,
      33,
      239,
      36,
      138,
      62,
      143,
      255,
      54,
      84,
      7,
      100,
      43,
      189,
      154,
      164,
      221,
      55,
      187,
      196,
      10,
      4,
      213,
      217,
      119,
      30,
      21,
      227,
      238,
      48
    ],
    "14": [
      1,
      52,
      133,
      229,
      231,
      249,
      63,
      92,
      76,
      245,
      18,
      175,
      84,
      31,
      210,
      49,
      165,
      24,
      219,
      44,
      177,
      45,
      21,
      122,
      206,
      152,
      173,
      63,
      219,
      165,
      186,
      159
    ],
    "41": [
      253,
      249,
      210,
      94,
      187,
      119,
      4,
      27,
      26,
      108,
      41,
      32,
      212,
      252,
      220,
      17,
      23,
      90,
      243,
      77,
      94,
      128,
      48,
      63,
      36,
      190,
      95,
      127,
      109,
      164,
      50,
      241
    ],
    "10": [
      38,
      64,
      65,
      83,
      245,
      214,
      245,
      130,
      220,
      243,
      132,
      167,
      248,
      174,
      64,
      12,
      127,
      254,
      199,
      29,
      183,
      74,
      206,
      161,
      250,
      18,
      205,
      35,
      97,
      168,
      12,
      31
    ],
    "53": [
      15,
      156,
      127,
      247,
      198,
      166,
      63,
      204,
      139,
      180,
      228,
      140,
      60,
      208,
      119,
      197,
      65,
      248,
      143,
      157,
      48,
      23,
      231,
      122,
      233,
      93,
      93,
      119,
      219,
      76,
      219,
      47
    ],
    "22": [
      157,
      231,
      48,
      230,
      112,
      217,
      230,
      165,
      171,
      102,
      105,
      178,
      254,
      180,
      118,
      208,
      149,
      187,
      128,
      180,
      18,
      91,
      89,
      247,
      39,
      8,
      48,
      252,
      202,
      167,
      189,
      82
    ],
    "49": [
      29,
      15,
      31,
      43,
      117,
      195,
      32,
      64,
      215,
      74,
      80,
      83,
      145,
      180,
      109,
      76,
      209,
      52,
      190,
      232,
      232,
      237,
      30,
      36,
      16,
      196,
      238,
      36,
      140,
      112,
      94,
      82
    ],
    "18": [
      244,
      213,
      155,
      110,
      1,
      200,
      96,
      169,
      197,
      210,
      131,
      202,
      153,
      54,
      185,
      39,
      244,
      183,
      139,
      142,
      45,
      130,
      86,
      6,
      123,
      84,
      203,
      23,
      90,
      242,
      252,
      178
    ],
    "61": [
      244,
      250,
      94,
      66,
      203,
      201,
      46,
      52,
      15,
      50,
      148,
      112,
      175,
      198,
      218,
      117,
      198,
      250,
      140,
      110,
      129,
      95,
      208,
      74,
      58,
      163,
      12,
      186,
      120,
      30,
      173,
      186
    ],
    "30": [
      175,
      165,
      67,
      74,
      33,
      20,
      231,
      95,
      172,
      82,
      176,
      137,
      178,
      152,
      156,
      61,
      99,
      116,
      62,
      20,
      1,
      58,
      147,
      212,
      130,
      165,
      248,
      164,
      98,
      13,
      150,
      151
    ],
    "57": [
      151,
      216,
      107,
      166,
      147,
      177,
      95,
      99,
      250,
      66,
      33,
      239,
      148,
      194,
      214,
      31,
      103,
      134,
      45,
      95,
      3,
      255,
      181,
      42,
      233,
      15,
      131,
      33,
      215,
      249,
      81,
      174
    ],
    "26": [
      136,
      91,
      149,
      213,
      146,
      69,
      93,
      116,
      118,
      222,
      230,
      30,
      76,
      196,
      112,
      189,
      33,
      221,
      243,
      117,
      36,
      225,
      155,
      207,
      255,
      35,
      244,
      58,
      30,
      157,
      67,
      152
    ],
    "5": [
      132,
      198,
      185,
      224,
      147,
      23,
      7,
      85,
      51,
      13,
      89,
      171,
      8,
      149,
      139,
      246,
      116,
      181,
      117,
      112,
      124,
      193,
      17,
      93,
      91,
      136,
      238,
      19,
      219,
      188,
      202,
      57
    ],
    "36": [
      45,
      228,
      142,
      145,
      22,
      112,
      64,
      136,
      67,
      169,
      189,
      250,
      66,
      61,
      209,
      14,
      129,
      193,
      243,
      7,
      178,
      141,
      128,
      12,
      228,
      210,
      176,
      184,
      13,
      8,
      38,
      167
    ],
    "1": [
      140,
      215,
      17,
      81,
      53,
      38,
      107,
      164,
      63,
      206,
      39,
      21,
      221,
      60,
      231,
      55,
      2,
      28,
      120,
      24,
      245,
      4,
      130,
      208,
      94,
      96,
      81,
      80,
      10,
      118,
      98,
      112
    ],
    "32": [
      73,
      154,
      129,
      0,
      23,
      47,
      106,
      150,
      70,
      49,
      77,
      17,
      175,
      252,
      75,
      169,
      152,
      66,
      13,
      190,
      104,
      240,
      166,
      20,
      202,
      135,
      50,
      84,
      67,
      45,
      180,
      164
    ],
    "13": [
      220,
      126,
      224,
      28,
      130,
      36,
      221,
      138,
      203,
      251,
      15,
      66,
      250,
      195,
      54,
      252,
      216,
      61,
      112,
      175,
      1,
      127,
      146,
      173,
      217,
      30,
      177,
      193,
      249,
      199,
      198,
      160
    ],
    "44": [
      145,
      58,
      21,
      60,
      87,
      126,
      163,
      102,
      228,
      64,
      77,
      104,
      82,
      24,
      7,
      229,
      224,
      164,
      186,
      167,
      52,
      4,
      24,
      197,
      114,
      36,
      12,
      237,
      201,
      78,
      193,
      179
    ],
    "9": [
      142,
      142,
      217,
      42,
      44,
      203,
      118,
      81,
      169,
      200,
      81,
      245,
      243,
      118,
      109,
      21,
      221,
      179,
      50,
      110,
      220,
      247,
      58,
      164,
      63,
      132,
      214,
      158,
      152,
      223,
      35,
      166
    ],
    "40": [
      223,
      116,
      82,
      114,
      20,
      247,
      213,
      197,
      228,
      135,
      46,
      146,
      255,
      239,
      43,
      127,
      33,
      12,
      191,
      73,
      82,
      37,
      199,
      137,
      200,
      9,
      44,
      250,
      157,
      94,
      83,
      124
    ],
    "21": [
      11,
      123,
      18,
      222,
      221,
      125,
      170,
      252,
      247,
      233,
      52,
      109,
      232,
      126,
      6,
      107,
      102,
      247,
      228,
      91,
      72,
      34,
      29,
      243,
      233,
      104,
      211,
      208,
      73,
      52,
      231,
      198
    ],
    "52": [
      38,
      108,
      84,
      150,
      59,
      249,
      198,
      226,
      222,
      243,
      140,
      222,
      191,
      223,
      74,
      90,
      98,
      38,
      126,
      252,
      216,
      224,
      177,
      206,
      247,
      75,
      3,
      229,
      22,
      119,
      237,
      183
    ],
    "17": [
      155,
      44,
      14,
      236,
      107,
      251,
      145,
      231,
      169,
      232,
      252,
      127,
      182,
      191,
      151,
      229,
      250,
      102,
      226,
      80,
      20,
      59,
      200,
      94,
      184,
      180,
      110,
      155,
      222,
      133,
      227,
      90
    ],
    "48": [
      234,
      164,
      248,
      48,
      245,
      243,
      48,
      106,
      74,
      10,
      97,
      89,
      145,
      118,
      84,
      60,
      203,
      210,
      209,
      221,
      173,
      87,
      46,
      66,
      108,
      50,
      230,
      185,
      226,
      196,
      197,
      165
    ],
    "29": [
      94,
      35,
      30,
      218,
      65,
      126,
      59,
      179,
      87,
      56,
      237,
      141,
      21,
      185,
      83,
      232,
      72,
      51,
      151,
      181,
      10,
      202,
      205,
      198,
      244,
      191,
      241,
      190,
      39,
      28,
      225,
      228
    ],
    "60": [
      207,
      209,
      156,
      82,
      47,
      84,
      121,
      182,
      211,
      9,
      67,
      161,
      43,
      49,
      53,
      111,
      150,
      144,
      66,
      71,
      162,
      251,
      99,
      190,
      191,
      225,
      155,
      1,
      195,
      32,
      50,
      227
    ],
    "25": [
      108,
      73,
      213,
      24,
      191,
      1,
      7,
      227,
      19,
      217,
      69,
      209,
      37,
      120,
      97,
      104,
      173,
      168,
      157,
      92,
      37,
      107,
      139,
      88,
      114,
      127,
      76,
      115,
      227,
      210,
      75,
      222
    ],
    "56": [
      191,
      5,
      93,
      164,
      163,
      88,
      175,
      30,
      186,
      218,
      167,
      102,
      175,
      39,
      142,
      195,
      60,
      33,
      112,
      97,
      156,
      47,
      94,
      42,
      166,
      33,
      73,
      212,
      223,
      158,
      27,
      17
    ],
    "4": [
      86,
      33,
      113,
      147,
      19,
      83,
      86,
      198,
      2,
      65,
      160,
      123,
      184,
      242,
      236,
      149,
      170,
      184,
      77,
      188,
      77,
      251,
      154,
      0,
      231,
      35,
      253,
      255,
      238,
      224,
      18,
      46
    ],
    "39": [
      3,
      227,
      61,
      230,
      12,
      70,
      131,
      124,
      115,
      7,
      3,
      204,
      243,
      171,
      119,
      237,
      110,
      14,
      105,
      158,
      128,
      59,
      209,
      153,
      0,
      55,
      79,
      100,
      61,
      41,
      204,
      55
    ],
    "0": [
      249,
      114,
      193,
      93,
      200,
      97,
      133,
      233,
      26,
      29,
      167,
      50,
      5,
      22,
      235,
      196,
      41,
      84,
      232,
      17,
      246,
      104,
      218,
      78,
      88,
      51,
      75,
      37,
      227,
      142,
      105,
      109
    ],
    "35": [
      212,
      125,
      219,
      163,
      177,
      125,
      44,
      45,
      208,
      233,
      138,
      175,
      32,
      154,
      87,
      129,
      21,
      147,
      44,
      66,
      223,
      55,
      173,
      104,
      1,
      72,
      211,
      43,
      29,
      229,
      126,
      173
    ],
    "12": [
      210,
      237,
      196,
      235,
      139,
      67,
      177,
      14,
      152,
      84,
      188,
      214,
      7,
      24,
      114,
      189,
      229,
      80,
      61,
      71,
      233,
      2,
      29,
      171,
      118,
      178,
      119,
      145,
      69,
      59,
      124,
      139
    ],
    "47": [
      86,
      245,
      205,
      70,
      219,
      40,
      148,
      125,
      222,
      192,
      191,
      189,
      1,
      6,
      12,
      239,
      78,
      99,
      233,
      67,
      81,
      150,
      68,
      99,
      35,
      219,
      41,
      28,
      107,
      23,
      149,
      1
    ],
    "8": [
      52,
      152,
      41,
      184,
      179,
      184,
      113,
      2,
      32,
      11,
      33,
      150,
      156,
      117,
      68,
      208,
      221,
      146,
      144,
      244,
      176,
      136,
      243,
      68,
      17,
      240,
      86,
      69,
      14,
      145,
      121,
      77
    ],
    "43": [
      240,
      142,
      61,
      158,
      133,
      110,
      215,
      217,
      48,
      96,
      74,
      134,
      175,
      94,
      120,
      122,
      197,
      66,
      218,
      181,
      114,
      137,
      198,
      10,
      224,
      249,
      46,
      251,
      113,
      55,
      156,
      188
    ],
    "20": [
      138,
      74,
      211,
      60,
      19,
      1,
      58,
      119,
      240,
      135,
      130,
      104,
      248,
      9,
      147,
      105,
      134,
      101,
      225,
      108,
      9,
      8,
      82,
      112,
      204,
      114,
      204,
      64,
      156,
      127,
      108,
      128
    ],
    "55": [
      33,
      105,
      136,
      143,
      31,
      87,
      74,
      163,
      60,
      153,
      106,
      158,
      208,
      19,
      128,
      239,
      43,
      34,
      103,
      108,
      172,
      167,
      168,
      6,
      243,
      240,
      29,
      247,
      226,
      163,
      70,
      14
    ],
    "16": [
      128,
      57,
      150,
      253,
      149,
      202,
      208,
      140,
      190,
      39,
      50,
      196,
      178,
      134,
      136,
      240,
      20,
      2,
      177,
      81,
      253,
      98,
      128,
      23,
      181,
      173,
      200,
      126,
      179,
      182,
      92,
      225
    ],
    "51": [
      148,
      191,
      156,
      111,
      26,
      119,
      21,
      176,
      77,
      206,
      44,
      68,
      191,
      197,
      66,
      224,
      66,
      109,
      35,
      179,
      102,
      23,
      51,
      50,
      230,
      103,
      100,
      76,
      238,
      251,
      47,
      138
    ],
    "28": [
      225,
      217,
      223,
      213,
      59,
      78,
      16,
      125,
      116,
      50,
      90,
      17,
      150,
      52,
      240,
      22,
      126,
      167,
      145,
      207,
      133,
      103,
      61,
      61,
      236,
      238,
      162,
      43,
      145,
      210,
      5,
      149
    ],
    "63": [
      113,
      240,
      16,
      69,
      181,
      226,
      227,
      40,
      202,
      70,
      22,
      5,
      190,
      177,
      173,
      41,
      110,
      82,
      148,
      18,
      254,
      144,
      243,
      27,
      89,
      112,
      244,
      162,
      96,
      135,
      226,
      39
    ],
    "24": [
      222,
      130,
      213,
      129,
      57,
      216,
      82,
      52,
      55,
      144,
      179,
      121,
      120,
      201,
      15,
      124,
      51,
      71,
      23,
      38,
      227,
      28,
      8,
      81,
      171,
      102,
      219,
      124,
      215,
      129,
      99,
      170
    ],
    "59": [
      8,
      41,
      15,
      90,
      22,
      16,
      98,
      62,
      11,
      40,
      31,
      228,
      218,
      105,
      38,
      220,
      170,
      254,
      156,
      211,
      135,
      215,
      89,
      139,
      113,
      231,
      26,
      223,
      46,
      90,
      242,
      93
    ],
    "7": [
      198,
      90,
      111,
      132,
      216,
      237,
      43,
      202,
      124,
      43,
      97,
      102,
      6,
      141,
      157,
      15,
      72,
      255,
      93,
      77,
      173,
      20,
      110,
      57,
      107,
      144,
      1,
      122,
      150,
      161,
      2,
      205
    ],
    "38": [
      156,
      194,
      234,
      146,
      57,
      13,
      238,
      83,
      210,
      195,
      16,
      90,
      173,
      88,
      134,
      32,
      48,
      105,
      227,
      68,
      102,
      175,
      116,
      99,
      105,
      79,
      202,
      137,
      5,
      95,
      115,
      191
    ],
    "3": [
      10,
      168,
      116,
      123,
      184,
      8,
      213,
      255,
      247,
      157,
      242,
      57,
      202,
      191,
      22,
      201,
      148,
      245,
      140,
      187,
      146,
      90,
      77,
      181,
      235,
      133,
      157,
      15,
      95,
      196,
      233,
      191
    ],
    "34": [
      71,
      37,
      204,
      10,
      94,
      195,
      208,
      106,
      43,
      19,
      32,
      225,
      167,
      102,
      125,
      70,
      222,
      83,
      194,
      126,
      22,
      243,
      38,
      40,
      203,
      192,
      171,
      157,
      66,
      189,
      246,
      70
    ],
    "15": [
      170,
      156,
      137,
      195,
      64,
      49,
      18,
      204,
      6,
      153,
      129,
      69,
      195,
      48,
      52,
      106,
      191,
      217,
      81,
      134,
      247,
      241,
      208,
      173,
      206,
      68,
      38,
      150,
      153,
      162,
      206,
      251
    ],
    "46": [
      98,
      74,
      79,
      198,
      105,
      61,
      198,
      83,
      84,
      48,
      176,
      243,
      119,
      80,
      239,
      194,
      167,
      135,
      161,
      216,
      39,
      172,
      97,
      106,
      184,
      178,
      65,
      36,
      58,
      35,
      102,
      201
    ],
    "11": [
      207,
      193,
      247,
      245,
      26,
      161,
      109,
      167,
      38,
      88,
      37,
      189,
      244,
      48,
      70,
      168,
      37,
      140,
      227,
      187,
      36,
      111,
      160,
      116,
      163,
      193,
      206,
      108,
      148,
      183,
      88,
      254
    ],
    "42": [
      102,
      32,
      152,
      5,
      63,
      15,
      160,
      202,
      193,
      69,
      170,
      250,
      229,
      223,
      53,
      152,
      19,
      51,
      215,
      165,
      31,
      107,
      60,
      155,
      214,
      35,
      183,
      210,
      46,
      163,
      251,
      197
    ],
    "23": [
      30,
      247,
      245,
      179,
      41,
      219,
      12,
      75,
      142,
      127,
      110,
      243,
      31,
      94,
      251,
      158,
      111,
      124,
      238,
      64,
      75,
      156,
      245,
      139,
      23,
      105,
      111,
      181,
      65,
      71,
      244,
      161
    ],
    "54": [
      92,
      171,
      0,
      113,
      226,
      84,
      172,
      244,
      226,
      104,
      255,
      84,
      143,
      43,
      255,
      33,
      24,
      167,
      246,
      123,
      77,
      19,
      166,
      63,
      175,
      251,
      167,
      135,
      182,
      112,
      248,
      78
    ],
    "19": [
      214,
      3,
      128,
      198,
      208,
      78,
      7,
      215,
      72,
      179,
      181,
      59,
      150,
      48,
      60,
      168,
      165,
      132,
      223,
      31,
      154,
      104,
      118,
      99,
      62,
      88,
      78,
      242,
      199,
      198,
      132,
      175
    ],
    "50": [
      40,
      190,
      8,
      125,
      215,
      3,
      27,
      108,
      155,
      158,
      216,
      234,
      130,
      58,
      96,
      197,
      5,
      119,
      33,
      227,
      71,
      159,
      237,
      214,
      161,
      110,
      108,
      152,
      120,
      242,
      97,
      210
    ],
    "31": [
      152,
      237,
      0,
      74,
      16,
      65,
      141,
      46,
      3,
      69,
      161,
      125,
      188,
      133,
      93,
      26,
      34,
      52,
      162,
      81,
      97,
      249,
      7,
      233,
      12,
      208,
      248,
      204,
      185,
      136,
      125,
      19
    ],
    "62": [
      230,
      45,
      114,
      10,
      228,
      88,
      189,
      210,
      210,
      96,
      234,
      136,
      41,
      109,
      79,
      246,
      140,
      201,
      165,
      3,
      67,
      231,
      220,
      54,
      243,
      20,
      150,
      250,
      160,
      28,
      120,
      141
    ],
    "27": [
      23,
      22,
      57,
      192,
      26,
      153,
      177,
      166,
      180,
      16,
      113,
      39,
      186,
      111,
      26,
      126,
      241,
      93,
      144,
      26,
      51,
      10,
      53,
      230,
      109,
      110,
      243,
      191,
      53,
      46,
      147,
      99
    ],
    "58": [
      116,
      180,
      255,
      121,
      141,
      50,
      45,
      229,
      171,
      110,
      148,
      111,
      65,
      91,
      152,
      175,
      157,
      96,
      51,
      3,
      100,
      197,
      241,
      109,
      35,
      88,
      68,
      53,
      106,
      13,
      199,
      157
    ]
  },
  "my_cert": [],
  "my_cert_key": [],
  "root_cert": []
}