{
  "net_map": {
    "37": "127.0.0.1:8537",
    "6": "127.0.0.1:8506",
    "33": "127.0.0.1:8533",
    "64": "127.0.0.1:9000",
    "2": "127.0.0.1:8502",
    "45": "127.0.0.1:8545",
    "14": "127.0.0.1:8514",
    "41": "127.0.0.1:8541",
    "10": "127.0.0.1:8510",
    "53": "127.0.0.1:8553",
    "22": "127.0.0.1:8522",
    "49": "127.0.0.1:8549",
    "18": "127.0.0.1:8518",
    "61": "127.0.0.1:8561",
    "30": "127.0.0.1:8530",
    "57": "127.0.0.1:8557",
    "26": "127.0.0.1:8526",
    "5": "127.0.0.1:8505",
    "36": "127.0.0.1:8536",
    "1": "127.0.0.1:8501",
    "32": "127.0.0.1:8532",
    "13": "127.0.0.1:8513",
    "44": "127.0.0.1:8544",
    "9": "127.0.0.1:8509",
    "40": "127.0.0.1:8540",
    "21": "127.0.0.1:8521",
    "52": "127.0.0.1:8552",
    "17": "127.0.0.1:8517",
    "48": "127.0.0.1:8548",
    "29": "127.0.0.1:8529",
    "60": "127.0.0.1:8560",
    "25": "127.0.0.1:8525",
    "56": "127.0.0.1:8556",
    "4": "127.0.0.1:8504",
    "39": "127.0.0.1:8539",
    "0": "127.0.0.1:8500",
    "35": "127.0.0.1:8535",
    "12": "127.0.0.1:8512",
    "47": "127.0.0.1:8547",
    "8": "127.0.0.1:8508",
    "43": "127.0.0.1:8543",
    "20": "127.0.0.1:8520",
    "55": "127.0.0.1:8555",
    "16": "127.0.0.1:8516",
    "51": "127.0.0.1:8551",
    "28": "127.0.0.1:8528",
    "63": "127.0.0.1:8563",
    "24": "127.0.0.1:8524",
    "59": "127.0.0.1:8559",
    "7": "127.0.0.1:8507",
    "38": "127.0.0.1:8538",
    "3": "127.0.0.1:8503",
    "34": "127.0.0.1:8534",
    "15": "127.0.0.1:8515",
    "46": "127.0.0.1:8546",
    "11": "127.0.0.1:8511",
    "42": "127.0.0.1:8542",
    "23": "127.0.0.1:8523",
    "54": "127.0.0.1:8554",
    "19": "127.0.0.1:8519",
    "50": "127.0.0.1:8550",
    "31": "127.0.0.1:8531",
    "62": "127.0.0.1:8562",
    "27": "127.0.0.1:8527",
    "58": "127.0.0.1:8558"
  },
  "delta": 100,
  "id": 59,
  "num_nodes": 64,
  "num_faults": 21,
  "block_size": 100,
  "client_port": 7059,
  "client_addr": "0.0.0.0:5000",
  "payload": 0,
  "prot_payload": "cc,/home/akhil/research/EEBA/libchatter/",
  "crypto_alg": "NOPKI",
  "pk_map": {},
  "secret_key_bytes": [],
  "sk_map": {
    "37": [
      157,
      122,
      43,
      112,
      114,
      140,
      138,
      125,
      62,
      94,
      145,
      158,
      152,
      101,
      163,
      16,
      156,
      116,
      43,
      236,
      196,
      33,
      23,
      240,
      7,
      37,
      170,
      96,
      43,
      252,
      118,
      179
    ],
    "6": [
      87,
      58,
      145,
      244,
      249,
      119,
      65,
      125,
      165,
      82,
      25,
      96,
      34,
      6,
      44,
      90,
      144,
      177,
      168,
      45,
      193,
      63,
      221,
      39,
      5,
      51,
      79,
      217,
      50,
      199,
      101,
      26
    ],
    "33": [
      162,
      65,
      17,
      10,
      234,
      47,
      76,
      101,
      155,
      16,
      189,
      89,
      27,
      213,
      73,
      0,
      19,
      112,
      236,
      79,
      96,
      201,
      186,
      32,
      116,
      230,
      9,
      92,
      29,
      241,
      238,
      176
    ],
    "2": [
      8,
      38,
      131,
      191,
      225,
      106,
      31,
      96,
      38,
      63,
      199,
      107,
      30,
      51,
      187,
      42,
      154,
      29,
      203,
      85,
      191,
      24,
      29,
      87,
      207,
      210,
      78,
      165,
      44,
      87,
      75,
      101
    ],
    "45": [
      200,
      105,
      210,
      247,
      149,
      120,
      34,
      72,
      135,
      105,
      206,
      13,
      105,
      52,
      109,
      136,
      109,
      10,
      186,
      210,
      215,
      204,
      63,
      62,
      6,
      105,
      250,
      201,
      237,
      177,
      81,
      138
    ],
    "14": [
      167,
      45,
      88,
      109,
      105,
      238,
      34,
      217,
      109,
      253,
      191,
      126,
      207,
      118,
      51,
      131,
      226,
      183,
      24,
      22,
      213,
      36,
      178,
      233,
      141,
      138,
      97,
      244,
      48,
      170,
      189,
      174
    ],
    "41": [
      72,
      160,
      119,
      224,
      250,
      25,
      3,
      157,
      183,
      54,
      226,
      8,
      40,
      171,
      2,
      243,
      141,
      104,
      165,
      30,
      216,
      218,
      253,
      57,
      141,
      212,
      191,
      252,
      205,
      92,
      152,
      53
    ],
    "10": [
      236,
      180,
      62,
      217,
      36,
      47,
      35,
      184,
      215,
      125,
      41,
      115,
      80,
      232,
      41,
      73,
      26,
      131,
      14,
      68,
      248,
      14,
      46,
      206,
      163,
      38,
      165,
      41,
      240,
      241,
      6,
      231
    ],
    "53": [
      64,
      226,
      211,
      90,
      216,
      177,
      129,
      179,
      208,
      12,
      31,
      194,
      242,
      28,
      202,
      93,
      11,
      205,
      169,
      97,
      99,
      125,
      190,
      129,
      130,
      15,
      80,
      203,
      37,
      199,
      231,
      30
    ],
    "22": [
      187,
      213,
      100,
      67,
      35,
      240,
      114,
      76,
      205,
      105,
      47,
      247,
      131,
      223,
      244,
      83,
      99,
      111,
      248,
      207,
      253,
      239,
      81,
      232,
      36,
      67,
      162,
      160,
      60,
      239,
      196,
      38
    ],
    "49": [
      9,
      41,
      184,
      64,
      148,
      46,
      233,
      207,
      153,
      69,
      119,
      235,
      39,
      92,
      196,
      196,
      25,
      110,
      143,
      47,
      248,
      69,
      90,
      56,
      187,
      120,
      188,
      62,
      99,
      186,
      254,
      32
    ],
    "18": [
      59,
      0,
      36,
      33,
      60,
      59,
      32,
      216,
      158,
      237,
      252,
      44,
      127,
      214,
      107,
      254,
      102,
      151,
      102,
      13,
      238,
      88,
      0,
      143,
      86,
      128,
      184,
      96,
      116,
      64,
      11,
      139
    ],
    "61": [
      201,
      154,
      66,
      184,
      225,
      117,
      242,
      74,
      81,
      115,
      245,
      58,
      213,
      201,
      118,
      170,
      252,
      124,
      125,
      191,
      205,
      233,
      9,
      117,
      216,
      215,
      96,
      78,
      37,
      111,
      250,
      165
    ],
    "30": [
      237,
      230,
      72,
      148,
      225,
      250,
      8,
      197,
      220,
      111,
      235,
      201,
      4,
      163,
      191,
      87,
      138,
      86,
      155,
      158,
      117,
      109,
      23,
      192,
      241,
      148,
      75,
      118,
      161,
      175,
      75,
      153
    ],
    "57": [
      2,
      64,
      144,
      27,
      51,
      79,
      97,
      205,
      137,
      97,
      110,
      232,
      5,
      37,
      140,
      194,
      179,
      129,
      169,
      245,
      131,
      121,
      99,
      5,
      166,
      153,
      253,
      7,
      151,
      229,
      143,
      30
    ],
    "26": [
      122,
      9,
      82,
      200,
      104,
      190,
      248,
      232,
      249,
      199,
      171,
      202,
      217,
      238,
      115,
      109,
      211,
      61,
      188,
      123,
      67,
      9,
      23,
      82,
      73,
      251,
      57,
      192,
      246,
      142,
      28,
      139
    ],
    "5": [
      176,
      88,
      65,
      18,
      214,
      22,
      14,
      142,
      133,
      181,
      104,
      31,
      144,
      81,
      173,
      134,
      143,
      237,
      226,
      139,
      220,
      205,
      158,
      73,
      43,
      136,
      182,
      54,
      180,
      84,
      158,
      203
    ],
    "36": [
      40,
      174,
      44,
      203,
      82,
      158,
      8,
      19,
      223,
      142,
      25,
      191,
      181,
      38,
      242,
      189,
      28,
      150,
      143,
      19,
      214,
      120,
      34,
      197,
      60,
      60,
      101,
      251,
      151,
      247,
      155,
      10
    ],
    "1": [
      59,
      54,
      221,
      122,
      155,
      82,
      206,
      162,
      131,
      115,
      84,
      33,
      145,
      29,
      28,
      93,
      184,
      244,
      195,
      11,
      96,
      50,
      246,
      204,
      56,
      249,
      81,
      130,
      93,
      119,
      187,
      108
    ],
    "32": [
      63,
      68,
      194,
      179,
      122,
      133,
      133,
      213,
      51,
      228,
      77,
      162,
      136,
      64,
      33,
      194,
      132,
      116,
      18,
      168,
      68,
      232,
      27,
      66,
      45,
      204,
      66,
      29,
      11,
      21,
      211,
      64
    ],
    "13": [
      254,
      139,
      31,
      131,
      206,
      252,
      17,
      225,
      61,
      17,
      87,
      63,
      200,
      247,
      245,
      90,
      235,
      44,
      213,
      31,
      135,
      162,
      250,
      181,
      158,
      132,
      77,
      249,
      99,
      146,
      48,
      231
    ],
    "44": [
      43,
      41,
      47,
      159,
      157,
      131,
      137,
      245,
      221,
      34,
      41,
      108,
      56,
      209,
      161,
      4,
      93,
      116,
      124,
      53,
      193,
      168,
      136,
      37,
      251,
      87,
      64,
      247,
      168,
      237,
      200,
      61
    ],
    "9": [
      109,
      240,
      207,
      234,
      121,
      58,
      249,
      45,
      89,
      153,
      28,
      226,
      46,
      101,
      178,
      187,
      141,
      48,
      75,
      106,
      73,
      176,
      163,
      11,
      214,
      237,
      220,
      136,
      212,
      154,
      184,
      172
    ],
    "40": [
      109,
      18,
      130,
      134,
      126,
      196,
      127,
      139,
      24,
      52,
      219,
      157,
      197,
      168,
      79,
      128,
      248,
      221,
      14,
      20,
      228,
      204,
      38,
      57,
      108,
      4,
      204,
      184,
      241,
      244,
      124,
      169
    ],
    "21": [
      187,
      192,
      240,
      245,
      124,
      247,
      114,
      182,
      192,
      46,
      24,
      166,
      22,
      126,
      79,
      46,
      72,
      60,
      208,
      9,
      155,
      251,
      199,
      45,
      184,
      167,
      185,
      160,
      204,
      129,
      84,
      125
    ],
    "52": [
      80,
      249,
      46,
      113,
      59,
      154,
      209,
      97,
      64,
      180,
      38,
      85,
      220,
      152,
      159,
      92,
      164,
      223,
      226,
      148,
      68,
      219,
      174,
      65,
      138,
      219,
      160,
      65,
      201,
      164,
      238,
      180
    ],
    "17": [
      19,
      171,
      176,
      79,
      91,
      96,
      24,
      71,
      155,
      88,
      92,
      139,
      86,
      104,
      133,
      206,
      52,
      209,
      236,
      220,
      29,
      212,
      237,
      49,
      127,
      83,
      72,
      119,
      181,
      218,
      52,
      31
    ],
    "48": [
      24,
      76,
      21,
      52,
      199,
      179,
      164,
      9,
      232,
      179,
      189,
      203,
      164,
      33,
      243,
      63,
      19,
      36,
      36,
      9,
      59,
      55,
      179,
      124,
      69,
      10,
      161,
      6,
      116,
      22,
      198,
      229
    ],
    "29": [
      70,
      23,
      205,
      129,
      58,
      105,
      233,
      252,
      73,
      77,
      192,
      177,
      176,
      239,
      55,
      138,
      238,
      210,
      195,
      123,
      238,
      198,
      72,
      254,
      125,
      244,
      38,
      42,
      187,
      103,
      38,
      64
    ],
    "60": [
      23,
      30,
      237,
      221,
      9,
      8,
      157,
      22,
      90,
      133,
      165,
      73,
      221,
      20,
      22,
      186,
      61,
      6,
      251,
      57,
      18,
      236,
      23,
      114,
      106,
      182,
      255,
      250,
      74,
      139,
      196,
      89
    ],
    "25": [
      41,
      63,
      72,
      230,
      227,
      77,
      107,
      52,
      168,
      65,
      0,
      64,
      128,
      155,
      191,
      4,
      206,
      126,
      95,
      154,
      247,
      251,
      101,
      198,
      29,
      245,
      228,
      122,
      175,
      205,
      20,
      200
    ],
    "56": [
      132,
      109,
      135,
      78,
      97,
      145,
      144,
      25,
      215,
      198,
      129,
      115,
      30,
      50,
      240,
      254,
      246,
      67,
      137,
      70,
      32,
      119,
      116,
      27,
      163,
      147,
      102,
      170,
      223,
      150,
      91,
      231
    ],
    "4": [
      71,
      145,
      246,
      50,
      134,
      106,
      164,
      4,
      255,
      18,
      219,
      154,
      152,
      122,
      220,
      146,
      42,
      139,
      46,
      108,
      183,
      251,
      249,
      184,
      103,
      225,
      186,
      45,
      40,
      88,
      32,
      168
    ],
    "39": [
      205,
      13,
      148,
      79,
      39,
      143,
      108,
      84,
      32,
      189,
      238,
      46,
      98,
      73,
      43,
      164,
      116,
      53,
      200,
      94,
      189,
      73,
      79,
      155,
      200,
      59,
      93,
      138,
      157,
      129,
      145,
      129
    ],
    "0": [
      81,
      242,
      16,
      108,
      235,
      212,
      199,
      200,
      124,
      11,
      117,
      26,
      143,
      19,
      178,
      15,
      199,
      22,
      232,
      215,
      161,
      30,
      149,
      229,
      137,
      207,
      29,
      81,
      190,
      105,
      220,
      40
    ],
    "35": [
      182,
      204,
      140,
      214,
      115,
      78,
      16,
      15,
      170,
      226,
      174,
      102,
      104,
      132,
      183,
      57,
      86,
      202,
      199,
      214,
      249,
      243,
      37,
      121,
      207,
      27,
      164,
      141,
      6,
      218,
      236,
      38
    ],
    "12": [
      3,
      60,
      124,
      91,
      134,
      43,
      48,
      243,
      195,
      223,
      93,
      20,
      148,
      203,
      46,
      238,
      170,
      208,
      241,
      144,
      148,
      97,
      146,
      201,
      33,
      34,
      123,
      133,
      124,
      115,
      39,
      26
    ],
    "47": [
      48,
      253,
      207,
      89,
      236,
      114,
      106,
      90,
      114,
      232,
      40,
      233,
      84,
      64,
      233,
      101,
      56,
      189,
      33,
      59,
      81,
      166,
      24,
      218,
      101,
      52,
      136,
      168,
      117,
      218,
      252,
      151
    ],
    "8": [
      198,
      47,
      58,
      74,
      158,
      104,
      174,
      214,
      215,
      186,
      97,
      96,
      22,
      117,
      125,
      122,
      5,
      161,
      235,
      131,
      10,
      216,
      234,
      177,
      147,
      235,
      154,
      222,
      65,
      139,
      138,
      154
    ],
    "43": [
      108,
      96,
      56,
      159,
      31,
      178,
      227,
      151,
      92,
      209,
      214,
      14,
      93,
      119,
      66,
      9,
      84,
      147,
      214,
      196,
      8,
      1,
      206,
      69,
      118,
      16,
      9,
      157,
      13,
      78,
      83,
      127
    ],
    "20": [
      18,
      211,
      169,
      212,
      197,
      15,
      202,
      197,
      4,
      227,
      205,
      124,
      44,
      144,
      173,
      57,
      201,
      33,
      26,
      154,
      86,
      158,
      236,
      152,
      12,
      82,
      112,
      180,
      229,
      32,
      26,
      84
    ],
    "55": [
      9,
      222,
      111,
      47,
      111,
      230,
      220,
      244,
      1,
      90,
      78,
      198,
      113,
      230,
      218,
      177,
      227,
      45,
      182,
      243,
      237,
      109,
      45,
      49,
      118,
      32,
      164,
      195,
      166,
      64,
      84,
      190
    ],
    "16": [
      221,
      208,
      94,
      30,
      96,
      156,
      163,
      233,
      66,
      78,
      232,
      217,
      127,
      217,
      166,
      117,
      225,
      252,
      151,
      30,
      78,
      185,
      95,
      228,
      142,
      87,
      165,
      35,
      51,
      176,
      149,
      156
    ],
    "51": [
      176,
      115,
      40,
      199,
      50,
      59,
      123,
      156,
      134,
      44,
      108,
      4,
      171,
      251,
      162,
      101,
      69,
      98,
      87,
      118,
      112,
      193,
      73,
      156,
      230,
      220,
      222,
      200,
      8,
      160,
      109,
      193
    ],
    "28": [
      113,
      81,
      227,
      230,
      251,
      165,
      60,
      119,
      178,
      187,
      78,
      56,
      166,
      60,
      241,
      10,
      125,
      112,
      141,
      58,
      50,
      36,
      33,
      244,
      19,
      159,
      192,
      235,
      19,
      49,
      179,
      234
    ],
    "63": [
      133,
      41,
      86,
      161,
      51,
      255,
      54,
      200,
      211,
      19,
      183,
      233,
      180,
      28,
      106,
      101,
      234,
      135,
      107,
      128,
      42,
      113,
      115,
      96,
      253,
      172,
      243,
      80,
      6,
      50,
      30,
      195
    ],
    "24": [
      109,
      19,
      233,
      84,
      208,
      160,
      110,
      197,
      58,
      51,
      64,
      237,
      136,
      87,
      108,
      165,
      211,
      169,
      79,
      68,
      27,
      129,
      235,
      242,
      36,
      238,
      153,
      34,
      25,
      192,
      82,
      218
    ],
    "59": [
      89,
      226,
      234,
      80,
      53,
      247,
      185,
      241,
      44,
      253,
      17,
      116,
      16,
      55,
      113,
      235,
      87,
      180,
      122,
      39,
      145,
      157,
      221,
      101,
      105,
      139,
      130,
      72,
      237,
      44,
      247,
      108
    ],
    "7": [
      234,
      12,
      189,
      255,
      235,
      103,
      113,
      190,
      158,
      30,
      239,
      90,
      150,
      207,
      230,
      27,
      131,
      6,
      170,
      253,
      153,
      45,
      107,
      85,
      0,
      160,
      91,
      160,
      218,
      80,
      189,
      99
    ],
    "38": [
      246,
      47,
      213,
      213,
      25,
      5,
      39,
      209,
      99,
      176,
      36,
      186,
      88,
      101,
      205,
      50,
      136,
      63,
      62,
      229,
      199,
      99,
      225,
      221,
      233,
      197,
      6,
      4,
      87,
      11,
      13,
      98
    ],
    "3": [
      218,
      215,
      146,
      59,
      132,
      24,
      128,
      193,
      101,
      201,
      54,
      65,
      46,
      97,
      141,
      73,
      8,
      146,
      241,
      202,
      91,
      133,
      26,
      169,
      114,
      147,
      125,
      190,
      42,
      210,
      54,
      28
    ],
    "34": [
      8,
      41,
      15,
      90,
      22,
      16,
      98,
      62,
      11,
      40,
      31,
      228,
      218,
      105,
      38,
      220,
      170,
      254,
      156,
      211,
      135,
      215,
      89,
      139,
      113,
      231,
      26,
      223,
      46,
      90,
      242,
      93
    ],
    "15": [
      242,
      156,
      67,
      92,
      100,
      198,
      163,
      1,
      240,
      214,
      142,
      215,
      255,
      111,
      60,
      193,
      39,
      211,
      248,
      66,
      61,
      91,
      251,
      151,
      53,
      220,
      167,
      28,
      131,
      142,
      3,
      244
    ],
    "46": [
      217,
      51,
      110,
      205,
      59,
      21,
      6,
      237,
      101,
      192,
      219,
      159,
      99,
      217,
      152,
      112,
      124,
      67,
      63,
      4,
      138,
      71,
      32,
      99,
      146,
      193,
      25,
      66,
      38,
      226,
      231,
      79
    ],
    "11": [
      135,
      23,
      181,
      118,
      231,
      115,
      154,
      49,
      89,
      180,
      198,
      83,
      67,
      170,
      172,
      167,
      179,
      33,
      74,
      202,
      199,
      175,
      49,
      182,
      167,
      54,
      232,
      61,
      247,
      63,
      191,
      206
    ],
    "42": [
      31,
      94,
      234,
      206,
      78,
      161,
      233,
      219,
      27,
      171,
      205,
      191,
      65,
      158,
      245,
      108,
      6,
      122,
      239,
      243,
      237,
      171,
      203,
      133,
      55,
      134,
      122,
      87,
      162,
      216,
      207,
      184
    ],
    "23": [
      151,
      43,
      104,
      39,
      201,
      81,
      240,
      149,
      127,
      172,
      72,
      73,
      250,
      85,
      75,
      77,
      140,
      34,
      112,
      67,
      65,
      54,
      40,
      105,
      145,
      135,
      213,
      213,
      205,
      192,
      72,
      14
    ],
    "54": [
      100,
      185,
      159,
      61,
      32,
      241,
      182,
      115,
      117,
      30,
      50,
      189,
      45,
      91,
      127,
      244,
      72,
      213,
      246,
      80,
      75,
      238,
      13,
      183,
      15,
      112,
      228,
      193,
      239,
      70,
      27,
      111
    ],
    "19": [
      199,
      46,
      233,
      184,
      12,
      203,
      147,
      149,
      72,
      84,
      80,
      183,
      107,
      26,
      122,
      109,
      179,
      220,
      94,
      100,
      164,
      183,
      84,
      40,
      171,
      253,
      27,
      229,
      226,
      5,
      164,
      126
    ],
    "50": [
      2,
      150,
      108,
      175,
      78,
      130,
      66,
      57,
      66,
      130,
      64,
      224,
      17,
      143,
      145,
      49,
      144,
      8,
      98,
      230,
      160,
      83,
      78,
      18,
      5,
      253,
      243,
      99,
      59,
      95,
      242,
      187
    ],
    "31": [
      86,
      126,
      5,
      171,
      80,
      112,
      230,
      7,
      57,
      175,
      244,
      147,
      190,
      134,
      237,
      242,
      42,
      217,
      31,
      66,
      87,
      116,
      245,
      210,
      214,
      253,
      68,
      124,
      54,
      14,
      71,
      13
    ],
    "62": [
      24,
      238,
      135,
      80,
      5,
      80,
      240,
      87,
      213,
      140,
      123,
      85,
      98,
      65,
      56,
      75,
      53,
      21,
      24,
      120,
      151,
      179,
      26,
      9,
      53,
      247,
      184,
      61,
      151,
      111,
      146,
      96
    ],
    "27": [
      99,
      66,
      75,
      164,
      242,
      8,
      112,
      177,
      173,
      185,
      188,
      75,
      23,
      152,
      13,
      103,
      105,
      249,
      85,
      123,
      192,
      7,
      96,
      147,
      52,
      50,
      128,
      182,
      68,
      48,
      248,
      66
    ],
    "58": [
      124,
      108,
      123,
      17,
      165,
      119,
      155,
      62,
      169,
      166,
      212,
      136,
      73,
      232,
      33,
      22,
      196,
      130,
      41,
      75,
      150,
      59,
      161,
      74,
      90,
      244,
      173,
      251,
      207,
      139,
      165,
      168
    ]
  },
  "my_cert": [],
  "my_cert_key": [],
  "root_cert": []
}