{
  "net_map": {
    "37": "127.0.0.1:8537",
    "6": "127.0.0.1:8506",
    "33": "127.0.0.1:8533",
    "64": "127.0.0.1:9000",
    "2": "127.0.0.1:8502",
    "45": "127.0.0.1:8545",
    "14": "127.0.0.1:8514",
    "41": "127.0.0.1:8541",
    "10": "127.0.0.1:8510",
    "53": "127.0.0.1:8553",
    "22": "127.0.0.1:8522",
    "49": "127.0.0.1:8549",
    "18": "127.0.0.1:8518",
    "61": "127.0.0.1:8561",
    "30": "127.0.0.1:8530",
    "57": "127.0.0.1:8557",
    "26": "127.0.0.1:8526",
    "5": "127.0.0.1:8505",
    "36": "127.0.0.1:8536",
    "1": "127.0.0.1:8501",
    "32": "127.0.0.1:8532",
    "13": "127.0.0.1:8513",
    "44": "127.0.0.1:8544",
    "9": "127.0.0.1:8509",
    "40": "127.0.0.1:8540",
    "21": "127.0.0.1:8521",
    "52": "127.0.0.1:8552",
    "17": "127.0.0.1:8517",
    "48": "127.0.0.1:8548",
    "29": "127.0.0.1:8529",
    "60": "127.0.0.1:8560",
    "25": "127.0.0.1:8525",
    "56": "127.0.0.1:8556",
    "4": "127.0.0.1:8504",
    "39": "127.0.0.1:8539",
    "0": "127.0.0.1:8500",
    "35": "127.0.0.1:8535",
    "12": "127.0.0.1:8512",
    "47": "127.0.0.1:8547",
    "8": "127.0.0.1:8508",
    "43": "127.0.0.1:8543",
    "20": "127.0.0.1:8520",
    "55": "127.0.0.1:8555",
    "16": "127.0.0.1:8516",
    "51": "127.0.0.1:8551",
    "28": "127.0.0.1:8528",
    "63": "127.0.0.1:8563",
    "24": "127.0.0.1:8524",
    "59": "127.0.0.1:8559",
    "7": "127.0.0.1:8507",
    "38": "127.0.0.1:8538",
    "3": "127.0.0.1:8503",
    "34": "127.0.0.1:8534",
    "15": "127.0.0.1:8515",
    "46": "127.0.0.1:8546",
    "11": "127.0.0.1:8511",
    "42": "127.0.0.1:8542",
    "23": "127.0.0.1:8523",
    "54": "127.0.0.1:8554",
    "19": "127.0.0.1:8519",
    "50": "127.0.0.1:8550",
    "31": "127.0.0.1:8531",
    "62": "127.0.0.1:8562",
    "27": "127.0.0.1:8527",
    "58": "127.0.0.1:8558"
  },
  "delta": 100,
  "id": 40,
  "num_nodes": 64,
  "num_faults": 21,
  "block_size": 100,
  "client_port": 7040,
  "client_addr": "0.0.0.0:5000",
  "payload": 0,
  "prot_payload": "cc,/home/akhil/research/EEBA/libchatter/",
  "crypto_alg": "NOPKI",
  "pk_map": {},
  "secret_key_bytes": [],
  "sk_map": {
    "37": [
      15,
      64,
      138,
      243,
      174,
      250,
      74,
      160,
      100,
      103,
      159,
      149,
      254,
      216,
      60,
      215,
      104,
      30,
      11,
      21,
      246,
      24,
      49,
      235,
      245,
      14,
      157,
      221,
      62,
      90,
      82,
      139
    ],
    "6": [
      88,
      165,
      160,
      175,
      148,
      98,
      226,
      42,
      61,
      34,
      38,
      37,
      63,
      204,
      201,
      253,
      2,
      247,
      231,
      214,
      34,
      64,
      34,
      150,
      2,
      58,
      24,
      222,
      211,
      61,
      227,
      251
    ],
    "33": [
      138,
      190,
      185,
      234,
      1,
      65,
      248,
      68,
      109,
      202,
      226,
      190,
      183,
      149,
      206,
      122,
      31,
      233,
      185,
      83,
      255,
      29,
      192,
      64,
      254,
      185,
      172,
      9,
      179,
      113,
      68,
      84
    ],
    "2": [
      153,
      103,
      72,
      80,
      46,
      205,
      54,
      148,
      96,
      232,
      44,
      164,
      254,
      80,
      44,
      95,
      149,
      6,
      4,
      188,
      251,
      171,
      159,
      206,
      152,
      181,
      147,
      151,
      145,
      212,
      226,
      180
    ],
    "45": [
      207,
      122,
      187,
      233,
      14,
      82,
      14,
      75,
      162,
      91,
      184,
      234,
      70,
      209,
      250,
      106,
      163,
      82,
      68,
      3,
      22,
      170,
      244,
      48,
      54,
      140,
      108,
      120,
      41,
      77,
      0,
      144
    ],
    "14": [
      2,
      209,
      40,
      24,
      254,
      192,
      212,
      133,
      17,
      129,
      201,
      175,
      32,
      217,
      82,
      88,
      247,
      128,
      84,
      165,
      175,
      172,
      81,
      114,
      61,
      106,
      17,
      36,
      18,
      2,
      196,
      11
    ],
    "41": [
      202,
      175,
      74,
      152,
      114,
      31,
      49,
      190,
      176,
      73,
      50,
      228,
      145,
      81,
      61,
      177,
      40,
      24,
      167,
      31,
      230,
      249,
      139,
      135,
      219,
      149,
      61,
      51,
      195,
      5,
      58,
      232
    ],
    "10": [
      73,
      116,
      55,
      154,
      192,
      153,
      100,
      83,
      103,
      120,
      148,
      233,
      70,
      136,
      213,
      139,
      254,
      38,
      19,
      162,
      135,
      176,
      24,
      37,
      254,
      194,
      201,
      105,
      84,
      79,
      109,
      114
    ],
    "53": [
      7,
      253,
      69,
      141,
      210,
      175,
      122,
      67,
      155,
      45,
      143,
      39,
      93,
      242,
      232,
      108,
      41,
      111,
      232,
      156,
      3,
      181,
      57,
      199,
      218,
      105,
      114,
      21,
      49,
      99,
      164,
      181
    ],
    "22": [
      21,
      89,
      252,
      174,
      48,
      30,
      222,
      114,
      186,
      212,
      96,
      137,
      73,
      13,
      14,
      50,
      83,
      164,
      92,
      207,
      163,
      96,
      246,
      214,
      110,
      133,
      247,
      19,
      85,
      64,
      38,
      78
    ],
    "49": [
      143,
      72,
      123,
      199,
      192,
      72,
      74,
      62,
      127,
      127,
      182,
      171,
      20,
      54,
      47,
      35,
      62,
      45,
      240,
      97,
      16,
      205,
      162,
      29,
      168,
      146,
      206,
      194,
      76,
      152,
      219,
      92
    ],
    "18": [
      13,
      104,
      150,
      28,
      218,
      133,
      103,
      199,
      44,
      165,
      126,
      227,
      24,
      46,
      71,
      111,
      8,
      133,
      37,
      125,
      140,
      118,
      155,
      32,
      235,
      91,
      6,
      13,
      176,
      34,
      209,
      229
    ],
    "61": [
      11,
      126,
      177,
      242,
      28,
      201,
      190,
      228,
      209,
      153,
      158,
      22,
      201,
      28,
      141,
      138,
      127,
      186,
      18,
      179,
      250,
      108,
      29,
      122,
      42,
      227,
      139,
      44,
      220,
      45,
      89,
      181
    ],
    "30": [
      43,
      101,
      101,
      100,
      152,
      154,
      125,
      10,
      175,
      108,
      131,
      56,
      50,
      161,
      69,
      161,
      135,
      240,
      232,
      55,
      94,
      18,
      20,
      21,
      63,
      119,
      61,
      125,
      213,
      251,
      20,
      6
    ],
    "57": [
      2,
      99,
      235,
      3,
      131,
      90,
      234,
      170,
      215,
      41,
      6,
      31,
      13,
      176,
      218,
      101,
      149,
      72,
      199,
      58,
      220,
      107,
      94,
      176,
      77,
      144,
      247,
      84,
      178,
      4,
      187,
      52
    ],
    "26": [
      113,
      182,
      166,
      23,
      167,
      152,
      106,
      36,
      4,
      239,
      240,
      107,
      216,
      243,
      179,
      210,
      131,
      200,
      188,
      232,
      230,
      144,
      77,
      72,
      79,
      65,
      145,
      232,
      172,
      150,
      166,
      9
    ],
    "5": [
      57,
      198,
      206,
      221,
      143,
      251,
      18,
      190,
      201,
      241,
      150,
      174,
      115,
      155,
      216,
      252,
      44,
      29,
      37,
      254,
      139,
      167,
      87,
      132,
      82,
      60,
      244,
      143,
      6,
      172,
      64,
      243
    ],
    "36": [
      66,
      77,
      240,
      115,
      48,
      93,
      180,
      179,
      172,
      250,
      85,
      206,
      111,
      186,
      28,
      177,
      232,
      193,
      50,
      170,
      83,
      24,
      71,
      24,
      96,
      139,
      101,
      3,
      83,
      92,
      59,
      255
    ],
    "1": [
      9,
      159,
      172,
      98,
      68,
      231,
      163,
      133,
      87,
      157,
      69,
      66,
      117,
      133,
      237,
      126,
      33,
      205,
      135,
      252,
      249,
      138,
      160,
      255,
      93,
      27,
      60,
      106,
      58,
      236,
      250,
      109
    ],
    "32": [
      196,
      113,
      23,
      74,
      84,
      206,
      27,
      66,
      89,
      192,
      46,
      11,
      69,
      229,
      211,
      143,
      33,
      103,
      239,
      90,
      242,
      84,
      45,
      71,
      98,
      93,
      227,
      39,
      196,
      4,
      17,
      250
    ],
    "13": [
      239,
      48,
      49,
      205,
      236,
      220,
      169,
      187,
      77,
      57,
      8,
      99,
      132,
      205,
      174,
      51,
      181,
      66,
      154,
      71,
      164,
      47,
      215,
      6,
      144,
      47,
      6,
      112,
      9,
      231,
      211,
      181
    ],
    "44": [
      165,
      202,
      87,
      84,
      171,
      11,
      244,
      214,
      221,
      55,
      157,
      168,
      181,
      3,
      188,
      179,
      130,
      191,
      20,
      203,
      148,
      44,
      161,
      240,
      238,
      96,
      160,
      118,
      164,
      200,
      79,
      156
    ],
    "9": [
      71,
      95,
      31,
      39,
      84,
      22,
      160,
      28,
      38,
      134,
      88,
      92,
      22,
      242,
      236,
      127,
      182,
      194,
      96,
      60,
      141,
      248,
      158,
      212,
      112,
      180,
      7,
      163,
      188,
      41,
      161,
      247
    ],
    "40": [
      33,
      100,
      91,
      16,
      166,
      139,
      109,
      42,
      203,
      119,
      44,
      48,
      249,
      40,
      236,
      95,
      90,
      244,
      248,
      223,
      61,
      224,
      12,
      156,
      15,
      121,
      60,
      180,
      215,
      223,
      106,
      152
    ],
    "21": [
      24,
      200,
      136,
      23,
      216,
      139,
      62,
      39,
      59,
      94,
      96,
      55,
      208,
      3,
      219,
      30,
      130,
      140,
      235,
      252,
      209,
      106,
      234,
      196,
      50,
      35,
      246,
      74,
      119,
      56,
      254,
      33
    ],
    "52": [
      186,
      178,
      44,
      133,
      115,
      39,
      209,
      249,
      177,
      138,
      81,
      82,
      35,
      57,
      62,
      108,
      254,
      160,
      241,
      136,
      144,
      166,
      154,
      128,
      201,
      76,
      37,
      25,
      66,
      8,
      39,
      149
    ],
    "17": [
      82,
      67,
      41,
      159,
      197,
      127,
      67,
      7,
      147,
      94,
      143,
      121,
      59,
      50,
      218,
      30,
      42,
      217,
      180,
      42,
      74,
      117,
      39,
      124,
      151,
      120,
      191,
      40,
      202,
      102,
      250,
      224
    ],
    "48": [
      210,
      205,
      95,
      240,
      191,
      203,
      251,
      205,
      87,
      152,
      129,
      27,
      80,
      125,
      178,
      166,
      223,
      51,
      218,
      85,
      168,
      241,
      197,
      118,
      33,
      210,
      158,
      144,
      12,
      48,
      115,
      213
    ],
    "29": [
      64,
      98,
      158,
      147,
      70,
      136,
      120,
      109,
      162,
      200,
      45,
      60,
      218,
      62,
      77,
      98,
      238,
      151,
      211,
      26,
      46,
      185,
      72,
      104,
      87,
      174,
      56,
      53,
      126,
      95,
      181,
      143
    ],
    "60": [
      34,
      195,
      135,
      121,
      106,
      166,
      42,
      144,
      69,
      182,
      168,
      88,
      152,
      190,
      14,
      12,
      93,
      107,
      219,
      211,
      233,
      53,
      63,
      221,
      238,
      72,
      96,
      111,
      136,
      46,
      41,
      233
    ],
    "25": [
      0,
      114,
      182,
      169,
      128,
      32,
      17,
      199,
      148,
      25,
      236,
      41,
      232,
      239,
      121,
      55,
      13,
      166,
      216,
      4,
      213,
      6,
      255,
      233,
      108,
      93,
      107,
      92,
      63,
      106,
      34,
      169
    ],
    "56": [
      46,
      152,
      0,
      202,
      212,
      174,
      9,
      197,
      140,
      51,
      182,
      143,
      102,
      12,
      135,
      92,
      110,
      83,
      191,
      79,
      214,
      103,
      104,
      225,
      93,
      177,
      187,
      160,
      67,
      15,
      216,
      195
    ],
    "4": [
      197,
      75,
      34,
      130,
      159,
      228,
      252,
      253,
      123,
      119,
      187,
      167,
      98,
      212,
      247,
      252,
      235,
      39,
      196,
      6,
      235,
      180,
      171,
      74,
      184,
      206,
      172,
      157,
      70,
      121,
      165,
      234
    ],
    "39": [
      31,
      102,
      149,
      81,
      119,
      114,
      230,
      163,
      51,
      33,
      51,
      235,
      41,
      123,
      144,
      18,
      15,
      235,
      148,
      67,
      183,
      212,
      63,
      119,
      136,
      134,
      171,
      229,
      8,
      23,
      12,
      105
    ],
    "0": [
      4,
      190,
      219,
      7,
      147,
      26,
      89,
      184,
      170,
      224,
      215,
      138,
      252,
      66,
      186,
      44,
      55,
      152,
      172,
      56,
      129,
      250,
      125,
      187,
      51,
      240,
      113,
      83,
      106,
      159,
      188,
      134
    ],
    "35": [
      50,
      22,
      235,
      114,
      194,
      93,
      67,
      101,
      37,
      155,
      181,
      221,
      104,
      12,
      190,
      81,
      32,
      92,
      94,
      132,
      212,
      240,
      38,
      199,
      165,
      199,
      242,
      104,
      168,
      237,
      128,
      197
    ],
    "12": [
      143,
      113,
      186,
      21,
      160,
      168,
      144,
      186,
      229,
      230,
      0,
      220,
      88,
      6,
      22,
      57,
      14,
      31,
      47,
      60,
      223,
      104,
      118,
      237,
      100,
      3,
      55,
      169,
      198,
      173,
      245,
      19
    ],
    "47": [
      87,
      107,
      123,
      251,
      120,
      94,
      18,
      59,
      107,
      215,
      83,
      144,
      47,
      103,
      194,
      227,
      181,
      35,
      166,
      91,
      20,
      140,
      140,
      212,
      82,
      208,
      100,
      14,
      162,
      213,
      236,
      227
    ],
    "8": [
      6,
      175,
      49,
      115,
      83,
      46,
      191,
      109,
      126,
      212,
      252,
      212,
      143,
      229,
      232,
      101,
      239,
      149,
      156,
      223,
      28,
      236,
      25,
      130,
      38,
      166,
      163,
      19,
      63,
      64,
      37,
      207
    ],
    "43": [
      154,
      97,
      35,
      237,
      91,
      30,
      104,
      184,
      94,
      83,
      98,
      199,
      93,
      82,
      23,
      49,
      63,
      205,
      151,
      242,
      21,
      238,
      204,
      66,
      137,
      244,
      6,
      45,
      46,
      78,
      45,
      157
    ],
    "20": [
      58,
      252,
      173,
      143,
      185,
      210,
      109,
      74,
      85,
      26,
      163,
      112,
      166,
      214,
      187,
      198,
      238,
      85,
      46,
      174,
      208,
      118,
      205,
      188,
      81,
      21,
      128,
      165,
      118,
      136,
      237,
      137
    ],
    "55": [
      4,
      110,
      211,
      240,
      106,
      204,
      7,
      44,
      70,
      17,
      218,
      251,
      210,
      39,
      162,
      31,
      94,
      33,
      58,
      124,
      242,
      186,
      30,
      162,
      16,
      64,
      148,
      104,
      86,
      198,
      6,
      176
    ],
    "16": [
      21,
      221,
      170,
      65,
      154,
      155,
      87,
      82,
      70,
      167,
      207,
      48,
      176,
      220,
      75,
      167,
      102,
      147,
      51,
      71,
      151,
      145,
      53,
      150,
      208,
      58,
      171,
      54,
      189,
      135,
      196,
      53
    ],
    "51": [
      163,
      16,
      127,
      140,
      190,
      215,
      50,
      128,
      177,
      11,
      253,
      43,
      48,
      93,
      108,
      96,
      77,
      50,
      79,
      251,
      140,
      101,
      26,
      241,
      18,
      210,
      138,
      93,
      141,
      22,
      163,
      125
    ],
    "28": [
      53,
      254,
      223,
      164,
      168,
      33,
      228,
      13,
      175,
      166,
      165,
      162,
      97,
      221,
      76,
      248,
      120,
      249,
      46,
      249,
      243,
      66,
      106,
      189,
      193,
      217,
      207,
      239,
      93,
      101,
      94,
      177
    ],
    "63": [
      27,
      166,
      128,
      243,
      111,
      215,
      67,
      12,
      40,
      111,
      253,
      250,
      160,
      239,
      230,
      44,
      220,
      215,
      102,
      142,
      28,
      246,
      135,
      23,
      56,
      61,
      128,
      126,
      64,
      57,
      147,
      83
    ],
    "24": [
      100,
      251,
      143,
      57,
      87,
      220,
      93,
      179,
      55,
      25,
      13,
      57,
      231,
      140,
      219,
      229,
      236,
      215,
      119,
      166,
      212,
      215,
      237,
      84,
      130,
      8,
      200,
      241,
      4,
      219,
      244,
      80
    ],
    "59": [
      109,
      18,
      130,
      134,
      126,
      196,
      127,
      139,
      24,
      52,
      219,
      157,
      197,
      168,
      79,
      128,
      248,
      221,
      14,
      20,
      228,
      204,
      38,
      57,
      108,
      4,
      204,
      184,
      241,
      244,
      124,
      169
    ],
    "7": [
      170,
      175,
      126,
      10,
      86,
      168,
      139,
      239,
      119,
      184,
      236,
      208,
      119,
      215,
      132,
      128,
      125,
      156,
      240,
      255,
      233,
      113,
      196,
      242,
      77,
      232,
      151,
      175,
      163,
      118,
      213,
      253
    ],
    "38": [
      213,
      128,
      198,
      146,
      23,
      116,
      145,
      117,
      208,
      16,
      216,
      29,
      142,
      126,
      17,
      40,
      26,
      162,
      85,
      19,
      73,
      13,
      185,
      46,
      228,
      109,
      223,
      242,
      59,
      158,
      131,
      45
    ],
    "3": [
      248,
      10,
      189,
      76,
      17,
      214,
      55,
      10,
      154,
      26,
      18,
      135,
      139,
      155,
      221,
      189,
      194,
      172,
      68,
      172,
      102,
      153,
      39,
      206,
      251,
      95,
      200,
      20,
      209,
      133,
      147,
      71
    ],
    "34": [
      223,
      116,
      82,
      114,
      20,
      247,
      213,
      197,
      228,
      135,
      46,
      146,
      255,
      239,
      43,
      127,
      33,
      12,
      191,
      73,
      82,
      37,
      199,
      137,
      200,
      9,
      44,
      250,
      157,
      94,
      83,
      124
    ],
    "15": [
      62,
      103,
      186,
      141,
      235,
      51,
      236,
      254,
      185,
      112,
      189,
      168,
      238,
      35,
      178,
      169,
      73,
      19,
      149,
      138,
      157,
      43,
      192,
      40,
      191,
      117,
      208,
      143,
      19,
      154,
      247,
      16
    ],
    "46": [
      202,
      158,
      71,
      56,
      54,
      234,
      127,
      44,
      120,
      207,
      197,
      153,
      140,
      172,
      21,
      16,
      238,
      71,
      34,
      31,
      85,
      127,
      37,
      18,
      136,
      32,
      209,
      164,
      133,
      210,
      53,
      151
    ],
    "11": [
      88,
      197,
      245,
      62,
      230,
      255,
      168,
      174,
      204,
      147,
      163,
      76,
      43,
      249,
      86,
      225,
      171,
      29,
      36,
      63,
      253,
      30,
      124,
      129,
      227,
      60,
      214,
      231,
      107,
      23,
      114,
      80
    ],
    "42": [
      93,
      134,
      159,
      35,
      223,
      165,
      107,
      207,
      174,
      145,
      52,
      255,
      242,
      46,
      55,
      136,
      195,
      118,
      177,
      154,
      238,
      68,
      99,
      82,
      103,
      25,
      76,
      97,
      33,
      104,
      209,
      42
    ],
    "23": [
      150,
      21,
      50,
      215,
      166,
      204,
      106,
      233,
      131,
      200,
      39,
      57,
      97,
      145,
      97,
      77,
      80,
      63,
      81,
      206,
      142,
      99,
      136,
      74,
      238,
      201,
      20,
      96,
      177,
      176,
      214,
      36
    ],
    "54": [
      97,
      166,
      191,
      78,
      161,
      235,
      141,
      17,
      42,
      155,
      221,
      254,
      21,
      49,
      172,
      112,
      83,
      199,
      108,
      157,
      235,
      197,
      151,
      202,
      122,
      251,
      124,
      232,
      6,
      188,
      194,
      190
    ],
    "19": [
      253,
      48,
      13,
      197,
      140,
      36,
      117,
      158,
      138,
      248,
      26,
      155,
      160,
      2,
      59,
      164,
      106,
      166,
      186,
      243,
      39,
      192,
      248,
      143,
      113,
      56,
      149,
      5,
      74,
      193,
      189,
      57
    ],
    "50": [
      153,
      225,
      10,
      85,
      65,
      128,
      215,
      57,
      19,
      89,
      137,
      62,
      52,
      43,
      58,
      195,
      152,
      93,
      157,
      218,
      32,
      185,
      13,
      191,
      117,
      234,
      145,
      49,
      232,
      176,
      135,
      45
    ],
    "31": [
      217,
      235,
      49,
      207,
      75,
      248,
      64,
      173,
      36,
      105,
      126,
      161,
      240,
      171,
      75,
      253,
      123,
      56,
      161,
      131,
      182,
      96,
      162,
      148,
      171,
      109,
      111,
      78,
      244,
      50,
      234,
      64
    ],
    "62": [
      217,
      244,
      87,
      65,
      83,
      203,
      73,
      166,
      26,
      59,
      14,
      3,
      197,
      173,
      128,
      50,
      58,
      70,
      230,
      139,
      185,
      197,
      82,
      88,
      92,
      79,
      221,
      98,
      122,
      104,
      145,
      161
    ],
    "27": [
      25,
      194,
      26,
      243,
      133,
      150,
      161,
      222,
      4,
      49,
      199,
      49,
      129,
      166,
      190,
      126,
      241,
      189,
      152,
      246,
      3,
      77,
      248,
      192,
      13,
      133,
      152,
      49,
      50,
      248,
      52,
      45
    ],
    "58": [
      140,
      109,
      8,
      199,
      75,
      242,
      102,
      123,
      247,
      216,
      155,
      247,
      227,
      104,
      110,
      186,
      20,
      238,
      83,
      190,
      172,
      49,
      2,
      11,
      132,
      30,
      153,
      97,
      79,
      15,
      203,
      199
    ]
  },
  "my_cert": [],
  "my_cert_key": [],
  "root_cert": []
}