{
  "net_map": {
    "37": "127.0.0.1:8537",
    "6": "127.0.0.1:8506",
    "33": "127.0.0.1:8533",
    "64": "127.0.0.1:9000",
    "2": "127.0.0.1:8502",
    "45": "127.0.0.1:8545",
    "14": "127.0.0.1:8514",
    "41": "127.0.0.1:8541",
    "10": "127.0.0.1:8510",
    "53": "127.0.0.1:8553",
    "22": "127.0.0.1:8522",
    "49": "127.0.0.1:8549",
    "18": "127.0.0.1:8518",
    "61": "127.0.0.1:8561",
    "30": "127.0.0.1:8530",
    "57": "127.0.0.1:8557",
    "26": "127.0.0.1:8526",
    "5": "127.0.0.1:8505",
    "36": "127.0.0.1:8536",
    "1": "127.0.0.1:8501",
    "32": "127.0.0.1:8532",
    "13": "127.0.0.1:8513",
    "44": "127.0.0.1:8544",
    "9": "127.0.0.1:8509",
    "40": "127.0.0.1:8540",
    "21": "127.0.0.1:8521",
    "52": "127.0.0.1:8552",
    "17": "127.0.0.1:8517",
    "48": "127.0.0.1:8548",
    "29": "127.0.0.1:8529",
    "60": "127.0.0.1:8560",
    "25": "127.0.0.1:8525",
    "56": "127.0.0.1:8556",
    "4": "127.0.0.1:8504",
    "39": "127.0.0.1:8539",
    "0": "127.0.0.1:8500",
    "35": "127.0.0.1:8535",
    "12": "127.0.0.1:8512",
    "47": "127.0.0.1:8547",
    "8": "127.0.0.1:8508",
    "43": "127.0.0.1:8543",
    "20": "127.0.0.1:8520",
    "55": "127.0.0.1:8555",
    "16": "127.0.0.1:8516",
    "51": "127.0.0.1:8551",
    "28": "127.0.0.1:8528",
    "63": "127.0.0.1:8563",
    "24": "127.0.0.1:8524",
    "59": "127.0.0.1:8559",
    "7": "127.0.0.1:8507",
    "38": "127.0.0.1:8538",
    "3": "127.0.0.1:8503",
    "34": "127.0.0.1:8534",
    "15": "127.0.0.1:8515",
    "46": "127.0.0.1:8546",
    "11": "127.0.0.1:8511",
    "42": "127.0.0.1:8542",
    "23": "127.0.0.1:8523",
    "54": "127.0.0.1:8554",
    "19": "127.0.0.1:8519",
    "50": "127.0.0.1:8550",
    "31": "127.0.0.1:8531",
    "62": "127.0.0.1:8562",
    "27": "127.0.0.1:8527",
    "58": "127.0.0.1:8558"
  },
  "delta": 100,
  "id": 29,
  "num_nodes": 64,
  "num_faults": 21,
  "block_size": 100,
  "client_port": 7029,
  "client_addr": "0.0.0.0:5000",
  "payload": 0,
  "prot_payload": "cc,/home/akhil/research/EEBA/libchatter/",
  "crypto_alg": "NOPKI",
  "pk_map": {},
  "secret_key_bytes": [],
  "sk_map": {
    "37": [
      1,
      216,
      37,
      112,
      213,
      143,
      193,
      228,
      156,
      160,
      232,
      70,
      155,
      216,
      189,
      215,
      155,
      181,
      188,
      195,
      216,
      176,
      32,
      35,
      77,
      154,
      148,
      168,
      121,
      231,
      172,
      58
    ],
    "6": [
      153,
      3,
      254,
      107,
      208,
      180,
      192,
      136,
      249,
      16,
      85,
      23,
      20,
      150,
      13,
      85,
      217,
      18,
      36,
      5,
      194,
      192,
      99,
      117,
      134,
      242,
      216,
      227,
      145,
      243,
      55,
      73
    ],
    "33": [
      0,
      233,
      228,
      71,
      208,
      60,
      134,
      70,
      95,
      165,
      77,
      198,
      166,
      239,
      7,
      85,
      103,
      178,
      87,
      246,
      24,
      139,
      247,
      33,
      182,
      33,
      197,
      101,
      119,
      159,
      47,
      117
    ],
    "2": [
      204,
      141,
      137,
      22,
      191,
      63,
      190,
      147,
      42,
      149,
      212,
      157,
      98,
      235,
      29,
      221,
      181,
      91,
      6,
      196,
      209,
      247,
      164,
      65,
      225,
      42,
      102,
      246,
      249,
      69,
      15,
      135
    ],
    "45": [
      146,
      214,
      39,
      52,
      207,
      187,
      57,
      225,
      39,
      149,
      109,
      165,
      137,
      253,
      13,
      215,
      100,
      111,
      47,
      53,
      229,
      124,
      131,
      24,
      198,
      30,
      222,
      164,
      235,
      19,
      246,
      46
    ],
    "14": [
      38,
      89,
      40,
      29,
      230,
      23,
      227,
      55,
      128,
      152,
      79,
      229,
      115,
      104,
      156,
      198,
      253,
      228,
      156,
      67,
      58,
      246,
      108,
      62,
      138,
      19,
      85,
      146,
      139,
      26,
      154,
      47
    ],
    "41": [
      208,
      65,
      221,
      193,
      150,
      57,
      109,
      221,
      160,
      35,
      158,
      182,
      249,
      81,
      247,
      217,
      146,
      159,
      56,
      165,
      10,
      232,
      12,
      155,
      241,
      141,
      196,
      50,
      249,
      3,
      83,
      184
    ],
    "10": [
      216,
      58,
      231,
      26,
      22,
      45,
      100,
      26,
      80,
      136,
      18,
      226,
      185,
      77,
      81,
      218,
      234,
      54,
      184,
      105,
      75,
      82,
      39,
      118,
      242,
      216,
      209,
      70,
      33,
      210,
      246,
      50
    ],
    "53": [
      251,
      202,
      62,
      228,
      215,
      203,
      195,
      175,
      0,
      118,
      22,
      156,
      254,
      214,
      96,
      99,
      80,
      151,
      253,
      244,
      210,
      148,
      242,
      202,
      82,
      222,
      169,
      176,
      200,
      169,
      18,
      92
    ],
    "22": [
      95,
      187,
      70,
      16,
      25,
      93,
      216,
      112,
      43,
      39,
      239,
      132,
      47,
      105,
      113,
      44,
      164,
      122,
      75,
      167,
      61,
      122,
      208,
      123,
      100,
      228,
      9,
      187,
      211,
      226,
      152,
      124
    ],
    "49": [
      118,
      187,
      42,
      33,
      87,
      180,
      91,
      246,
      202,
      93,
      234,
      252,
      132,
      232,
      4,
      203,
      140,
      238,
      59,
      66,
      234,
      232,
      205,
      245,
      131,
      134,
      217,
      209,
      15,
      201,
      170,
      232
    ],
    "18": [
      74,
      71,
      27,
      35,
      152,
      189,
      163,
      96,
      168,
      154,
      92,
      32,
      22,
      21,
      84,
      169,
      76,
      147,
      14,
      78,
      193,
      116,
      48,
      18,
      191,
      31,
      8,
      79,
      68,
      250,
      183,
      223
    ],
    "61": [
      166,
      168,
      251,
      45,
      84,
      203,
      6,
      144,
      52,
      193,
      103,
      79,
      18,
      93,
      0,
      59,
      190,
      140,
      44,
      2,
      69,
      193,
      6,
      200,
      126,
      103,
      191,
      57,
      112,
      47,
      136,
      231
    ],
    "30": [
      113,
      84,
      251,
      210,
      123,
      141,
      74,
      234,
      171,
      42,
      166,
      219,
      132,
      236,
      24,
      22,
      58,
      248,
      208,
      114,
      111,
      115,
      253,
      89,
      0,
      126,
      251,
      148,
      88,
      249,
      153,
      144
    ],
    "57": [
      242,
      239,
      54,
      178,
      36,
      61,
      226,
      34,
      164,
      6,
      203,
      193,
      248,
      160,
      231,
      116,
      105,
      171,
      114,
      83,
      129,
      76,
      254,
      10,
      155,
      45,
      214,
      70,
      206,
      75,
      214,
      17
    ],
    "26": [
      103,
      221,
      96,
      79,
      107,
      19,
      228,
      195,
      223,
      138,
      205,
      47,
      160,
      15,
      178,
      139,
      216,
      93,
      138,
      68,
      137,
      211,
      215,
      18,
      113,
      189,
      63,
      29,
      199,
      44,
      241,
      128
    ],
    "5": [
      15,
      69,
      8,
      17,
      250,
      77,
      234,
      150,
      197,
      249,
      11,
      68,
      33,
      193,
      34,
      94,
      240,
      44,
      140,
      126,
      197,
      169,
      55,
      248,
      232,
      209,
      138,
      246,
      47,
      240,
      141,
      85
    ],
    "36": [
      171,
      237,
      63,
      253,
      230,
      14,
      90,
      168,
      23,
      48,
      53,
      5,
      160,
      101,
      91,
      124,
      200,
      175,
      209,
      34,
      15,
      227,
      200,
      32,
      194,
      33,
      143,
      236,
      61,
      35,
      49,
      167
    ],
    "1": [
      90,
      183,
      103,
      74,
      45,
      29,
      134,
      24,
      27,
      161,
      25,
      70,
      70,
      62,
      132,
      126,
      88,
      182,
      220,
      120,
      185,
      192,
      125,
      91,
      66,
      253,
      160,
      12,
      139,
      255,
      17,
      63
    ],
    "32": [
      97,
      153,
      211,
      70,
      128,
      62,
      1,
      174,
      215,
      148,
      61,
      121,
      19,
      193,
      52,
      252,
      234,
      212,
      19,
      145,
      157,
      192,
      1,
      30,
      228,
      80,
      246,
      224,
      19,
      109,
      27,
      198
    ],
    "13": [
      170,
      17,
      223,
      152,
      151,
      164,
      24,
      103,
      55,
      92,
      38,
      209,
      5,
      245,
      163,
      184,
      112,
      45,
      220,
      215,
      88,
      173,
      64,
      75,
      125,
      83,
      146,
      147,
      196,
      115,
      27,
      63
    ],
    "44": [
      178,
      91,
      111,
      10,
      153,
      168,
      150,
      34,
      24,
      253,
      106,
      7,
      210,
      226,
      213,
      141,
      7,
      228,
      35,
      30,
      190,
      75,
      219,
      2,
      177,
      243,
      54,
      57,
      234,
      244,
      158,
      241
    ],
    "9": [
      188,
      59,
      244,
      204,
      1,
      61,
      24,
      111,
      223,
      166,
      248,
      157,
      142,
      178,
      148,
      195,
      164,
      127,
      238,
      249,
      213,
      149,
      10,
      225,
      62,
      125,
      83,
      142,
      162,
      96,
      227,
      100
    ],
    "40": [
      64,
      98,
      158,
      147,
      70,
      136,
      120,
      109,
      162,
      200,
      45,
      60,
      218,
      62,
      77,
      98,
      238,
      151,
      211,
      26,
      46,
      185,
      72,
      104,
      87,
      174,
      56,
      53,
      126,
      95,
      181,
      143
    ],
    "21": [
      135,
      145,
      157,
      233,
      5,
      70,
      201,
      245,
      252,
      138,
      171,
      98,
      125,
      163,
      118,
      137,
      120,
      91,
      191,
      87,
      135,
      239,
      162,
      29,
      84,
      247,
      65,
      72,
      242,
      96,
      225,
      110
    ],
    "52": [
      102,
      69,
      175,
      29,
      166,
      91,
      206,
      113,
      206,
      121,
      57,
      159,
      164,
      145,
      71,
      228,
      226,
      171,
      58,
      228,
      21,
      164,
      17,
      64,
      144,
      197,
      207,
      181,
      88,
      254,
      199,
      105
    ],
    "17": [
      61,
      240,
      159,
      177,
      152,
      195,
      45,
      91,
      47,
      90,
      1,
      106,
      193,
      17,
      76,
      52,
      128,
      246,
      229,
      109,
      185,
      152,
      44,
      248,
      214,
      160,
      20,
      204,
      119,
      205,
      161,
      245
    ],
    "48": [
      189,
      37,
      85,
      14,
      97,
      245,
      243,
      97,
      195,
      124,
      74,
      184,
      41,
      122,
      229,
      140,
      187,
      181,
      89,
      70,
      102,
      6,
      25,
      189,
      173,
      67,
      28,
      76,
      108,
      244,
      198,
      18
    ],
    "29": [
      117,
      176,
      45,
      130,
      214,
      218,
      30,
      187,
      88,
      82,
      38,
      138,
      218,
      140,
      229,
      86,
      47,
      97,
      226,
      65,
      94,
      245,
      164,
      167,
      253,
      11,
      23,
      147,
      70,
      154,
      126,
      107
    ],
    "60": [
      123,
      9,
      236,
      13,
      73,
      40,
      234,
      240,
      235,
      123,
      72,
      185,
      236,
      118,
      44,
      156,
      54,
      25,
      120,
      23,
      127,
      245,
      12,
      43,
      15,
      41,
      103,
      15,
      103,
      181,
      207,
      46
    ],
    "25": [
      92,
      166,
      44,
      207,
      191,
      66,
      144,
      15,
      252,
      121,
      73,
      186,
      253,
      25,
      120,
      249,
      184,
      36,
      131,
      12,
      219,
      207,
      59,
      223,
      207,
      30,
      38,
      131,
      238,
      128,
      175,
      63
    ],
    "56": [
      165,
      184,
      119,
      172,
      25,
      210,
      254,
      169,
      156,
      180,
      25,
      163,
      183,
      25,
      252,
      74,
      14,
      140,
      192,
      146,
      209,
      126,
      2,
      206,
      201,
      239,
      31,
      40,
      157,
      237,
      177,
      237
    ],
    "4": [
      55,
      213,
      185,
      6,
      236,
      208,
      153,
      245,
      71,
      222,
      167,
      121,
      151,
      64,
      201,
      230,
      151,
      3,
      37,
      221,
      235,
      151,
      26,
      249,
      232,
      204,
      20,
      179,
      25,
      19,
      124,
      86
    ],
    "39": [
      120,
      5,
      240,
      234,
      216,
      42,
      127,
      6,
      78,
      160,
      172,
      195,
      231,
      1,
      220,
      90,
      135,
      52,
      146,
      209,
      227,
      187,
      123,
      235,
      112,
      22,
      28,
      0,
      101,
      147,
      17,
      181
    ],
    "0": [
      223,
      239,
      32,
      122,
      124,
      122,
      19,
      181,
      2,
      67,
      214,
      215,
      159,
      231,
      61,
      207,
      168,
      255,
      110,
      83,
      94,
      61,
      126,
      118,
      100,
      206,
      194,
      123,
      191,
      224,
      194,
      224
    ],
    "35": [
      182,
      100,
      138,
      255,
      12,
      208,
      166,
      35,
      44,
      227,
      130,
      189,
      54,
      88,
      204,
      176,
      157,
      216,
      203,
      176,
      132,
      143,
      181,
      4,
      111,
      12,
      181,
      160,
      10,
      110,
      240,
      245
    ],
    "12": [
      44,
      66,
      227,
      18,
      170,
      157,
      243,
      214,
      187,
      140,
      74,
      159,
      247,
      229,
      24,
      92,
      1,
      96,
      222,
      135,
      234,
      51,
      166,
      229,
      19,
      125,
      33,
      11,
      201,
      156,
      165,
      85
    ],
    "47": [
      26,
      67,
      203,
      154,
      79,
      144,
      23,
      101,
      163,
      190,
      82,
      242,
      216,
      123,
      236,
      173,
      36,
      125,
      79,
      134,
      172,
      39,
      52,
      151,
      210,
      154,
      6,
      150,
      65,
      142,
      180,
      155
    ],
    "8": [
      233,
      14,
      116,
      73,
      52,
      222,
      223,
      181,
      133,
      177,
      62,
      161,
      156,
      96,
      144,
      6,
      58,
      219,
      138,
      34,
      199,
      51,
      205,
      215,
      44,
      132,
      208,
      144,
      60,
      231,
      149,
      206
    ],
    "43": [
      116,
      91,
      148,
      153,
      50,
      106,
      127,
      155,
      9,
      159,
      50,
      251,
      111,
      105,
      242,
      104,
      255,
      29,
      94,
      41,
      204,
      170,
      112,
      232,
      196,
      255,
      164,
      105,
      251,
      44,
      126,
      29
    ],
    "20": [
      227,
      114,
      210,
      242,
      200,
      239,
      65,
      198,
      64,
      125,
      163,
      151,
      232,
      0,
      110,
      255,
      15,
      108,
      32,
      67,
      35,
      216,
      104,
      225,
      237,
      98,
      27,
      18,
      111,
      165,
      188,
      221
    ],
    "55": [
      209,
      139,
      58,
      173,
      124,
      151,
      100,
      134,
      82,
      114,
      59,
      222,
      115,
      232,
      69,
      97,
      149,
      157,
      196,
      90,
      123,
      110,
      102,
      71,
      139,
      155,
      194,
      174,
      160,
      17,
      6,
      138
    ],
    "16": [
      208,
      71,
      122,
      241,
      121,
      134,
      181,
      199,
      38,
      141,
      96,
      184,
      99,
      68,
      220,
      74,
      179,
      116,
      50,
      162,
      107,
      91,
      119,
      240,
      15,
      179,
      46,
      44,
      45,
      125,
      233,
      212
    ],
    "51": [
      14,
      22,
      134,
      235,
      255,
      208,
      61,
      211,
      175,
      55,
      236,
      239,
      127,
      6,
      198,
      179,
      148,
      64,
      43,
      209,
      163,
      26,
      81,
      86,
      26,
      78,
      25,
      103,
      112,
      204,
      218,
      9
    ],
    "28": [
      113,
      138,
      163,
      52,
      33,
      108,
      28,
      38,
      221,
      180,
      222,
      15,
      206,
      20,
      35,
      54,
      116,
      12,
      237,
      159,
      251,
      181,
      220,
      21,
      238,
      229,
      58,
      169,
      112,
      197,
      198,
      139
    ],
    "63": [
      110,
      192,
      161,
      154,
      248,
      118,
      58,
      9,
      31,
      168,
      176,
      83,
      37,
      50,
      76,
      130,
      90,
      76,
      222,
      56,
      154,
      178,
      175,
      239,
      103,
      113,
      205,
      103,
      18,
      58,
      216,
      73
    ],
    "24": [
      232,
      142,
      201,
      176,
      196,
      9,
      74,
      27,
      37,
      31,
      84,
      157,
      22,
      244,
      228,
      191,
      150,
      102,
      186,
      89,
      25,
      136,
      9,
      159,
      25,
      221,
      190,
      226,
      253,
      209,
      169,
      53
    ],
    "59": [
      70,
      23,
      205,
      129,
      58,
      105,
      233,
      252,
      73,
      77,
      192,
      177,
      176,
      239,
      55,
      138,
      238,
      210,
      195,
      123,
      238,
      198,
      72,
      254,
      125,
      244,
      38,
      42,
      187,
      103,
      38,
      64
    ],
    "7": [
      41,
      244,
      151,
      137,
      141,
      157,
      231,
      108,
      96,
      246,
      105,
      235,
      165,
      60,
      214,
      210,
      172,
      3,
      246,
      51,
      126,
      165,
      153,
      246,
      11,
      231,
      42,
      233,
      167,
      164,
      191,
      178
    ],
    "38": [
      174,
      143,
      176,
      102,
      177,
      101,
      131,
      94,
      111,
      165,
      101,
      113,
      72,
      53,
      64,
      231,
      151,
      165,
      94,
      150,
      131,
      211,
      142,
      95,
      118,
      7,
      185,
      158,
      222,
      49,
      236,
      247
    ],
    "3": [
      141,
      96,
      68,
      92,
      24,
      229,
      251,
      149,
      104,
      134,
      135,
      81,
      11,
      6,
      48,
      148,
      163,
      8,
      163,
      148,
      25,
      5,
      32,
      11,
      1,
      66,
      226,
      189,
      22,
      172,
      20,
      169
    ],
    "34": [
      94,
      35,
      30,
      218,
      65,
      126,
      59,
      179,
      87,
      56,
      237,
      141,
      21,
      185,
      83,
      232,
      72,
      51,
      151,
      181,
      10,
      202,
      205,
      198,
      244,
      191,
      241,
      190,
      39,
      28,
      225,
      228
    ],
    "15": [
      6,
      145,
      158,
      54,
      195,
      137,
      249,
      192,
      250,
      105,
      188,
      203,
      190,
      140,
      213,
      165,
      130,
      130,
      39,
      103,
      238,
      81,
      224,
      245,
      24,
      126,
      111,
      2,
      239,
      82,
      174,
      224
    ],
    "46": [
      81,
      15,
      74,
      12,
      226,
      196,
      15,
      13,
      223,
      254,
      153,
      184,
      151,
      53,
      251,
      141,
      9,
      91,
      117,
      252,
      25,
      181,
      166,
      216,
      48,
      183,
      2,
      84,
      207,
      112,
      38,
      226
    ],
    "11": [
      151,
      102,
      9,
      104,
      91,
      213,
      3,
      4,
      246,
      192,
      128,
      83,
      85,
      47,
      113,
      144,
      70,
      189,
      119,
      95,
      100,
      222,
      85,
      16,
      224,
      140,
      84,
      72,
      193,
      172,
      23,
      67
    ],
    "42": [
      122,
      65,
      17,
      245,
      21,
      124,
      105,
      200,
      58,
      146,
      240,
      174,
      138,
      88,
      70,
      157,
      47,
      184,
      97,
      232,
      154,
      141,
      4,
      74,
      220,
      210,
      112,
      88,
      65,
      66,
      198,
      134
    ],
    "23": [
      72,
      63,
      142,
      219,
      71,
      70,
      3,
      212,
      75,
      125,
      95,
      240,
      71,
      33,
      241,
      111,
      162,
      152,
      83,
      89,
      222,
      158,
      188,
      207,
      120,
      161,
      116,
      169,
      246,
      125,
      241,
      59
    ],
    "54": [
      201,
      203,
      74,
      247,
      95,
      255,
      54,
      170,
      230,
      157,
      221,
      161,
      62,
      186,
      176,
      206,
      48,
      60,
      96,
      209,
      190,
      156,
      8,
      148,
      249,
      74,
      17,
      79,
      159,
      164,
      34,
      54
    ],
    "19": [
      146,
      146,
      158,
      80,
      128,
      179,
      5,
      214,
      162,
      219,
      129,
      7,
      60,
      241,
      169,
      117,
      207,
      96,
      220,
      75,
      207,
      40,
      35,
      255,
      104,
      133,
      140,
      28,
      17,
      219,
      240,
      159
    ],
    "50": [
      54,
      173,
      41,
      24,
      169,
      127,
      51,
      112,
      245,
      169,
      94,
      168,
      193,
      246,
      111,
      237,
      88,
      137,
      118,
      213,
      155,
      188,
      123,
      33,
      169,
      185,
      255,
      122,
      239,
      36,
      135,
      206
    ],
    "31": [
      207,
      150,
      201,
      10,
      74,
      25,
      228,
      155,
      191,
      196,
      106,
      5,
      161,
      140,
      147,
      115,
      108,
      120,
      244,
      35,
      12,
      187,
      191,
      86,
      154,
      49,
      14,
      167,
      108,
      220,
      250,
      193
    ],
    "62": [
      84,
      143,
      236,
      111,
      113,
      147,
      114,
      104,
      198,
      73,
      233,
      59,
      160,
      200,
      145,
      246,
      188,
      49,
      183,
      200,
      155,
      68,
      126,
      136,
      211,
      120,
      41,
      187,
      229,
      126,
      20,
      2
    ],
    "27": [
      109,
      90,
      210,
      238,
      222,
      132,
      88,
      45,
      211,
      68,
      68,
      94,
      222,
      183,
      153,
      212,
      33,
      127,
      25,
      29,
      154,
      93,
      226,
      41,
      21,
      109,
      176,
      177,
      123,
      218,
      225,
      47
    ],
    "58": [
      21,
      89,
      240,
      126,
      30,
      197,
      136,
      98,
      96,
      142,
      72,
      9,
      78,
      222,
      113,
      50,
      241,
      145,
      171,
      154,
      212,
      95,
      17,
      141,
      236,
      166,
      36,
      101,
      48,
      196,
      176,
      61
    ]
  },
  "my_cert": [],
  "my_cert_key": [],
  "root_cert": []
}