{
  "net_map": {
    "37": "127.0.0.1:8537",
    "6": "127.0.0.1:8506",
    "33": "127.0.0.1:8533",
    "64": "127.0.0.1:9000",
    "2": "127.0.0.1:8502",
    "45": "127.0.0.1:8545",
    "14": "127.0.0.1:8514",
    "41": "127.0.0.1:8541",
    "10": "127.0.0.1:8510",
    "53": "127.0.0.1:8553",
    "22": "127.0.0.1:8522",
    "49": "127.0.0.1:8549",
    "18": "127.0.0.1:8518",
    "61": "127.0.0.1:8561",
    "30": "127.0.0.1:8530",
    "57": "127.0.0.1:8557",
    "26": "127.0.0.1:8526",
    "5": "127.0.0.1:8505",
    "36": "127.0.0.1:8536",
    "1": "127.0.0.1:8501",
    "32": "127.0.0.1:8532",
    "13": "127.0.0.1:8513",
    "44": "127.0.0.1:8544",
    "9": "127.0.0.1:8509",
    "40": "127.0.0.1:8540",
    "21": "127.0.0.1:8521",
    "52": "127.0.0.1:8552",
    "17": "127.0.0.1:8517",
    "48": "127.0.0.1:8548",
    "29": "127.0.0.1:8529",
    "60": "127.0.0.1:8560",
    "25": "127.0.0.1:8525",
    "56": "127.0.0.1:8556",
    "4": "127.0.0.1:8504",
    "39": "127.0.0.1:8539",
    "0": "127.0.0.1:8500",
    "35": "127.0.0.1:8535",
    "12": "127.0.0.1:8512",
    "47": "127.0.0.1:8547",
    "8": "127.0.0.1:8508",
    "43": "127.0.0.1:8543",
    "20": "127.0.0.1:8520",
    "55": "127.0.0.1:8555",
    "16": "127.0.0.1:8516",
    "51": "127.0.0.1:8551",
    "28": "127.0.0.1:8528",
    "63": "127.0.0.1:8563",
    "24": "127.0.0.1:8524",
    "59": "127.0.0.1:8559",
    "7": "127.0.0.1:8507",
    "38": "127.0.0.1:8538",
    "3": "127.0.0.1:8503",
    "34": "127.0.0.1:8534",
    "15": "127.0.0.1:8515",
    "46": "127.0.0.1:8546",
    "11": "127.0.0.1:8511",
    "42": "127.0.0.1:8542",
    "23": "127.0.0.1:8523",
    "54": "127.0.0.1:8554",
    "19": "127.0.0.1:8519",
    "50": "127.0.0.1:8550",
    "31": "127.0.0.1:8531",
    "62": "127.0.0.1:8562",
    "27": "127.0.0.1:8527",
    "58": "127.0.0.1:8558"
  },
  "delta": 100,
  "id": 63,
  "num_nodes": 64,
  "num_faults": 21,
  "block_size": 100,
  "client_port": 7063,
  "client_addr": "0.0.0.0:5000",
  "payload": 0,
  "prot_payload": "cc,/home/akhil/research/EEBA/libchatter/",
  "crypto_alg": "NOPKI",
  "pk_map": {},
  "secret_key_bytes": [],
  "sk_map": {
    "37": [
      127,
      62,
      180,
      117,
      228,
      137,
      218,
      81,
      135,
      204,
      57,
      252,
      80,
      110,
      23,
      255,
      207,
      244,
      34,
      109,
      221,
      233,
      161,
      167,
      128,
      111,
      239,
      70,
      223,
      17,
      24,
      214
    ],
    "6": [
      237,
      93,
      138,
      132,
      206,
      83,
      162,
      29,
      149,
      0,
      69,
      159,
      43,
      161,
      141,
      190,
      80,
      128,
      130,
      158,
      12,
      222,
      150,
      11,
      111,
      157,
      135,
      18,
      226,
      8,
      243,
      217
    ],
    "33": [
      158,
      94,
      60,
      144,
      113,
      39,
      18,
      120,
      42,
      178,
      185,
      43,
      70,
      82,
      53,
      42,
      150,
      206,
      95,
      150,
      48,
      204,
      22,
      162,
      187,
      75,
      74,
      118,
      243,
      41,
      32,
      51
    ],
    "2": [
      210,
      189,
      99,
      221,
      186,
      76,
      27,
      211,
      98,
      144,
      14,
      79,
      128,
      3,
      64,
      111,
      84,
      227,
      26,
      58,
      97,
      85,
      6,
      212,
      207,
      146,
      220,
      33,
      39,
      209,
      162,
      188
    ],
    "45": [
      208,
      115,
      107,
      201,
      197,
      111,
      211,
      239,
      232,
      2,
      203,
      132,
      123,
      30,
      154,
      191,
      239,
      116,
      33,
      144,
      187,
      237,
      157,
      126,
      254,
      108,
      75,
      224,
      237,
      66,
      168,
      32
    ],
    "14": [
      135,
      28,
      246,
      93,
      101,
      75,
      96,
      125,
      146,
      240,
      46,
      213,
      122,
      67,
      161,
      212,
      87,
      25,
      152,
      240,
      43,
      69,
      112,
      212,
      184,
      239,
      241,
      63,
      191,
      174,
      127,
      170
    ],
    "41": [
      173,
      211,
      26,
      217,
      104,
      7,
      210,
      177,
      223,
      29,
      33,
      119,
      161,
      229,
      235,
      158,
      78,
      108,
      162,
      0,
      121,
      242,
      171,
      111,
      254,
      72,
      43,
      171,
      89,
      216,
      113,
      70
    ],
    "10": [
      114,
      109,
      112,
      204,
      60,
      66,
      81,
      218,
      14,
      250,
      252,
      240,
      83,
      131,
      204,
      77,
      169,
      236,
      12,
      140,
      153,
      161,
      204,
      137,
      166,
      124,
      210,
      1,
      52,
      19,
      199,
      63
    ],
    "53": [
      107,
      64,
      75,
      75,
      232,
      244,
      222,
      161,
      164,
      126,
      184,
      131,
      89,
      59,
      235,
      200,
      223,
      197,
      156,
      203,
      129,
      213,
      129,
      8,
      83,
      1,
      149,
      229,
      93,
      76,
      191,
      63
    ],
    "22": [
      209,
      157,
      201,
      58,
      16,
      179,
      125,
      19,
      192,
      66,
      111,
      115,
      184,
      22,
      109,
      89,
      138,
      127,
      75,
      176,
      141,
      10,
      37,
      189,
      63,
      27,
      171,
      28,
      136,
      209,
      118,
      148
    ],
    "49": [
      32,
      4,
      108,
      57,
      217,
      93,
      169,
      145,
      219,
      114,
      35,
      186,
      137,
      36,
      214,
      155,
      76,
      89,
      16,
      103,
      83,
      0,
      246,
      129,
      30,
      133,
      37,
      167,
      159,
      9,
      225,
      62
    ],
    "18": [
      2,
      99,
      242,
      220,
      137,
      151,
      173,
      70,
      211,
      126,
      159,
      67,
      227,
      152,
      87,
      72,
      32,
      241,
      240,
      81,
      122,
      181,
      26,
      128,
      210,
      234,
      157,
      162,
      97,
      13,
      33,
      14
    ],
    "61": [
      132,
      57,
      65,
      227,
      248,
      152,
      65,
      34,
      132,
      216,
      42,
      134,
      188,
      150,
      230,
      136,
      162,
      107,
      126,
      192,
      235,
      81,
      85,
      191,
      81,
      147,
      2,
      127,
      86,
      30,
      181,
      246
    ],
    "30": [
      153,
      252,
      50,
      80,
      147,
      80,
      177,
      168,
      104,
      167,
      102,
      143,
      107,
      118,
      171,
      34,
      223,
      62,
      222,
      54,
      186,
      241,
      17,
      22,
      81,
      7,
      150,
      6,
      238,
      248,
      184,
      188
    ],
    "57": [
      196,
      124,
      74,
      235,
      191,
      224,
      48,
      22,
      240,
      127,
      215,
      48,
      239,
      116,
      163,
      138,
      2,
      150,
      46,
      46,
      71,
      198,
      49,
      221,
      87,
      89,
      69,
      254,
      164,
      214,
      206,
      219
    ],
    "26": [
      66,
      69,
      142,
      144,
      129,
      172,
      10,
      17,
      168,
      108,
      150,
      213,
      62,
      246,
      17,
      132,
      60,
      101,
      172,
      5,
      40,
      165,
      240,
      19,
      83,
      152,
      229,
      94,
      181,
      158,
      18,
      38
    ],
    "5": [
      85,
      218,
      2,
      120,
      83,
      143,
      217,
      151,
      85,
      6,
      125,
      105,
      171,
      76,
      175,
      254,
      27,
      173,
      90,
      54,
      241,
      195,
      196,
      220,
      135,
      18,
      231,
      98,
      147,
      71,
      247,
      239
    ],
    "36": [
      62,
      162,
      156,
      55,
      224,
      181,
      128,
      253,
      59,
      235,
      113,
      109,
      225,
      157,
      140,
      81,
      58,
      36,
      108,
      14,
      0,
      15,
      219,
      174,
      82,
      143,
      185,
      59,
      18,
      242,
      253,
      10
    ],
    "1": [
      12,
      100,
      15,
      44,
      245,
      31,
      173,
      3,
      57,
      251,
      222,
      126,
      144,
      24,
      45,
      15,
      45,
      192,
      67,
      179,
      250,
      255,
      133,
      152,
      10,
      190,
      189,
      159,
      39,
      123,
      130,
      237
    ],
    "32": [
      115,
      243,
      162,
      2,
      248,
      242,
      116,
      248,
      216,
      120,
      159,
      248,
      88,
      164,
      126,
      246,
      165,
      56,
      240,
      48,
      85,
      192,
      81,
      138,
      76,
      253,
      163,
      11,
      201,
      59,
      124,
      23
    ],
    "13": [
      128,
      85,
      211,
      184,
      166,
      237,
      33,
      111,
      185,
      163,
      198,
      217,
      14,
      33,
      201,
      239,
      213,
      0,
      255,
      169,
      4,
      169,
      148,
      136,
      140,
      138,
      47,
      189,
      227,
      208,
      108,
      59
    ],
    "44": [
      57,
      4,
      226,
      182,
      183,
      43,
      98,
      200,
      150,
      80,
      80,
      150,
      84,
      63,
      35,
      15,
      112,
      73,
      57,
      190,
      120,
      10,
      230,
      155,
      224,
      225,
      151,
      85,
      84,
      85,
      113,
      115
    ],
    "9": [
      154,
      241,
      116,
      74,
      235,
      181,
      85,
      85,
      72,
      7,
      107,
      22,
      60,
      90,
      80,
      160,
      245,
      171,
      195,
      95,
      129,
      18,
      213,
      137,
      178,
      176,
      112,
      55,
      52,
      226,
      119,
      239
    ],
    "40": [
      27,
      166,
      128,
      243,
      111,
      215,
      67,
      12,
      40,
      111,
      253,
      250,
      160,
      239,
      230,
      44,
      220,
      215,
      102,
      142,
      28,
      246,
      135,
      23,
      56,
      61,
      128,
      126,
      64,
      57,
      147,
      83
    ],
    "21": [
      247,
      29,
      237,
      55,
      88,
      237,
      48,
      28,
      80,
      53,
      96,
      51,
      34,
      208,
      39,
      225,
      248,
      84,
      22,
      104,
      244,
      57,
      84,
      30,
      196,
      114,
      70,
      162,
      131,
      102,
      56,
      75
    ],
    "52": [
      18,
      250,
      81,
      217,
      22,
      24,
      4,
      81,
      101,
      253,
      99,
      14,
      209,
      3,
      37,
      99,
      114,
      170,
      245,
      251,
      19,
      141,
      120,
      36,
      46,
      177,
      63,
      111,
      22,
      85,
      190,
      35
    ],
    "17": [
      71,
      98,
      137,
      33,
      102,
      191,
      115,
      76,
      250,
      231,
      173,
      27,
      46,
      74,
      208,
      189,
      22,
      98,
      76,
      24,
      197,
      162,
      181,
      188,
      31,
      141,
      153,
      120,
      196,
      16,
      36,
      58
    ],
    "48": [
      199,
      165,
      120,
      227,
      94,
      96,
      13,
      220,
      220,
      5,
      6,
      225,
      1,
      194,
      139,
      108,
      36,
      125,
      163,
      238,
      217,
      201,
      168,
      241,
      121,
      47,
      180,
      167,
      21,
      112,
      173,
      160
    ],
    "29": [
      110,
      192,
      161,
      154,
      248,
      118,
      58,
      9,
      31,
      168,
      176,
      83,
      37,
      50,
      76,
      130,
      90,
      76,
      222,
      56,
      154,
      178,
      175,
      239,
      103,
      113,
      205,
      103,
      18,
      58,
      216,
      73
    ],
    "60": [
      54,
      173,
      246,
      91,
      167,
      80,
      192,
      107,
      153,
      141,
      251,
      121,
      192,
      34,
      166,
      44,
      119,
      50,
      90,
      132,
      141,
      114,
      11,
      134,
      198,
      215,
      74,
      202,
      179,
      252,
      176,
      245
    ],
    "25": [
      7,
      57,
      245,
      41,
      24,
      190,
      246,
      55,
      238,
      44,
      163,
      116,
      131,
      249,
      143,
      209,
      52,
      142,
      226,
      246,
      168,
      121,
      167,
      221,
      116,
      48,
      64,
      135,
      16,
      50,
      143,
      28
    ],
    "56": [
      250,
      25,
      84,
      131,
      158,
      72,
      99,
      10,
      213,
      199,
      123,
      152,
      218,
      71,
      38,
      114,
      101,
      8,
      231,
      15,
      86,
      215,
      214,
      4,
      30,
      140,
      250,
      123,
      199,
      35,
      155,
      200
    ],
    "4": [
      250,
      113,
      60,
      124,
      144,
      119,
      197,
      0,
      146,
      132,
      96,
      213,
      29,
      251,
      181,
      120,
      85,
      24,
      117,
      155,
      13,
      5,
      82,
      46,
      160,
      198,
      105,
      61,
      163,
      142,
      197,
      26
    ],
    "39": [
      166,
      131,
      202,
      141,
      190,
      72,
      11,
      95,
      23,
      47,
      143,
      159,
      124,
      251,
      247,
      83,
      16,
      120,
      19,
      218,
      148,
      108,
      123,
      157,
      150,
      229,
      204,
      93,
      182,
      103,
      28,
      53
    ],
    "0": [
      237,
      206,
      156,
      56,
      36,
      23,
      93,
      245,
      69,
      123,
      212,
      208,
      146,
      134,
      209,
      31,
      72,
      243,
      246,
      87,
      131,
      237,
      247,
      22,
      229,
      120,
      218,
      187,
      6,
      209,
      253,
      13
    ],
    "35": [
      54,
      163,
      177,
      99,
      116,
      73,
      212,
      30,
      159,
      175,
      23,
      121,
      132,
      100,
      49,
      247,
      156,
      162,
      150,
      35,
      187,
      59,
      244,
      198,
      12,
      67,
      62,
      64,
      114,
      96,
      157,
      145
    ],
    "12": [
      182,
      92,
      168,
      248,
      208,
      15,
      63,
      53,
      94,
      74,
      192,
      117,
      215,
      107,
      233,
      7,
      37,
      70,
      90,
      199,
      72,
      67,
      97,
      227,
      215,
      98,
      113,
      137,
      222,
      180,
      107,
      143
    ],
    "47": [
      108,
      126,
      183,
      200,
      4,
      105,
      212,
      37,
      160,
      218,
      248,
      47,
      112,
      101,
      64,
      143,
      73,
      49,
      186,
      116,
      128,
      37,
      238,
      164,
      196,
      144,
      109,
      62,
      54,
      121,
      162,
      37
    ],
    "8": [
      114,
      69,
      222,
      36,
      253,
      31,
      97,
      141,
      117,
      90,
      155,
      179,
      78,
      203,
      55,
      244,
      228,
      223,
      232,
      156,
      178,
      106,
      100,
      113,
      241,
      189,
      151,
      77,
      251,
      116,
      149,
      155
    ],
    "43": [
      198,
      29,
      22,
      162,
      84,
      44,
      106,
      148,
      127,
      226,
      142,
      124,
      219,
      149,
      20,
      79,
      111,
      165,
      170,
      81,
      216,
      51,
      35,
      26,
      8,
      187,
      162,
      222,
      127,
      72,
      12,
      4
    ],
    "20": [
      115,
      191,
      189,
      26,
      20,
      135,
      91,
      247,
      32,
      152,
      147,
      214,
      52,
      91,
      149,
      80,
      13,
      43,
      233,
      113,
      124,
      147,
      221,
      18,
      48,
      233,
      88,
      145,
      95,
      200,
      68,
      188
    ],
    "55": [
      177,
      81,
      66,
      141,
      175,
      47,
      87,
      251,
      229,
      196,
      214,
      25,
      236,
      217,
      226,
      52,
      55,
      246,
      99,
      6,
      66,
      35,
      199,
      32,
      238,
      44,
      13,
      219,
      239,
      206,
      4,
      160
    ],
    "16": [
      156,
      250,
      220,
      42,
      57,
      191,
      13,
      222,
      219,
      46,
      238,
      221,
      162,
      7,
      48,
      39,
      245,
      207,
      30,
      249,
      28,
      197,
      47,
      61,
      179,
      70,
      233,
      237,
      182,
      68,
      153,
      1
    ],
    "51": [
      7,
      188,
      183,
      212,
      30,
      131,
      152,
      40,
      14,
      33,
      123,
      42,
      104,
      89,
      138,
      68,
      98,
      168,
      156,
      147,
      189,
      122,
      93,
      116,
      21,
      217,
      134,
      240,
      58,
      184,
      3,
      108
    ],
    "28": [
      79,
      196,
      228,
      74,
      123,
      190,
      129,
      57,
      233,
      112,
      83,
      244,
      173,
      185,
      159,
      127,
      96,
      84,
      165,
      226,
      118,
      57,
      181,
      177,
      198,
      18,
      114,
      142,
      13,
      77,
      213,
      114
    ],
    "63": [
      182,
      216,
      58,
      152,
      58,
      100,
      24,
      241,
      68,
      224,
      122,
      88,
      81,
      209,
      83,
      225,
      242,
      248,
      220,
      251,
      131,
      108,
      250,
      232,
      59,
      144,
      152,
      44,
      115,
      145,
      31,
      19
    ],
    "24": [
      46,
      150,
      232,
      88,
      52,
      171,
      81,
      218,
      174,
      166,
      151,
      102,
      227,
      185,
      140,
      176,
      221,
      168,
      251,
      136,
      145,
      212,
      122,
      2,
      138,
      225,
      138,
      218,
      206,
      5,
      32,
      124
    ],
    "59": [
      133,
      41,
      86,
      161,
      51,
      255,
      54,
      200,
      211,
      19,
      183,
      233,
      180,
      28,
      106,
      101,
      234,
      135,
      107,
      128,
      42,
      113,
      115,
      96,
      253,
      172,
      243,
      80,
      6,
      50,
      30,
      195
    ],
    "7": [
      163,
      225,
      107,
      204,
      132,
      223,
      80,
      162,
      97,
      225,
      228,
      95,
      58,
      253,
      241,
      181,
      89,
      29,
      99,
      228,
      105,
      91,
      66,
      178,
      247,
      76,
      219,
      205,
      224,
      182,
      217,
      150
    ],
    "38": [
      81,
      106,
      191,
      105,
      38,
      1,
      151,
      227,
      233,
      212,
      183,
      121,
      107,
      253,
      176,
      227,
      112,
      209,
      40,
      99,
      141,
      58,
      63,
      149,
      188,
      201,
      113,
      239,
      229,
      227,
      249,
      116
    ],
    "3": [
      101,
      126,
      125,
      141,
      252,
      99,
      29,
      21,
      109,
      10,
      73,
      101,
      21,
      219,
      82,
      59,
      153,
      221,
      127,
      55,
      30,
      142,
      109,
      193,
      122,
      186,
      106,
      13,
      79,
      91,
      101,
      255
    ],
    "34": [
      113,
      240,
      16,
      69,
      181,
      226,
      227,
      40,
      202,
      70,
      22,
      5,
      190,
      177,
      173,
      41,
      110,
      82,
      148,
      18,
      254,
      144,
      243,
      27,
      89,
      112,
      244,
      162,
      96,
      135,
      226,
      39
    ],
    "15": [
      172,
      162,
      189,
      9,
      28,
      189,
      36,
      255,
      24,
      233,
      195,
      210,
      133,
      196,
      183,
      23,
      54,
      250,
      134,
      225,
      249,
      161,
      241,
      64,
      92,
      50,
      207,
      67,
      161,
      29,
      242,
      193
    ],
    "46": [
      92,
      176,
      2,
      21,
      155,
      230,
      115,
      93,
      187,
      151,
      138,
      135,
      138,
      225,
      84,
      114,
      143,
      254,
      131,
      137,
      7,
      206,
      155,
      31,
      3,
      96,
      123,
      250,
      176,
      135,
      197,
      15
    ],
    "11": [
      174,
      221,
      87,
      217,
      117,
      103,
      180,
      58,
      246,
      129,
      170,
      159,
      251,
      242,
      33,
      22,
      116,
      203,
      233,
      50,
      138,
      56,
      4,
      16,
      178,
      15,
      159,
      211,
      61,
      185,
      79,
      215
    ],
    "42": [
      180,
      129,
      79,
      56,
      207,
      177,
      122,
      118,
      146,
      126,
      222,
      193,
      252,
      95,
      250,
      137,
      187,
      218,
      174,
      192,
      29,
      152,
      173,
      108,
      111,
      60,
      237,
      51,
      196,
      153,
      141,
      235
    ],
    "23": [
      30,
      35,
      207,
      170,
      107,
      209,
      211,
      189,
      116,
      57,
      240,
      222,
      120,
      107,
      102,
      78,
      19,
      133,
      106,
      20,
      210,
      11,
      54,
      87,
      166,
      9,
      239,
      73,
      183,
      73,
      142,
      252
    ],
    "54": [
      8,
      235,
      2,
      70,
      242,
      248,
      129,
      235,
      2,
      131,
      160,
      84,
      28,
      208,
      127,
      101,
      45,
      191,
      86,
      33,
      149,
      172,
      185,
      101,
      100,
      73,
      39,
      200,
      113,
      183,
      147,
      121
    ],
    "19": [
      140,
      52,
      193,
      79,
      193,
      156,
      130,
      66,
      174,
      134,
      105,
      108,
      65,
      228,
      131,
      183,
      61,
      142,
      206,
      113,
      240,
      235,
      154,
      13,
      59,
      72,
      181,
      167,
      0,
      26,
      61,
      23
    ],
    "50": [
      27,
      201,
      36,
      140,
      98,
      57,
      71,
      44,
      41,
      237,
      48,
      95,
      250,
      71,
      248,
      156,
      30,
      146,
      243,
      65,
      247,
      60,
      176,
      111,
      194,
      225,
      161,
      174,
      47,
      56,
      249,
      47
    ],
    "31": [
      197,
      107,
      115,
      159,
      88,
      36,
      122,
      57,
      51,
      84,
      13,
      167,
      6,
      248,
      85,
      224,
      50,
      111,
      63,
      73,
      53,
      49,
      237,
      89,
      151,
      73,
      55,
      20,
      174,
      207,
      193,
      255
    ],
    "62": [
      60,
      229,
      117,
      156,
      251,
      87,
      15,
      121,
      97,
      221,
      92,
      25,
      247,
      30,
      220,
      61,
      105,
      233,
      73,
      34,
      152,
      97,
      56,
      132,
      228,
      128,
      251,
      138,
      202,
      231,
      36,
      32
    ],
    "27": [
      75,
      211,
      26,
      121,
      42,
      171,
      248,
      58,
      180,
      1,
      183,
      120,
      132,
      191,
      250,
      221,
      117,
      74,
      167,
      170,
      249,
      134,
      232,
      129,
      185,
      13,
      84,
      115,
      75,
      237,
      197,
      19
    ],
    "58": [
      84,
      95,
      226,
      233,
      179,
      36,
      117,
      55,
      54,
      6,
      240,
      37,
      184,
      86,
      224,
      95,
      242,
      43,
      44,
      48,
      54,
      190,
      199,
      178,
      108,
      128,
      110,
      48,
      30,
      49,
      222,
      90
    ]
  },
  "my_cert": [],
  "my_cert_key": [],
  "root_cert": []
}