{
  "net_map": {
    "37": "127.0.0.1:8537",
    "6": "127.0.0.1:8506",
    "33": "127.0.0.1:8533",
    "64": "127.0.0.1:9000",
    "2": "127.0.0.1:8502",
    "45": "127.0.0.1:8545",
    "14": "127.0.0.1:8514",
    "41": "127.0.0.1:8541",
    "10": "127.0.0.1:8510",
    "53": "127.0.0.1:8553",
    "22": "127.0.0.1:8522",
    "49": "127.0.0.1:8549",
    "18": "127.0.0.1:8518",
    "61": "127.0.0.1:8561",
    "30": "127.0.0.1:8530",
    "57": "127.0.0.1:8557",
    "26": "127.0.0.1:8526",
    "5": "127.0.0.1:8505",
    "36": "127.0.0.1:8536",
    "1": "127.0.0.1:8501",
    "32": "127.0.0.1:8532",
    "13": "127.0.0.1:8513",
    "44": "127.0.0.1:8544",
    "9": "127.0.0.1:8509",
    "40": "127.0.0.1:8540",
    "21": "127.0.0.1:8521",
    "52": "127.0.0.1:8552",
    "17": "127.0.0.1:8517",
    "48": "127.0.0.1:8548",
    "29": "127.0.0.1:8529",
    "60": "127.0.0.1:8560",
    "25": "127.0.0.1:8525",
    "56": "127.0.0.1:8556",
    "4": "127.0.0.1:8504",
    "39": "127.0.0.1:8539",
    "0": "127.0.0.1:8500",
    "35": "127.0.0.1:8535",
    "12": "127.0.0.1:8512",
    "47": "127.0.0.1:8547",
    "8": "127.0.0.1:8508",
    "43": "127.0.0.1:8543",
    "20": "127.0.0.1:8520",
    "55": "127.0.0.1:8555",
    "16": "127.0.0.1:8516",
    "51": "127.0.0.1:8551",
    "28": "127.0.0.1:8528",
    "63": "127.0.0.1:8563",
    "24": "127.0.0.1:8524",
    "59": "127.0.0.1:8559",
    "7": "127.0.0.1:8507",
    "38": "127.0.0.1:8538",
    "3": "127.0.0.1:8503",
    "34": "127.0.0.1:8534",
    "15": "127.0.0.1:8515",
    "46": "127.0.0.1:8546",
    "11": "127.0.0.1:8511",
    "42": "127.0.0.1:8542",
    "23": "127.0.0.1:8523",
    "54": "127.0.0.1:8554",
    "19": "127.0.0.1:8519",
    "50": "127.0.0.1:8550",
    "31": "127.0.0.1:8531",
    "62": "127.0.0.1:8562",
    "27": "127.0.0.1:8527",
    "58": "127.0.0.1:8558"
  },
  "delta": 100,
  "id": 52,
  "num_nodes": 64,
  "num_faults": 21,
  "block_size": 100,
  "client_port": 7052,
  "client_addr": "0.0.0.0:5000",
  "payload": 0,
  "prot_payload": "cc,/home/akhil/research/EEBA/libchatter/",
  "crypto_alg": "NOPKI",
  "pk_map": {},
  "secret_key_bytes": [],
  "sk_map": {
    "37": [
      222,
      182,
      56,
      180,
      107,
      228,
      68,
      177,
      58,
      229,
      184,
      178,
      46,
      35,
      42,
      92,
      60,
      86,
      97,
      182,
      229,
      144,
      90,
      178,
      127,
      149,
      185,
      5,
      78,
      180,
      87,
      43
    ],
    "6": [
      1,
      29,
      57,
      239,
      140,
      44,
      121,
      127,
      62,
      208,
      94,
      192,
      252,
      202,
      165,
      107,
      115,
      170,
      185,
      222,
      4,
      63,
      210,
      68,
      175,
      163,
      156,
      242,
      55,
      70,
      171,
      52
    ],
    "33": [
      147,
      151,
      128,
      28,
      46,
      163,
      187,
      142,
      235,
      120,
      32,
      181,
      122,
      38,
      133,
      220,
      48,
      226,
      136,
      217,
      7,
      165,
      118,
      117,
      81,
      103,
      51,
      210,
      98,
      21,
      200,
      181
    ],
    "2": [
      34,
      120,
      188,
      2,
      130,
      211,
      49,
      203,
      43,
      176,
      207,
      38,
      87,
      191,
      200,
      175,
      95,
      87,
      131,
      142,
      179,
      161,
      232,
      111,
      8,
      154,
      69,
      101,
      199,
      40,
      96,
      142
    ],
    "45": [
      229,
      212,
      9,
      169,
      114,
      7,
      240,
      221,
      137,
      189,
      63,
      90,
      69,
      222,
      144,
      221,
      182,
      187,
      181,
      37,
      188,
      255,
      229,
      89,
      118,
      87,
      37,
      136,
      13,
      8,
      31,
      199
    ],
    "14": [
      100,
      151,
      24,
      200,
      213,
      71,
      235,
      88,
      165,
      139,
      113,
      220,
      202,
      33,
      132,
      180,
      38,
      135,
      249,
      250,
      18,
      167,
      237,
      107,
      87,
      255,
      160,
      195,
      248,
      27,
      93,
      205
    ],
    "41": [
      105,
      34,
      147,
      30,
      214,
      175,
      181,
      231,
      237,
      22,
      16,
      24,
      73,
      226,
      65,
      55,
      36,
      23,
      59,
      242,
      194,
      199,
      114,
      48,
      151,
      164,
      192,
      80,
      57,
      24,
      245,
      75
    ],
    "10": [
      126,
      64,
      213,
      134,
      201,
      42,
      206,
      159,
      92,
      132,
      218,
      167,
      170,
      94,
      151,
      182,
      2,
      250,
      121,
      193,
      231,
      110,
      15,
      105,
      147,
      184,
      91,
      16,
      178,
      20,
      159,
      252
    ],
    "53": [
      97,
      78,
      149,
      194,
      159,
      152,
      185,
      10,
      105,
      241,
      112,
      239,
      95,
      250,
      86,
      31,
      159,
      220,
      215,
      27,
      36,
      174,
      228,
      141,
      69,
      147,
      218,
      213,
      75,
      36,
      6,
      35
    ],
    "22": [
      249,
      113,
      219,
      156,
      74,
      19,
      44,
      171,
      109,
      129,
      84,
      120,
      238,
      90,
      184,
      49,
      103,
      187,
      70,
      151,
      158,
      134,
      1,
      192,
      172,
      238,
      13,
      21,
      53,
      108,
      183,
      49
    ],
    "49": [
      191,
      197,
      183,
      137,
      223,
      203,
      50,
      65,
      82,
      186,
      170,
      251,
      180,
      112,
      70,
      93,
      132,
      50,
      185,
      249,
      244,
      91,
      227,
      150,
      125,
      226,
      253,
      79,
      34,
      2,
      209,
      51
    ],
    "18": [
      141,
      133,
      137,
      18,
      37,
      151,
      46,
      131,
      121,
      70,
      28,
      208,
      190,
      222,
      148,
      0,
      49,
      202,
      17,
      25,
      185,
      191,
      138,
      139,
      110,
      38,
      189,
      155,
      138,
      116,
      43,
      151
    ],
    "61": [
      245,
      72,
      180,
      30,
      77,
      11,
      91,
      18,
      2,
      159,
      244,
      216,
      10,
      236,
      95,
      161,
      40,
      189,
      85,
      158,
      232,
      23,
      139,
      225,
      17,
      7,
      87,
      6,
      179,
      18,
      136,
      149
    ],
    "30": [
      252,
      12,
      115,
      160,
      126,
      222,
      245,
      45,
      37,
      46,
      101,
      35,
      51,
      238,
      237,
      131,
      15,
      113,
      76,
      11,
      214,
      102,
      169,
      27,
      92,
      130,
      171,
      59,
      24,
      172,
      73,
      224
    ],
    "57": [
      96,
      55,
      19,
      132,
      24,
      212,
      156,
      165,
      149,
      246,
      161,
      144,
      26,
      105,
      44,
      163,
      46,
      159,
      13,
      77,
      70,
      93,
      35,
      236,
      32,
      151,
      103,
      76,
      10,
      105,
      129,
      252
    ],
    "26": [
      169,
      59,
      252,
      90,
      252,
      92,
      180,
      254,
      213,
      237,
      173,
      196,
      115,
      41,
      247,
      188,
      143,
      179,
      15,
      202,
      161,
      2,
      214,
      145,
      136,
      184,
      242,
      21,
      144,
      2,
      213,
      69
    ],
    "5": [
      92,
      81,
      221,
      31,
      30,
      180,
      72,
      246,
      107,
      94,
      203,
      32,
      164,
      155,
      21,
      147,
      162,
      241,
      209,
      202,
      34,
      125,
      117,
      100,
      27,
      149,
      188,
      148,
      204,
      223,
      160,
      236
    ],
    "36": [
      246,
      232,
      83,
      187,
      99,
      80,
      59,
      109,
      230,
      39,
      242,
      157,
      82,
      179,
      86,
      16,
      139,
      55,
      134,
      17,
      25,
      182,
      212,
      195,
      56,
      222,
      106,
      188,
      221,
      87,
      90,
      81
    ],
    "1": [
      179,
      6,
      94,
      177,
      55,
      154,
      253,
      205,
      221,
      108,
      57,
      159,
      253,
      156,
      70,
      162,
      157,
      15,
      213,
      160,
      191,
      45,
      119,
      120,
      130,
      65,
      74,
      176,
      24,
      192,
      186,
      124
    ],
    "32": [
      35,
      4,
      165,
      113,
      175,
      8,
      140,
      99,
      232,
      2,
      212,
      183,
      99,
      138,
      21,
      20,
      191,
      86,
      141,
      164,
      76,
      114,
      91,
      57,
      213,
      182,
      78,
      128,
      104,
      5,
      180,
      107
    ],
    "13": [
      181,
      133,
      207,
      85,
      227,
      79,
      245,
      194,
      66,
      46,
      109,
      19,
      191,
      63,
      196,
      145,
      65,
      56,
      224,
      244,
      2,
      23,
      74,
      123,
      90,
      70,
      95,
      14,
      239,
      238,
      26,
      212
    ],
    "44": [
      128,
      172,
      46,
      15,
      206,
      182,
      181,
      198,
      125,
      98,
      156,
      64,
      46,
      213,
      233,
      32,
      104,
      0,
      15,
      249,
      133,
      67,
      46,
      148,
      199,
      230,
      110,
      125,
      71,
      6,
      74,
      30
    ],
    "9": [
      29,
      207,
      243,
      68,
      15,
      234,
      161,
      120,
      190,
      52,
      197,
      157,
      67,
      71,
      6,
      207,
      133,
      167,
      239,
      54,
      47,
      90,
      98,
      253,
      171,
      5,
      147,
      81,
      153,
      168,
      211,
      37
    ],
    "40": [
      186,
      178,
      44,
      133,
      115,
      39,
      209,
      249,
      177,
      138,
      81,
      82,
      35,
      57,
      62,
      108,
      254,
      160,
      241,
      136,
      144,
      166,
      154,
      128,
      201,
      76,
      37,
      25,
      66,
      8,
      39,
      149
    ],
    "21": [
      174,
      160,
      60,
      103,
      106,
      168,
      188,
      201,
      111,
      62,
      136,
      105,
      181,
      252,
      201,
      18,
      189,
      46,
      34,
      241,
      46,
      101,
      73,
      132,
      154,
      245,
      142,
      83,
      162,
      60,
      227,
      215
    ],
    "52": [
      196,
      200,
      159,
      193,
      222,
      1,
      119,
      123,
      208,
      204,
      118,
      150,
      231,
      154,
      121,
      137,
      30,
      16,
      10,
      151,
      243,
      46,
      94,
      98,
      187,
      37,
      31,
      110,
      59,
      112,
      251,
      107
    ],
    "17": [
      119,
      159,
      74,
      144,
      64,
      151,
      89,
      151,
      145,
      89,
      23,
      235,
      107,
      183,
      58,
      222,
      77,
      35,
      123,
      144,
      3,
      169,
      70,
      159,
      220,
      37,
      219,
      253,
      148,
      193,
      10,
      50
    ],
    "48": [
      41,
      187,
      88,
      143,
      32,
      100,
      186,
      17,
      187,
      170,
      223,
      37,
      11,
      18,
      47,
      153,
      164,
      33,
      235,
      17,
      7,
      138,
      93,
      75,
      192,
      125,
      98,
      44,
      149,
      57,
      5,
      211
    ],
    "29": [
      102,
      69,
      175,
      29,
      166,
      91,
      206,
      113,
      206,
      121,
      57,
      159,
      164,
      145,
      71,
      228,
      226,
      171,
      58,
      228,
      21,
      164,
      17,
      64,
      144,
      197,
      207,
      181,
      88,
      254,
      199,
      105
    ],
    "60": [
      252,
      199,
      219,
      158,
      226,
      155,
      110,
      198,
      193,
      96,
      244,
      166,
      82,
      22,
      136,
      223,
      206,
      229,
      81,
      138,
      42,
      6,
      241,
      228,
      139,
      103,
      167,
      235,
      52,
      160,
      142,
      20
    ],
    "25": [
      115,
      94,
      94,
      160,
      219,
      211,
      219,
      110,
      185,
      42,
      187,
      179,
      179,
      13,
      171,
      248,
      255,
      62,
      70,
      175,
      37,
      73,
      173,
      88,
      140,
      57,
      208,
      131,
      56,
      88,
      121,
      47
    ],
    "56": [
      62,
      212,
      109,
      167,
      132,
      62,
      182,
      29,
      198,
      87,
      66,
      30,
      200,
      159,
      180,
      205,
      4,
      84,
      238,
      180,
      255,
      10,
      243,
      170,
      3,
      120,
      187,
      121,
      202,
      80,
      151,
      127
    ],
    "4": [
      55,
      177,
      208,
      170,
      148,
      46,
      252,
      37,
      171,
      229,
      207,
      76,
      206,
      234,
      230,
      50,
      43,
      8,
      100,
      171,
      77,
      16,
      26,
      124,
      235,
      45,
      222,
      105,
      97,
      66,
      151,
      148
    ],
    "39": [
      151,
      225,
      96,
      177,
      248,
      243,
      39,
      205,
      203,
      244,
      235,
      28,
      136,
      249,
      66,
      20,
      3,
      127,
      41,
      34,
      22,
      168,
      74,
      25,
      195,
      66,
      84,
      70,
      156,
      16,
      11,
      101
    ],
    "0": [
      203,
      37,
      192,
      131,
      32,
      120,
      214,
      32,
      193,
      159,
      115,
      49,
      143,
      87,
      66,
      254,
      219,
      134,
      85,
      37,
      104,
      253,
      147,
      139,
      125,
      137,
      142,
      14,
      128,
      24,
      15,
      218
    ],
    "35": [
      59,
      66,
      57,
      225,
      206,
      25,
      217,
      76,
      193,
      237,
      98,
      170,
      21,
      4,
      139,
      42,
      101,
      153,
      130,
      240,
      207,
      168,
      3,
      3,
      15,
      162,
      140,
      76,
      151,
      166,
      150,
      77
    ],
    "12": [
      229,
      78,
      247,
      228,
      46,
      206,
      149,
      181,
      161,
      157,
      23,
      250,
      36,
      207,
      221,
      218,
      65,
      26,
      156,
      210,
      181,
      50,
      234,
      44,
      185,
      198,
      130,
      86,
      119,
      163,
      123,
      58
    ],
    "47": [
      225,
      2,
      216,
      107,
      212,
      153,
      10,
      253,
      139,
      10,
      239,
      70,
      28,
      227,
      250,
      118,
      32,
      45,
      227,
      100,
      198,
      188,
      112,
      61,
      118,
      159,
      112,
      14,
      72,
      185,
      173,
      35
    ],
    "8": [
      143,
      212,
      139,
      12,
      197,
      166,
      5,
      113,
      188,
      74,
      170,
      36,
      129,
      192,
      146,
      245,
      131,
      14,
      192,
      228,
      145,
      97,
      139,
      89,
      185,
      105,
      94,
      233,
      75,
      212,
      6,
      62
    ],
    "43": [
      223,
      192,
      84,
      9,
      45,
      144,
      173,
      232,
      176,
      27,
      20,
      154,
      60,
      105,
      129,
      157,
      145,
      41,
      12,
      11,
      32,
      211,
      178,
      100,
      211,
      97,
      153,
      185,
      97,
      202,
      187,
      224
    ],
    "20": [
      249,
      2,
      123,
      132,
      99,
      69,
      17,
      154,
      176,
      141,
      224,
      171,
      113,
      78,
      45,
      113,
      81,
      28,
      85,
      237,
      182,
      232,
      107,
      228,
      139,
      193,
      70,
      197,
      31,
      155,
      69,
      188
    ],
    "55": [
      206,
      181,
      243,
      235,
      85,
      109,
      144,
      137,
      65,
      173,
      26,
      227,
      129,
      165,
      195,
      19,
      142,
      127,
      177,
      198,
      144,
      111,
      240,
      240,
      89,
      133,
      236,
      38,
      185,
      186,
      27,
      80
    ],
    "16": [
      80,
      39,
      178,
      13,
      227,
      78,
      42,
      130,
      53,
      196,
      52,
      12,
      149,
      188,
      164,
      251,
      118,
      106,
      201,
      25,
      96,
      92,
      35,
      194,
      179,
      189,
      91,
      156,
      254,
      128,
      206,
      27
    ],
    "51": [
      136,
      85,
      225,
      119,
      53,
      32,
      202,
      208,
      197,
      131,
      197,
      154,
      247,
      123,
      3,
      155,
      232,
      76,
      87,
      140,
      135,
      172,
      89,
      226,
      27,
      254,
      70,
      83,
      129,
      29,
      76,
      93
    ],
    "28": [
      96,
      253,
      154,
      162,
      8,
      113,
      144,
      147,
      73,
      140,
      151,
      245,
      43,
      64,
      223,
      63,
      138,
      153,
      128,
      119,
      139,
      139,
      23,
      30,
      236,
      16,
      221,
      108,
      253,
      141,
      94,
      103
    ],
    "63": [
      18,
      250,
      81,
      217,
      22,
      24,
      4,
      81,
      101,
      253,
      99,
      14,
      209,
      3,
      37,
      99,
      114,
      170,
      245,
      251,
      19,
      141,
      120,
      36,
      46,
      177,
      63,
      111,
      22,
      85,
      190,
      35
    ],
    "24": [
      210,
      125,
      240,
      62,
      105,
      253,
      71,
      44,
      166,
      239,
      13,
      108,
      117,
      157,
      35,
      225,
      231,
      123,
      158,
      222,
      174,
      203,
      67,
      29,
      11,
      95,
      192,
      122,
      100,
      36,
      243,
      138
    ],
    "59": [
      80,
      249,
      46,
      113,
      59,
      154,
      209,
      97,
      64,
      180,
      38,
      85,
      220,
      152,
      159,
      92,
      164,
      223,
      226,
      148,
      68,
      219,
      174,
      65,
      138,
      219,
      160,
      65,
      201,
      164,
      238,
      180
    ],
    "7": [
      211,
      12,
      113,
      39,
      52,
      101,
      165,
      236,
      70,
      133,
      10,
      75,
      69,
      63,
      26,
      32,
      238,
      44,
      40,
      223,
      107,
      137,
      145,
      197,
      144,
      1,
      107,
      153,
      209,
      162,
      254,
      64
    ],
    "38": [
      199,
      243,
      244,
      151,
      27,
      194,
      208,
      6,
      250,
      111,
      171,
      159,
      170,
      173,
      139,
      177,
      23,
      108,
      216,
      159,
      79,
      148,
      83,
      74,
      146,
      105,
      25,
      117,
      110,
      72,
      10,
      43
    ],
    "3": [
      63,
      75,
      138,
      119,
      192,
      27,
      168,
      101,
      63,
      110,
      180,
      60,
      236,
      137,
      39,
      48,
      56,
      145,
      104,
      98,
      84,
      126,
      184,
      140,
      227,
      189,
      171,
      40,
      10,
      58,
      192,
      236
    ],
    "34": [
      38,
      108,
      84,
      150,
      59,
      249,
      198,
      226,
      222,
      243,
      140,
      222,
      191,
      223,
      74,
      90,
      98,
      38,
      126,
      252,
      216,
      224,
      177,
      206,
      247,
      75,
      3,
      229,
      22,
      119,
      237,
      183
    ],
    "15": [
      71,
      133,
      79,
      246,
      224,
      50,
      137,
      199,
      43,
      33,
      18,
      211,
      55,
      123,
      115,
      33,
      188,
      180,
      166,
      120,
      49,
      1,
      254,
      53,
      50,
      40,
      23,
      143,
      71,
      227,
      249,
      157
    ],
    "46": [
      2,
      180,
      225,
      155,
      165,
      3,
      243,
      185,
      10,
      138,
      109,
      94,
      8,
      197,
      145,
      30,
      127,
      2,
      0,
      148,
      4,
      90,
      57,
      111,
      95,
      31,
      131,
      206,
      234,
      52,
      208,
      161
    ],
    "11": [
      104,
      255,
      123,
      83,
      20,
      34,
      152,
      152,
      61,
      12,
      104,
      238,
      69,
      9,
      173,
      185,
      187,
      133,
      50,
      103,
      204,
      242,
      223,
      25,
      173,
      188,
      109,
      247,
      64,
      235,
      219,
      161
    ],
    "42": [
      161,
      195,
      53,
      99,
      30,
      187,
      188,
      157,
      50,
      248,
      52,
      243,
      167,
      108,
      98,
      64,
      60,
      1,
      69,
      129,
      121,
      19,
      226,
      73,
      150,
      67,
      244,
      250,
      39,
      54,
      221,
      44
    ],
    "23": [
      154,
      132,
      99,
      12,
      165,
      252,
      213,
      125,
      12,
      157,
      60,
      142,
      102,
      135,
      19,
      60,
      224,
      13,
      151,
      177,
      184,
      242,
      40,
      86,
      47,
      96,
      165,
      247,
      169,
      221,
      168,
      45
    ],
    "54": [
      215,
      152,
      217,
      127,
      191,
      27,
      126,
      183,
      67,
      202,
      189,
      84,
      224,
      249,
      240,
      140,
      152,
      161,
      84,
      27,
      166,
      21,
      110,
      42,
      34,
      241,
      229,
      235,
      208,
      146,
      124,
      76
    ],
    "19": [
      20,
      156,
      189,
      104,
      20,
      49,
      96,
      18,
      106,
      46,
      188,
      35,
      124,
      242,
      59,
      195,
      249,
      219,
      19,
      48,
      100,
      79,
      24,
      23,
      30,
      246,
      119,
      113,
      155,
      96,
      179,
      5
    ],
    "50": [
      250,
      27,
      222,
      49,
      66,
      31,
      100,
      127,
      58,
      224,
      225,
      59,
      57,
      127,
      9,
      26,
      92,
      84,
      55,
      243,
      59,
      3,
      4,
      149,
      209,
      72,
      231,
      83,
      208,
      112,
      206,
      240
    ],
    "31": [
      25,
      206,
      135,
      46,
      150,
      226,
      136,
      238,
      232,
      80,
      182,
      107,
      127,
      114,
      18,
      221,
      23,
      222,
      131,
      139,
      184,
      200,
      190,
      84,
      103,
      223,
      52,
      254,
      48,
      43,
      244,
      140
    ],
    "62": [
      171,
      120,
      164,
      20,
      10,
      252,
      182,
      148,
      66,
      59,
      100,
      122,
      160,
      113,
      233,
      196,
      123,
      61,
      18,
      212,
      80,
      216,
      176,
      23,
      224,
      21,
      231,
      229,
      227,
      74,
      29,
      219
    ],
    "27": [
      227,
      1,
      36,
      87,
      171,
      188,
      47,
      253,
      135,
      79,
      117,
      49,
      239,
      228,
      181,
      236,
      44,
      111,
      193,
      213,
      225,
      119,
      246,
      247,
      194,
      59,
      166,
      35,
      249,
      90,
      172,
      109
    ],
    "58": [
      68,
      133,
      122,
      115,
      13,
      116,
      223,
      108,
      78,
      156,
      111,
      61,
      39,
      184,
      103,
      237,
      248,
      29,
      243,
      241,
      238,
      158,
      83,
      173,
      229,
      178,
      148,
      255,
      245,
      60,
      159,
      223
    ]
  },
  "my_cert": [],
  "my_cert_key": [],
  "root_cert": []
}