{
  "net_map": {
    "37": "127.0.0.1:8537",
    "6": "127.0.0.1:8506",
    "33": "127.0.0.1:8533",
    "64": "127.0.0.1:9000",
    "2": "127.0.0.1:8502",
    "45": "127.0.0.1:8545",
    "14": "127.0.0.1:8514",
    "41": "127.0.0.1:8541",
    "10": "127.0.0.1:8510",
    "53": "127.0.0.1:8553",
    "22": "127.0.0.1:8522",
    "49": "127.0.0.1:8549",
    "18": "127.0.0.1:8518",
    "61": "127.0.0.1:8561",
    "30": "127.0.0.1:8530",
    "57": "127.0.0.1:8557",
    "26": "127.0.0.1:8526",
    "5": "127.0.0.1:8505",
    "36": "127.0.0.1:8536",
    "1": "127.0.0.1:8501",
    "32": "127.0.0.1:8532",
    "13": "127.0.0.1:8513",
    "44": "127.0.0.1:8544",
    "9": "127.0.0.1:8509",
    "40": "127.0.0.1:8540",
    "21": "127.0.0.1:8521",
    "52": "127.0.0.1:8552",
    "17": "127.0.0.1:8517",
    "48": "127.0.0.1:8548",
    "29": "127.0.0.1:8529",
    "60": "127.0.0.1:8560",
    "25": "127.0.0.1:8525",
    "56": "127.0.0.1:8556",
    "4": "127.0.0.1:8504",
    "39": "127.0.0.1:8539",
    "0": "127.0.0.1:8500",
    "35": "127.0.0.1:8535",
    "12": "127.0.0.1:8512",
    "47": "127.0.0.1:8547",
    "8": "127.0.0.1:8508",
    "43": "127.0.0.1:8543",
    "20": "127.0.0.1:8520",
    "55": "127.0.0.1:8555",
    "16": "127.0.0.1:8516",
    "51": "127.0.0.1:8551",
    "28": "127.0.0.1:8528",
    "63": "127.0.0.1:8563",
    "24": "127.0.0.1:8524",
    "59": "127.0.0.1:8559",
    "7": "127.0.0.1:8507",
    "38": "127.0.0.1:8538",
    "3": "127.0.0.1:8503",
    "34": "127.0.0.1:8534",
    "15": "127.0.0.1:8515",
    "46": "127.0.0.1:8546",
    "11": "127.0.0.1:8511",
    "42": "127.0.0.1:8542",
    "23": "127.0.0.1:8523",
    "54": "127.0.0.1:8554",
    "19": "127.0.0.1:8519",
    "50": "127.0.0.1:8550",
    "31": "127.0.0.1:8531",
    "62": "127.0.0.1:8562",
    "27": "127.0.0.1:8527",
    "58": "127.0.0.1:8558"
  },
  "delta": 100,
  "id": 17,
  "num_nodes": 64,
  "num_faults": 21,
  "block_size": 100,
  "client_port": 7017,
  "client_addr": "0.0.0.0:5000",
  "payload": 0,
  "prot_payload": "cc,/home/akhil/research/EEBA/libchatter/",
  "crypto_alg": "NOPKI",
  "pk_map": {},
  "secret_key_bytes": [],
  "sk_map": {
    "37": [
      210,
      181,
      23,
      131,
      160,
      113,
      33,
      27,
      140,
      152,
      207,
      255,
      222,
      27,
      115,
      57,
      10,
      125,
      235,
      204,
      13,
      100,
      106,
      96,
      94,
      7,
      177,
      57,
      67,
      18,
      104,
      232
    ],
    "6": [
      234,
      141,
      89,
      111,
      222,
      94,
      195,
      136,
      254,
      68,
      117,
      182,
      2,
      184,
      237,
      61,
      139,
      247,
      244,
      138,
      44,
      229,
      78,
      156,
      54,
      86,
      168,
      205,
      157,
      46,
      231,
      116
    ],
    "33": [
      198,
      249,
      119,
      46,
      8,
      224,
      28,
      84,
      123,
      96,
      20,
      220,
      165,
      88,
      71,
      224,
      233,
      42,
      163,
      222,
      77,
      6,
      220,
      172,
      247,
      120,
      241,
      170,
      245,
      177,
      29,
      78
    ],
    "2": [
      10,
      248,
      9,
      45,
      31,
      153,
      43,
      119,
      217,
      175,
      6,
      47,
      115,
      175,
      113,
      165,
      74,
      48,
      208,
      61,
      93,
      106,
      124,
      72,
      223,
      132,
      118,
      145,
      230,
      100,
      27,
      20
    ],
    "45": [
      170,
      91,
      171,
      46,
      214,
      144,
      171,
      59,
      133,
      189,
      90,
      171,
      0,
      102,
      213,
      127,
      237,
      135,
      152,
      194,
      210,
      122,
      92,
      37,
      249,
      176,
      151,
      250,
      210,
      22,
      232,
      184
    ],
    "14": [
      137,
      129,
      53,
      49,
      240,
      189,
      212,
      59,
      188,
      12,
      121,
      47,
      11,
      92,
      116,
      190,
      191,
      230,
      142,
      75,
      138,
      193,
      186,
      100,
      196,
      188,
      53,
      40,
      169,
      107,
      189,
      154
    ],
    "41": [
      146,
      211,
      220,
      74,
      58,
      1,
      199,
      39,
      231,
      100,
      189,
      85,
      228,
      35,
      16,
      233,
      44,
      213,
      60,
      43,
      243,
      25,
      8,
      180,
      136,
      40,
      71,
      175,
      20,
      68,
      66,
      32
    ],
    "10": [
      253,
      172,
      1,
      166,
      58,
      219,
      111,
      44,
      48,
      26,
      177,
      249,
      92,
      96,
      93,
      202,
      127,
      72,
      176,
      9,
      80,
      133,
      106,
      168,
      154,
      243,
      14,
      248,
      125,
      73,
      114,
      1
    ],
    "53": [
      10,
      147,
      168,
      13,
      28,
      58,
      192,
      111,
      34,
      12,
      74,
      13,
      132,
      253,
      33,
      169,
      39,
      32,
      109,
      180,
      186,
      64,
      252,
      246,
      229,
      152,
      5,
      50,
      210,
      246,
      36,
      84
    ],
    "22": [
      199,
      143,
      156,
      74,
      110,
      116,
      44,
      169,
      200,
      157,
      82,
      117,
      39,
      113,
      174,
      249,
      6,
      183,
      7,
      195,
      77,
      78,
      47,
      134,
      63,
      148,
      54,
      194,
      89,
      123,
      174,
      19
    ],
    "49": [
      175,
      204,
      232,
      7,
      189,
      252,
      123,
      11,
      80,
      62,
      149,
      106,
      28,
      118,
      158,
      167,
      2,
      110,
      126,
      182,
      222,
      119,
      82,
      145,
      227,
      196,
      10,
      138,
      85,
      211,
      253,
      190
    ],
    "18": [
      17,
      247,
      124,
      248,
      171,
      103,
      133,
      120,
      117,
      142,
      224,
      47,
      209,
      58,
      195,
      148,
      158,
      19,
      131,
      174,
      51,
      147,
      126,
      47,
      229,
      190,
      98,
      131,
      68,
      84,
      75,
      44
    ],
    "61": [
      191,
      91,
      244,
      49,
      219,
      10,
      198,
      245,
      189,
      203,
      233,
      158,
      131,
      93,
      248,
      197,
      109,
      44,
      65,
      199,
      169,
      142,
      120,
      119,
      172,
      251,
      123,
      221,
      170,
      83,
      132,
      154
    ],
    "30": [
      220,
      196,
      38,
      165,
      29,
      156,
      68,
      206,
      137,
      213,
      7,
      26,
      149,
      96,
      228,
      129,
      53,
      151,
      144,
      244,
      52,
      198,
      0,
      71,
      191,
      163,
      222,
      190,
      63,
      157,
      248,
      253
    ],
    "57": [
      216,
      94,
      109,
      233,
      73,
      22,
      253,
      8,
      73,
      38,
      192,
      22,
      229,
      189,
      208,
      127,
      215,
      181,
      17,
      188,
      9,
      12,
      11,
      60,
      95,
      116,
      151,
      95,
      105,
      55,
      103,
      20
    ],
    "26": [
      217,
      19,
      109,
      103,
      201,
      159,
      15,
      174,
      214,
      144,
      43,
      197,
      168,
      112,
      194,
      219,
      5,
      167,
      222,
      232,
      63,
      70,
      254,
      159,
      68,
      214,
      23,
      110,
      194,
      135,
      4,
      179
    ],
    "5": [
      47,
      162,
      89,
      42,
      102,
      61,
      212,
      180,
      45,
      113,
      33,
      172,
      149,
      12,
      37,
      14,
      135,
      32,
      175,
      233,
      118,
      144,
      8,
      241,
      29,
      165,
      199,
      87,
      99,
      203,
      43,
      50
    ],
    "36": [
      220,
      3,
      59,
      167,
      247,
      9,
      6,
      167,
      141,
      160,
      79,
      25,
      101,
      55,
      150,
      159,
      3,
      178,
      14,
      96,
      120,
      40,
      78,
      249,
      99,
      184,
      213,
      78,
      148,
      46,
      175,
      57
    ],
    "1": [
      15,
      112,
      102,
      159,
      84,
      61,
      193,
      13,
      75,
      11,
      55,
      31,
      52,
      235,
      84,
      128,
      201,
      19,
      90,
      232,
      71,
      127,
      203,
      155,
      24,
      83,
      30,
      144,
      197,
      149,
      185,
      75
    ],
    "32": [
      33,
      70,
      161,
      79,
      152,
      88,
      166,
      206,
      88,
      34,
      238,
      168,
      114,
      208,
      219,
      148,
      217,
      249,
      181,
      243,
      51,
      251,
      155,
      32,
      247,
      248,
      241,
      200,
      119,
      139,
      184,
      163
    ],
    "13": [
      129,
      235,
      183,
      47,
      62,
      44,
      140,
      128,
      247,
      153,
      145,
      105,
      179,
      57,
      150,
      198,
      73,
      255,
      29,
      189,
      72,
      209,
      52,
      218,
      115,
      169,
      55,
      155,
      66,
      224,
      102,
      197
    ],
    "44": [
      156,
      125,
      60,
      72,
      78,
      181,
      150,
      219,
      211,
      143,
      76,
      25,
      72,
      192,
      64,
      144,
      46,
      201,
      182,
      196,
      43,
      127,
      106,
      185,
      161,
      198,
      100,
      77,
      69,
      233,
      100,
      14
    ],
    "9": [
      208,
      4,
      164,
      164,
      156,
      138,
      160,
      176,
      165,
      26,
      104,
      119,
      200,
      177,
      83,
      3,
      74,
      48,
      148,
      61,
      230,
      76,
      10,
      178,
      107,
      205,
      209,
      166,
      12,
      89,
      7,
      134
    ],
    "40": [
      82,
      67,
      41,
      159,
      197,
      127,
      67,
      7,
      147,
      94,
      143,
      121,
      59,
      50,
      218,
      30,
      42,
      217,
      180,
      42,
      74,
      117,
      39,
      124,
      151,
      120,
      191,
      40,
      202,
      102,
      250,
      224
    ],
    "21": [
      36,
      125,
      213,
      244,
      100,
      99,
      158,
      179,
      162,
      43,
      34,
      134,
      92,
      229,
      135,
      179,
      181,
      89,
      25,
      156,
      84,
      50,
      44,
      215,
      120,
      183,
      239,
      207,
      83,
      146,
      134,
      36
    ],
    "52": [
      119,
      159,
      74,
      144,
      64,
      151,
      89,
      151,
      145,
      89,
      23,
      235,
      107,
      183,
      58,
      222,
      77,
      35,
      123,
      144,
      3,
      169,
      70,
      159,
      220,
      37,
      219,
      253,
      148,
      193,
      10,
      50
    ],
    "17": [
      169,
      38,
      20,
      166,
      206,
      7,
      68,
      211,
      128,
      11,
      126,
      40,
      186,
      90,
      218,
      207,
      51,
      7,
      89,
      150,
      21,
      164,
      4,
      248,
      15,
      207,
      71,
      156,
      155,
      249,
      225,
      113
    ],
    "48": [
      68,
      241,
      22,
      0,
      194,
      110,
      153,
      234,
      178,
      165,
      252,
      203,
      67,
      120,
      49,
      7,
      245,
      145,
      130,
      105,
      135,
      36,
      224,
      188,
      234,
      28,
      138,
      172,
      230,
      98,
      181,
      251
    ],
    "29": [
      61,
      240,
      159,
      177,
      152,
      195,
      45,
      91,
      47,
      90,
      1,
      106,
      193,
      17,
      76,
      52,
      128,
      246,
      229,
      109,
      185,
      152,
      44,
      248,
      214,
      160,
      20,
      204,
      119,
      205,
      161,
      245
    ],
    "60": [
      171,
      13,
      94,
      60,
      194,
      178,
      103,
      151,
      24,
      198,
      175,
      173,
      221,
      86,
      224,
      231,
      221,
      219,
      133,
      12,
      147,
      65,
      53,
      225,
      62,
      214,
      29,
      90,
      134,
      214,
      174,
      229
    ],
    "25": [
      224,
      35,
      210,
      46,
      14,
      218,
      186,
      84,
      219,
      57,
      30,
      70,
      75,
      39,
      70,
      167,
      217,
      50,
      146,
      35,
      223,
      21,
      4,
      218,
      60,
      109,
      113,
      251,
      220,
      239,
      159,
      102
    ],
    "56": [
      119,
      246,
      241,
      119,
      156,
      255,
      254,
      238,
      43,
      175,
      238,
      106,
      221,
      178,
      197,
      187,
      35,
      150,
      63,
      1,
      141,
      47,
      196,
      229,
      121,
      174,
      87,
      160,
      174,
      62,
      251,
      63
    ],
    "4": [
      196,
      90,
      126,
      119,
      113,
      4,
      43,
      136,
      43,
      15,
      84,
      63,
      134,
      21,
      212,
      79,
      121,
      93,
      7,
      217,
      45,
      243,
      178,
      39,
      62,
      205,
      124,
      77,
      9,
      96,
      219,
      5
    ],
    "39": [
      246,
      190,
      57,
      242,
      195,
      224,
      235,
      27,
      82,
      243,
      23,
      66,
      17,
      218,
      137,
      156,
      9,
      54,
      252,
      90,
      24,
      200,
      198,
      83,
      13,
      250,
      94,
      87,
      217,
      29,
      113,
      187
    ],
    "0": [
      94,
      40,
      202,
      93,
      204,
      236,
      137,
      123,
      171,
      3,
      29,
      250,
      117,
      97,
      59,
      49,
      17,
      23,
      177,
      99,
      159,
      238,
      223,
      70,
      208,
      252,
      151,
      101,
      73,
      170,
      246,
      72
    ],
    "35": [
      198,
      161,
      139,
      12,
      217,
      127,
      161,
      133,
      249,
      35,
      77,
      117,
      225,
      52,
      21,
      188,
      140,
      32,
      118,
      214,
      77,
      49,
      40,
      234,
      12,
      7,
      104,
      230,
      251,
      23,
      33,
      238
    ],
    "12": [
      109,
      223,
      158,
      198,
      113,
      251,
      251,
      226,
      81,
      223,
      239,
      148,
      78,
      255,
      201,
      0,
      101,
      143,
      91,
      162,
      60,
      195,
      55,
      121,
      212,
      87,
      192,
      111,
      189,
      66,
      95,
      16
    ],
    "47": [
      200,
      209,
      108,
      123,
      11,
      76,
      225,
      144,
      197,
      241,
      118,
      91,
      168,
      108,
      223,
      107,
      213,
      206,
      64,
      47,
      51,
      76,
      188,
      205,
      16,
      168,
      211,
      35,
      241,
      156,
      193,
      131
    ],
    "8": [
      196,
      201,
      211,
      16,
      47,
      227,
      120,
      113,
      230,
      3,
      71,
      19,
      34,
      152,
      197,
      19,
      0,
      247,
      135,
      154,
      71,
      17,
      208,
      215,
      224,
      199,
      135,
      147,
      23,
      161,
      137,
      181
    ],
    "43": [
      227,
      200,
      220,
      76,
      111,
      29,
      197,
      75,
      213,
      91,
      57,
      26,
      198,
      176,
      254,
      131,
      211,
      35,
      51,
      26,
      50,
      133,
      103,
      41,
      185,
      74,
      80,
      134,
      197,
      1,
      58,
      251
    ],
    "20": [
      162,
      104,
      199,
      154,
      13,
      160,
      46,
      122,
      221,
      233,
      170,
      21,
      74,
      212,
      105,
      172,
      63,
      143,
      230,
      47,
      34,
      71,
      47,
      216,
      84,
      102,
      36,
      86,
      83,
      23,
      137,
      75
    ],
    "55": [
      19,
      30,
      70,
      136,
      23,
      55,
      233,
      190,
      53,
      123,
      190,
      93,
      130,
      41,
      34,
      52,
      221,
      177,
      73,
      160,
      6,
      246,
      139,
      98,
      251,
      244,
      252,
      8,
      218,
      179,
      218,
      122
    ],
    "16": [
      62,
      117,
      215,
      51,
      103,
      234,
      101,
      160,
      65,
      126,
      21,
      94,
      237,
      141,
      254,
      240,
      43,
      35,
      29,
      136,
      19,
      255,
      211,
      223,
      151,
      160,
      204,
      47,
      187,
      77,
      24,
      84
    ],
    "51": [
      173,
      72,
      127,
      251,
      138,
      41,
      161,
      14,
      20,
      122,
      125,
      134,
      215,
      188,
      158,
      185,
      129,
      1,
      98,
      132,
      4,
      234,
      199,
      59,
      192,
      188,
      92,
      242,
      193,
      188,
      6,
      43
    ],
    "28": [
      57,
      105,
      80,
      7,
      173,
      105,
      15,
      67,
      89,
      140,
      248,
      124,
      58,
      239,
      195,
      215,
      240,
      220,
      200,
      127,
      142,
      72,
      170,
      33,
      80,
      228,
      157,
      23,
      13,
      143,
      47,
      202
    ],
    "63": [
      71,
      98,
      137,
      33,
      102,
      191,
      115,
      76,
      250,
      231,
      173,
      27,
      46,
      74,
      208,
      189,
      22,
      98,
      76,
      24,
      197,
      162,
      181,
      188,
      31,
      141,
      153,
      120,
      196,
      16,
      36,
      58
    ],
    "24": [
      209,
      141,
      253,
      46,
      45,
      64,
      95,
      25,
      249,
      1,
      145,
      19,
      50,
      25,
      123,
      124,
      22,
      109,
      128,
      115,
      183,
      128,
      214,
      169,
      116,
      111,
      235,
      234,
      27,
      0,
      28,
      79
    ],
    "59": [
      19,
      171,
      176,
      79,
      91,
      96,
      24,
      71,
      155,
      88,
      92,
      139,
      86,
      104,
      133,
      206,
      52,
      209,
      236,
      220,
      29,
      212,
      237,
      49,
      127,
      83,
      72,
      119,
      181,
      218,
      52,
      31
    ],
    "7": [
      85,
      123,
      138,
      53,
      154,
      68,
      98,
      231,
      115,
      202,
      176,
      87,
      96,
      76,
      208,
      30,
      127,
      97,
      197,
      116,
      11,
      190,
      15,
      31,
      10,
      32,
      86,
      31,
      236,
      180,
      140,
      98
    ],
    "38": [
      146,
      46,
      68,
      59,
      130,
      129,
      173,
      134,
      179,
      172,
      121,
      204,
      17,
      88,
      113,
      202,
      176,
      71,
      39,
      9,
      193,
      76,
      8,
      130,
      163,
      131,
      157,
      31,
      192,
      233,
      32,
      142
    ],
    "3": [
      109,
      133,
      202,
      254,
      217,
      236,
      181,
      20,
      163,
      145,
      19,
      14,
      252,
      245,
      61,
      217,
      114,
      205,
      14,
      47,
      235,
      118,
      37,
      106,
      57,
      198,
      18,
      246,
      121,
      15,
      45,
      186
    ],
    "34": [
      155,
      44,
      14,
      236,
      107,
      251,
      145,
      231,
      169,
      232,
      252,
      127,
      182,
      191,
      151,
      229,
      250,
      102,
      226,
      80,
      20,
      59,
      200,
      94,
      184,
      180,
      110,
      155,
      222,
      133,
      227,
      90
    ],
    "15": [
      198,
      118,
      10,
      107,
      153,
      102,
      175,
      216,
      236,
      251,
      227,
      152,
      19,
      198,
      174,
      44,
      132,
      184,
      39,
      57,
      163,
      146,
      94,
      159,
      101,
      72,
      22,
      81,
      229,
      214,
      2,
      188
    ],
    "46": [
      63,
      181,
      56,
      124,
      17,
      196,
      79,
      240,
      235,
      118,
      36,
      25,
      216,
      31,
      237,
      164,
      133,
      52,
      35,
      59,
      131,
      73,
      136,
      163,
      123,
      105,
      156,
      253,
      42,
      119,
      87,
      207
    ],
    "11": [
      169,
      232,
      160,
      157,
      192,
      173,
      146,
      104,
      124,
      172,
      246,
      166,
      12,
      157,
      250,
      123,
      217,
      39,
      6,
      82,
      97,
      237,
      167,
      62,
      110,
      189,
      24,
      95,
      52,
      104,
      33,
      39
    ],
    "42": [
      166,
      146,
      165,
      239,
      210,
      21,
      217,
      89,
      105,
      186,
      93,
      198,
      187,
      48,
      25,
      242,
      138,
      79,
      14,
      42,
      215,
      179,
      4,
      246,
      148,
      125,
      180,
      240,
      94,
      62,
      196,
      250
    ],
    "23": [
      34,
      253,
      87,
      82,
      19,
      131,
      6,
      134,
      43,
      114,
      35,
      46,
      130,
      17,
      212,
      240,
      144,
      42,
      133,
      173,
      74,
      15,
      117,
      108,
      207,
      238,
      195,
      136,
      228,
      128,
      207,
      25
    ],
    "54": [
      148,
      176,
      251,
      115,
      39,
      254,
      249,
      58,
      34,
      166,
      236,
      71,
      143,
      173,
      233,
      212,
      134,
      8,
      238,
      186,
      190,
      138,
      60,
      213,
      26,
      132,
      110,
      19,
      61,
      250,
      72,
      207
    ],
    "19": [
      250,
      19,
      44,
      253,
      77,
      226,
      131,
      11,
      70,
      174,
      50,
      51,
      9,
      99,
      240,
      149,
      222,
      170,
      223,
      38,
      29,
      164,
      186,
      192,
      63,
      164,
      254,
      212,
      124,
      26,
      74,
      12
    ],
    "50": [
      195,
      95,
      235,
      244,
      34,
      128,
      52,
      208,
      27,
      145,
      61,
      41,
      6,
      63,
      214,
      162,
      67,
      36,
      216,
      152,
      10,
      182,
      187,
      182,
      196,
      137,
      41,
      226,
      183,
      96,
      217,
      81
    ],
    "31": [
      124,
      30,
      223,
      222,
      42,
      14,
      37,
      78,
      222,
      193,
      236,
      159,
      16,
      196,
      46,
      138,
      37,
      51,
      6,
      110,
      162,
      11,
      174,
      216,
      177,
      125,
      162,
      80,
      92,
      81,
      207,
      187
    ],
    "62": [
      71,
      59,
      30,
      154,
      208,
      236,
      170,
      248,
      37,
      137,
      176,
      16,
      68,
      186,
      136,
      225,
      19,
      96,
      119,
      247,
      96,
      101,
      106,
      150,
      170,
      84,
      199,
      78,
      25,
      73,
      120,
      23
    ],
    "27": [
      120,
      222,
      226,
      56,
      76,
      153,
      61,
      213,
      191,
      7,
      240,
      228,
      201,
      253,
      191,
      149,
      42,
      212,
      32,
      78,
      215,
      102,
      117,
      174,
      74,
      241,
      18,
      238,
      5,
      193,
      128,
      119
    ],
    "58": [
      41,
      56,
      137,
      170,
      77,
      92,
      83,
      217,
      205,
      102,
      13,
      42,
      192,
      132,
      105,
      35,
      52,
      189,
      119,
      3,
      175,
      73,
      165,
      5,
      210,
      45,
      219,
      37,
      6,
      11,
      144,
      34
    ]
  },
  "my_cert": [],
  "my_cert_key": [],
  "root_cert": []
}