{
  "net_map": {
    "37": "127.0.0.1:8537",
    "6": "127.0.0.1:8506",
    "33": "127.0.0.1:8533",
    "64": "127.0.0.1:9000",
    "2": "127.0.0.1:8502",
    "45": "127.0.0.1:8545",
    "14": "127.0.0.1:8514",
    "41": "127.0.0.1:8541",
    "10": "127.0.0.1:8510",
    "53": "127.0.0.1:8553",
    "22": "127.0.0.1:8522",
    "49": "127.0.0.1:8549",
    "18": "127.0.0.1:8518",
    "61": "127.0.0.1:8561",
    "30": "127.0.0.1:8530",
    "57": "127.0.0.1:8557",
    "26": "127.0.0.1:8526",
    "5": "127.0.0.1:8505",
    "36": "127.0.0.1:8536",
    "1": "127.0.0.1:8501",
    "32": "127.0.0.1:8532",
    "13": "127.0.0.1:8513",
    "44": "127.0.0.1:8544",
    "9": "127.0.0.1:8509",
    "40": "127.0.0.1:8540",
    "21": "127.0.0.1:8521",
    "52": "127.0.0.1:8552",
    "17": "127.0.0.1:8517",
    "48": "127.0.0.1:8548",
    "29": "127.0.0.1:8529",
    "60": "127.0.0.1:8560",
    "25": "127.0.0.1:8525",
    "56": "127.0.0.1:8556",
    "4": "127.0.0.1:8504",
    "39": "127.0.0.1:8539",
    "0": "127.0.0.1:8500",
    "35": "127.0.0.1:8535",
    "12": "127.0.0.1:8512",
    "47": "127.0.0.1:8547",
    "8": "127.0.0.1:8508",
    "43": "127.0.0.1:8543",
    "20": "127.0.0.1:8520",
    "55": "127.0.0.1:8555",
    "16": "127.0.0.1:8516",
    "51": "127.0.0.1:8551",
    "28": "127.0.0.1:8528",
    "63": "127.0.0.1:8563",
    "24": "127.0.0.1:8524",
    "59": "127.0.0.1:8559",
    "7": "127.0.0.1:8507",
    "38": "127.0.0.1:8538",
    "3": "127.0.0.1:8503",
    "34": "127.0.0.1:8534",
    "15": "127.0.0.1:8515",
    "46": "127.0.0.1:8546",
    "11": "127.0.0.1:8511",
    "42": "127.0.0.1:8542",
    "23": "127.0.0.1:8523",
    "54": "127.0.0.1:8554",
    "19": "127.0.0.1:8519",
    "50": "127.0.0.1:8550",
    "31": "127.0.0.1:8531",
    "62": "127.0.0.1:8562",
    "27": "127.0.0.1:8527",
    "58": "127.0.0.1:8558"
  },
  "delta": 100,
  "id": 9,
  "num_nodes": 64,
  "num_faults": 21,
  "block_size": 100,
  "client_port": 7009,
  "client_addr": "0.0.0.0:5000",
  "payload": 0,
  "prot_payload": "cc,/home/akhil/research/EEBA/libchatter/",
  "crypto_alg": "NOPKI",
  "pk_map": {},
  "secret_key_bytes": [],
  "sk_map": {
    "37": [
      120,
      195,
      50,
      1,
      231,
      220,
      145,
      168,
      119,
      220,
      237,
      53,
      233,
      213,
      25,
      224,
      10,
      197,
      75,
      194,
      203,
      31,
      102,
      12,
      230,
      66,
      21,
      154,
      107,
      56,
      57,
      138
    ],
    "6": [
      178,
      205,
      222,
      115,
      221,
      210,
      12,
      168,
      87,
      87,
      186,
      254,
      19,
      103,
      238,
      57,
      41,
      168,
      45,
      82,
      255,
      145,
      230,
      93,
      108,
      225,
      79,
      118,
      150,
      248,
      165,
      18
    ],
    "33": [
      239,
      200,
      15,
      91,
      117,
      142,
      86,
      111,
      39,
      68,
      0,
      111,
      40,
      108,
      83,
      8,
      171,
      99,
      98,
      89,
      47,
      167,
      61,
      25,
      33,
      111,
      15,
      36,
      40,
      95,
      184,
      194
    ],
    "2": [
      180,
      244,
      152,
      246,
      34,
      237,
      156,
      201,
      170,
      129,
      139,
      254,
      61,
      135,
      103,
      76,
      49,
      154,
      172,
      174,
      244,
      89,
      56,
      243,
      91,
      248,
      176,
      220,
      18,
      216,
      141,
      61
    ],
    "45": [
      223,
      146,
      85,
      255,
      94,
      254,
      175,
      23,
      93,
      173,
      132,
      48,
      136,
      23,
      139,
      59,
      201,
      250,
      157,
      31,
      42,
      203,
      106,
      161,
      200,
      255,
      51,
      29,
      22,
      145,
      227,
      205
    ],
    "14": [
      244,
      142,
      226,
      236,
      136,
      89,
      156,
      200,
      27,
      16,
      53,
      231,
      93,
      23,
      118,
      126,
      129,
      45,
      51,
      240,
      16,
      246,
      86,
      33,
      86,
      0,
      222,
      88,
      10,
      7,
      219,
      235
    ],
    "41": [
      70,
      33,
      201,
      249,
      82,
      88,
      38,
      179,
      222,
      59,
      69,
      27,
      137,
      11,
      142,
      85,
      93,
      204,
      197,
      215,
      122,
      192,
      33,
      201,
      133,
      245,
      130,
      157,
      100,
      37,
      54,
      5
    ],
    "10": [
      227,
      213,
      114,
      187,
      5,
      99,
      201,
      46,
      126,
      243,
      45,
      112,
      195,
      4,
      71,
      252,
      20,
      154,
      50,
      23,
      49,
      183,
      75,
      136,
      73,
      193,
      218,
      218,
      83,
      63,
      71,
      172
    ],
    "53": [
      66,
      163,
      61,
      2,
      156,
      242,
      248,
      226,
      105,
      149,
      187,
      99,
      162,
      24,
      9,
      29,
      56,
      126,
      66,
      105,
      89,
      126,
      72,
      234,
      83,
      7,
      41,
      195,
      177,
      32,
      85,
      238
    ],
    "22": [
      87,
      41,
      153,
      25,
      100,
      8,
      54,
      111,
      249,
      189,
      10,
      160,
      33,
      42,
      132,
      87,
      238,
      45,
      109,
      7,
      180,
      159,
      242,
      142,
      255,
      211,
      114,
      216,
      140,
      215,
      200,
      108
    ],
    "49": [
      123,
      83,
      57,
      161,
      220,
      140,
      144,
      41,
      189,
      97,
      218,
      92,
      113,
      191,
      116,
      222,
      209,
      113,
      53,
      127,
      204,
      115,
      188,
      181,
      175,
      198,
      221,
      216,
      186,
      83,
      174,
      243
    ],
    "18": [
      127,
      62,
      246,
      97,
      240,
      237,
      122,
      115,
      141,
      233,
      50,
      92,
      200,
      156,
      74,
      55,
      154,
      45,
      151,
      41,
      107,
      75,
      127,
      231,
      56,
      132,
      60,
      100,
      186,
      198,
      134,
      108
    ],
    "61": [
      154,
      44,
      37,
      45,
      152,
      85,
      142,
      200,
      28,
      164,
      43,
      121,
      229,
      86,
      85,
      88,
      142,
      110,
      148,
      4,
      20,
      191,
      41,
      250,
      148,
      216,
      81,
      210,
      126,
      188,
      156,
      22
    ],
    "30": [
      84,
      171,
      95,
      125,
      64,
      131,
      227,
      31,
      153,
      116,
      234,
      30,
      22,
      120,
      97,
      55,
      147,
      37,
      140,
      227,
      161,
      109,
      164,
      174,
      153,
      58,
      252,
      10,
      218,
      205,
      106,
      161
    ],
    "57": [
      139,
      145,
      234,
      218,
      227,
      230,
      144,
      50,
      244,
      245,
      99,
      188,
      127,
      38,
      68,
      101,
      67,
      12,
      221,
      129,
      175,
      74,
      29,
      102,
      29,
      121,
      90,
      78,
      167,
      161,
      155,
      150
    ],
    "26": [
      180,
      248,
      105,
      127,
      56,
      57,
      89,
      26,
      98,
      172,
      169,
      83,
      246,
      48,
      175,
      82,
      186,
      247,
      106,
      178,
      124,
      22,
      140,
      232,
      40,
      237,
      74,
      63,
      97,
      78,
      154,
      153
    ],
    "5": [
      4,
      121,
      155,
      212,
      231,
      133,
      125,
      138,
      102,
      102,
      191,
      235,
      204,
      129,
      223,
      191,
      208,
      18,
      109,
      26,
      250,
      122,
      208,
      74,
      119,
      220,
      35,
      60,
      230,
      214,
      195,
      119
    ],
    "36": [
      8,
      237,
      126,
      237,
      147,
      209,
      107,
      73,
      31,
      5,
      90,
      83,
      154,
      199,
      15,
      180,
      63,
      219,
      241,
      70,
      49,
      160,
      74,
      59,
      39,
      173,
      56,
      0,
      109,
      58,
      222,
      101
    ],
    "1": [
      79,
      200,
      112,
      110,
      78,
      7,
      168,
      6,
      138,
      127,
      102,
      89,
      199,
      194,
      250,
      210,
      133,
      79,
      42,
      254,
      56,
      128,
      234,
      99,
      140,
      50,
      189,
      96,
      232,
      5,
      86,
      6
    ],
    "32": [
      221,
      190,
      113,
      237,
      26,
      175,
      201,
      24,
      245,
      112,
      182,
      177,
      159,
      125,
      150,
      36,
      58,
      90,
      20,
      244,
      4,
      33,
      149,
      20,
      218,
      78,
      123,
      130,
      72,
      98,
      173,
      105
    ],
    "13": [
      170,
      52,
      179,
      203,
      90,
      110,
      1,
      115,
      47,
      193,
      101,
      57,
      136,
      208,
      196,
      250,
      155,
      184,
      253,
      114,
      227,
      212,
      31,
      208,
      132,
      18,
      226,
      167,
      67,
      151,
      84,
      105
    ],
    "44": [
      247,
      130,
      92,
      94,
      156,
      189,
      154,
      223,
      83,
      3,
      118,
      224,
      26,
      229,
      86,
      111,
      30,
      208,
      89,
      214,
      161,
      10,
      189,
      190,
      154,
      133,
      214,
      16,
      115,
      34,
      200,
      18
    ],
    "9": [
      14,
      10,
      74,
      104,
      220,
      12,
      218,
      70,
      106,
      135,
      3,
      39,
      255,
      55,
      187,
      23,
      157,
      180,
      73,
      70,
      33,
      2,
      225,
      232,
      106,
      189,
      212,
      245,
      240,
      230,
      51,
      91
    ],
    "40": [
      71,
      95,
      31,
      39,
      84,
      22,
      160,
      28,
      38,
      134,
      88,
      92,
      22,
      242,
      236,
      127,
      182,
      194,
      96,
      60,
      141,
      248,
      158,
      212,
      112,
      180,
      7,
      163,
      188,
      41,
      161,
      247
    ],
    "21": [
      74,
      68,
      212,
      145,
      147,
      249,
      163,
      147,
      217,
      187,
      168,
      211,
      186,
      119,
      36,
      95,
      179,
      143,
      49,
      194,
      95,
      28,
      252,
      252,
      72,
      4,
      139,
      168,
      71,
      37,
      205,
      124
    ],
    "52": [
      29,
      207,
      243,
      68,
      15,
      234,
      161,
      120,
      190,
      52,
      197,
      157,
      67,
      71,
      6,
      207,
      133,
      167,
      239,
      54,
      47,
      90,
      98,
      253,
      171,
      5,
      147,
      81,
      153,
      168,
      211,
      37
    ],
    "17": [
      208,
      4,
      164,
      164,
      156,
      138,
      160,
      176,
      165,
      26,
      104,
      119,
      200,
      177,
      83,
      3,
      74,
      48,
      148,
      61,
      230,
      76,
      10,
      178,
      107,
      205,
      209,
      166,
      12,
      89,
      7,
      134
    ],
    "48": [
      103,
      146,
      95,
      139,
      182,
      234,
      167,
      65,
      149,
      247,
      224,
      109,
      129,
      91,
      196,
      28,
      64,
      76,
      95,
      186,
      87,
      162,
      168,
      140,
      27,
      26,
      22,
      139,
      245,
      108,
      39,
      0
    ],
    "29": [
      188,
      59,
      244,
      204,
      1,
      61,
      24,
      111,
      223,
      166,
      248,
      157,
      142,
      178,
      148,
      195,
      164,
      127,
      238,
      249,
      213,
      149,
      10,
      225,
      62,
      125,
      83,
      142,
      162,
      96,
      227,
      100
    ],
    "60": [
      0,
      155,
      33,
      111,
      100,
      231,
      13,
      83,
      234,
      140,
      90,
      211,
      14,
      31,
      11,
      179,
      89,
      191,
      99,
      19,
      71,
      106,
      162,
      29,
      91,
      122,
      3,
      178,
      38,
      238,
      163,
      212
    ],
    "25": [
      46,
      126,
      58,
      122,
      88,
      227,
      5,
      149,
      167,
      139,
      221,
      217,
      216,
      80,
      14,
      225,
      140,
      61,
      252,
      176,
      36,
      230,
      165,
      6,
      12,
      5,
      33,
      126,
      78,
      165,
      110,
      42
    ],
    "56": [
      77,
      135,
      71,
      192,
      251,
      152,
      14,
      44,
      81,
      120,
      61,
      47,
      254,
      252,
      214,
      31,
      64,
      183,
      106,
      7,
      81,
      180,
      46,
      42,
      108,
      231,
      245,
      201,
      191,
      181,
      23,
      141
    ],
    "4": [
      198,
      177,
      197,
      146,
      16,
      120,
      237,
      41,
      28,
      130,
      4,
      29,
      146,
      122,
      222,
      15,
      237,
      167,
      9,
      176,
      141,
      7,
      81,
      94,
      8,
      39,
      193,
      229,
      252,
      31,
      14,
      112
    ],
    "39": [
      61,
      193,
      157,
      69,
      154,
      45,
      218,
      237,
      158,
      33,
      15,
      89,
      234,
      173,
      59,
      72,
      86,
      101,
      15,
      183,
      214,
      38,
      147,
      244,
      74,
      152,
      76,
      93,
      242,
      21,
      79,
      198
    ],
    "0": [
      43,
      81,
      109,
      0,
      110,
      122,
      137,
      130,
      231,
      82,
      173,
      201,
      38,
      151,
      172,
      105,
      21,
      23,
      71,
      248,
      201,
      103,
      142,
      59,
      251,
      140,
      221,
      209,
      57,
      103,
      243,
      195
    ],
    "35": [
      146,
      192,
      202,
      203,
      113,
      150,
      252,
      163,
      58,
      122,
      16,
      11,
      186,
      126,
      130,
      38,
      252,
      17,
      19,
      213,
      216,
      108,
      141,
      22,
      191,
      243,
      54,
      243,
      121,
      151,
      156,
      15
    ],
    "12": [
      200,
      2,
      18,
      76,
      226,
      111,
      88,
      244,
      239,
      135,
      246,
      37,
      252,
      193,
      177,
      80,
      206,
      120,
      83,
      144,
      198,
      30,
      37,
      205,
      188,
      134,
      210,
      44,
      191,
      133,
      17,
      113
    ],
    "47": [
      233,
      10,
      28,
      159,
      16,
      210,
      99,
      243,
      236,
      139,
      177,
      199,
      204,
      21,
      215,
      61,
      186,
      52,
      132,
      155,
      196,
      172,
      25,
      231,
      73,
      162,
      2,
      228,
      29,
      231,
      122,
      231
    ],
    "8": [
      108,
      232,
      115,
      48,
      186,
      229,
      200,
      12,
      203,
      245,
      47,
      83,
      57,
      20,
      122,
      157,
      229,
      94,
      166,
      65,
      76,
      111,
      184,
      120,
      210,
      210,
      27,
      198,
      171,
      40,
      20,
      143
    ],
    "43": [
      96,
      207,
      63,
      66,
      134,
      144,
      140,
      237,
      115,
      229,
      174,
      85,
      85,
      173,
      233,
      149,
      178,
      228,
      80,
      248,
      220,
      187,
      126,
      2,
      104,
      128,
      209,
      144,
      37,
      141,
      21,
      170
    ],
    "20": [
      194,
      93,
      163,
      90,
      190,
      41,
      209,
      136,
      109,
      252,
      139,
      243,
      235,
      136,
      156,
      231,
      189,
      110,
      244,
      99,
      124,
      220,
      243,
      166,
      162,
      204,
      58,
      233,
      107,
      73,
      191,
      213
    ],
    "55": [
      60,
      52,
      30,
      194,
      242,
      149,
      26,
      142,
      160,
      2,
      173,
      202,
      235,
      123,
      251,
      170,
      79,
      190,
      190,
      101,
      58,
      19,
      92,
      69,
      213,
      140,
      140,
      229,
      232,
      210,
      206,
      33
    ],
    "16": [
      240,
      128,
      70,
      239,
      254,
      254,
      7,
      207,
      41,
      196,
      71,
      108,
      137,
      144,
      167,
      207,
      67,
      122,
      154,
      248,
      217,
      67,
      165,
      251,
      125,
      192,
      156,
      209,
      99,
      153,
      39,
      147
    ],
    "51": [
      24,
      53,
      5,
      58,
      185,
      190,
      47,
      115,
      62,
      7,
      88,
      76,
      192,
      121,
      8,
      158,
      150,
      217,
      136,
      197,
      77,
      143,
      224,
      229,
      200,
      162,
      205,
      201,
      165,
      51,
      49,
      81
    ],
    "28": [
      190,
      101,
      23,
      173,
      217,
      130,
      253,
      44,
      110,
      130,
      216,
      217,
      209,
      39,
      231,
      134,
      45,
      175,
      18,
      152,
      61,
      129,
      39,
      38,
      54,
      165,
      3,
      193,
      141,
      204,
      237,
      168
    ],
    "63": [
      154,
      241,
      116,
      74,
      235,
      181,
      85,
      85,
      72,
      7,
      107,
      22,
      60,
      90,
      80,
      160,
      245,
      171,
      195,
      95,
      129,
      18,
      213,
      137,
      178,
      176,
      112,
      55,
      52,
      226,
      119,
      239
    ],
    "24": [
      182,
      108,
      115,
      224,
      99,
      218,
      202,
      174,
      83,
      185,
      176,
      211,
      79,
      44,
      222,
      57,
      164,
      183,
      30,
      202,
      143,
      235,
      65,
      138,
      117,
      250,
      91,
      3,
      247,
      251,
      65,
      225
    ],
    "59": [
      109,
      240,
      207,
      234,
      121,
      58,
      249,
      45,
      89,
      153,
      28,
      226,
      46,
      101,
      178,
      187,
      141,
      48,
      75,
      106,
      73,
      176,
      163,
      11,
      214,
      237,
      220,
      136,
      212,
      154,
      184,
      172
    ],
    "7": [
      111,
      145,
      227,
      68,
      28,
      49,
      81,
      22,
      184,
      216,
      87,
      237,
      133,
      178,
      182,
      205,
      29,
      5,
      23,
      206,
      25,
      212,
      247,
      120,
      101,
      7,
      140,
      232,
      95,
      244,
      198,
      151
    ],
    "38": [
      224,
      54,
      15,
      62,
      39,
      130,
      39,
      125,
      159,
      181,
      141,
      142,
      194,
      124,
      56,
      179,
      30,
      247,
      157,
      218,
      45,
      81,
      127,
      60,
      248,
      42,
      134,
      65,
      150,
      46,
      200,
      44
    ],
    "3": [
      74,
      228,
      240,
      186,
      36,
      116,
      187,
      240,
      137,
      32,
      221,
      2,
      91,
      251,
      0,
      50,
      36,
      165,
      185,
      14,
      142,
      128,
      89,
      39,
      72,
      104,
      124,
      197,
      190,
      233,
      11,
      114
    ],
    "34": [
      142,
      142,
      217,
      42,
      44,
      203,
      118,
      81,
      169,
      200,
      81,
      245,
      243,
      118,
      109,
      21,
      221,
      179,
      50,
      110,
      220,
      247,
      58,
      164,
      63,
      132,
      214,
      158,
      152,
      223,
      35,
      166
    ],
    "15": [
      73,
      213,
      145,
      253,
      81,
      152,
      10,
      29,
      239,
      78,
      243,
      133,
      94,
      236,
      213,
      80,
      158,
      42,
      81,
      26,
      207,
      157,
      236,
      230,
      35,
      52,
      132,
      18,
      30,
      9,
      152,
      99
    ],
    "46": [
      3,
      245,
      21,
      15,
      241,
      222,
      36,
      117,
      27,
      208,
      209,
      198,
      245,
      40,
      103,
      243,
      31,
      90,
      143,
      156,
      64,
      59,
      9,
      61,
      150,
      8,
      175,
      114,
      59,
      99,
      79,
      205
    ],
    "11": [
      255,
      185,
      132,
      7,
      29,
      61,
      68,
      45,
      179,
      61,
      123,
      220,
      211,
      198,
      121,
      177,
      206,
      40,
      145,
      240,
      80,
      32,
      145,
      202,
      74,
      26,
      84,
      7,
      232,
      203,
      155,
      12
    ],
    "42": [
      109,
      0,
      35,
      144,
      151,
      113,
      178,
      192,
      193,
      121,
      168,
      212,
      53,
      85,
      76,
      216,
      89,
      228,
      20,
      79,
      147,
      108,
      99,
      154,
      29,
      17,
      122,
      114,
      32,
      251,
      232,
      46
    ],
    "23": [
      13,
      184,
      29,
      227,
      63,
      48,
      73,
      211,
      108,
      195,
      112,
      192,
      6,
      14,
      44,
      202,
      102,
      128,
      105,
      118,
      2,
      1,
      202,
      122,
      228,
      139,
      174,
      172,
      175,
      238,
      232,
      183
    ],
    "54": [
      101,
      4,
      138,
      190,
      195,
      87,
      160,
      251,
      145,
      110,
      30,
      26,
      160,
      49,
      85,
      180,
      201,
      75,
      90,
      109,
      17,
      110,
      247,
      166,
      243,
      193,
      111,
      168,
      246,
      12,
      252,
      137
    ],
    "19": [
      132,
      40,
      176,
      168,
      34,
      118,
      27,
      141,
      229,
      7,
      117,
      171,
      216,
      123,
      191,
      188,
      69,
      206,
      125,
      197,
      246,
      64,
      154,
      233,
      177,
      173,
      145,
      112,
      141,
      109,
      127,
      95
    ],
    "50": [
      35,
      61,
      139,
      71,
      216,
      128,
      87,
      62,
      54,
      94,
      145,
      87,
      211,
      231,
      47,
      250,
      90,
      156,
      143,
      114,
      3,
      36,
      51,
      209,
      230,
      236,
      180,
      80,
      214,
      251,
      166,
      77
    ],
    "31": [
      11,
      127,
      2,
      113,
      127,
      151,
      193,
      25,
      248,
      145,
      166,
      115,
      148,
      235,
      233,
      226,
      94,
      164,
      34,
      10,
      69,
      57,
      180,
      8,
      243,
      201,
      113,
      65,
      138,
      186,
      58,
      252
    ],
    "62": [
      56,
      169,
      154,
      99,
      90,
      140,
      164,
      148,
      99,
      118,
      186,
      100,
      202,
      119,
      39,
      186,
      107,
      59,
      213,
      104,
      59,
      121,
      86,
      169,
      242,
      253,
      113,
      245,
      96,
      252,
      69,
      194
    ],
    "27": [
      160,
      31,
      69,
      73,
      227,
      79,
      59,
      96,
      116,
      174,
      218,
      172,
      2,
      98,
      44,
      190,
      94,
      143,
      246,
      227,
      197,
      16,
      179,
      242,
      229,
      110,
      7,
      165,
      243,
      186,
      244,
      196
    ],
    "58": [
      192,
      104,
      132,
      108,
      37,
      62,
      161,
      36,
      30,
      101,
      230,
      188,
      252,
      169,
      180,
      5,
      244,
      20,
      168,
      98,
      159,
      224,
      217,
      162,
      66,
      29,
      83,
      152,
      245,
      92,
      115,
      220
    ]
  },
  "my_cert": [],
  "my_cert_key": [],
  "root_cert": []
}