{
  "net_map": {
    "37": "127.0.0.1:8537",
    "6": "127.0.0.1:8506",
    "33": "127.0.0.1:8533",
    "64": "127.0.0.1:9000",
    "2": "127.0.0.1:8502",
    "45": "127.0.0.1:8545",
    "14": "127.0.0.1:8514",
    "41": "127.0.0.1:8541",
    "10": "127.0.0.1:8510",
    "53": "127.0.0.1:8553",
    "22": "127.0.0.1:8522",
    "49": "127.0.0.1:8549",
    "18": "127.0.0.1:8518",
    "61": "127.0.0.1:8561",
    "30": "127.0.0.1:8530",
    "57": "127.0.0.1:8557",
    "26": "127.0.0.1:8526",
    "5": "127.0.0.1:8505",
    "36": "127.0.0.1:8536",
    "1": "127.0.0.1:8501",
    "32": "127.0.0.1:8532",
    "13": "127.0.0.1:8513",
    "44": "127.0.0.1:8544",
    "9": "127.0.0.1:8509",
    "40": "127.0.0.1:8540",
    "21": "127.0.0.1:8521",
    "52": "127.0.0.1:8552",
    "17": "127.0.0.1:8517",
    "48": "127.0.0.1:8548",
    "29": "127.0.0.1:8529",
    "60": "127.0.0.1:8560",
    "25": "127.0.0.1:8525",
    "56": "127.0.0.1:8556",
    "4": "127.0.0.1:8504",
    "39": "127.0.0.1:8539",
    "0": "127.0.0.1:8500",
    "35": "127.0.0.1:8535",
    "12": "127.0.0.1:8512",
    "47": "127.0.0.1:8547",
    "8": "127.0.0.1:8508",
    "43": "127.0.0.1:8543",
    "20": "127.0.0.1:8520",
    "55": "127.0.0.1:8555",
    "16": "127.0.0.1:8516",
    "51": "127.0.0.1:8551",
    "28": "127.0.0.1:8528",
    "63": "127.0.0.1:8563",
    "24": "127.0.0.1:8524",
    "59": "127.0.0.1:8559",
    "7": "127.0.0.1:8507",
    "38": "127.0.0.1:8538",
    "3": "127.0.0.1:8503",
    "34": "127.0.0.1:8534",
    "15": "127.0.0.1:8515",
    "46": "127.0.0.1:8546",
    "11": "127.0.0.1:8511",
    "42": "127.0.0.1:8542",
    "23": "127.0.0.1:8523",
    "54": "127.0.0.1:8554",
    "19": "127.0.0.1:8519",
    "50": "127.0.0.1:8550",
    "31": "127.0.0.1:8531",
    "62": "127.0.0.1:8562",
    "27": "127.0.0.1:8527",
    "58": "127.0.0.1:8558"
  },
  "delta": 100,
  "id": 4,
  "num_nodes": 64,
  "num_faults": 21,
  "block_size": 100,
  "client_port": 7004,
  "client_addr": "0.0.0.0:5000",
  "payload": 0,
  "prot_payload": "cc,/home/akhil/research/EEBA/libchatter/",
  "crypto_alg": "NOPKI",
  "pk_map": {},
  "secret_key_bytes": [],
  "sk_map": {
    "37": [
      17,
      93,
      8,
      79,
      208,
      194,
      226,
      140,
      243,
      13,
      156,
      85,
      147,
      124,
      146,
      58,
      183,
      236,
      168,
      138,
      144,
      242,
      237,
      63,
      204,
      250,
      247,
      214,
      240,
      30,
      133,
      96
    ],
    "6": [
      208,
      165,
      138,
      50,
      186,
      245,
      184,
      217,
      176,
      35,
      234,
      39,
      215,
      208,
      60,
      76,
      152,
      67,
      235,
      171,
      167,
      214,
      130,
      165,
      16,
      112,
      208,
      135,
      226,
      167,
      195,
      168
    ],
    "33": [
      244,
      27,
      134,
      150,
      58,
      160,
      227,
      188,
      44,
      73,
      65,
      202,
      12,
      0,
      210,
      120,
      182,
      28,
      211,
      224,
      135,
      244,
      64,
      177,
      146,
      192,
      143,
      105,
      24,
      34,
      126,
      2
    ],
    "2": [
      124,
      198,
      41,
      205,
      184,
      146,
      205,
      124,
      151,
      215,
      79,
      166,
      194,
      55,
      91,
      179,
      153,
      35,
      149,
      195,
      14,
      23,
      46,
      162,
      190,
      236,
      15,
      29,
      113,
      155,
      124,
      255
    ],
    "45": [
      184,
      136,
      213,
      188,
      244,
      27,
      196,
      14,
      220,
      213,
      23,
      21,
      246,
      21,
      73,
      199,
      174,
      212,
      113,
      204,
      1,
      212,
      46,
      91,
      35,
      56,
      62,
      34,
      44,
      28,
      220,
      122
    ],
    "14": [
      242,
      161,
      135,
      186,
      6,
      230,
      117,
      15,
      43,
      84,
      187,
      42,
      28,
      146,
      85,
      203,
      117,
      5,
      65,
      179,
      234,
      43,
      252,
      227,
      67,
      227,
      26,
      99,
      133,
      67,
      87,
      82
    ],
    "41": [
      24,
      162,
      214,
      87,
      71,
      111,
      198,
      188,
      47,
      11,
      10,
      103,
      181,
      248,
      19,
      21,
      231,
      25,
      51,
      207,
      224,
      17,
      95,
      15,
      87,
      201,
      209,
      124,
      208,
      130,
      245,
      63
    ],
    "10": [
      106,
      139,
      136,
      142,
      249,
      11,
      139,
      194,
      147,
      122,
      210,
      92,
      91,
      238,
      30,
      162,
      33,
      18,
      108,
      162,
      65,
      46,
      100,
      39,
      15,
      182,
      254,
      131,
      113,
      218,
      70,
      20
    ],
    "53": [
      87,
      96,
      254,
      196,
      194,
      75,
      120,
      202,
      104,
      113,
      157,
      236,
      117,
      236,
      214,
      87,
      51,
      53,
      126,
      32,
      190,
      147,
      239,
      144,
      176,
      175,
      229,
      57,
      47,
      184,
      157,
      200
    ],
    "22": [
      32,
      240,
      43,
      182,
      174,
      77,
      142,
      79,
      0,
      211,
      137,
      154,
      112,
      150,
      12,
      249,
      176,
      143,
      137,
      43,
      36,
      195,
      153,
      62,
      29,
      107,
      132,
      123,
      124,
      227,
      252,
      180
    ],
    "49": [
      208,
      176,
      24,
      146,
      207,
      116,
      124,
      130,
      238,
      237,
      214,
      44,
      187,
      80,
      176,
      42,
      93,
      236,
      231,
      123,
      228,
      175,
      59,
      1,
      85,
      126,
      155,
      245,
      87,
      94,
      5,
      79
    ],
    "18": [
      93,
      76,
      39,
      103,
      130,
      168,
      43,
      158,
      130,
      203,
      240,
      136,
      9,
      142,
      179,
      164,
      139,
      4,
      157,
      75,
      124,
      25,
      213,
      116,
      152,
      158,
      236,
      175,
      115,
      28,
      28,
      222
    ],
    "61": [
      158,
      64,
      31,
      73,
      213,
      56,
      246,
      101,
      189,
      51,
      72,
      222,
      70,
      31,
      64,
      85,
      79,
      178,
      135,
      17,
      151,
      240,
      157,
      235,
      140,
      149,
      68,
      235,
      254,
      212,
      151,
      206
    ],
    "30": [
      72,
      180,
      111,
      51,
      65,
      53,
      231,
      194,
      124,
      253,
      2,
      10,
      94,
      178,
      198,
      140,
      38,
      213,
      123,
      151,
      97,
      32,
      174,
      43,
      13,
      114,
      206,
      110,
      168,
      80,
      204,
      136
    ],
    "57": [
      78,
      219,
      247,
      166,
      179,
      2,
      127,
      105,
      160,
      127,
      174,
      223,
      218,
      201,
      235,
      122,
      171,
      238,
      236,
      92,
      85,
      213,
      61,
      110,
      46,
      103,
      40,
      67,
      6,
      50,
      24,
      127
    ],
    "26": [
      131,
      53,
      36,
      123,
      215,
      130,
      206,
      69,
      162,
      108,
      168,
      182,
      38,
      234,
      89,
      234,
      71,
      244,
      17,
      60,
      31,
      10,
      167,
      147,
      26,
      74,
      75,
      35,
      97,
      104,
      247,
      156
    ],
    "5": [
      108,
      150,
      250,
      211,
      63,
      193,
      4,
      101,
      14,
      17,
      39,
      162,
      173,
      38,
      120,
      76,
      4,
      120,
      10,
      237,
      64,
      89,
      111,
      45,
      67,
      197,
      234,
      40,
      35,
      140,
      188,
      92
    ],
    "36": [
      188,
      230,
      169,
      231,
      128,
      235,
      251,
      236,
      141,
      103,
      251,
      245,
      164,
      161,
      80,
      223,
      209,
      118,
      182,
      53,
      17,
      6,
      19,
      32,
      18,
      244,
      246,
      82,
      95,
      20,
      78,
      134
    ],
    "1": [
      196,
      243,
      82,
      234,
      101,
      26,
      193,
      69,
      174,
      128,
      103,
      0,
      151,
      122,
      5,
      244,
      107,
      222,
      94,
      55,
      249,
      242,
      70,
      238,
      185,
      200,
      91,
      21,
      183,
      37,
      92,
      80
    ],
    "32": [
      43,
      29,
      88,
      80,
      212,
      153,
      59,
      163,
      214,
      12,
      228,
      138,
      91,
      97,
      196,
      76,
      138,
      124,
      35,
      41,
      242,
      129,
      126,
      247,
      174,
      190,
      223,
      177,
      107,
      227,
      39,
      97
    ],
    "13": [
      98,
      167,
      42,
      83,
      105,
      248,
      159,
      219,
      158,
      44,
      79,
      101,
      186,
      188,
      189,
      212,
      188,
      153,
      159,
      203,
      245,
      76,
      245,
      14,
      118,
      149,
      67,
      206,
      85,
      221,
      33,
      253
    ],
    "44": [
      215,
      121,
      159,
      73,
      232,
      50,
      225,
      16,
      180,
      83,
      23,
      220,
      71,
      151,
      149,
      140,
      154,
      175,
      184,
      128,
      212,
      195,
      154,
      181,
      144,
      255,
      155,
      82,
      152,
      203,
      253,
      129
    ],
    "9": [
      198,
      177,
      197,
      146,
      16,
      120,
      237,
      41,
      28,
      130,
      4,
      29,
      146,
      122,
      222,
      15,
      237,
      167,
      9,
      176,
      141,
      7,
      81,
      94,
      8,
      39,
      193,
      229,
      252,
      31,
      14,
      112
    ],
    "40": [
      197,
      75,
      34,
      130,
      159,
      228,
      252,
      253,
      123,
      119,
      187,
      167,
      98,
      212,
      247,
      252,
      235,
      39,
      196,
      6,
      235,
      180,
      171,
      74,
      184,
      206,
      172,
      157,
      70,
      121,
      165,
      234
    ],
    "21": [
      86,
      197,
      248,
      73,
      167,
      211,
      174,
      92,
      136,
      119,
      117,
      252,
      228,
      123,
      58,
      124,
      253,
      219,
      50,
      146,
      132,
      126,
      237,
      33,
      212,
      18,
      6,
      87,
      216,
      162,
      86,
      85
    ],
    "52": [
      55,
      177,
      208,
      170,
      148,
      46,
      252,
      37,
      171,
      229,
      207,
      76,
      206,
      234,
      230,
      50,
      43,
      8,
      100,
      171,
      77,
      16,
      26,
      124,
      235,
      45,
      222,
      105,
      97,
      66,
      151,
      148
    ],
    "17": [
      196,
      90,
      126,
      119,
      113,
      4,
      43,
      136,
      43,
      15,
      84,
      63,
      134,
      21,
      212,
      79,
      121,
      93,
      7,
      217,
      45,
      243,
      178,
      39,
      62,
      205,
      124,
      77,
      9,
      96,
      219,
      5
    ],
    "48": [
      240,
      217,
      7,
      152,
      225,
      71,
      205,
      159,
      100,
      53,
      174,
      201,
      59,
      0,
      136,
      95,
      55,
      140,
      48,
      10,
      51,
      147,
      50,
      106,
      39,
      71,
      141,
      211,
      118,
      252,
      144,
      110
    ],
    "29": [
      55,
      213,
      185,
      6,
      236,
      208,
      153,
      245,
      71,
      222,
      167,
      121,
      151,
      64,
      201,
      230,
      151,
      3,
      37,
      221,
      235,
      151,
      26,
      249,
      232,
      204,
      20,
      179,
      25,
      19,
      124,
      86
    ],
    "60": [
      13,
      193,
      248,
      133,
      253,
      170,
      250,
      77,
      9,
      74,
      162,
      207,
      101,
      141,
      31,
      167,
      18,
      134,
      69,
      117,
      251,
      81,
      60,
      220,
      77,
      104,
      125,
      77,
      141,
      201,
      28,
      107
    ],
    "25": [
      43,
      64,
      66,
      107,
      82,
      196,
      237,
      190,
      152,
      64,
      63,
      31,
      124,
      174,
      192,
      230,
      124,
      75,
      138,
      41,
      103,
      51,
      253,
      237,
      11,
      88,
      15,
      253,
      196,
      21,
      223,
      229
    ],
    "56": [
      3,
      117,
      90,
      105,
      84,
      170,
      7,
      183,
      44,
      143,
      50,
      23,
      243,
      127,
      138,
      21,
      145,
      84,
      154,
      22,
      166,
      24,
      66,
      190,
      239,
      245,
      228,
      151,
      250,
      56,
      164,
      197
    ],
    "4": [
      244,
      105,
      84,
      184,
      227,
      174,
      230,
      223,
      232,
      52,
      237,
      146,
      26,
      208,
      31,
      195,
      200,
      74,
      130,
      88,
      42,
      147,
      105,
      105,
      96,
      139,
      87,
      242,
      142,
      132,
      117,
      13
    ],
    "39": [
      44,
      86,
      94,
      191,
      84,
      24,
      52,
      83,
      249,
      35,
      237,
      135,
      33,
      64,
      203,
      11,
      166,
      196,
      123,
      59,
      13,
      202,
      50,
      30,
      90,
      154,
      187,
      133,
      18,
      28,
      134,
      3
    ],
    "0": [
      40,
      95,
      95,
      232,
      211,
      139,
      107,
      163,
      94,
      130,
      192,
      22,
      20,
      104,
      16,
      138,
      202,
      52,
      73,
      233,
      138,
      20,
      16,
      247,
      11,
      183,
      180,
      109,
      212,
      184,
      184,
      60
    ],
    "35": [
      235,
      174,
      180,
      182,
      26,
      94,
      76,
      230,
      131,
      176,
      16,
      122,
      6,
      14,
      113,
      234,
      199,
      176,
      45,
      71,
      157,
      30,
      63,
      109,
      89,
      185,
      25,
      252,
      172,
      193,
      189,
      145
    ],
    "12": [
      224,
      49,
      23,
      78,
      188,
      108,
      169,
      161,
      227,
      137,
      206,
      5,
      55,
      164,
      127,
      108,
      177,
      105,
      21,
      99,
      197,
      172,
      126,
      217,
      7,
      52,
      28,
      228,
      8,
      150,
      15,
      191
    ],
    "47": [
      181,
      91,
      220,
      185,
      143,
      44,
      186,
      149,
      243,
      170,
      28,
      184,
      67,
      51,
      199,
      195,
      194,
      251,
      241,
      242,
      230,
      87,
      219,
      162,
      66,
      177,
      192,
      209,
      55,
      38,
      91,
      8
    ],
    "8": [
      104,
      236,
      173,
      204,
      8,
      177,
      105,
      148,
      104,
      252,
      62,
      78,
      82,
      66,
      53,
      154,
      242,
      0,
      7,
      123,
      157,
      2,
      29,
      102,
      155,
      139,
      156,
      254,
      52,
      184,
      54,
      116
    ],
    "43": [
      165,
      53,
      31,
      101,
      213,
      169,
      104,
      194,
      194,
      80,
      180,
      65,
      141,
      248,
      106,
      46,
      168,
      110,
      119,
      199,
      73,
      4,
      107,
      218,
      141,
      196,
      228,
      245,
      17,
      15,
      180,
      169
    ],
    "20": [
      95,
      161,
      233,
      223,
      158,
      157,
      51,
      12,
      157,
      178,
      64,
      175,
      223,
      171,
      96,
      118,
      223,
      29,
      83,
      223,
      188,
      220,
      39,
      73,
      126,
      130,
      161,
      132,
      199,
      141,
      179,
      235
    ],
    "55": [
      231,
      102,
      188,
      226,
      20,
      243,
      60,
      61,
      223,
      196,
      86,
      49,
      236,
      164,
      245,
      43,
      80,
      134,
      188,
      171,
      181,
      116,
      56,
      76,
      239,
      76,
      97,
      66,
      94,
      163,
      70,
      147
    ],
    "16": [
      112,
      197,
      135,
      113,
      81,
      95,
      38,
      4,
      12,
      203,
      136,
      159,
      219,
      63,
      134,
      106,
      104,
      59,
      218,
      117,
      92,
      142,
      39,
      14,
      94,
      62,
      0,
      104,
      219,
      47,
      29,
      77
    ],
    "51": [
      53,
      200,
      206,
      39,
      77,
      202,
      111,
      71,
      223,
      1,
      201,
      52,
      85,
      255,
      199,
      44,
      108,
      83,
      196,
      196,
      145,
      30,
      161,
      66,
      2,
      156,
      160,
      70,
      240,
      220,
      222,
      203
    ],
    "28": [
      236,
      167,
      137,
      100,
      98,
      186,
      81,
      178,
      56,
      176,
      56,
      73,
      102,
      249,
      3,
      148,
      151,
      88,
      198,
      44,
      58,
      143,
      77,
      97,
      144,
      99,
      213,
      233,
      81,
      25,
      15,
      145
    ],
    "63": [
      250,
      113,
      60,
      124,
      144,
      119,
      197,
      0,
      146,
      132,
      96,
      213,
      29,
      251,
      181,
      120,
      85,
      24,
      117,
      155,
      13,
      5,
      82,
      46,
      160,
      198,
      105,
      61,
      163,
      142,
      197,
      26
    ],
    "24": [
      248,
      174,
      158,
      102,
      7,
      35,
      96,
      148,
      144,
      111,
      6,
      122,
      223,
      182,
      75,
      233,
      110,
      250,
      186,
      68,
      56,
      242,
      43,
      100,
      194,
      20,
      75,
      157,
      209,
      207,
      83,
      50
    ],
    "59": [
      71,
      145,
      246,
      50,
      134,
      106,
      164,
      4,
      255,
      18,
      219,
      154,
      152,
      122,
      220,
      146,
      42,
      139,
      46,
      108,
      183,
      251,
      249,
      184,
      103,
      225,
      186,
      45,
      40,
      88,
      32,
      168
    ],
    "7": [
      193,
      138,
      87,
      43,
      87,
      229,
      54,
      143,
      30,
      219,
      149,
      196,
      194,
      94,
      184,
      19,
      93,
      105,
      136,
      169,
      251,
      202,
      106,
      16,
      22,
      118,
      195,
      19,
      228,
      190,
      173,
      57
    ],
    "38": [
      190,
      150,
      152,
      187,
      36,
      88,
      148,
      228,
      103,
      197,
      165,
      70,
      221,
      182,
      40,
      3,
      142,
      96,
      254,
      147,
      67,
      87,
      246,
      160,
      133,
      224,
      111,
      138,
      241,
      0,
      2,
      187
    ],
    "3": [
      243,
      214,
      245,
      226,
      175,
      62,
      232,
      190,
      67,
      150,
      44,
      127,
      61,
      156,
      212,
      227,
      136,
      41,
      197,
      251,
      110,
      203,
      86,
      209,
      85,
      33,
      160,
      85,
      21,
      62,
      236,
      226
    ],
    "34": [
      86,
      33,
      113,
      147,
      19,
      83,
      86,
      198,
      2,
      65,
      160,
      123,
      184,
      242,
      236,
      149,
      170,
      184,
      77,
      188,
      77,
      251,
      154,
      0,
      231,
      35,
      253,
      255,
      238,
      224,
      18,
      46
    ],
    "15": [
      36,
      63,
      145,
      23,
      24,
      149,
      200,
      92,
      228,
      192,
      196,
      175,
      104,
      107,
      103,
      142,
      179,
      211,
      245,
      23,
      152,
      217,
      114,
      153,
      134,
      209,
      90,
      81,
      5,
      143,
      172,
      158
    ],
    "46": [
      109,
      162,
      215,
      79,
      183,
      144,
      167,
      250,
      74,
      186,
      78,
      61,
      133,
      67,
      247,
      77,
      47,
      229,
      167,
      188,
      92,
      15,
      113,
      91,
      77,
      130,
      94,
      145,
      26,
      207,
      3,
      86
    ],
    "11": [
      77,
      242,
      107,
      121,
      138,
      229,
      248,
      193,
      224,
      211,
      60,
      193,
      92,
      220,
      192,
      26,
      181,
      147,
      154,
      241,
      96,
      207,
      235,
      199,
      29,
      104,
      169,
      18,
      201,
      72,
      200,
      164
    ],
    "42": [
      48,
      75,
      1,
      119,
      62,
      27,
      244,
      195,
      166,
      82,
      166,
      54,
      175,
      240,
      68,
      240,
      46,
      47,
      232,
      168,
      104,
      153,
      118,
      88,
      34,
      249,
      103,
      9,
      219,
      215,
      215,
      154
    ],
    "23": [
      14,
      62,
      179,
      107,
      109,
      146,
      20,
      138,
      8,
      152,
      103,
      78,
      79,
      148,
      97,
      120,
      17,
      5,
      121,
      10,
      179,
      215,
      240,
      251,
      214,
      33,
      111,
      22,
      179,
      23,
      92,
      165
    ],
    "54": [
      199,
      247,
      208,
      103,
      146,
      193,
      107,
      235,
      139,
      209,
      75,
      230,
      144,
      209,
      157,
      141,
      146,
      149,
      54,
      220,
      67,
      80,
      169,
      198,
      71,
      247,
      246,
      166,
      161,
      35,
      132,
      236
    ],
    "19": [
      125,
      23,
      211,
      248,
      228,
      86,
      117,
      226,
      134,
      0,
      169,
      65,
      74,
      141,
      166,
      183,
      150,
      186,
      123,
      28,
      73,
      166,
      218,
      5,
      199,
      150,
      179,
      102,
      50,
      158,
      228,
      249
    ],
    "50": [
      57,
      26,
      5,
      21,
      159,
      215,
      89,
      79,
      213,
      2,
      38,
      88,
      54,
      236,
      61,
      255,
      235,
      31,
      76,
      29,
      139,
      236,
      37,
      110,
      143,
      193,
      170,
      8,
      28,
      228,
      110,
      189
    ],
    "31": [
      252,
      102,
      120,
      121,
      243,
      146,
      228,
      174,
      36,
      87,
      27,
      211,
      28,
      199,
      139,
      12,
      64,
      29,
      245,
      250,
      190,
      44,
      189,
      229,
      69,
      84,
      222,
      145,
      71,
      68,
      78,
      36
    ],
    "62": [
      104,
      142,
      200,
      202,
      102,
      178,
      214,
      161,
      117,
      7,
      217,
      103,
      155,
      130,
      238,
      148,
      186,
      220,
      158,
      43,
      39,
      121,
      236,
      168,
      237,
      2,
      251,
      90,
      11,
      161,
      201,
      14
    ],
    "27": [
      200,
      157,
      186,
      218,
      235,
      200,
      233,
      85,
      27,
      5,
      115,
      70,
      180,
      60,
      46,
      82,
      241,
      35,
      45,
      160,
      124,
      237,
      233,
      134,
      32,
      210,
      151,
      181,
      195,
      242,
      225,
      77
    ],
    "58": [
      11,
      11,
      75,
      1,
      44,
      18,
      16,
      145,
      242,
      5,
      92,
      109,
      163,
      107,
      218,
      112,
      6,
      95,
      221,
      48,
      157,
      109,
      17,
      122,
      184,
      40,
      142,
      177,
      86,
      86,
      166,
      173
    ]
  },
  "my_cert": [],
  "my_cert_key": [],
  "root_cert": []
}