{
  "net_map": {
    "37": "127.0.0.1:8537",
    "6": "127.0.0.1:8506",
    "33": "127.0.0.1:8533",
    "64": "127.0.0.1:9000",
    "2": "127.0.0.1:8502",
    "45": "127.0.0.1:8545",
    "14": "127.0.0.1:8514",
    "41": "127.0.0.1:8541",
    "10": "127.0.0.1:8510",
    "53": "127.0.0.1:8553",
    "22": "127.0.0.1:8522",
    "49": "127.0.0.1:8549",
    "18": "127.0.0.1:8518",
    "61": "127.0.0.1:8561",
    "30": "127.0.0.1:8530",
    "57": "127.0.0.1:8557",
    "26": "127.0.0.1:8526",
    "5": "127.0.0.1:8505",
    "36": "127.0.0.1:8536",
    "1": "127.0.0.1:8501",
    "32": "127.0.0.1:8532",
    "13": "127.0.0.1:8513",
    "44": "127.0.0.1:8544",
    "9": "127.0.0.1:8509",
    "40": "127.0.0.1:8540",
    "21": "127.0.0.1:8521",
    "52": "127.0.0.1:8552",
    "17": "127.0.0.1:8517",
    "48": "127.0.0.1:8548",
    "29": "127.0.0.1:8529",
    "60": "127.0.0.1:8560",
    "25": "127.0.0.1:8525",
    "56": "127.0.0.1:8556",
    "4": "127.0.0.1:8504",
    "39": "127.0.0.1:8539",
    "0": "127.0.0.1:8500",
    "35": "127.0.0.1:8535",
    "12": "127.0.0.1:8512",
    "47": "127.0.0.1:8547",
    "8": "127.0.0.1:8508",
    "43": "127.0.0.1:8543",
    "20": "127.0.0.1:8520",
    "55": "127.0.0.1:8555",
    "16": "127.0.0.1:8516",
    "51": "127.0.0.1:8551",
    "28": "127.0.0.1:8528",
    "63": "127.0.0.1:8563",
    "24": "127.0.0.1:8524",
    "59": "127.0.0.1:8559",
    "7": "127.0.0.1:8507",
    "38": "127.0.0.1:8538",
    "3": "127.0.0.1:8503",
    "34": "127.0.0.1:8534",
    "15": "127.0.0.1:8515",
    "46": "127.0.0.1:8546",
    "11": "127.0.0.1:8511",
    "42": "127.0.0.1:8542",
    "23": "127.0.0.1:8523",
    "54": "127.0.0.1:8554",
    "19": "127.0.0.1:8519",
    "50": "127.0.0.1:8550",
    "31": "127.0.0.1:8531",
    "62": "127.0.0.1:8562",
    "27": "127.0.0.1:8527",
    "58": "127.0.0.1:8558"
  },
  "delta": 100,
  "id": 23,
  "num_nodes": 64,
  "num_faults": 21,
  "block_size": 100,
  "client_port": 7023,
  "client_addr": "0.0.0.0:5000",
  "payload": 0,
  "prot_payload": "cc,/home/akhil/research/EEBA/libchatter/",
  "crypto_alg": "NOPKI",
  "pk_map": {},
  "secret_key_bytes": [],
  "sk_map": {
    "37": [
      63,
      27,
      187,
      228,
      125,
      198,
      0,
      76,
      71,
      32,
      241,
      181,
      107,
      254,
      95,
      119,
      218,
      206,
      103,
      74,
      230,
      141,
      143,
      70,
      2,
      86,
      237,
      23,
      21,
      0,
      77,
      51
    ],
    "6": [
      177,
      107,
      37,
      208,
      79,
      107,
      95,
      112,
      44,
      153,
      109,
      237,
      65,
      183,
      158,
      247,
      48,
      184,
      140,
      206,
      215,
      126,
      201,
      23,
      177,
      153,
      81,
      45,
      242,
      2,
      235,
      142
    ],
    "33": [
      193,
      18,
      208,
      141,
      148,
      166,
      161,
      214,
      171,
      120,
      97,
      29,
      197,
      218,
      100,
      191,
      228,
      127,
      152,
      6,
      146,
      208,
      152,
      16,
      5,
      33,
      210,
      234,
      192,
      62,
      12,
      111
    ],
    "2": [
      149,
      67,
      134,
      143,
      175,
      8,
      45,
      110,
      220,
      125,
      91,
      105,
      95,
      229,
      231,
      86,
      218,
      167,
      171,
      5,
      187,
      120,
      128,
      32,
      125,
      44,
      169,
      68,
      164,
      160,
      188,
      44
    ],
    "45": [
      141,
      56,
      126,
      71,
      103,
      212,
      9,
      10,
      163,
      140,
      232,
      214,
      80,
      105,
      168,
      15,
      62,
      238,
      7,
      166,
      167,
      53,
      231,
      94,
      112,
      31,
      157,
      105,
      88,
      148,
      44,
      130
    ],
    "14": [
      207,
      42,
      56,
      45,
      131,
      4,
      151,
      136,
      232,
      146,
      81,
      164,
      190,
      224,
      250,
      178,
      65,
      155,
      198,
      159,
      144,
      150,
      52,
      199,
      172,
      204,
      190,
      129,
      39,
      97,
      55,
      189
    ],
    "41": [
      85,
      36,
      179,
      100,
      110,
      150,
      210,
      34,
      6,
      164,
      123,
      219,
      242,
      14,
      109,
      134,
      78,
      207,
      76,
      166,
      202,
      141,
      72,
      119,
      101,
      224,
      209,
      57,
      32,
      227,
      157,
      189
    ],
    "10": [
      52,
      146,
      243,
      16,
      70,
      99,
      144,
      204,
      253,
      155,
      170,
      29,
      166,
      109,
      84,
      145,
      25,
      194,
      111,
      145,
      183,
      253,
      106,
      45,
      36,
      42,
      142,
      32,
      228,
      26,
      131,
      24
    ],
    "53": [
      29,
      209,
      54,
      132,
      100,
      253,
      229,
      235,
      72,
      136,
      66,
      22,
      201,
      12,
      2,
      175,
      4,
      219,
      55,
      201,
      214,
      12,
      30,
      248,
      76,
      79,
      92,
      238,
      166,
      248,
      63,
      78
    ],
    "22": [
      5,
      87,
      88,
      177,
      26,
      93,
      244,
      230,
      96,
      104,
      128,
      67,
      117,
      84,
      251,
      220,
      201,
      252,
      168,
      175,
      93,
      222,
      190,
      122,
      20,
      25,
      140,
      98,
      3,
      112,
      160,
      208
    ],
    "49": [
      44,
      233,
      233,
      29,
      67,
      234,
      170,
      141,
      8,
      90,
      218,
      51,
      118,
      82,
      200,
      128,
      2,
      52,
      35,
      208,
      106,
      207,
      105,
      150,
      150,
      254,
      113,
      215,
      22,
      186,
      149,
      248
    ],
    "18": [
      241,
      157,
      98,
      92,
      32,
      191,
      205,
      34,
      99,
      135,
      211,
      114,
      252,
      148,
      143,
      134,
      17,
      190,
      183,
      215,
      69,
      76,
      92,
      104,
      195,
      79,
      77,
      222,
      109,
      222,
      218,
      171
    ],
    "61": [
      235,
      93,
      147,
      160,
      46,
      106,
      175,
      185,
      236,
      239,
      139,
      39,
      208,
      238,
      118,
      249,
      44,
      70,
      163,
      134,
      91,
      155,
      116,
      237,
      137,
      33,
      99,
      211,
      53,
      196,
      250,
      16
    ],
    "30": [
      125,
      148,
      255,
      132,
      176,
      11,
      80,
      122,
      42,
      87,
      24,
      82,
      141,
      180,
      150,
      145,
      214,
      202,
      2,
      202,
      29,
      140,
      0,
      7,
      88,
      121,
      249,
      26,
      165,
      205,
      114,
      190
    ],
    "57": [
      6,
      138,
      185,
      187,
      147,
      217,
      12,
      68,
      101,
      19,
      124,
      79,
      69,
      166,
      4,
      29,
      8,
      87,
      31,
      74,
      135,
      185,
      38,
      153,
      35,
      88,
      115,
      221,
      92,
      145,
      107,
      225
    ],
    "26": [
      47,
      117,
      155,
      201,
      201,
      213,
      75,
      154,
      102,
      74,
      221,
      53,
      156,
      83,
      28,
      166,
      255,
      236,
      170,
      94,
      16,
      48,
      225,
      165,
      121,
      29,
      196,
      145,
      140,
      82,
      0,
      251
    ],
    "5": [
      160,
      155,
      132,
      23,
      198,
      4,
      46,
      245,
      190,
      54,
      31,
      27,
      20,
      26,
      207,
      180,
      131,
      22,
      44,
      247,
      244,
      115,
      60,
      82,
      17,
      103,
      134,
      30,
      244,
      206,
      213,
      130
    ],
    "36": [
      101,
      61,
      8,
      214,
      231,
      57,
      40,
      37,
      46,
      4,
      112,
      207,
      210,
      243,
      173,
      45,
      196,
      212,
      178,
      157,
      186,
      99,
      166,
      95,
      236,
      17,
      20,
      15,
      74,
      76,
      177,
      202
    ],
    "1": [
      69,
      106,
      189,
      104,
      141,
      43,
      195,
      203,
      228,
      13,
      122,
      42,
      231,
      123,
      78,
      114,
      204,
      137,
      89,
      77,
      35,
      107,
      12,
      18,
      248,
      54,
      76,
      185,
      146,
      16,
      131,
      252
    ],
    "32": [
      130,
      98,
      172,
      15,
      114,
      202,
      106,
      146,
      80,
      24,
      67,
      250,
      241,
      8,
      243,
      122,
      23,
      254,
      48,
      151,
      82,
      91,
      101,
      146,
      178,
      143,
      48,
      135,
      161,
      20,
      253,
      210
    ],
    "13": [
      62,
      120,
      216,
      184,
      201,
      169,
      129,
      1,
      152,
      74,
      125,
      44,
      44,
      81,
      218,
      103,
      103,
      141,
      44,
      8,
      99,
      102,
      249,
      26,
      4,
      67,
      4,
      42,
      7,
      42,
      152,
      69
    ],
    "44": [
      25,
      90,
      151,
      145,
      250,
      130,
      31,
      115,
      151,
      139,
      244,
      114,
      91,
      212,
      196,
      21,
      231,
      57,
      242,
      78,
      156,
      131,
      36,
      206,
      15,
      119,
      206,
      199,
      184,
      139,
      125,
      3
    ],
    "9": [
      13,
      184,
      29,
      227,
      63,
      48,
      73,
      211,
      108,
      195,
      112,
      192,
      6,
      14,
      44,
      202,
      102,
      128,
      105,
      118,
      2,
      1,
      202,
      122,
      228,
      139,
      174,
      172,
      175,
      238,
      232,
      183
    ],
    "40": [
      150,
      21,
      50,
      215,
      166,
      204,
      106,
      233,
      131,
      200,
      39,
      57,
      97,
      145,
      97,
      77,
      80,
      63,
      81,
      206,
      142,
      99,
      136,
      74,
      238,
      201,
      20,
      96,
      177,
      176,
      214,
      36
    ],
    "21": [
      176,
      88,
      131,
      81,
      125,
      220,
      48,
      144,
      132,
      146,
      96,
      139,
      240,
      223,
      155,
      3,
      110,
      167,
      192,
      15,
      69,
      11,
      7,
      206,
      105,
      19,
      211,
      74,
      114,
      4,
      76,
      83
    ],
    "52": [
      154,
      132,
      99,
      12,
      165,
      252,
      213,
      125,
      12,
      157,
      60,
      142,
      102,
      135,
      19,
      60,
      224,
      13,
      151,
      177,
      184,
      242,
      40,
      86,
      47,
      96,
      165,
      247,
      169,
      221,
      168,
      45
    ],
    "17": [
      34,
      253,
      87,
      82,
      19,
      131,
      6,
      134,
      43,
      114,
      35,
      46,
      130,
      17,
      212,
      240,
      144,
      42,
      133,
      173,
      74,
      15,
      117,
      108,
      207,
      238,
      195,
      136,
      228,
      128,
      207,
      25
    ],
    "48": [
      252,
      217,
      208,
      85,
      25,
      192,
      30,
      18,
      54,
      210,
      50,
      181,
      233,
      207,
      241,
      98,
      248,
      122,
      125,
      185,
      152,
      92,
      181,
      247,
      55,
      36,
      6,
      208,
      89,
      175,
      31,
      245
    ],
    "29": [
      72,
      63,
      142,
      219,
      71,
      70,
      3,
      212,
      75,
      125,
      95,
      240,
      71,
      33,
      241,
      111,
      162,
      152,
      83,
      89,
      222,
      158,
      188,
      207,
      120,
      161,
      116,
      169,
      246,
      125,
      241,
      59
    ],
    "60": [
      248,
      48,
      64,
      147,
      107,
      135,
      54,
      105,
      114,
      67,
      35,
      202,
      151,
      203,
      116,
      6,
      97,
      158,
      103,
      27,
      81,
      89,
      86,
      124,
      168,
      222,
      107,
      135,
      142,
      81,
      94,
      119
    ],
    "25": [
      58,
      85,
      226,
      179,
      46,
      35,
      248,
      81,
      199,
      189,
      96,
      215,
      143,
      127,
      0,
      178,
      45,
      129,
      131,
      170,
      105,
      40,
      126,
      64,
      119,
      62,
      68,
      5,
      26,
      172,
      145,
      15
    ],
    "56": [
      51,
      23,
      37,
      122,
      32,
      1,
      200,
      38,
      66,
      95,
      153,
      4,
      241,
      39,
      29,
      109,
      59,
      13,
      39,
      43,
      213,
      127,
      67,
      89,
      0,
      174,
      55,
      89,
      1,
      98,
      160,
      125
    ],
    "4": [
      14,
      62,
      179,
      107,
      109,
      146,
      20,
      138,
      8,
      152,
      103,
      78,
      79,
      148,
      97,
      120,
      17,
      5,
      121,
      10,
      179,
      215,
      240,
      251,
      214,
      33,
      111,
      22,
      179,
      23,
      92,
      165
    ],
    "39": [
      215,
      89,
      165,
      186,
      194,
      158,
      162,
      137,
      169,
      194,
      55,
      199,
      168,
      29,
      11,
      195,
      150,
      251,
      211,
      176,
      108,
      28,
      119,
      208,
      205,
      72,
      61,
      228,
      126,
      58,
      180,
      179
    ],
    "0": [
      247,
      75,
      214,
      129,
      153,
      96,
      171,
      37,
      38,
      150,
      229,
      161,
      253,
      188,
      220,
      156,
      112,
      23,
      182,
      242,
      150,
      245,
      206,
      180,
      146,
      184,
      251,
      108,
      219,
      190,
      101,
      15
    ],
    "35": [
      17,
      27,
      74,
      113,
      90,
      96,
      148,
      148,
      100,
      67,
      64,
      67,
      56,
      6,
      101,
      234,
      156,
      171,
      15,
      169,
      20,
      141,
      156,
      75,
      94,
      67,
      9,
      17,
      209,
      75,
      155,
      236
    ],
    "12": [
      83,
      217,
      140,
      115,
      148,
      139,
      111,
      162,
      30,
      61,
      52,
      6,
      175,
      72,
      33,
      45,
      105,
      86,
      118,
      224,
      50,
      84,
      179,
      242,
      158,
      1,
      97,
      127,
      208,
      92,
      201,
      91
    ],
    "47": [
      43,
      227,
      75,
      79,
      23,
      67,
      215,
      196,
      251,
      106,
      222,
      243,
      205,
      68,
      93,
      26,
      242,
      64,
      106,
      245,
      147,
      0,
      198,
      222,
      52,
      194,
      15,
      187,
      65,
      239,
      89,
      100
    ],
    "8": [
      222,
      110,
      95,
      9,
      164,
      29,
      122,
      196,
      160,
      6,
      80,
      65,
      220,
      36,
      34,
      130,
      229,
      128,
      229,
      82,
      36,
      40,
      157,
      242,
      202,
      78,
      129,
      29,
      169,
      57,
      120,
      209
    ],
    "43": [
      204,
      111,
      253,
      47,
      67,
      183,
      175,
      167,
      139,
      180,
      103,
      186,
      197,
      67,
      155,
      204,
      206,
      146,
      94,
      98,
      211,
      15,
      165,
      75,
      223,
      84,
      186,
      252,
      47,
      156,
      246,
      226
    ],
    "20": [
      14,
      136,
      221,
      196,
      114,
      194,
      138,
      133,
      0,
      96,
      46,
      90,
      57,
      185,
      4,
      142,
      201,
      64,
      137,
      77,
      170,
      226,
      44,
      153,
      213,
      55,
      149,
      63,
      217,
      28,
      84,
      192
    ],
    "55": [
      31,
      36,
      217,
      250,
      13,
      234,
      42,
      74,
      198,
      135,
      81,
      244,
      158,
      72,
      123,
      28,
      88,
      233,
      71,
      212,
      247,
      51,
      210,
      218,
      239,
      134,
      85,
      235,
      84,
      65,
      135,
      109
    ],
    "16": [
      100,
      108,
      185,
      243,
      190,
      42,
      99,
      231,
      51,
      17,
      148,
      238,
      35,
      180,
      243,
      27,
      48,
      159,
      181,
      219,
      75,
      210,
      202,
      233,
      136,
      203,
      102,
      206,
      97,
      5,
      177,
      53
    ],
    "51": [
      74,
      64,
      14,
      185,
      252,
      124,
      252,
      84,
      47,
      21,
      253,
      238,
      234,
      192,
      148,
      0,
      182,
      198,
      178,
      10,
      114,
      121,
      223,
      4,
      46,
      244,
      166,
      84,
      125,
      53,
      46,
      115
    ],
    "28": [
      163,
      26,
      51,
      197,
      119,
      77,
      148,
      8,
      123,
      242,
      17,
      19,
      205,
      82,
      8,
      62,
      52,
      184,
      127,
      96,
      60,
      57,
      191,
      196,
      44,
      203,
      18,
      86,
      224,
      47,
      2,
      158
    ],
    "63": [
      30,
      35,
      207,
      170,
      107,
      209,
      211,
      189,
      116,
      57,
      240,
      222,
      120,
      107,
      102,
      78,
      19,
      133,
      106,
      20,
      210,
      11,
      54,
      87,
      166,
      9,
      239,
      73,
      183,
      73,
      142,
      252
    ],
    "24": [
      157,
      214,
      95,
      149,
      198,
      125,
      196,
      17,
      41,
      180,
      94,
      174,
      96,
      247,
      201,
      203,
      226,
      131,
      135,
      170,
      138,
      47,
      15,
      185,
      232,
      216,
      154,
      193,
      254,
      10,
      245,
      2
    ],
    "59": [
      151,
      43,
      104,
      39,
      201,
      81,
      240,
      149,
      127,
      172,
      72,
      73,
      250,
      85,
      75,
      77,
      140,
      34,
      112,
      67,
      65,
      54,
      40,
      105,
      145,
      135,
      213,
      213,
      205,
      192,
      72,
      14
    ],
    "7": [
      15,
      132,
      18,
      85,
      101,
      18,
      76,
      53,
      17,
      222,
      76,
      232,
      5,
      192,
      21,
      119,
      111,
      220,
      76,
      194,
      234,
      133,
      209,
      142,
      74,
      123,
      108,
      21,
      222,
      148,
      137,
      165
    ],
    "38": [
      126,
      121,
      189,
      183,
      156,
      25,
      75,
      123,
      195,
      245,
      182,
      11,
      165,
      13,
      228,
      232,
      116,
      102,
      204,
      108,
      232,
      195,
      9,
      152,
      61,
      209,
      101,
      218,
      219,
      184,
      232,
      222
    ],
    "3": [
      208,
      83,
      161,
      214,
      71,
      220,
      144,
      123,
      110,
      251,
      18,
      236,
      102,
      193,
      250,
      62,
      229,
      88,
      110,
      7,
      42,
      223,
      218,
      100,
      211,
      128,
      130,
      164,
      197,
      60,
      16,
      238
    ],
    "34": [
      30,
      247,
      245,
      179,
      41,
      219,
      12,
      75,
      142,
      127,
      110,
      243,
      31,
      94,
      251,
      158,
      111,
      124,
      238,
      64,
      75,
      156,
      245,
      139,
      23,
      105,
      111,
      181,
      65,
      71,
      244,
      161
    ],
    "15": [
      60,
      79,
      179,
      141,
      94,
      25,
      211,
      163,
      28,
      162,
      20,
      0,
      83,
      250,
      133,
      227,
      195,
      145,
      11,
      130,
      50,
      163,
      69,
      33,
      138,
      102,
      151,
      164,
      65,
      195,
      35,
      70
    ],
    "46": [
      220,
      174,
      195,
      232,
      115,
      110,
      255,
      42,
      171,
      166,
      144,
      25,
      213,
      179,
      209,
      197,
      147,
      151,
      10,
      19,
      197,
      76,
      28,
      10,
      20,
      43,
      79,
      128,
      94,
      135,
      10,
      248
    ],
    "11": [
      140,
      177,
      77,
      134,
      115,
      27,
      249,
      246,
      212,
      58,
      129,
      194,
      162,
      69,
      238,
      176,
      150,
      85,
      201,
      188,
      155,
      172,
      243,
      167,
      69,
      229,
      65,
      194,
      215,
      225,
      146,
      14
    ],
    "42": [
      178,
      184,
      253,
      112,
      250,
      22,
      216,
      222,
      182,
      174,
      99,
      248,
      105,
      75,
      77,
      22,
      53,
      93,
      196,
      46,
      103,
      155,
      225,
      27,
      112,
      61,
      67,
      104,
      6,
      94,
      91,
      107
    ],
    "23": [
      214,
      24,
      109,
      153,
      206,
      71,
      191,
      109,
      44,
      41,
      41,
      226,
      252,
      175,
      44,
      245,
      35,
      119,
      49,
      188,
      167,
      200,
      226,
      70,
      40,
      88,
      235,
      193,
      236,
      194,
      183,
      46
    ],
    "54": [
      247,
      109,
      150,
      151,
      97,
      239,
      83,
      64,
      185,
      27,
      200,
      249,
      87,
      91,
      109,
      82,
      134,
      223,
      120,
      6,
      21,
      239,
      194,
      111,
      67,
      95,
      1,
      171,
      9,
      219,
      250,
      11
    ],
    "19": [
      131,
      194,
      51,
      57,
      19,
      230,
      198,
      85,
      212,
      209,
      23,
      181,
      32,
      180,
      215,
      47,
      241,
      104,
      195,
      196,
      124,
      157,
      51,
      123,
      143,
      141,
      97,
      185,
      118,
      196,
      91,
      241
    ],
    "50": [
      38,
      9,
      92,
      89,
      212,
      104,
      242,
      65,
      23,
      137,
      0,
      8,
      54,
      36,
      33,
      240,
      36,
      79,
      86,
      66,
      8,
      80,
      198,
      106,
      118,
      233,
      49,
      3,
      54,
      172,
      115,
      55
    ],
    "31": [
      78,
      115,
      227,
      121,
      104,
      228,
      160,
      13,
      3,
      132,
      121,
      105,
      48,
      187,
      80,
      45,
      194,
      5,
      199,
      47,
      168,
      76,
      53,
      52,
      243,
      184,
      80,
      98,
      58,
      229,
      255,
      129
    ],
    "62": [
      198,
      128,
      251,
      73,
      78,
      122,
      78,
      175,
      150,
      155,
      204,
      194,
      171,
      139,
      231,
      189,
      130,
      245,
      21,
      49,
      221,
      104,
      233,
      16,
      153,
      13,
      81,
      212,
      198,
      59,
      27,
      240
    ],
    "27": [
      138,
      174,
      69,
      83,
      176,
      92,
      104,
      87,
      245,
      190,
      247,
      184,
      1,
      191,
      246,
      109,
      62,
      171,
      35,
      80,
      163,
      155,
      134,
      22,
      21,
      228,
      249,
      211,
      76,
      58,
      162,
      60
    ],
    "58": [
      119,
      206,
      10,
      237,
      241,
      207,
      47,
      83,
      203,
      182,
      224,
      54,
      217,
      142,
      10,
      114,
      138,
      6,
      219,
      156,
      99,
      34,
      48,
      51,
      39,
      96,
      144,
      198,
      144,
      72,
      234,
      17
    ]
  },
  "my_cert": [],
  "my_cert_key": [],
  "root_cert": []
}