{
  "net_map": {
    "37": "127.0.0.1:8537",
    "6": "127.0.0.1:8506",
    "33": "127.0.0.1:8533",
    "64": "127.0.0.1:9000",
    "2": "127.0.0.1:8502",
    "45": "127.0.0.1:8545",
    "14": "127.0.0.1:8514",
    "41": "127.0.0.1:8541",
    "10": "127.0.0.1:8510",
    "53": "127.0.0.1:8553",
    "22": "127.0.0.1:8522",
    "49": "127.0.0.1:8549",
    "18": "127.0.0.1:8518",
    "61": "127.0.0.1:8561",
    "30": "127.0.0.1:8530",
    "57": "127.0.0.1:8557",
    "26": "127.0.0.1:8526",
    "5": "127.0.0.1:8505",
    "36": "127.0.0.1:8536",
    "1": "127.0.0.1:8501",
    "32": "127.0.0.1:8532",
    "13": "127.0.0.1:8513",
    "44": "127.0.0.1:8544",
    "9": "127.0.0.1:8509",
    "40": "127.0.0.1:8540",
    "21": "127.0.0.1:8521",
    "52": "127.0.0.1:8552",
    "17": "127.0.0.1:8517",
    "48": "127.0.0.1:8548",
    "29": "127.0.0.1:8529",
    "60": "127.0.0.1:8560",
    "25": "127.0.0.1:8525",
    "56": "127.0.0.1:8556",
    "4": "127.0.0.1:8504",
    "39": "127.0.0.1:8539",
    "0": "127.0.0.1:8500",
    "35": "127.0.0.1:8535",
    "12": "127.0.0.1:8512",
    "47": "127.0.0.1:8547",
    "8": "127.0.0.1:8508",
    "43": "127.0.0.1:8543",
    "20": "127.0.0.1:8520",
    "55": "127.0.0.1:8555",
    "16": "127.0.0.1:8516",
    "51": "127.0.0.1:8551",
    "28": "127.0.0.1:8528",
    "63": "127.0.0.1:8563",
    "24": "127.0.0.1:8524",
    "59": "127.0.0.1:8559",
    "7": "127.0.0.1:8507",
    "38": "127.0.0.1:8538",
    "3": "127.0.0.1:8503",
    "34": "127.0.0.1:8534",
    "15": "127.0.0.1:8515",
    "46": "127.0.0.1:8546",
    "11": "127.0.0.1:8511",
    "42": "127.0.0.1:8542",
    "23": "127.0.0.1:8523",
    "54": "127.0.0.1:8554",
    "19": "127.0.0.1:8519",
    "50": "127.0.0.1:8550",
    "31": "127.0.0.1:8531",
    "62": "127.0.0.1:8562",
    "27": "127.0.0.1:8527",
    "58": "127.0.0.1:8558"
  },
  "delta": 100,
  "id": 31,
  "num_nodes": 64,
  "num_faults": 21,
  "block_size": 100,
  "client_port": 7031,
  "client_addr": "0.0.0.0:5000",
  "payload": 0,
  "prot_payload": "cc,/home/akhil/research/EEBA/libchatter/",
  "crypto_alg": "NOPKI",
  "pk_map": {},
  "secret_key_bytes": [],
  "sk_map": {
    "37": [
      21,
      164,
      85,
      9,
      116,
      215,
      134,
      191,
      105,
      87,
      178,
      1,
      215,
      49,
      4,
      121,
      5,
      180,
      20,
      20,
      190,
      184,
      8,
      159,
      171,
      209,
      32,
      242,
      32,
      99,
      122,
      244
    ],
    "6": [
      143,
      198,
      31,
      84,
      39,
      250,
      57,
      87,
      178,
      99,
      48,
      251,
      82,
      19,
      225,
      233,
      224,
      113,
      66,
      240,
      24,
      91,
      92,
      122,
      39,
      49,
      152,
      254,
      21,
      217,
      98,
      251
    ],
    "33": [
      134,
      91,
      59,
      143,
      46,
      204,
      179,
      209,
      32,
      146,
      225,
      89,
      222,
      10,
      170,
      198,
      71,
      208,
      99,
      84,
      109,
      4,
      89,
      190,
      99,
      39,
      46,
      195,
      53,
      245,
      16,
      57
    ],
    "2": [
      193,
      44,
      232,
      127,
      179,
      100,
      185,
      156,
      217,
      149,
      138,
      209,
      82,
      185,
      71,
      97,
      182,
      91,
      13,
      243,
      252,
      165,
      187,
      80,
      117,
      58,
      73,
      115,
      142,
      82,
      151,
      60
    ],
    "45": [
      202,
      178,
      160,
      57,
      42,
      122,
      65,
      28,
      78,
      0,
      224,
      158,
      164,
      230,
      226,
      64,
      225,
      96,
      111,
      250,
      172,
      214,
      137,
      35,
      115,
      95,
      110,
      17,
      194,
      235,
      14,
      1
    ],
    "14": [
      14,
      236,
      121,
      170,
      243,
      106,
      80,
      174,
      76,
      228,
      48,
      140,
      35,
      43,
      129,
      223,
      125,
      106,
      154,
      75,
      122,
      26,
      189,
      19,
      223,
      182,
      244,
      28,
      219,
      106,
      141,
      144
    ],
    "41": [
      157,
      190,
      86,
      241,
      70,
      178,
      195,
      100,
      162,
      250,
      244,
      144,
      68,
      136,
      18,
      207,
      93,
      117,
      210,
      142,
      194,
      109,
      155,
      246,
      35,
      185,
      93,
      110,
      243,
      180,
      132,
      75
    ],
    "10": [
      142,
      179,
      26,
      121,
      250,
      39,
      166,
      79,
      235,
      127,
      217,
      13,
      241,
      89,
      70,
      221,
      27,
      102,
      100,
      115,
      78,
      136,
      124,
      151,
      47,
      217,
      178,
      227,
      57,
      91,
      81,
      22
    ],
    "53": [
      249,
      241,
      136,
      171,
      82,
      140,
      222,
      210,
      5,
      203,
      82,
      121,
      212,
      228,
      252,
      114,
      97,
      6,
      7,
      109,
      171,
      207,
      108,
      133,
      141,
      179,
      231,
      116,
      195,
      180,
      97,
      58
    ],
    "22": [
      166,
      210,
      40,
      49,
      118,
      248,
      163,
      202,
      158,
      145,
      209,
      150,
      115,
      181,
      18,
      74,
      114,
      108,
      97,
      114,
      234,
      170,
      97,
      8,
      51,
      51,
      153,
      88,
      145,
      168,
      168,
      64
    ],
    "49": [
      137,
      157,
      147,
      136,
      246,
      42,
      23,
      236,
      60,
      248,
      4,
      100,
      253,
      15,
      85,
      3,
      93,
      103,
      80,
      37,
      189,
      70,
      93,
      225,
      242,
      164,
      193,
      200,
      19,
      7,
      59,
      176
    ],
    "18": [
      163,
      40,
      14,
      175,
      236,
      242,
      218,
      75,
      29,
      163,
      93,
      11,
      190,
      77,
      229,
      213,
      118,
      92,
      193,
      218,
      234,
      81,
      176,
      5,
      38,
      228,
      196,
      199,
      37,
      7,
      253,
      243
    ],
    "61": [
      23,
      12,
      163,
      68,
      43,
      163,
      243,
      69,
      50,
      123,
      144,
      233,
      218,
      128,
      108,
      42,
      129,
      175,
      51,
      152,
      164,
      167,
      44,
      161,
      207,
      219,
      248,
      110,
      39,
      53,
      25,
      99
    ],
    "30": [
      54,
      60,
      137,
      247,
      181,
      41,
      48,
      107,
      114,
      112,
      185,
      228,
      211,
      157,
      252,
      162,
      21,
      181,
      48,
      10,
      204,
      245,
      16,
      177,
      151,
      38,
      221,
      237,
      45,
      10,
      19,
      189
    ],
    "57": [
      210,
      44,
      27,
      235,
      129,
      48,
      163,
      205,
      24,
      205,
      104,
      13,
      17,
      108,
      56,
      206,
      188,
      236,
      241,
      206,
      165,
      254,
      62,
      124,
      200,
      213,
      130,
      81,
      127,
      170,
      241,
      222
    ],
    "26": [
      255,
      2,
      19,
      87,
      187,
      9,
      66,
      12,
      59,
      200,
      242,
      113,
      151,
      103,
      11,
      255,
      171,
      13,
      148,
      175,
      60,
      76,
      11,
      184,
      197,
      147,
      204,
      183,
      109,
      246,
      204,
      15
    ],
    "5": [
      218,
      16,
      132,
      217,
      4,
      211,
      169,
      245,
      159,
      37,
      232,
      188,
      71,
      248,
      117,
      73,
      25,
      106,
      35,
      143,
      85,
      162,
      147,
      237,
      109,
      16,
      47,
      7,
      75,
      49,
      180,
      2
    ],
    "36": [
      130,
      194,
      179,
      205,
      82,
      122,
      180,
      166,
      193,
      158,
      181,
      53,
      42,
      49,
      98,
      64,
      163,
      178,
      251,
      113,
      67,
      146,
      66,
      84,
      219,
      240,
      70,
      33,
      16,
      160,
      68,
      188
    ],
    "1": [
      234,
      155,
      207,
      117,
      211,
      175,
      183,
      107,
      143,
      161,
      82,
      6,
      3,
      67,
      250,
      48,
      65,
      18,
      110,
      146,
      200,
      103,
      13,
      70,
      89,
      215,
      44,
      145,
      53,
      1,
      205,
      41
    ],
    "32": [
      41,
      12,
      121,
      100,
      180,
      3,
      178,
      0,
      134,
      193,
      34,
      152,
      92,
      23,
      212,
      55,
      91,
      170,
      204,
      177,
      54,
      162,
      185,
      162,
      171,
      154,
      218,
      14,
      175,
      251,
      148,
      206
    ],
    "13": [
      107,
      47,
      247,
      90,
      27,
      107,
      181,
      24,
      214,
      78,
      140,
      215,
      14,
      47,
      86,
      238,
      151,
      241,
      109,
      193,
      193,
      187,
      100,
      243,
      92,
      200,
      101,
      79,
      18,
      103,
      147,
      34
    ],
    "44": [
      125,
      197,
      109,
      145,
      131,
      13,
      153,
      118,
      177,
      45,
      3,
      245,
      207,
      214,
      109,
      186,
      234,
      227,
      208,
      139,
      228,
      69,
      233,
      189,
      230,
      149,
      107,
      132,
      109,
      236,
      194,
      132
    ],
    "9": [
      11,
      127,
      2,
      113,
      127,
      151,
      193,
      25,
      248,
      145,
      166,
      115,
      148,
      235,
      233,
      226,
      94,
      164,
      34,
      10,
      69,
      57,
      180,
      8,
      243,
      201,
      113,
      65,
      138,
      186,
      58,
      252
    ],
    "40": [
      217,
      235,
      49,
      207,
      75,
      248,
      64,
      173,
      36,
      105,
      126,
      161,
      240,
      171,
      75,
      253,
      123,
      56,
      161,
      131,
      182,
      96,
      162,
      148,
      171,
      109,
      111,
      78,
      244,
      50,
      234,
      64
    ],
    "21": [
      222,
      224,
      222,
      101,
      65,
      186,
      54,
      120,
      230,
      246,
      69,
      44,
      160,
      90,
      246,
      254,
      65,
      60,
      226,
      247,
      3,
      58,
      92,
      123,
      175,
      130,
      25,
      195,
      112,
      1,
      64,
      229
    ],
    "52": [
      25,
      206,
      135,
      46,
      150,
      226,
      136,
      238,
      232,
      80,
      182,
      107,
      127,
      114,
      18,
      221,
      23,
      222,
      131,
      139,
      184,
      200,
      190,
      84,
      103,
      223,
      52,
      254,
      48,
      43,
      244,
      140
    ],
    "17": [
      124,
      30,
      223,
      222,
      42,
      14,
      37,
      78,
      222,
      193,
      236,
      159,
      16,
      196,
      46,
      138,
      37,
      51,
      6,
      110,
      162,
      11,
      174,
      216,
      177,
      125,
      162,
      80,
      92,
      81,
      207,
      187
    ],
    "48": [
      191,
      226,
      24,
      109,
      42,
      180,
      214,
      225,
      216,
      130,
      75,
      193,
      203,
      139,
      35,
      175,
      104,
      136,
      29,
      36,
      49,
      2,
      240,
      128,
      65,
      110,
      183,
      16,
      34,
      72,
      206,
      159
    ],
    "29": [
      207,
      150,
      201,
      10,
      74,
      25,
      228,
      155,
      191,
      196,
      106,
      5,
      161,
      140,
      147,
      115,
      108,
      120,
      244,
      35,
      12,
      187,
      191,
      86,
      154,
      49,
      14,
      167,
      108,
      220,
      250,
      193
    ],
    "60": [
      87,
      106,
      217,
      122,
      228,
      202,
      39,
      141,
      93,
      79,
      130,
      49,
      155,
      179,
      208,
      44,
      167,
      100,
      197,
      45,
      217,
      0,
      23,
      214,
      226,
      236,
      24,
      148,
      108,
      25,
      74,
      169
    ],
    "25": [
      181,
      92,
      16,
      90,
      210,
      38,
      72,
      111,
      0,
      246,
      114,
      167,
      41,
      192,
      205,
      194,
      213,
      100,
      198,
      137,
      142,
      85,
      87,
      174,
      179,
      40,
      108,
      149,
      32,
      44,
      63,
      143
    ],
    "56": [
      70,
      196,
      100,
      255,
      82,
      166,
      245,
      22,
      187,
      197,
      243,
      1,
      233,
      226,
      191,
      66,
      92,
      41,
      35,
      46,
      26,
      93,
      138,
      135,
      201,
      90,
      130,
      132,
      140,
      53,
      169,
      191
    ],
    "4": [
      252,
      102,
      120,
      121,
      243,
      146,
      228,
      174,
      36,
      87,
      27,
      211,
      28,
      199,
      139,
      12,
      64,
      29,
      245,
      250,
      190,
      44,
      189,
      229,
      69,
      84,
      222,
      145,
      71,
      68,
      78,
      36
    ],
    "39": [
      195,
      137,
      231,
      38,
      125,
      192,
      216,
      26,
      0,
      165,
      58,
      132,
      73,
      195,
      14,
      67,
      235,
      18,
      163,
      176,
      54,
      237,
      64,
      123,
      104,
      38,
      23,
      29,
      126,
      123,
      240,
      211
    ],
    "0": [
      184,
      97,
      57,
      191,
      16,
      218,
      230,
      162,
      247,
      30,
      154,
      172,
      190,
      87,
      212,
      103,
      76,
      114,
      214,
      136,
      216,
      126,
      192,
      255,
      48,
      218,
      76,
      5,
      81,
      144,
      240,
      188
    ],
    "35": [
      4,
      158,
      221,
      81,
      253,
      66,
      32,
      203,
      63,
      106,
      4,
      89,
      123,
      137,
      204,
      139,
      65,
      19,
      81,
      250,
      107,
      26,
      21,
      74,
      46,
      180,
      104,
      40,
      133,
      208,
      34,
      143
    ],
    "12": [
      77,
      62,
      100,
      99,
      37,
      61,
      79,
      158,
      127,
      122,
      225,
      224,
      174,
      216,
      186,
      132,
      117,
      239,
      252,
      121,
      173,
      254,
      235,
      129,
      4,
      135,
      201,
      7,
      142,
      82,
      151,
      140
    ],
    "47": [
      55,
      230,
      202,
      238,
      190,
      142,
      209,
      82,
      106,
      208,
      51,
      57,
      174,
      226,
      246,
      217,
      90,
      228,
      152,
      34,
      137,
      46,
      159,
      252,
      143,
      184,
      88,
      67,
      189,
      73,
      207,
      214
    ],
    "8": [
      31,
      155,
      71,
      165,
      235,
      21,
      161,
      98,
      174,
      207,
      170,
      246,
      40,
      110,
      181,
      174,
      60,
      76,
      23,
      171,
      70,
      60,
      36,
      31,
      40,
      179,
      100,
      34,
      89,
      87,
      221,
      155
    ],
    "43": [
      188,
      239,
      74,
      72,
      15,
      8,
      228,
      42,
      173,
      154,
      151,
      81,
      197,
      143,
      72,
      222,
      35,
      72,
      27,
      131,
      186,
      103,
      123,
      16,
      144,
      192,
      195,
      82,
      98,
      209,
      175,
      85
    ],
    "20": [
      219,
      97,
      243,
      40,
      230,
      91,
      247,
      229,
      190,
      20,
      134,
      45,
      96,
      53,
      18,
      148,
      166,
      161,
      29,
      193,
      27,
      244,
      175,
      177,
      227,
      153,
      178,
      157,
      12,
      99,
      55,
      214
    ],
    "55": [
      134,
      200,
      99,
      174,
      156,
      72,
      218,
      64,
      210,
      154,
      24,
      64,
      233,
      44,
      101,
      175,
      225,
      59,
      63,
      133,
      6,
      201,
      165,
      34,
      188,
      210,
      164,
      138,
      219,
      164,
      31,
      209
    ],
    "16": [
      160,
      239,
      34,
      86,
      24,
      93,
      210,
      98,
      235,
      118,
      76,
      145,
      207,
      254,
      189,
      201,
      127,
      221,
      101,
      179,
      25,
      214,
      207,
      28,
      115,
      106,
      158,
      27,
      114,
      180,
      58,
      47
    ],
    "51": [
      24,
      18,
      190,
      202,
      40,
      20,
      241,
      156,
      216,
      231,
      152,
      218,
      33,
      10,
      83,
      213,
      5,
      17,
      97,
      75,
      15,
      226,
      220,
      96,
      227,
      232,
      33,
      117,
      76,
      206,
      26,
      21
    ],
    "28": [
      26,
      185,
      121,
      11,
      35,
      158,
      253,
      67,
      96,
      195,
      147,
      76,
      136,
      154,
      120,
      151,
      135,
      181,
      145,
      230,
      191,
      122,
      136,
      3,
      100,
      62,
      12,
      154,
      124,
      110,
      160,
      82
    ],
    "63": [
      197,
      107,
      115,
      159,
      88,
      36,
      122,
      57,
      51,
      84,
      13,
      167,
      6,
      248,
      85,
      224,
      50,
      111,
      63,
      73,
      53,
      49,
      237,
      89,
      151,
      73,
      55,
      20,
      174,
      207,
      193,
      255
    ],
    "24": [
      185,
      42,
      195,
      63,
      124,
      70,
      178,
      177,
      215,
      83,
      32,
      64,
      97,
      54,
      252,
      203,
      21,
      94,
      213,
      2,
      104,
      225,
      89,
      121,
      179,
      83,
      120,
      46,
      210,
      216,
      182,
      71
    ],
    "59": [
      86,
      126,
      5,
      171,
      80,
      112,
      230,
      7,
      57,
      175,
      244,
      147,
      190,
      134,
      237,
      242,
      42,
      217,
      31,
      66,
      87,
      116,
      245,
      210,
      214,
      253,
      68,
      124,
      54,
      14,
      71,
      13
    ],
    "7": [
      147,
      116,
      38,
      102,
      134,
      227,
      53,
      80,
      52,
      216,
      99,
      186,
      111,
      41,
      75,
      134,
      159,
      217,
      35,
      235,
      154,
      158,
      122,
      138,
      26,
      20,
      24,
      231,
      135,
      70,
      161,
      215
    ],
    "38": [
      108,
      161,
      187,
      188,
      84,
      60,
      21,
      47,
      164,
      123,
      207,
      98,
      255,
      164,
      171,
      220,
      44,
      114,
      192,
      154,
      250,
      121,
      121,
      128,
      211,
      77,
      162,
      173,
      211,
      62,
      186,
      171
    ],
    "3": [
      169,
      160,
      245,
      199,
      194,
      49,
      28,
      174,
      226,
      15,
      225,
      244,
      20,
      182,
      131,
      145,
      31,
      42,
      234,
      199,
      126,
      175,
      151,
      119,
      138,
      73,
      37,
      30,
      139,
      254,
      180,
      21
    ],
    "34": [
      152,
      237,
      0,
      74,
      16,
      65,
      141,
      46,
      3,
      69,
      161,
      125,
      188,
      133,
      93,
      26,
      34,
      52,
      162,
      81,
      97,
      249,
      7,
      233,
      12,
      208,
      248,
      204,
      185,
      136,
      125,
      19
    ],
    "15": [
      156,
      12,
      98,
      210,
      68,
      22,
      170,
      13,
      7,
      95,
      153,
      124,
      46,
      31,
      33,
      88,
      100,
      6,
      191,
      8,
      115,
      16,
      216,
      67,
      149,
      57,
      47,
      136,
      38,
      223,
      254,
      120
    ],
    "46": [
      127,
      102,
      15,
      98,
      177,
      3,
      139,
      121,
      196,
      222,
      39,
      59,
      171,
      53,
      139,
      83,
      133,
      87,
      196,
      239,
      56,
      66,
      148,
      15,
      236,
      137,
      49,
      4,
      129,
      96,
      114,
      17
    ],
    "11": [
      95,
      28,
      46,
      98,
      6,
      237,
      12,
      128,
      197,
      147,
      210,
      168,
      173,
      31,
      227,
      145,
      80,
      216,
      52,
      143,
      141,
      77,
      27,
      138,
      1,
      246,
      174,
      73,
      109,
      123,
      241,
      165
    ],
    "42": [
      19,
      118,
      109,
      250,
      62,
      127,
      151,
      173,
      85,
      11,
      197,
      192,
      72,
      189,
      225,
      81,
      215,
      209,
      189,
      249,
      130,
      158,
      126,
      25,
      105,
      87,
      86,
      82,
      74,
      145,
      162,
      236
    ],
    "23": [
      78,
      115,
      227,
      121,
      104,
      228,
      160,
      13,
      3,
      132,
      121,
      105,
      48,
      187,
      80,
      45,
      194,
      5,
      199,
      47,
      168,
      76,
      53,
      52,
      243,
      184,
      80,
      98,
      58,
      229,
      255,
      129
    ],
    "54": [
      146,
      123,
      191,
      139,
      172,
      29,
      218,
      85,
      163,
      9,
      207,
      209,
      73,
      125,
      98,
      4,
      212,
      80,
      9,
      117,
      104,
      133,
      29,
      18,
      108,
      135,
      219,
      227,
      32,
      213,
      65,
      208
    ],
    "19": [
      21,
      244,
      99,
      188,
      32,
      219,
      198,
      210,
      154,
      35,
      243,
      61,
      138,
      186,
      231,
      119,
      172,
      76,
      142,
      173,
      49,
      243,
      135,
      125,
      218,
      104,
      70,
      233,
      136,
      173,
      161,
      209
    ],
    "50": [
      6,
      94,
      13,
      5,
      241,
      185,
      174,
      63,
      220,
      181,
      217,
      130,
      39,
      185,
      110,
      45,
      52,
      26,
      248,
      241,
      65,
      229,
      16,
      85,
      58,
      62,
      27,
      252,
      127,
      236,
      161,
      39
    ],
    "31": [
      217,
      209,
      207,
      70,
      148,
      1,
      182,
      193,
      66,
      221,
      237,
      71,
      113,
      111,
      76,
      210,
      21,
      21,
      96,
      174,
      52,
      159,
      245,
      112,
      142,
      47,
      151,
      44,
      29,
      15,
      98,
      94
    ],
    "62": [
      38,
      65,
      90,
      191,
      7,
      89,
      234,
      171,
      46,
      50,
      109,
      95,
      122,
      100,
      77,
      180,
      190,
      192,
      219,
      215,
      246,
      82,
      13,
      219,
      160,
      55,
      76,
      187,
      86,
      39,
      208,
      84
    ],
    "27": [
      48,
      102,
      206,
      192,
      232,
      250,
      133,
      11,
      205,
      22,
      245,
      130,
      214,
      93,
      0,
      46,
      253,
      72,
      242,
      92,
      77,
      125,
      109,
      189,
      158,
      14,
      53,
      134,
      138,
      150,
      35,
      198
    ],
    "58": [
      74,
      166,
      34,
      202,
      145,
      91,
      254,
      228,
      204,
      165,
      99,
      6,
      16,
      236,
      19,
      128,
      155,
      26,
      2,
      153,
      118,
      116,
      76,
      15,
      243,
      79,
      224,
      127,
      40,
      209,
      78,
      105
    ]
  },
  "my_cert": [],
  "my_cert_key": [],
  "root_cert": []
}