{
  "net_map": {
    "37": "127.0.0.1:8537",
    "6": "127.0.0.1:8506",
    "33": "127.0.0.1:8533",
    "64": "127.0.0.1:9000",
    "2": "127.0.0.1:8502",
    "45": "127.0.0.1:8545",
    "14": "127.0.0.1:8514",
    "41": "127.0.0.1:8541",
    "10": "127.0.0.1:8510",
    "53": "127.0.0.1:8553",
    "22": "127.0.0.1:8522",
    "49": "127.0.0.1:8549",
    "18": "127.0.0.1:8518",
    "61": "127.0.0.1:8561",
    "30": "127.0.0.1:8530",
    "57": "127.0.0.1:8557",
    "26": "127.0.0.1:8526",
    "5": "127.0.0.1:8505",
    "36": "127.0.0.1:8536",
    "1": "127.0.0.1:8501",
    "32": "127.0.0.1:8532",
    "13": "127.0.0.1:8513",
    "44": "127.0.0.1:8544",
    "9": "127.0.0.1:8509",
    "40": "127.0.0.1:8540",
    "21": "127.0.0.1:8521",
    "52": "127.0.0.1:8552",
    "17": "127.0.0.1:8517",
    "48": "127.0.0.1:8548",
    "29": "127.0.0.1:8529",
    "60": "127.0.0.1:8560",
    "25": "127.0.0.1:8525",
    "56": "127.0.0.1:8556",
    "4": "127.0.0.1:8504",
    "39": "127.0.0.1:8539",
    "0": "127.0.0.1:8500",
    "35": "127.0.0.1:8535",
    "12": "127.0.0.1:8512",
    "47": "127.0.0.1:8547",
    "8": "127.0.0.1:8508",
    "43": "127.0.0.1:8543",
    "20": "127.0.0.1:8520",
    "55": "127.0.0.1:8555",
    "16": "127.0.0.1:8516",
    "51": "127.0.0.1:8551",
    "28": "127.0.0.1:8528",
    "63": "127.0.0.1:8563",
    "24": "127.0.0.1:8524",
    "59": "127.0.0.1:8559",
    "7": "127.0.0.1:8507",
    "38": "127.0.0.1:8538",
    "3": "127.0.0.1:8503",
    "34": "127.0.0.1:8534",
    "15": "127.0.0.1:8515",
    "46": "127.0.0.1:8546",
    "11": "127.0.0.1:8511",
    "42": "127.0.0.1:8542",
    "23": "127.0.0.1:8523",
    "54": "127.0.0.1:8554",
    "19": "127.0.0.1:8519",
    "50": "127.0.0.1:8550",
    "31": "127.0.0.1:8531",
    "62": "127.0.0.1:8562",
    "27": "127.0.0.1:8527",
    "58": "127.0.0.1:8558"
  },
  "delta": 100,
  "id": 11,
  "num_nodes": 64,
  "num_faults": 21,
  "block_size": 100,
  "client_port": 7011,
  "client_addr": "0.0.0.0:5000",
  "payload": 0,
  "prot_payload": "cc,/home/akhil/research/EEBA/libchatter/",
  "crypto_alg": "NOPKI",
  "pk_map": {},
  "secret_key_bytes": [],
  "sk_map": {
    "37": [
      185,
      112,
      163,
      34,
      83,
      205,
      151,
      251,
      51,
      34,
      250,
      131,
      131,
      61,
      105,
      228,
      224,
      186,
      147,
      143,
      120,
      74,
      236,
      129,
      78,
      187,
      217,
      58,
      124,
      204,
      27,
      43
    ],
    "6": [
      137,
      149,
      87,
      137,
      212,
      109,
      238,
      8,
      201,
      21,
      124,
      249,
      190,
      138,
      207,
      154,
      148,
      197,
      252,
      46,
      9,
      177,
      72,
      207,
      202,
      147,
      154,
      209,
      20,
      117,
      172,
      136
    ],
    "33": [
      67,
      41,
      170,
      13,
      47,
      204,
      202,
      214,
      185,
      4,
      207,
      1,
      119,
      105,
      23,
      170,
      88,
      89,
      225,
      68,
      62,
      94,
      157,
      125,
      104,
      9,
      148,
      210,
      52,
      189,
      172,
      183
    ],
    "2": [
      65,
      220,
      15,
      149,
      134,
      186,
      180,
      166,
      245,
      212,
      239,
      63,
      40,
      206,
      60,
      51,
      228,
      88,
      145,
      232,
      245,
      250,
      67,
      128,
      42,
      131,
      171,
      160,
      182,
      52,
      135,
      143
    ],
    "45": [
      58,
      60,
      175,
      164,
      138,
      197,
      240,
      12,
      210,
      84,
      218,
      206,
      41,
      8,
      130,
      35,
      70,
      48,
      43,
      36,
      232,
      232,
      49,
      246,
      91,
      238,
      120,
      138,
      174,
      1,
      85,
      115
    ],
    "14": [
      196,
      54,
      43,
      4,
      175,
      159,
      159,
      13,
      40,
      53,
      14,
      69,
      158,
      188,
      121,
      222,
      252,
      157,
      62,
      38,
      173,
      188,
      203,
      243,
      205,
      110,
      179,
      201,
      5,
      112,
      181,
      255
    ],
    "41": [
      209,
      43,
      110,
      208,
      35,
      138,
      174,
      234,
      248,
      16,
      155,
      83,
      208,
      95,
      206,
      37,
      8,
      4,
      98,
      79,
      170,
      179,
      237,
      126,
      139,
      219,
      25,
      136,
      174,
      60,
      248,
      173
    ],
    "10": [
      97,
      245,
      158,
      253,
      57,
      77,
      253,
      109,
      119,
      29,
      146,
      34,
      116,
      97,
      3,
      119,
      227,
      53,
      49,
      180,
      12,
      117,
      89,
      80,
      100,
      117,
      217,
      179,
      128,
      1,
      237,
      91
    ],
    "53": [
      107,
      151,
      92,
      185,
      110,
      43,
      108,
      150,
      242,
      151,
      238,
      40,
      111,
      26,
      53,
      45,
      192,
      204,
      17,
      110,
      147,
      102,
      159,
      38,
      121,
      109,
      52,
      213,
      190,
      34,
      246,
      192
    ],
    "22": [
      137,
      152,
      38,
      32,
      249,
      216,
      65,
      50,
      172,
      90,
      225,
      206,
      192,
      61,
      232,
      241,
      22,
      61,
      245,
      10,
      212,
      194,
      67,
      239,
      80,
      94,
      215,
      34,
      172,
      37,
      44,
      247
    ],
    "49": [
      40,
      112,
      138,
      30,
      55,
      200,
      11,
      153,
      9,
      11,
      50,
      103,
      117,
      63,
      90,
      248,
      133,
      141,
      33,
      157,
      236,
      230,
      108,
      220,
      173,
      82,
      240,
      103,
      98,
      163,
      43,
      252
    ],
    "18": [
      35,
      34,
      20,
      29,
      67,
      235,
      162,
      160,
      195,
      254,
      13,
      72,
      72,
      239,
      14,
      28,
      49,
      250,
      208,
      200,
      36,
      213,
      242,
      219,
      225,
      76,
      155,
      235,
      80,
      231,
      0,
      221
    ],
    "61": [
      253,
      246,
      166,
      141,
      135,
      122,
      138,
      208,
      90,
      193,
      193,
      227,
      225,
      210,
      215,
      12,
      100,
      76,
      191,
      33,
      90,
      211,
      135,
      225,
      23,
      116,
      204,
      12,
      25,
      23,
      228,
      123
    ],
    "30": [
      228,
      152,
      205,
      212,
      0,
      220,
      37,
      103,
      222,
      200,
      87,
      170,
      79,
      32,
      59,
      71,
      157,
      110,
      238,
      37,
      168,
      182,
      19,
      217,
      5,
      232,
      148,
      222,
      217,
      65,
      108,
      49
    ],
    "57": [
      175,
      212,
      42,
      119,
      62,
      176,
      50,
      154,
      180,
      223,
      15,
      209,
      237,
      246,
      195,
      91,
      64,
      166,
      176,
      120,
      224,
      145,
      109,
      43,
      240,
      93,
      220,
      255,
      115,
      149,
      121,
      219
    ],
    "26": [
      99,
      99,
      213,
      34,
      4,
      169,
      149,
      252,
      208,
      37,
      193,
      165,
      250,
      197,
      60,
      66,
      16,
      138,
      252,
      44,
      229,
      66,
      47,
      111,
      153,
      155,
      217,
      157,
      24,
      110,
      189,
      164
    ],
    "5": [
      114,
      5,
      239,
      226,
      21,
      36,
      163,
      78,
      95,
      91,
      94,
      76,
      96,
      187,
      105,
      53,
      164,
      97,
      45,
      229,
      23,
      63,
      107,
      107,
      42,
      199,
      178,
      166,
      183,
      89,
      33,
      151
    ],
    "36": [
      203,
      131,
      114,
      255,
      84,
      117,
      168,
      10,
      114,
      165,
      29,
      35,
      234,
      94,
      100,
      215,
      1,
      26,
      100,
      142,
      37,
      31,
      126,
      61,
      94,
      216,
      146,
      33,
      227,
      70,
      16,
      49
    ],
    "1": [
      52,
      99,
      15,
      72,
      43,
      119,
      5,
      81,
      2,
      91,
      153,
      108,
      252,
      84,
      89,
      181,
      245,
      70,
      175,
      89,
      248,
      68,
      61,
      199,
      18,
      206,
      74,
      201,
      135,
      59,
      187,
      134
    ],
    "32": [
      22,
      214,
      2,
      182,
      136,
      221,
      5,
      118,
      80,
      66,
      128,
      240,
      125,
      176,
      229,
      213,
      34,
      145,
      180,
      19,
      29,
      192,
      42,
      212,
      129,
      214,
      175,
      119,
      92,
      22,
      26,
      218
    ],
    "13": [
      22,
      188,
      26,
      52,
      243,
      106,
      167,
      168,
      58,
      126,
      249,
      33,
      188,
      232,
      97,
      175,
      57,
      186,
      11,
      149,
      27,
      75,
      23,
      50,
      22,
      37,
      114,
      119,
      156,
      175,
      130,
      244
    ],
    "44": [
      171,
      25,
      148,
      192,
      38,
      66,
      107,
      236,
      24,
      35,
      218,
      41,
      34,
      226,
      7,
      181,
      158,
      134,
      131,
      125,
      8,
      160,
      128,
      163,
      149,
      218,
      145,
      97,
      159,
      48,
      243,
      51
    ],
    "9": [
      255,
      185,
      132,
      7,
      29,
      61,
      68,
      45,
      179,
      61,
      123,
      220,
      211,
      198,
      121,
      177,
      206,
      40,
      145,
      240,
      80,
      32,
      145,
      202,
      74,
      26,
      84,
      7,
      232,
      203,
      155,
      12
    ],
    "40": [
      88,
      197,
      245,
      62,
      230,
      255,
      168,
      174,
      204,
      147,
      163,
      76,
      43,
      249,
      86,
      225,
      171,
      29,
      36,
      63,
      253,
      30,
      124,
      129,
      227,
      60,
      214,
      231,
      107,
      23,
      114,
      80
    ],
    "21": [
      129,
      160,
      202,
      230,
      212,
      8,
      71,
      77,
      148,
      32,
      237,
      83,
      4,
      217,
      129,
      18,
      151,
      116,
      242,
      145,
      240,
      155,
      67,
      119,
      68,
      94,
      81,
      56,
      197,
      126,
      83,
      129
    ],
    "52": [
      104,
      255,
      123,
      83,
      20,
      34,
      152,
      152,
      61,
      12,
      104,
      238,
      69,
      9,
      173,
      185,
      187,
      133,
      50,
      103,
      204,
      242,
      223,
      25,
      173,
      188,
      109,
      247,
      64,
      235,
      219,
      161
    ],
    "17": [
      169,
      232,
      160,
      157,
      192,
      173,
      146,
      104,
      124,
      172,
      246,
      166,
      12,
      157,
      250,
      123,
      217,
      39,
      6,
      82,
      97,
      237,
      167,
      62,
      110,
      189,
      24,
      95,
      52,
      104,
      33,
      39
    ],
    "48": [
      99,
      38,
      171,
      32,
      168,
      154,
      206,
      58,
      207,
      99,
      110,
      185,
      31,
      161,
      243,
      1,
      103,
      248,
      181,
      51,
      199,
      208,
      137,
      131,
      172,
      130,
      185,
      33,
      107,
      88,
      228,
      176
    ],
    "29": [
      151,
      102,
      9,
      104,
      91,
      213,
      3,
      4,
      246,
      192,
      128,
      83,
      85,
      47,
      113,
      144,
      70,
      189,
      119,
      95,
      100,
      222,
      85,
      16,
      224,
      140,
      84,
      72,
      193,
      172,
      23,
      67
    ],
    "60": [
      201,
      120,
      138,
      17,
      135,
      239,
      197,
      165,
      37,
      242,
      174,
      130,
      190,
      165,
      172,
      182,
      132,
      178,
      131,
      59,
      89,
      82,
      198,
      136,
      41,
      166,
      21,
      132,
      200,
      228,
      56,
      239
    ],
    "25": [
      49,
      156,
      118,
      94,
      99,
      96,
      250,
      206,
      156,
      77,
      220,
      108,
      43,
      60,
      116,
      218,
      10,
      75,
      154,
      57,
      44,
      232,
      161,
      187,
      166,
      144,
      55,
      32,
      127,
      232,
      226,
      103
    ],
    "56": [
      168,
      145,
      124,
      61,
      156,
      46,
      168,
      59,
      250,
      202,
      181,
      24,
      119,
      152,
      177,
      149,
      4,
      72,
      198,
      170,
      103,
      152,
      3,
      198,
      78,
      64,
      245,
      81,
      74,
      78,
      118,
      163
    ],
    "4": [
      77,
      242,
      107,
      121,
      138,
      229,
      248,
      193,
      224,
      211,
      60,
      193,
      92,
      220,
      192,
      26,
      181,
      147,
      154,
      241,
      96,
      207,
      235,
      199,
      29,
      104,
      169,
      18,
      201,
      72,
      200,
      164
    ],
    "39": [
      176,
      101,
      34,
      37,
      136,
      117,
      231,
      156,
      124,
      100,
      154,
      48,
      99,
      254,
      46,
      108,
      90,
      198,
      199,
      133,
      99,
      21,
      179,
      41,
      125,
      140,
      14,
      100,
      26,
      186,
      71,
      10
    ],
    "0": [
      229,
      115,
      53,
      171,
      75,
      26,
      76,
      168,
      145,
      128,
      255,
      96,
      153,
      152,
      11,
      2,
      63,
      120,
      63,
      2,
      47,
      8,
      67,
      235,
      8,
      71,
      121,
      222,
      182,
      39,
      193,
      143
    ],
    "35": [
      199,
      41,
      2,
      186,
      175,
      37,
      224,
      85,
      214,
      154,
      177,
      149,
      68,
      146,
      90,
      122,
      232,
      101,
      202,
      154,
      128,
      114,
      110,
      166,
      46,
      17,
      200,
      2,
      101,
      207,
      201,
      50
    ],
    "12": [
      56,
      7,
      52,
      255,
      60,
      9,
      66,
      252,
      252,
      11,
      82,
      102,
      98,
      27,
      28,
      1,
      182,
      89,
      118,
      184,
      223,
      120,
      79,
      147,
      90,
      180,
      255,
      89,
      198,
      155,
      245,
      24
    ],
    "47": [
      150,
      120,
      3,
      176,
      12,
      116,
      72,
      166,
      203,
      114,
      192,
      227,
      106,
      95,
      228,
      41,
      17,
      1,
      241,
      148,
      171,
      67,
      243,
      11,
      108,
      51,
      20,
      91,
      22,
      231,
      217,
      9
    ],
    "8": [
      145,
      245,
      221,
      177,
      14,
      6,
      44,
      119,
      143,
      131,
      31,
      27,
      126,
      67,
      36,
      247,
      116,
      133,
      89,
      238,
      235,
      175,
      177,
      220,
      144,
      70,
      5,
      198,
      235,
      194,
      47,
      30
    ],
    "43": [
      72,
      234,
      213,
      205,
      129,
      203,
      220,
      87,
      243,
      221,
      113,
      11,
      223,
      199,
      105,
      108,
      113,
      71,
      32,
      185,
      125,
      24,
      91,
      167,
      215,
      163,
      190,
      102,
      185,
      15,
      193,
      111
    ],
    "20": [
      229,
      24,
      182,
      195,
      199,
      3,
      90,
      58,
      215,
      86,
      102,
      61,
      0,
      172,
      168,
      87,
      121,
      49,
      84,
      171,
      66,
      201,
      118,
      228,
      66,
      45,
      221,
      65,
      124,
      133,
      46,
      140
    ],
    "55": [
      84,
      188,
      4,
      193,
      74,
      86,
      67,
      148,
      8,
      213,
      64,
      241,
      182,
      9,
      210,
      39,
      226,
      219,
      43,
      69,
      196,
      143,
      202,
      211,
      182,
      74,
      123,
      22,
      162,
      248,
      146,
      217
    ],
    "16": [
      2,
      54,
      25,
      13,
      228,
      149,
      109,
      64,
      178,
      181,
      114,
      151,
      211,
      10,
      251,
      89,
      14,
      231,
      164,
      2,
      43,
      87,
      146,
      29,
      189,
      208,
      68,
      215,
      118,
      244,
      159,
      113
    ],
    "51": [
      185,
      66,
      10,
      81,
      139,
      106,
      174,
      18,
      130,
      139,
      48,
      114,
      66,
      53,
      73,
      91,
      126,
      125,
      113,
      209,
      240,
      138,
      212,
      178,
      25,
      224,
      94,
      123,
      5,
      134,
      188,
      112
    ],
    "28": [
      143,
      70,
      33,
      175,
      157,
      123,
      115,
      111,
      168,
      229,
      145,
      126,
      81,
      226,
      184,
      254,
      147,
      168,
      180,
      121,
      220,
      91,
      14,
      203,
      149,
      72,
      59,
      86,
      138,
      64,
      99,
      200
    ],
    "63": [
      174,
      221,
      87,
      217,
      117,
      103,
      180,
      58,
      246,
      129,
      170,
      159,
      251,
      242,
      33,
      22,
      116,
      203,
      233,
      50,
      138,
      56,
      4,
      16,
      178,
      15,
      159,
      211,
      61,
      185,
      79,
      215
    ],
    "24": [
      83,
      110,
      15,
      212,
      213,
      114,
      8,
      244,
      126,
      78,
      182,
      21,
      185,
      61,
      188,
      26,
      132,
      249,
      211,
      230,
      169,
      223,
      220,
      97,
      94,
      25,
      4,
      66,
      81,
      23,
      159,
      142
    ],
    "59": [
      135,
      23,
      181,
      118,
      231,
      115,
      154,
      49,
      89,
      180,
      198,
      83,
      67,
      170,
      172,
      167,
      179,
      33,
      74,
      202,
      199,
      175,
      49,
      182,
      167,
      54,
      232,
      61,
      247,
      63,
      191,
      206
    ],
    "7": [
      87,
      41,
      172,
      35,
      30,
      222,
      114,
      68,
      146,
      163,
      97,
      7,
      7,
      127,
      212,
      236,
      254,
      167,
      62,
      221,
      119,
      54,
      138,
      26,
      46,
      139,
      254,
      158,
      112,
      76,
      11,
      136
    ],
    "38": [
      76,
      87,
      255,
      227,
      125,
      90,
      164,
      66,
      211,
      218,
      147,
      203,
      22,
      47,
      242,
      216,
      115,
      88,
      41,
      75,
      12,
      143,
      165,
      134,
      192,
      137,
      160,
      173,
      199,
      255,
      220,
      207
    ],
    "3": [
      75,
      235,
      100,
      76,
      243,
      61,
      186,
      11,
      243,
      1,
      223,
      76,
      94,
      70,
      191,
      166,
      146,
      226,
      162,
      221,
      207,
      70,
      85,
      87,
      98,
      22,
      32,
      17,
      232,
      184,
      242,
      241
    ],
    "34": [
      207,
      193,
      247,
      245,
      26,
      161,
      109,
      167,
      38,
      88,
      37,
      189,
      244,
      48,
      70,
      168,
      37,
      140,
      227,
      187,
      36,
      111,
      160,
      116,
      163,
      193,
      206,
      108,
      148,
      183,
      88,
      254
    ],
    "15": [
      54,
      162,
      134,
      163,
      195,
      119,
      87,
      103,
      166,
      9,
      159,
      10,
      59,
      29,
      177,
      229,
      189,
      63,
      154,
      48,
      167,
      244,
      229,
      193,
      47,
      28,
      79,
      8,
      2,
      112,
      117,
      183
    ],
    "46": [
      110,
      77,
      199,
      35,
      121,
      56,
      32,
      136,
      151,
      61,
      249,
      97,
      93,
      106,
      5,
      10,
      174,
      68,
      242,
      20,
      198,
      129,
      109,
      0,
      249,
      192,
      31,
      89,
      221,
      153,
      120,
      141
    ],
    "11": [
      206,
      14,
      126,
      7,
      46,
      190,
      31,
      39,
      168,
      113,
      173,
      148,
      89,
      69,
      247,
      211,
      214,
      13,
      208,
      190,
      240,
      158,
      61,
      141,
      112,
      238,
      34,
      223,
      105,
      79,
      3,
      102
    ],
    "42": [
      164,
      74,
      76,
      191,
      124,
      181,
      199,
      41,
      59,
      185,
      187,
      192,
      133,
      96,
      41,
      248,
      193,
      129,
      142,
      19,
      63,
      152,
      128,
      229,
      248,
      231,
      99,
      101,
      106,
      111,
      30,
      171
    ],
    "23": [
      140,
      177,
      77,
      134,
      115,
      27,
      249,
      246,
      212,
      58,
      129,
      194,
      162,
      69,
      238,
      176,
      150,
      85,
      201,
      188,
      155,
      172,
      243,
      167,
      69,
      229,
      65,
      194,
      215,
      225,
      146,
      14
    ],
    "54": [
      13,
      101,
      89,
      68,
      214,
      214,
      215,
      229,
      244,
      178,
      121,
      197,
      76,
      32,
      24,
      114,
      243,
      191,
      102,
      162,
      162,
      69,
      177,
      113,
      101,
      133,
      224,
      200,
      211,
      71,
      238,
      60
    ],
    "19": [
      103,
      175,
      45,
      76,
      126,
      72,
      210,
      200,
      56,
      224,
      12,
      116,
      100,
      228,
      200,
      144,
      191,
      105,
      153,
      65,
      240,
      27,
      168,
      255,
      167,
      145,
      254,
      231,
      110,
      25,
      37,
      69
    ],
    "50": [
      16,
      116,
      157,
      229,
      218,
      16,
      250,
      160,
      164,
      245,
      4,
      94,
      16,
      139,
      102,
      245,
      236,
      84,
      248,
      0,
      59,
      130,
      86,
      78,
      211,
      120,
      143,
      128,
      120,
      37,
      106,
      17
    ],
    "31": [
      95,
      28,
      46,
      98,
      6,
      237,
      12,
      128,
      197,
      147,
      210,
      168,
      173,
      31,
      227,
      145,
      80,
      216,
      52,
      143,
      141,
      77,
      27,
      138,
      1,
      246,
      174,
      73,
      109,
      123,
      241,
      165
    ],
    "62": [
      50,
      106,
      78,
      239,
      241,
      238,
      212,
      57,
      85,
      232,
      68,
      169,
      74,
      70,
      244,
      242,
      21,
      145,
      203,
      104,
      13,
      125,
      101,
      12,
      211,
      110,
      172,
      98,
      160,
      2,
      163,
      99
    ],
    "27": [
      186,
      85,
      28,
      202,
      205,
      123,
      126,
      45,
      190,
      207,
      171,
      168,
      102,
      212,
      66,
      244,
      107,
      20,
      49,
      110,
      221,
      157,
      98,
      206,
      150,
      213,
      1,
      27,
      154,
      76,
      73,
      207
    ],
    "58": [
      95,
      3,
      132,
      234,
      189,
      65,
      226,
      17,
      73,
      107,
      9,
      152,
      138,
      16,
      183,
      96,
      201,
      133,
      37,
      240,
      233,
      63,
      75,
      166,
      155,
      114,
      87,
      207,
      167,
      156,
      74,
      239
    ]
  },
  "my_cert": [],
  "my_cert_key": [],
  "root_cert": []
}