{
  "net_map": {
    "37": "127.0.0.1:8537",
    "6": "127.0.0.1:8506",
    "33": "127.0.0.1:8533",
    "64": "127.0.0.1:9000",
    "2": "127.0.0.1:8502",
    "45": "127.0.0.1:8545",
    "14": "127.0.0.1:8514",
    "41": "127.0.0.1:8541",
    "10": "127.0.0.1:8510",
    "53": "127.0.0.1:8553",
    "22": "127.0.0.1:8522",
    "49": "127.0.0.1:8549",
    "18": "127.0.0.1:8518",
    "61": "127.0.0.1:8561",
    "30": "127.0.0.1:8530",
    "57": "127.0.0.1:8557",
    "26": "127.0.0.1:8526",
    "5": "127.0.0.1:8505",
    "36": "127.0.0.1:8536",
    "1": "127.0.0.1:8501",
    "32": "127.0.0.1:8532",
    "13": "127.0.0.1:8513",
    "44": "127.0.0.1:8544",
    "9": "127.0.0.1:8509",
    "40": "127.0.0.1:8540",
    "21": "127.0.0.1:8521",
    "52": "127.0.0.1:8552",
    "17": "127.0.0.1:8517",
    "48": "127.0.0.1:8548",
    "29": "127.0.0.1:8529",
    "60": "127.0.0.1:8560",
    "25": "127.0.0.1:8525",
    "56": "127.0.0.1:8556",
    "4": "127.0.0.1:8504",
    "39": "127.0.0.1:8539",
    "0": "127.0.0.1:8500",
    "35": "127.0.0.1:8535",
    "12": "127.0.0.1:8512",
    "47": "127.0.0.1:8547",
    "8": "127.0.0.1:8508",
    "43": "127.0.0.1:8543",
    "20": "127.0.0.1:8520",
    "55": "127.0.0.1:8555",
    "16": "127.0.0.1:8516",
    "51": "127.0.0.1:8551",
    "28": "127.0.0.1:8528",
    "63": "127.0.0.1:8563",
    "24": "127.0.0.1:8524",
    "59": "127.0.0.1:8559",
    "7": "127.0.0.1:8507",
    "38": "127.0.0.1:8538",
    "3": "127.0.0.1:8503",
    "34": "127.0.0.1:8534",
    "15": "127.0.0.1:8515",
    "46": "127.0.0.1:8546",
    "11": "127.0.0.1:8511",
    "42": "127.0.0.1:8542",
    "23": "127.0.0.1:8523",
    "54": "127.0.0.1:8554",
    "19": "127.0.0.1:8519",
    "50": "127.0.0.1:8550",
    "31": "127.0.0.1:8531",
    "62": "127.0.0.1:8562",
    "27": "127.0.0.1:8527",
    "58": "127.0.0.1:8558"
  },
  "delta": 100,
  "id": 27,
  "num_nodes": 64,
  "num_faults": 21,
  "block_size": 100,
  "client_port": 7027,
  "client_addr": "0.0.0.0:5000",
  "payload": 0,
  "prot_payload": "cc,/home/akhil/research/EEBA/libchatter/",
  "crypto_alg": "NOPKI",
  "pk_map": {},
  "secret_key_bytes": [],
  "sk_map": {
    "37": [
      107,
      56,
      168,
      171,
      231,
      101,
      115,
      187,
      151,
      13,
      164,
      100,
      246,
      130,
      134,
      217,
      239,
      128,
      180,
      57,
      69,
      81,
      79,
      72,
      243,
      58,
      239,
      204,
      238,
      127,
      9,
      200
    ],
    "6": [
      19,
      187,
      108,
      104,
      212,
      35,
      26,
      26,
      32,
      111,
      239,
      43,
      165,
      159,
      47,
      115,
      230,
      159,
      59,
      12,
      65,
      163,
      231,
      158,
      191,
      208,
      184,
      22,
      189,
      91,
      182,
      100
    ],
    "33": [
      42,
      179,
      71,
      4,
      50,
      215,
      22,
      9,
      202,
      66,
      56,
      185,
      41,
      28,
      125,
      248,
      213,
      44,
      78,
      154,
      119,
      147,
      111,
      152,
      38,
      96,
      192,
      34,
      44,
      124,
      155,
      224
    ],
    "2": [
      249,
      16,
      112,
      129,
      56,
      214,
      135,
      142,
      109,
      242,
      134,
      183,
      94,
      112,
      49,
      145,
      166,
      154,
      182,
      199,
      5,
      152,
      59,
      32,
      96,
      111,
      162,
      50,
      92,
      177,
      245,
      195
    ],
    "45": [
      211,
      224,
      214,
      68,
      87,
      91,
      122,
      14,
      157,
      89,
      194,
      209,
      149,
      64,
      155,
      61,
      149,
      190,
      146,
      74,
      55,
      46,
      79,
      191,
      3,
      7,
      188,
      61,
      61,
      210,
      160,
      98
    ],
    "14": [
      244,
      119,
      0,
      145,
      206,
      64,
      24,
      207,
      50,
      191,
      86,
      87,
      49,
      129,
      203,
      201,
      249,
      89,
      179,
      134,
      184,
      158,
      9,
      183,
      93,
      6,
      137,
      5,
      249,
      60,
      83,
      238
    ],
    "41": [
      56,
      254,
      3,
      128,
      229,
      117,
      62,
      47,
      90,
      120,
      195,
      179,
      123,
      29,
      246,
      197,
      108,
      247,
      208,
      237,
      82,
      165,
      112,
      152,
      223,
      252,
      222,
      197,
      68,
      46,
      141,
      68
    ],
    "10": [
      226,
      100,
      195,
      198,
      186,
      162,
      19,
      223,
      59,
      173,
      153,
      8,
      233,
      49,
      76,
      219,
      193,
      66,
      60,
      253,
      155,
      226,
      140,
      113,
      215,
      4,
      86,
      131,
      221,
      58,
      123,
      71
    ],
    "53": [
      4,
      43,
      120,
      0,
      209,
      10,
      175,
      237,
      82,
      130,
      138,
      16,
      136,
      86,
      170,
      185,
      29,
      112,
      20,
      130,
      26,
      0,
      112,
      8,
      69,
      240,
      205,
      110,
      20,
      138,
      213,
      64
    ],
    "22": [
      97,
      160,
      88,
      56,
      174,
      103,
      127,
      151,
      240,
      129,
      8,
      126,
      210,
      169,
      143,
      100,
      184,
      86,
      3,
      221,
      105,
      11,
      128,
      48,
      227,
      103,
      84,
      224,
      39,
      155,
      116,
      15
    ],
    "49": [
      52,
      212,
      109,
      19,
      153,
      80,
      94,
      66,
      146,
      247,
      246,
      195,
      9,
      114,
      244,
      154,
      41,
      145,
      217,
      103,
      179,
      205,
      189,
      132,
      56,
      71,
      78,
      115,
      215,
      27,
      242,
      196
    ],
    "18": [
      29,
      7,
      99,
      162,
      142,
      33,
      113,
      9,
      151,
      165,
      182,
      121,
      2,
      193,
      33,
      123,
      151,
      103,
      32,
      254,
      157,
      99,
      231,
      40,
      154,
      201,
      195,
      208,
      59,
      113,
      104,
      49
    ],
    "61": [
      59,
      13,
      111,
      189,
      150,
      152,
      190,
      53,
      34,
      116,
      162,
      77,
      208,
      126,
      105,
      13,
      252,
      119,
      143,
      131,
      2,
      236,
      184,
      153,
      85,
      147,
      104,
      17,
      10,
      60,
      67,
      232
    ],
    "30": [
      207,
      83,
      212,
      111,
      228,
      104,
      196,
      3,
      193,
      94,
      167,
      112,
      2,
      31,
      152,
      129,
      83,
      148,
      36,
      138,
      192,
      14,
      18,
      147,
      54,
      153,
      242,
      81,
      130,
      111,
      73,
      95
    ],
    "57": [
      6,
      246,
      169,
      250,
      202,
      163,
      23,
      137,
      243,
      123,
      150,
      254,
      161,
      102,
      135,
      174,
      227,
      85,
      1,
      65,
      70,
      40,
      116,
      113,
      138,
      82,
      210,
      42,
      63,
      247,
      81,
      108
    ],
    "26": [
      7,
      105,
      197,
      43,
      134,
      186,
      157,
      194,
      230,
      63,
      186,
      76,
      59,
      115,
      158,
      79,
      127,
      20,
      41,
      50,
      241,
      116,
      153,
      2,
      218,
      16,
      222,
      186,
      122,
      228,
      73,
      98
    ],
    "5": [
      80,
      150,
      8,
      134,
      238,
      77,
      5,
      196,
      180,
      14,
      92,
      10,
      206,
      187,
      207,
      80,
      72,
      209,
      16,
      42,
      112,
      90,
      195,
      152,
      21,
      43,
      149,
      23,
      166,
      254,
      78,
      238
    ],
    "36": [
      147,
      8,
      166,
      25,
      92,
      183,
      216,
      137,
      15,
      3,
      7,
      119,
      16,
      207,
      121,
      142,
      174,
      22,
      56,
      186,
      193,
      14,
      203,
      92,
      74,
      186,
      34,
      222,
      92,
      18,
      227,
      116
    ],
    "1": [
      123,
      129,
      26,
      111,
      2,
      208,
      90,
      212,
      33,
      165,
      178,
      123,
      226,
      111,
      197,
      42,
      214,
      155,
      79,
      241,
      169,
      81,
      123,
      53,
      193,
      71,
      41,
      13,
      235,
      114,
      132,
      89
    ],
    "32": [
      218,
      201,
      120,
      114,
      178,
      31,
      160,
      27,
      1,
      146,
      141,
      93,
      87,
      12,
      22,
      251,
      188,
      195,
      0,
      155,
      127,
      141,
      69,
      122,
      19,
      40,
      88,
      96,
      25,
      173,
      165,
      164
    ],
    "13": [
      228,
      164,
      35,
      64,
      62,
      175,
      198,
      225,
      212,
      249,
      187,
      54,
      110,
      117,
      164,
      157,
      98,
      157,
      49,
      141,
      34,
      227,
      19,
      213,
      120,
      172,
      201,
      40,
      249,
      227,
      52,
      144
    ],
    "44": [
      70,
      172,
      57,
      121,
      254,
      5,
      208,
      186,
      173,
      201,
      142,
      110,
      14,
      15,
      20,
      135,
      36,
      78,
      63,
      45,
      210,
      165,
      153,
      247,
      224,
      136,
      122,
      143,
      147,
      121,
      186,
      149
    ],
    "9": [
      160,
      31,
      69,
      73,
      227,
      79,
      59,
      96,
      116,
      174,
      218,
      172,
      2,
      98,
      44,
      190,
      94,
      143,
      246,
      227,
      197,
      16,
      179,
      242,
      229,
      110,
      7,
      165,
      243,
      186,
      244,
      196
    ],
    "40": [
      25,
      194,
      26,
      243,
      133,
      150,
      161,
      222,
      4,
      49,
      199,
      49,
      129,
      166,
      190,
      126,
      241,
      189,
      152,
      246,
      3,
      77,
      248,
      192,
      13,
      133,
      152,
      49,
      50,
      248,
      52,
      45
    ],
    "21": [
      127,
      210,
      97,
      41,
      186,
      113,
      84,
      232,
      137,
      166,
      107,
      113,
      112,
      199,
      163,
      9,
      250,
      174,
      105,
      93,
      43,
      68,
      46,
      37,
      202,
      190,
      217,
      245,
      228,
      132,
      170,
      93
    ],
    "52": [
      227,
      1,
      36,
      87,
      171,
      188,
      47,
      253,
      135,
      79,
      117,
      49,
      239,
      228,
      181,
      236,
      44,
      111,
      193,
      213,
      225,
      119,
      246,
      247,
      194,
      59,
      166,
      35,
      249,
      90,
      172,
      109
    ],
    "17": [
      120,
      222,
      226,
      56,
      76,
      153,
      61,
      213,
      191,
      7,
      240,
      228,
      201,
      253,
      191,
      149,
      42,
      212,
      32,
      78,
      215,
      102,
      117,
      174,
      74,
      241,
      18,
      238,
      5,
      193,
      128,
      119
    ],
    "48": [
      104,
      15,
      104,
      249,
      118,
      171,
      6,
      147,
      219,
      99,
      200,
      81,
      26,
      241,
      79,
      6,
      106,
      3,
      44,
      99,
      188,
      147,
      179,
      246,
      224,
      240,
      177,
      93,
      140,
      158,
      101,
      118
    ],
    "29": [
      109,
      90,
      210,
      238,
      222,
      132,
      88,
      45,
      211,
      68,
      68,
      94,
      222,
      183,
      153,
      212,
      33,
      127,
      25,
      29,
      154,
      93,
      226,
      41,
      21,
      109,
      176,
      177,
      123,
      218,
      225,
      47
    ],
    "60": [
      29,
      213,
      13,
      115,
      246,
      247,
      31,
      171,
      54,
      136,
      138,
      181,
      209,
      175,
      135,
      141,
      130,
      224,
      83,
      163,
      44,
      78,
      74,
      238,
      122,
      0,
      205,
      197,
      6,
      69,
      197,
      103
    ],
    "25": [
      144,
      220,
      233,
      34,
      31,
      75,
      70,
      61,
      56,
      126,
      145,
      76,
      59,
      184,
      6,
      94,
      57,
      186,
      108,
      46,
      113,
      81,
      33,
      58,
      134,
      50,
      124,
      83,
      241,
      247,
      183,
      196
    ],
    "56": [
      241,
      251,
      207,
      182,
      142,
      126,
      116,
      186,
      132,
      243,
      79,
      216,
      145,
      33,
      52,
      217,
      199,
      32,
      8,
      149,
      212,
      135,
      110,
      139,
      119,
      242,
      193,
      23,
      176,
      56,
      212,
      205
    ],
    "4": [
      200,
      157,
      186,
      218,
      235,
      200,
      233,
      85,
      27,
      5,
      115,
      70,
      180,
      60,
      46,
      82,
      241,
      35,
      45,
      160,
      124,
      237,
      233,
      134,
      32,
      210,
      151,
      181,
      195,
      242,
      225,
      77
    ],
    "39": [
      187,
      80,
      181,
      80,
      242,
      10,
      12,
      13,
      130,
      118,
      189,
      10,
      165,
      131,
      133,
      17,
      119,
      226,
      97,
      215,
      165,
      56,
      91,
      26,
      61,
      184,
      156,
      83,
      186,
      229,
      233,
      85
    ],
    "0": [
      5,
      69,
      140,
      250,
      10,
      103,
      190,
      164,
      21,
      136,
      233,
      31,
      214,
      242,
      98,
      35,
      75,
      106,
      55,
      195,
      67,
      180,
      96,
      68,
      231,
      29,
      229,
      246,
      100,
      175,
      84,
      113
    ],
    "35": [
      239,
      20,
      46,
      200,
      56,
      151,
      20,
      228,
      163,
      215,
      61,
      127,
      149,
      37,
      56,
      24,
      16,
      110,
      104,
      37,
      108,
      28,
      179,
      36,
      233,
      219,
      77,
      69,
      161,
      1,
      238,
      213
    ],
    "12": [
      241,
      58,
      127,
      211,
      98,
      200,
      27,
      201,
      68,
      25,
      187,
      57,
      198,
      242,
      187,
      29,
      189,
      106,
      165,
      36,
      39,
      147,
      47,
      42,
      193,
      49,
      6,
      182,
      128,
      87,
      122,
      145
    ],
    "47": [
      66,
      232,
      83,
      164,
      244,
      111,
      51,
      146,
      202,
      205,
      201,
      112,
      87,
      252,
      67,
      115,
      44,
      93,
      66,
      155,
      223,
      125,
      185,
      119,
      237,
      125,
      113,
      109,
      151,
      107,
      216,
      39
    ],
    "8": [
      22,
      188,
      218,
      204,
      185,
      166,
      196,
      103,
      139,
      64,
      113,
      211,
      179,
      60,
      101,
      1,
      92,
      86,
      241,
      96,
      230,
      27,
      242,
      217,
      7,
      26,
      181,
      241,
      50,
      228,
      209,
      119
    ],
    "43": [
      242,
      41,
      148,
      37,
      236,
      136,
      131,
      22,
      55,
      59,
      112,
      137,
      154,
      124,
      26,
      251,
      46,
      179,
      153,
      226,
      114,
      118,
      181,
      46,
      159,
      166,
      224,
      36,
      244,
      70,
      13,
      141
    ],
    "20": [
      101,
      74,
      103,
      3,
      229,
      230,
      123,
      193,
      204,
      34,
      150,
      242,
      186,
      142,
      40,
      244,
      165,
      43,
      157,
      28,
      251,
      106,
      35,
      77,
      246,
      147,
      224,
      172,
      41,
      241,
      117,
      104
    ],
    "55": [
      91,
      23,
      78,
      16,
      187,
      212,
      99,
      66,
      234,
      218,
      162,
      18,
      102,
      89,
      24,
      231,
      47,
      93,
      183,
      67,
      95,
      187,
      213,
      78,
      134,
      169,
      6,
      202,
      75,
      176,
      59,
      34
    ],
    "16": [
      161,
      7,
      112,
      65,
      4,
      212,
      196,
      120,
      207,
      249,
      220,
      169,
      132,
      161,
      201,
      37,
      190,
      74,
      226,
      104,
      253,
      6,
      116,
      54,
      23,
      33,
      114,
      59,
      247,
      118,
      29,
      149
    ],
    "51": [
      206,
      5,
      145,
      190,
      100,
      81,
      188,
      146,
      2,
      120,
      252,
      251,
      131,
      147,
      72,
      133,
      210,
      191,
      246,
      189,
      83,
      37,
      177,
      68,
      141,
      172,
      234,
      211,
      126,
      253,
      19,
      104
    ],
    "28": [
      224,
      190,
      127,
      38,
      16,
      186,
      146,
      114,
      234,
      51,
      205,
      27,
      14,
      88,
      188,
      3,
      200,
      238,
      38,
      196,
      132,
      170,
      224,
      186,
      71,
      83,
      118,
      252,
      216,
      232,
      69,
      196
    ],
    "63": [
      75,
      211,
      26,
      121,
      42,
      171,
      248,
      58,
      180,
      1,
      183,
      120,
      132,
      191,
      250,
      221,
      117,
      74,
      167,
      170,
      249,
      134,
      232,
      129,
      185,
      13,
      84,
      115,
      75,
      237,
      197,
      19
    ],
    "24": [
      74,
      225,
      254,
      41,
      76,
      237,
      165,
      86,
      128,
      214,
      243,
      186,
      138,
      71,
      177,
      28,
      39,
      231,
      16,
      62,
      176,
      55,
      140,
      69,
      60,
      18,
      159,
      192,
      48,
      163,
      212,
      252
    ],
    "59": [
      99,
      66,
      75,
      164,
      242,
      8,
      112,
      177,
      173,
      185,
      188,
      75,
      23,
      152,
      13,
      103,
      105,
      249,
      85,
      123,
      192,
      7,
      96,
      147,
      52,
      50,
      128,
      182,
      68,
      48,
      248,
      66
    ],
    "7": [
      175,
      169,
      55,
      106,
      28,
      222,
      210,
      144,
      222,
      128,
      74,
      236,
      230,
      251,
      183,
      153,
      120,
      241,
      97,
      71,
      136,
      185,
      54,
      3,
      201,
      187,
      81,
      166,
      46,
      160,
      6,
      88
    ],
    "38": [
      226,
      254,
      39,
      207,
      169,
      151,
      247,
      118,
      235,
      218,
      109,
      232,
      138,
      234,
      63,
      230,
      45,
      189,
      116,
      118,
      157,
      54,
      125,
      205,
      51,
      248,
      125,
      2,
      197,
      61,
      11,
      211
    ],
    "3": [
      92,
      37,
      113,
      176,
      134,
      98,
      28,
      217,
      22,
      240,
      28,
      250,
      133,
      209,
      232,
      52,
      150,
      34,
      248,
      15,
      172,
      90,
      235,
      21,
      92,
      153,
      61,
      206,
      138,
      134,
      207,
      83
    ],
    "34": [
      23,
      22,
      57,
      192,
      26,
      153,
      177,
      166,
      180,
      16,
      113,
      39,
      186,
      111,
      26,
      126,
      241,
      93,
      144,
      26,
      51,
      10,
      53,
      230,
      109,
      110,
      243,
      191,
      53,
      46,
      147,
      99
    ],
    "15": [
      27,
      222,
      171,
      137,
      146,
      244,
      167,
      204,
      74,
      74,
      141,
      161,
      183,
      164,
      118,
      115,
      126,
      176,
      242,
      115,
      196,
      92,
      179,
      174,
      116,
      19,
      246,
      70,
      173,
      174,
      89,
      227
    ],
    "46": [
      55,
      78,
      211,
      174,
      108,
      250,
      7,
      250,
      33,
      248,
      110,
      243,
      41,
      169,
      129,
      216,
      237,
      244,
      49,
      41,
      223,
      147,
      167,
      63,
      45,
      69,
      189,
      51,
      174,
      204,
      49,
      234
    ],
    "11": [
      186,
      85,
      28,
      202,
      205,
      123,
      126,
      45,
      190,
      207,
      171,
      168,
      102,
      212,
      66,
      244,
      107,
      20,
      49,
      110,
      221,
      157,
      98,
      206,
      150,
      213,
      1,
      27,
      154,
      76,
      73,
      207
    ],
    "42": [
      57,
      78,
      207,
      115,
      136,
      21,
      158,
      224,
      136,
      208,
      16,
      43,
      215,
      22,
      35,
      153,
      17,
      236,
      251,
      151,
      120,
      241,
      38,
      180,
      246,
      98,
      43,
      208,
      4,
      196,
      187,
      108
    ],
    "23": [
      138,
      174,
      69,
      83,
      176,
      92,
      104,
      87,
      245,
      190,
      247,
      184,
      1,
      191,
      246,
      109,
      62,
      171,
      35,
      80,
      163,
      155,
      134,
      22,
      21,
      228,
      249,
      211,
      76,
      58,
      162,
      60
    ],
    "54": [
      177,
      132,
      10,
      85,
      90,
      27,
      17,
      192,
      105,
      102,
      127,
      245,
      120,
      4,
      4,
      52,
      205,
      102,
      194,
      195,
      16,
      12,
      161,
      183,
      133,
      235,
      142,
      64,
      133,
      168,
      160,
      26
    ],
    "19": [
      111,
      109,
      190,
      209,
      170,
      243,
      44,
      203,
      67,
      185,
      244,
      124,
      231,
      36,
      227,
      57,
      252,
      119,
      141,
      73,
      189,
      248,
      1,
      252,
      236,
      181,
      154,
      94,
      50,
      44,
      149,
      84
    ],
    "50": [
      21,
      247,
      8,
      107,
      105,
      165,
      121,
      81,
      145,
      41,
      12,
      210,
      193,
      167,
      8,
      29,
      86,
      220,
      250,
      225,
      62,
      115,
      88,
      78,
      177,
      154,
      43,
      88,
      173,
      139,
      141,
      90
    ],
    "31": [
      48,
      102,
      206,
      192,
      232,
      250,
      133,
      11,
      205,
      22,
      245,
      130,
      214,
      93,
      0,
      46,
      253,
      72,
      242,
      92,
      77,
      125,
      109,
      189,
      158,
      14,
      53,
      134,
      138,
      150,
      35,
      198
    ],
    "62": [
      67,
      10,
      11,
      180,
      156,
      12,
      237,
      58,
      211,
      220,
      24,
      196,
      246,
      21,
      96,
      22,
      174,
      189,
      136,
      113,
      28,
      120,
      103,
      65,
      29,
      59,
      33,
      73,
      83,
      160,
      124,
      47
    ],
    "27": [
      106,
      113,
      46,
      121,
      232,
      62,
      69,
      234,
      216,
      93,
      93,
      126,
      96,
      220,
      160,
      220,
      45,
      33,
      110,
      51,
      137,
      155,
      78,
      154,
      212,
      81,
      247,
      248,
      59,
      244,
      83,
      194
    ],
    "58": [
      7,
      226,
      133,
      101,
      61,
      227,
      138,
      240,
      191,
      66,
      19,
      218,
      186,
      17,
      108,
      211,
      38,
      44,
      97,
      168,
      146,
      167,
      216,
      126,
      147,
      187,
      219,
      228,
      179,
      180,
      59,
      59
    ]
  },
  "my_cert": [],
  "my_cert_key": [],
  "root_cert": []
}