{
  "net_map": {
    "37": "127.0.0.1:8537",
    "6": "127.0.0.1:8506",
    "33": "127.0.0.1:8533",
    "64": "127.0.0.1:9000",
    "2": "127.0.0.1:8502",
    "45": "127.0.0.1:8545",
    "14": "127.0.0.1:8514",
    "41": "127.0.0.1:8541",
    "10": "127.0.0.1:8510",
    "53": "127.0.0.1:8553",
    "22": "127.0.0.1:8522",
    "49": "127.0.0.1:8549",
    "18": "127.0.0.1:8518",
    "61": "127.0.0.1:8561",
    "30": "127.0.0.1:8530",
    "57": "127.0.0.1:8557",
    "26": "127.0.0.1:8526",
    "5": "127.0.0.1:8505",
    "36": "127.0.0.1:8536",
    "1": "127.0.0.1:8501",
    "32": "127.0.0.1:8532",
    "13": "127.0.0.1:8513",
    "44": "127.0.0.1:8544",
    "9": "127.0.0.1:8509",
    "40": "127.0.0.1:8540",
    "21": "127.0.0.1:8521",
    "52": "127.0.0.1:8552",
    "17": "127.0.0.1:8517",
    "48": "127.0.0.1:8548",
    "29": "127.0.0.1:8529",
    "60": "127.0.0.1:8560",
    "25": "127.0.0.1:8525",
    "56": "127.0.0.1:8556",
    "4": "127.0.0.1:8504",
    "39": "127.0.0.1:8539",
    "0": "127.0.0.1:8500",
    "35": "127.0.0.1:8535",
    "12": "127.0.0.1:8512",
    "47": "127.0.0.1:8547",
    "8": "127.0.0.1:8508",
    "43": "127.0.0.1:8543",
    "20": "127.0.0.1:8520",
    "55": "127.0.0.1:8555",
    "16": "127.0.0.1:8516",
    "51": "127.0.0.1:8551",
    "28": "127.0.0.1:8528",
    "63": "127.0.0.1:8563",
    "24": "127.0.0.1:8524",
    "59": "127.0.0.1:8559",
    "7": "127.0.0.1:8507",
    "38": "127.0.0.1:8538",
    "3": "127.0.0.1:8503",
    "34": "127.0.0.1:8534",
    "15": "127.0.0.1:8515",
    "46": "127.0.0.1:8546",
    "11": "127.0.0.1:8511",
    "42": "127.0.0.1:8542",
    "23": "127.0.0.1:8523",
    "54": "127.0.0.1:8554",
    "19": "127.0.0.1:8519",
    "50": "127.0.0.1:8550",
    "31": "127.0.0.1:8531",
    "62": "127.0.0.1:8562",
    "27": "127.0.0.1:8527",
    "58": "127.0.0.1:8558"
  },
  "delta": 100,
  "id": 33,
  "num_nodes": 64,
  "num_faults": 21,
  "block_size": 100,
  "client_port": 7033,
  "client_addr": "0.0.0.0:5000",
  "payload": 0,
  "prot_payload": "cc,/home/akhil/research/EEBA/libchatter/",
  "crypto_alg": "NOPKI",
  "pk_map": {},
  "secret_key_bytes": [],
  "sk_map": {
    "37": [
      188,
      151,
      63,
      223,
      57,
      188,
      139,
      86,
      110,
      51,
      230,
      124,
      81,
      180,
      104,
      165,
      6,
      104,
      214,
      65,
      75,
      136,
      53,
      20,
      234,
      224,
      30,
      165,
      12,
      46,
      161,
      226
    ],
    "6": [
      238,
      128,
      52,
      136,
      121,
      157,
      253,
      65,
      188,
      18,
      126,
      14,
      92,
      115,
      86,
      217,
      117,
      20,
      7,
      228,
      164,
      8,
      96,
      216,
      154,
      47,
      160,
      176,
      136,
      62,
      124,
      77
    ],
    "33": [
      124,
      184,
      73,
      67,
      253,
      209,
      115,
      203,
      9,
      231,
      170,
      107,
      200,
      234,
      106,
      210,
      83,
      250,
      186,
      88,
      235,
      52,
      134,
      99,
      217,
      4,
      28,
      43,
      213,
      238,
      196,
      233
    ],
    "2": [
      7,
      117,
      172,
      116,
      84,
      134,
      50,
      74,
      124,
      176,
      70,
      113,
      169,
      226,
      216,
      44,
      245,
      0,
      137,
      29,
      163,
      40,
      60,
      101,
      133,
      55,
      136,
      132,
      60,
      131,
      201,
      195
    ],
    "45": [
      121,
      140,
      145,
      212,
      62,
      93,
      45,
      168,
      134,
      29,
      19,
      85,
      118,
      140,
      239,
      114,
      105,
      9,
      27,
      102,
      65,
      153,
      24,
      152,
      234,
      122,
      211,
      253,
      217,
      184,
      209,
      126
    ],
    "14": [
      253,
      78,
      203,
      161,
      89,
      203,
      70,
      219,
      251,
      64,
      225,
      95,
      235,
      144,
      160,
      239,
      25,
      46,
      20,
      150,
      39,
      250,
      96,
      104,
      167,
      126,
      99,
      84,
      224,
      16,
      213,
      2
    ],
    "41": [
      251,
      61,
      145,
      73,
      136,
      144,
      109,
      191,
      200,
      4,
      92,
      255,
      137,
      212,
      197,
      185,
      142,
      45,
      146,
      60,
      88,
      139,
      235,
      120,
      191,
      70,
      102,
      255,
      214,
      243,
      187,
      125
    ],
    "10": [
      130,
      192,
      112,
      109,
      66,
      178,
      122,
      47,
      71,
      80,
      56,
      195,
      207,
      200,
      96,
      219,
      98,
      63,
      7,
      72,
      205,
      189,
      162,
      93,
      36,
      123,
      47,
      83,
      88,
      43,
      40,
      64
    ],
    "53": [
      83,
      219,
      179,
      202,
      120,
      112,
      146,
      35,
      171,
      83,
      145,
      249,
      240,
      4,
      229,
      26,
      57,
      74,
      234,
      109,
      119,
      105,
      53,
      20,
      100,
      90,
      172,
      139,
      228,
      154,
      92,
      75
    ],
    "22": [
      21,
      206,
      249,
      63,
      206,
      203,
      190,
      66,
      197,
      157,
      27,
      196,
      108,
      88,
      164,
      200,
      1,
      136,
      153,
      251,
      146,
      108,
      230,
      162,
      50,
      202,
      55,
      222,
      67,
      109,
      24,
      87
    ],
    "49": [
      138,
      6,
      150,
      228,
      143,
      249,
      10,
      82,
      3,
      185,
      253,
      191,
      18,
      240,
      238,
      160,
      206,
      35,
      32,
      31,
      78,
      106,
      204,
      130,
      26,
      176,
      26,
      3,
      110,
      14,
      34,
      40
    ],
    "18": [
      42,
      37,
      15,
      78,
      58,
      236,
      4,
      207,
      192,
      91,
      164,
      6,
      27,
      163,
      120,
      225,
      125,
      152,
      201,
      38,
      0,
      43,
      95,
      158,
      44,
      179,
      89,
      43,
      123,
      118,
      108,
      43
    ],
    "61": [
      77,
      78,
      200,
      91,
      40,
      105,
      169,
      190,
      56,
      237,
      12,
      201,
      220,
      185,
      20,
      222,
      55,
      175,
      158,
      34,
      247,
      45,
      92,
      123,
      149,
      121,
      109,
      226,
      36,
      196,
      215,
      128
    ],
    "30": [
      168,
      35,
      138,
      21,
      95,
      92,
      138,
      91,
      5,
      193,
      21,
      144,
      241,
      0,
      252,
      58,
      250,
      9,
      96,
      72,
      164,
      144,
      213,
      58,
      113,
      72,
      104,
      47,
      167,
      206,
      11,
      146
    ],
    "57": [
      188,
      249,
      133,
      206,
      140,
      47,
      101,
      107,
      114,
      6,
      204,
      94,
      119,
      73,
      251,
      104,
      236,
      234,
      79,
      235,
      54,
      48,
      19,
      103,
      109,
      169,
      245,
      209,
      108,
      11,
      211,
      43
    ],
    "26": [
      30,
      203,
      151,
      160,
      245,
      155,
      64,
      84,
      159,
      190,
      109,
      43,
      153,
      55,
      129,
      91,
      177,
      111,
      234,
      120,
      173,
      131,
      102,
      177,
      192,
      238,
      64,
      33,
      1,
      111,
      30,
      212
    ],
    "5": [
      5,
      164,
      101,
      235,
      171,
      94,
      147,
      212,
      154,
      228,
      151,
      63,
      55,
      184,
      74,
      169,
      197,
      172,
      197,
      244,
      110,
      248,
      11,
      113,
      48,
      110,
      136,
      131,
      126,
      223,
      201,
      79
    ],
    "36": [
      249,
      179,
      89,
      229,
      203,
      17,
      149,
      46,
      250,
      146,
      11,
      124,
      243,
      51,
      177,
      182,
      6,
      103,
      242,
      75,
      29,
      40,
      50,
      118,
      64,
      2,
      21,
      24,
      22,
      137,
      189,
      211
    ],
    "1": [
      110,
      65,
      244,
      193,
      223,
      11,
      219,
      125,
      240,
      95,
      202,
      110,
      153,
      57,
      242,
      240,
      181,
      185,
      54,
      204,
      113,
      82,
      169,
      215,
      172,
      116,
      151,
      133,
      46,
      121,
      96,
      115
    ],
    "32": [
      206,
      130,
      55,
      143,
      205,
      122,
      61,
      35,
      186,
      121,
      79,
      193,
      189,
      201,
      237,
      49,
      199,
      73,
      69,
      120,
      249,
      216,
      43,
      225,
      49,
      172,
      98,
      57,
      93,
      69,
      132,
      210
    ],
    "13": [
      199,
      135,
      86,
      158,
      228,
      230,
      66,
      185,
      191,
      68,
      98,
      74,
      203,
      237,
      127,
      149,
      170,
      26,
      89,
      2,
      46,
      193,
      127,
      187,
      28,
      167,
      71,
      6,
      148,
      91,
      182,
      74
    ],
    "44": [
      145,
      163,
      41,
      90,
      123,
      20,
      108,
      66,
      178,
      105,
      205,
      86,
      82,
      185,
      89,
      210,
      246,
      130,
      17,
      72,
      192,
      132,
      126,
      96,
      120,
      40,
      68,
      213,
      118,
      252,
      183,
      4
    ],
    "9": [
      239,
      200,
      15,
      91,
      117,
      142,
      86,
      111,
      39,
      68,
      0,
      111,
      40,
      108,
      83,
      8,
      171,
      99,
      98,
      89,
      47,
      167,
      61,
      25,
      33,
      111,
      15,
      36,
      40,
      95,
      184,
      194
    ],
    "40": [
      138,
      190,
      185,
      234,
      1,
      65,
      248,
      68,
      109,
      202,
      226,
      190,
      183,
      149,
      206,
      122,
      31,
      233,
      185,
      83,
      255,
      29,
      192,
      64,
      254,
      185,
      172,
      9,
      179,
      113,
      68,
      84
    ],
    "21": [
      209,
      173,
      99,
      116,
      61,
      93,
      24,
      225,
      14,
      14,
      211,
      215,
      62,
      17,
      159,
      64,
      58,
      140,
      174,
      69,
      233,
      168,
      198,
      151,
      153,
      64,
      109,
      49,
      16,
      140,
      216,
      192
    ],
    "52": [
      147,
      151,
      128,
      28,
      46,
      163,
      187,
      142,
      235,
      120,
      32,
      181,
      122,
      38,
      133,
      220,
      48,
      226,
      136,
      217,
      7,
      165,
      118,
      117,
      81,
      103,
      51,
      210,
      98,
      21,
      200,
      181
    ],
    "17": [
      198,
      249,
      119,
      46,
      8,
      224,
      28,
      84,
      123,
      96,
      20,
      220,
      165,
      88,
      71,
      224,
      233,
      42,
      163,
      222,
      77,
      6,
      220,
      172,
      247,
      120,
      241,
      170,
      245,
      177,
      29,
      78
    ],
    "48": [
      79,
      133,
      173,
      154,
      1,
      94,
      35,
      84,
      147,
      44,
      90,
      51,
      224,
      121,
      238,
      242,
      121,
      45,
      11,
      250,
      159,
      250,
      91,
      137,
      96,
      69,
      178,
      233,
      203,
      125,
      61,
      54
    ],
    "29": [
      0,
      233,
      228,
      71,
      208,
      60,
      134,
      70,
      95,
      165,
      77,
      198,
      166,
      239,
      7,
      85,
      103,
      178,
      87,
      246,
      24,
      139,
      247,
      33,
      182,
      33,
      197,
      101,
      119,
      159,
      47,
      117
    ],
    "60": [
      203,
      18,
      251,
      92,
      105,
      30,
      241,
      203,
      11,
      70,
      172,
      105,
      98,
      214,
      49,
      224,
      190,
      221,
      209,
      7,
      217,
      168,
      243,
      69,
      115,
      163,
      50,
      56,
      136,
      72,
      45,
      7
    ],
    "25": [
      73,
      4,
      123,
      43,
      54,
      181,
      115,
      157,
      171,
      85,
      113,
      188,
      9,
      31,
      184,
      83,
      132,
      51,
      158,
      115,
      59,
      162,
      101,
      203,
      49,
      201,
      5,
      80,
      134,
      17,
      67,
      140
    ],
    "56": [
      131,
      199,
      35,
      47,
      131,
      187,
      158,
      180,
      99,
      88,
      0,
      53,
      95,
      142,
      176,
      8,
      90,
      65,
      94,
      221,
      192,
      172,
      182,
      40,
      13,
      162,
      247,
      160,
      28,
      23,
      246,
      184
    ],
    "4": [
      244,
      27,
      134,
      150,
      58,
      160,
      227,
      188,
      44,
      73,
      65,
      202,
      12,
      0,
      210,
      120,
      182,
      28,
      211,
      224,
      135,
      244,
      64,
      177,
      146,
      192,
      143,
      105,
      24,
      34,
      126,
      2
    ],
    "39": [
      89,
      176,
      125,
      171,
      212,
      196,
      116,
      12,
      156,
      41,
      45,
      82,
      13,
      124,
      67,
      103,
      159,
      15,
      165,
      137,
      229,
      102,
      99,
      119,
      253,
      66,
      223,
      186,
      188,
      5,
      118,
      93
    ],
    "0": [
      229,
      237,
      152,
      187,
      162,
      185,
      208,
      173,
      140,
      179,
      101,
      57,
      251,
      50,
      33,
      206,
      222,
      222,
      149,
      190,
      104,
      145,
      192,
      160,
      23,
      207,
      193,
      36,
      92,
      154,
      164,
      203
    ],
    "35": [
      100,
      20,
      195,
      120,
      126,
      5,
      131,
      172,
      117,
      169,
      85,
      49,
      167,
      8,
      224,
      115,
      95,
      186,
      57,
      219,
      115,
      7,
      97,
      67,
      136,
      166,
      13,
      3,
      233,
      203,
      180,
      51
    ],
    "12": [
      104,
      141,
      241,
      129,
      212,
      110,
      23,
      250,
      85,
      228,
      8,
      112,
      200,
      225,
      115,
      198,
      87,
      254,
      250,
      83,
      92,
      3,
      123,
      117,
      107,
      189,
      38,
      81,
      75,
      187,
      44,
      14
    ],
    "47": [
      181,
      136,
      234,
      69,
      187,
      172,
      93,
      140,
      133,
      145,
      210,
      80,
      142,
      139,
      127,
      141,
      168,
      227,
      61,
      100,
      121,
      14,
      219,
      97,
      191,
      157,
      70,
      239,
      110,
      135,
      161,
      199
    ],
    "8": [
      85,
      57,
      134,
      183,
      250,
      106,
      78,
      194,
      88,
      64,
      207,
      4,
      162,
      145,
      167,
      91,
      204,
      35,
      50,
      171,
      83,
      157,
      148,
      221,
      13,
      226,
      254,
      73,
      71,
      152,
      254,
      76
    ],
    "43": [
      88,
      53,
      76,
      149,
      183,
      33,
      80,
      226,
      183,
      87,
      126,
      52,
      188,
      111,
      60,
      118,
      38,
      207,
      159,
      178,
      214,
      188,
      167,
      221,
      179,
      223,
      209,
      34,
      224,
      118,
      17,
      35
    ],
    "20": [
      190,
      68,
      83,
      90,
      19,
      197,
      63,
      74,
      1,
      31,
      62,
      0,
      36,
      78,
      18,
      104,
      31,
      6,
      133,
      124,
      189,
      243,
      191,
      19,
      230,
      6,
      7,
      242,
      166,
      63,
      118,
      62
    ],
    "55": [
      110,
      236,
      83,
      244,
      203,
      160,
      183,
      84,
      12,
      213,
      21,
      242,
      117,
      182,
      135,
      11,
      116,
      25,
      217,
      152,
      49,
      75,
      19,
      41,
      163,
      159,
      229,
      2,
      71,
      234,
      130,
      107
    ],
    "16": [
      64,
      241,
      246,
      17,
      123,
      21,
      203,
      69,
      167,
      48,
      20,
      166,
      92,
      193,
      131,
      36,
      0,
      6,
      57,
      137,
      78,
      127,
      189,
      242,
      249,
      206,
      65,
      169,
      92,
      95,
      98,
      49
    ],
    "51": [
      139,
      25,
      107,
      96,
      250,
      91,
      0,
      220,
      95,
      10,
      156,
      70,
      0,
      108,
      137,
      149,
      196,
      170,
      48,
      205,
      69,
      248,
      66,
      194,
      195,
      48,
      109,
      233,
      95,
      168,
      161,
      110
    ],
    "28": [
      20,
      64,
      155,
      122,
      178,
      26,
      87,
      207,
      217,
      78,
      136,
      230,
      10,
      101,
      229,
      29,
      9,
      243,
      123,
      53,
      77,
      24,
      110,
      150,
      163,
      3,
      239,
      129,
      208,
      205,
      118,
      243
    ],
    "63": [
      158,
      94,
      60,
      144,
      113,
      39,
      18,
      120,
      42,
      178,
      185,
      43,
      70,
      82,
      53,
      42,
      150,
      206,
      95,
      150,
      48,
      204,
      22,
      162,
      187,
      75,
      74,
      118,
      243,
      41,
      32,
      51
    ],
    "24": [
      86,
      70,
      29,
      80,
      239,
      206,
      230,
      195,
      62,
      237,
      252,
      128,
      211,
      187,
      248,
      206,
      227,
      248,
      93,
      134,
      153,
      104,
      247,
      132,
      108,
      176,
      37,
      201,
      144,
      159,
      33,
      23
    ],
    "59": [
      162,
      65,
      17,
      10,
      234,
      47,
      76,
      101,
      155,
      16,
      189,
      89,
      27,
      213,
      73,
      0,
      19,
      112,
      236,
      79,
      96,
      201,
      186,
      32,
      116,
      230,
      9,
      92,
      29,
      241,
      238,
      176
    ],
    "7": [
      154,
      54,
      115,
      149,
      23,
      24,
      13,
      250,
      109,
      219,
      21,
      137,
      107,
      92,
      105,
      52,
      44,
      22,
      88,
      129,
      166,
      124,
      60,
      39,
      176,
      120,
      205,
      77,
      179,
      79,
      221,
      40
    ],
    "38": [
      188,
      97,
      134,
      5,
      77,
      233,
      204,
      182,
      88,
      19,
      100,
      45,
      191,
      179,
      96,
      223,
      28,
      231,
      70,
      89,
      34,
      245,
      106,
      254,
      68,
      142,
      69,
      93,
      201,
      125,
      131,
      184
    ],
    "3": [
      189,
      226,
      170,
      170,
      150,
      53,
      218,
      135,
      52,
      100,
      21,
      219,
      174,
      226,
      128,
      185,
      144,
      96,
      138,
      95,
      151,
      183,
      88,
      131,
      107,
      100,
      105,
      119,
      197,
      116,
      36,
      111
    ],
    "34": [
      86,
      206,
      187,
      216,
      75,
      164,
      114,
      10,
      66,
      158,
      167,
      86,
      81,
      212,
      230,
      125,
      212,
      139,
      253,
      47,
      13,
      58,
      58,
      27,
      132,
      5,
      32,
      91,
      221,
      104,
      116,
      183
    ],
    "15": [
      26,
      113,
      99,
      106,
      237,
      80,
      126,
      186,
      49,
      72,
      140,
      0,
      127,
      50,
      102,
      130,
      19,
      192,
      26,
      152,
      25,
      70,
      122,
      146,
      149,
      202,
      152,
      199,
      107,
      66,
      28,
      240
    ],
    "46": [
      159,
      253,
      206,
      195,
      123,
      137,
      104,
      232,
      168,
      239,
      59,
      127,
      74,
      20,
      3,
      120,
      234,
      219,
      188,
      128,
      156,
      59,
      151,
      224,
      225,
      15,
      178,
      29,
      49,
      252,
      28,
      2
    ],
    "11": [
      67,
      41,
      170,
      13,
      47,
      204,
      202,
      214,
      185,
      4,
      207,
      1,
      119,
      105,
      23,
      170,
      88,
      89,
      225,
      68,
      62,
      94,
      157,
      125,
      104,
      9,
      148,
      210,
      52,
      189,
      172,
      183
    ],
    "42": [
      246,
      74,
      58,
      161,
      75,
      252,
      114,
      81,
      178,
      86,
      165,
      105,
      191,
      141,
      126,
      63,
      230,
      58,
      243,
      50,
      237,
      115,
      83,
      209,
      12,
      158,
      239,
      90,
      110,
      197,
      77,
      230
    ],
    "23": [
      193,
      18,
      208,
      141,
      148,
      166,
      161,
      214,
      171,
      120,
      97,
      29,
      197,
      218,
      100,
      191,
      228,
      127,
      152,
      6,
      146,
      208,
      152,
      16,
      5,
      33,
      210,
      234,
      192,
      62,
      12,
      111
    ],
    "54": [
      176,
      233,
      249,
      69,
      193,
      69,
      49,
      36,
      130,
      88,
      26,
      153,
      233,
      40,
      182,
      211,
      142,
      89,
      8,
      171,
      247,
      19,
      121,
      60,
      89,
      90,
      225,
      195,
      1,
      179,
      28,
      132
    ],
    "19": [
      83,
      127,
      174,
      8,
      24,
      9,
      183,
      171,
      87,
      14,
      144,
      65,
      164,
      210,
      140,
      236,
      70,
      164,
      131,
      82,
      6,
      207,
      220,
      35,
      184,
      160,
      217,
      224,
      85,
      76,
      231,
      44
    ],
    "50": [
      245,
      143,
      20,
      20,
      237,
      109,
      7,
      112,
      67,
      179,
      202,
      21,
      175,
      240,
      138,
      105,
      129,
      208,
      192,
      171,
      17,
      178,
      87,
      15,
      214,
      244,
      176,
      106,
      195,
      20,
      232,
      219
    ],
    "31": [
      134,
      91,
      59,
      143,
      46,
      204,
      179,
      209,
      32,
      146,
      225,
      89,
      222,
      10,
      170,
      198,
      71,
      208,
      99,
      84,
      109,
      4,
      89,
      190,
      99,
      39,
      46,
      195,
      53,
      245,
      16,
      57
    ],
    "62": [
      216,
      0,
      202,
      98,
      223,
      83,
      188,
      154,
      127,
      52,
      144,
      208,
      198,
      51,
      221,
      71,
      102,
      162,
      38,
      156,
      169,
      213,
      164,
      129,
      176,
      205,
      163,
      178,
      59,
      249,
      200,
      69
    ],
    "27": [
      42,
      179,
      71,
      4,
      50,
      215,
      22,
      9,
      202,
      66,
      56,
      185,
      41,
      28,
      125,
      248,
      213,
      44,
      78,
      154,
      119,
      147,
      111,
      152,
      38,
      96,
      192,
      34,
      44,
      124,
      155,
      224
    ],
    "58": [
      83,
      171,
      222,
      104,
      176,
      235,
      116,
      84,
      67,
      164,
      69,
      254,
      208,
      49,
      30,
      81,
      181,
      163,
      161,
      187,
      151,
      92,
      2,
      208,
      49,
      33,
      32,
      183,
      183,
      181,
      76,
      183
    ]
  },
  "my_cert": [],
  "my_cert_key": [],
  "root_cert": []
}