{
  "net_map": {
    "37": "127.0.0.1:8537",
    "6": "127.0.0.1:8506",
    "33": "127.0.0.1:8533",
    "64": "127.0.0.1:9000",
    "2": "127.0.0.1:8502",
    "45": "127.0.0.1:8545",
    "14": "127.0.0.1:8514",
    "41": "127.0.0.1:8541",
    "10": "127.0.0.1:8510",
    "53": "127.0.0.1:8553",
    "22": "127.0.0.1:8522",
    "49": "127.0.0.1:8549",
    "18": "127.0.0.1:8518",
    "61": "127.0.0.1:8561",
    "30": "127.0.0.1:8530",
    "57": "127.0.0.1:8557",
    "26": "127.0.0.1:8526",
    "5": "127.0.0.1:8505",
    "36": "127.0.0.1:8536",
    "1": "127.0.0.1:8501",
    "32": "127.0.0.1:8532",
    "13": "127.0.0.1:8513",
    "44": "127.0.0.1:8544",
    "9": "127.0.0.1:8509",
    "40": "127.0.0.1:8540",
    "21": "127.0.0.1:8521",
    "52": "127.0.0.1:8552",
    "17": "127.0.0.1:8517",
    "48": "127.0.0.1:8548",
    "29": "127.0.0.1:8529",
    "60": "127.0.0.1:8560",
    "25": "127.0.0.1:8525",
    "56": "127.0.0.1:8556",
    "4": "127.0.0.1:8504",
    "39": "127.0.0.1:8539",
    "0": "127.0.0.1:8500",
    "35": "127.0.0.1:8535",
    "12": "127.0.0.1:8512",
    "47": "127.0.0.1:8547",
    "8": "127.0.0.1:8508",
    "43": "127.0.0.1:8543",
    "20": "127.0.0.1:8520",
    "55": "127.0.0.1:8555",
    "16": "127.0.0.1:8516",
    "51": "127.0.0.1:8551",
    "28": "127.0.0.1:8528",
    "63": "127.0.0.1:8563",
    "24": "127.0.0.1:8524",
    "59": "127.0.0.1:8559",
    "7": "127.0.0.1:8507",
    "38": "127.0.0.1:8538",
    "3": "127.0.0.1:8503",
    "34": "127.0.0.1:8534",
    "15": "127.0.0.1:8515",
    "46": "127.0.0.1:8546",
    "11": "127.0.0.1:8511",
    "42": "127.0.0.1:8542",
    "23": "127.0.0.1:8523",
    "54": "127.0.0.1:8554",
    "19": "127.0.0.1:8519",
    "50": "127.0.0.1:8550",
    "31": "127.0.0.1:8531",
    "62": "127.0.0.1:8562",
    "27": "127.0.0.1:8527",
    "58": "127.0.0.1:8558"
  },
  "delta": 100,
  "id": 57,
  "num_nodes": 64,
  "num_faults": 21,
  "block_size": 100,
  "client_port": 7057,
  "client_addr": "0.0.0.0:5000",
  "payload": 0,
  "prot_payload": "cc,/home/akhil/research/EEBA/libchatter/",
  "crypto_alg": "NOPKI",
  "pk_map": {},
  "secret_key_bytes": [],
  "sk_map": {
    "37": [
      172,
      5,
      77,
      128,
      89,
      189,
      80,
      96,
      19,
      103,
      17,
      208,
      59,
      144,
      215,
      52,
      132,
      147,
      105,
      79,
      1,
      96,
      47,
      111,
      246,
      17,
      21,
      183,
      242,
      242,
      193,
      61
    ],
    "6": [
      45,
      153,
      165,
      204,
      54,
      186,
      250,
      134,
      30,
      245,
      187,
      208,
      129,
      72,
      78,
      158,
      228,
      141,
      38,
      95,
      191,
      104,
      86,
      159,
      13,
      239,
      16,
      228,
      84,
      19,
      232,
      120
    ],
    "33": [
      188,
      249,
      133,
      206,
      140,
      47,
      101,
      107,
      114,
      6,
      204,
      94,
      119,
      73,
      251,
      104,
      236,
      234,
      79,
      235,
      54,
      48,
      19,
      103,
      109,
      169,
      245,
      209,
      108,
      11,
      211,
      43
    ],
    "2": [
      16,
      120,
      134,
      161,
      74,
      207,
      211,
      247,
      8,
      39,
      213,
      222,
      96,
      172,
      6,
      39,
      60,
      219,
      188,
      49,
      17,
      201,
      17,
      194,
      139,
      62,
      54,
      51,
      167,
      105,
      205,
      109
    ],
    "45": [
      68,
      254,
      28,
      125,
      105,
      130,
      80,
      246,
      220,
      52,
      47,
      2,
      63,
      170,
      157,
      24,
      200,
      68,
      239,
      46,
      221,
      188,
      76,
      49,
      22,
      214,
      204,
      179,
      234,
      193,
      159,
      188
    ],
    "14": [
      85,
      68,
      33,
      87,
      254,
      98,
      159,
      30,
      190,
      76,
      199,
      87,
      105,
      241,
      147,
      148,
      137,
      207,
      119,
      230,
      38,
      133,
      189,
      152,
      81,
      63,
      34,
      219,
      185,
      124,
      142,
      139
    ],
    "41": [
      162,
      21,
      254,
      234,
      83,
      63,
      242,
      197,
      136,
      147,
      186,
      139,
      246,
      126,
      81,
      46,
      29,
      201,
      222,
      126,
      164,
      239,
      168,
      86,
      32,
      20,
      156,
      38,
      127,
      115,
      72,
      65
    ],
    "10": [
      135,
      47,
      63,
      21,
      50,
      234,
      61,
      157,
      143,
      243,
      196,
      158,
      203,
      145,
      115,
      176,
      159,
      208,
      232,
      51,
      64,
      232,
      22,
      5,
      119,
      211,
      125,
      31,
      95,
      213,
      65,
      237
    ],
    "53": [
      34,
      42,
      215,
      97,
      228,
      107,
      47,
      75,
      210,
      11,
      106,
      163,
      162,
      125,
      251,
      222,
      41,
      43,
      202,
      44,
      101,
      206,
      47,
      176,
      238,
      111,
      211,
      149,
      12,
      15,
      81,
      151
    ],
    "22": [
      127,
      56,
      181,
      102,
      123,
      65,
      210,
      119,
      144,
      63,
      155,
      115,
      235,
      179,
      44,
      119,
      129,
      1,
      57,
      237,
      184,
      223,
      10,
      90,
      144,
      253,
      184,
      202,
      115,
      72,
      111,
      221
    ],
    "49": [
      87,
      176,
      122,
      54,
      206,
      34,
      226,
      81,
      193,
      107,
      38,
      116,
      58,
      178,
      162,
      15,
      247,
      70,
      66,
      123,
      7,
      128,
      58,
      56,
      156,
      19,
      115,
      75,
      73,
      28,
      33,
      254
    ],
    "18": [
      128,
      194,
      156,
      120,
      37,
      59,
      37,
      97,
      250,
      45,
      128,
      36,
      43,
      85,
      147,
      43,
      153,
      226,
      146,
      126,
      192,
      87,
      67,
      35,
      148,
      251,
      57,
      126,
      9,
      129,
      28,
      244
    ],
    "61": [
      75,
      40,
      20,
      97,
      186,
      217,
      204,
      39,
      208,
      166,
      174,
      23,
      83,
      135,
      195,
      33,
      200,
      207,
      145,
      147,
      49,
      247,
      235,
      255,
      205,
      94,
      15,
      238,
      215,
      131,
      205,
      221
    ],
    "30": [
      69,
      44,
      112,
      223,
      77,
      216,
      232,
      201,
      226,
      253,
      96,
      150,
      63,
      129,
      125,
      109,
      248,
      27,
      230,
      156,
      214,
      110,
      69,
      25,
      10,
      33,
      114,
      202,
      84,
      131,
      20,
      137
    ],
    "57": [
      81,
      249,
      179,
      234,
      147,
      25,
      211,
      225,
      40,
      122,
      244,
      202,
      109,
      87,
      65,
      145,
      112,
      159,
      250,
      71,
      182,
      239,
      63,
      165,
      167,
      238,
      44,
      207,
      1,
      18,
      200,
      165
    ],
    "26": [
      144,
      122,
      73,
      213,
      168,
      203,
      141,
      145,
      104,
      76,
      109,
      149,
      30,
      115,
      72,
      81,
      171,
      115,
      59,
      156,
      241,
      208,
      233,
      183,
      46,
      195,
      209,
      164,
      72,
      204,
      190,
      48
    ],
    "5": [
      40,
      132,
      173,
      170,
      112,
      22,
      103,
      24,
      228,
      71,
      68,
      106,
      152,
      73,
      255,
      195,
      0,
      31,
      177,
      35,
      224,
      87,
      153,
      47,
      252,
      150,
      17,
      13,
      254,
      83,
      154,
      218
    ],
    "36": [
      97,
      235,
      77,
      237,
      7,
      137,
      220,
      1,
      68,
      78,
      30,
      251,
      158,
      140,
      78,
      122,
      127,
      235,
      163,
      36,
      184,
      140,
      32,
      163,
      10,
      10,
      118,
      248,
      12,
      171,
      59,
      103
    ],
    "1": [
      28,
      232,
      107,
      252,
      85,
      206,
      124,
      22,
      29,
      186,
      244,
      146,
      228,
      204,
      34,
      148,
      48,
      43,
      205,
      212,
      124,
      91,
      160,
      130,
      253,
      173,
      39,
      19,
      20,
      177,
      30,
      229
    ],
    "32": [
      130,
      99,
      94,
      215,
      58,
      155,
      254,
      14,
      215,
      223,
      230,
      29,
      117,
      60,
      99,
      11,
      67,
      239,
      223,
      147,
      16,
      251,
      254,
      167,
      234,
      143,
      250,
      82,
      138,
      225,
      7,
      250
    ],
    "13": [
      55,
      43,
      59,
      126,
      71,
      61,
      8,
      101,
      95,
      59,
      71,
      245,
      20,
      183,
      115,
      3,
      22,
      238,
      126,
      84,
      61,
      177,
      129,
      55,
      106,
      209,
      159,
      197,
      183,
      167,
      73,
      65
    ],
    "44": [
      232,
      40,
      56,
      66,
      43,
      199,
      131,
      197,
      81,
      123,
      243,
      156,
      155,
      110,
      52,
      230,
      12,
      198,
      116,
      68,
      231,
      102,
      220,
      138,
      57,
      175,
      96,
      153,
      177,
      103,
      133,
      227
    ],
    "9": [
      139,
      145,
      234,
      218,
      227,
      230,
      144,
      50,
      244,
      245,
      99,
      188,
      127,
      38,
      68,
      101,
      67,
      12,
      221,
      129,
      175,
      74,
      29,
      102,
      29,
      121,
      90,
      78,
      167,
      161,
      155,
      150
    ],
    "40": [
      2,
      99,
      235,
      3,
      131,
      90,
      234,
      170,
      215,
      41,
      6,
      31,
      13,
      176,
      218,
      101,
      149,
      72,
      199,
      58,
      220,
      107,
      94,
      176,
      77,
      144,
      247,
      84,
      178,
      4,
      187,
      52
    ],
    "21": [
      61,
      139,
      210,
      213,
      6,
      171,
      91,
      240,
      55,
      244,
      241,
      229,
      180,
      117,
      220,
      183,
      237,
      214,
      205,
      89,
      1,
      189,
      242,
      153,
      77,
      104,
      210,
      213,
      173,
      152,
      151,
      224
    ],
    "52": [
      96,
      55,
      19,
      132,
      24,
      212,
      156,
      165,
      149,
      246,
      161,
      144,
      26,
      105,
      44,
      163,
      46,
      159,
      13,
      77,
      70,
      93,
      35,
      236,
      32,
      151,
      103,
      76,
      10,
      105,
      129,
      252
    ],
    "17": [
      216,
      94,
      109,
      233,
      73,
      22,
      253,
      8,
      73,
      38,
      192,
      22,
      229,
      189,
      208,
      127,
      215,
      181,
      17,
      188,
      9,
      12,
      11,
      60,
      95,
      116,
      151,
      95,
      105,
      55,
      103,
      20
    ],
    "48": [
      116,
      190,
      27,
      109,
      205,
      250,
      254,
      178,
      152,
      61,
      31,
      19,
      240,
      195,
      52,
      50,
      75,
      135,
      57,
      108,
      221,
      151,
      165,
      21,
      7,
      130,
      17,
      236,
      73,
      52,
      183,
      177
    ],
    "29": [
      242,
      239,
      54,
      178,
      36,
      61,
      226,
      34,
      164,
      6,
      203,
      193,
      248,
      160,
      231,
      116,
      105,
      171,
      114,
      83,
      129,
      76,
      254,
      10,
      155,
      45,
      214,
      70,
      206,
      75,
      214,
      17
    ],
    "60": [
      75,
      174,
      238,
      88,
      193,
      32,
      34,
      177,
      226,
      200,
      229,
      69,
      45,
      148,
      110,
      180,
      17,
      71,
      141,
      29,
      188,
      120,
      231,
      239,
      36,
      201,
      6,
      247,
      244,
      99,
      2,
      79
    ],
    "25": [
      28,
      180,
      168,
      49,
      198,
      206,
      184,
      239,
      21,
      73,
      42,
      43,
      83,
      44,
      77,
      175,
      170,
      131,
      242,
      255,
      196,
      39,
      46,
      216,
      207,
      120,
      199,
      252,
      132,
      59,
      34,
      125
    ],
    "56": [
      166,
      207,
      18,
      133,
      95,
      52,
      160,
      1,
      189,
      15,
      50,
      62,
      31,
      100,
      66,
      123,
      162,
      183,
      221,
      245,
      211,
      131,
      37,
      224,
      5,
      135,
      217,
      39,
      158,
      233,
      210,
      22
    ],
    "4": [
      78,
      219,
      247,
      166,
      179,
      2,
      127,
      105,
      160,
      127,
      174,
      223,
      218,
      201,
      235,
      122,
      171,
      238,
      236,
      92,
      85,
      213,
      61,
      110,
      46,
      103,
      40,
      67,
      6,
      50,
      24,
      127
    ],
    "39": [
      140,
      172,
      218,
      9,
      247,
      91,
      139,
      131,
      253,
      195,
      41,
      164,
      101,
      82,
      48,
      228,
      51,
      13,
      152,
      18,
      176,
      165,
      26,
      91,
      222,
      104,
      29,
      4,
      52,
      203,
      124,
      97
    ],
    "0": [
      15,
      80,
      188,
      242,
      235,
      208,
      150,
      51,
      216,
      40,
      160,
      180,
      155,
      232,
      233,
      101,
      222,
      184,
      30,
      61,
      99,
      180,
      59,
      89,
      167,
      223,
      85,
      204,
      7,
      8,
      130,
      206
    ],
    "35": [
      19,
      213,
      125,
      174,
      11,
      197,
      97,
      214,
      2,
      3,
      145,
      136,
      34,
      30,
      94,
      242,
      130,
      253,
      139,
      39,
      4,
      108,
      88,
      59,
      9,
      21,
      44,
      154,
      59,
      105,
      78,
      10
    ],
    "12": [
      180,
      111,
      62,
      107,
      48,
      102,
      255,
      102,
      42,
      21,
      92,
      97,
      114,
      167,
      211,
      213,
      144,
      85,
      46,
      190,
      128,
      65,
      36,
      223,
      126,
      102,
      87,
      197,
      130,
      108,
      239,
      211
    ],
    "47": [
      38,
      50,
      18,
      34,
      162,
      68,
      219,
      215,
      74,
      49,
      107,
      235,
      244,
      61,
      211,
      222,
      118,
      232,
      155,
      87,
      202,
      104,
      144,
      201,
      44,
      240,
      99,
      165,
      158,
      27,
      238,
      121
    ],
    "8": [
      178,
      171,
      247,
      143,
      44,
      178,
      210,
      166,
      25,
      1,
      234,
      145,
      9,
      23,
      210,
      84,
      198,
      176,
      122,
      170,
      107,
      49,
      89,
      193,
      190,
      154,
      72,
      252,
      4,
      213,
      33,
      135
    ],
    "43": [
      114,
      61,
      155,
      52,
      186,
      168,
      110,
      98,
      247,
      177,
      150,
      90,
      151,
      97,
      189,
      191,
      32,
      235,
      0,
      125,
      66,
      190,
      150,
      98,
      107,
      247,
      182,
      35,
      109,
      151,
      125,
      147
    ],
    "20": [
      210,
      243,
      195,
      228,
      235,
      85,
      4,
      115,
      112,
      208,
      21,
      44,
      77,
      167,
      248,
      3,
      24,
      53,
      110,
      249,
      124,
      114,
      159,
      79,
      154,
      194,
      198,
      237,
      66,
      192,
      26,
      215
    ],
    "55": [
      90,
      12,
      238,
      33,
      200,
      97,
      104,
      97,
      100,
      247,
      28,
      51,
      146,
      220,
      98,
      51,
      88,
      212,
      163,
      200,
      89,
      180,
      214,
      12,
      46,
      128,
      211,
      119,
      216,
      92,
      187,
      37
    ],
    "16": [
      237,
      74,
      133,
      47,
      139,
      131,
      81,
      174,
      108,
      178,
      18,
      222,
      145,
      13,
      2,
      206,
      108,
      15,
      53,
      101,
      40,
      176,
      137,
      93,
      122,
      40,
      210,
      213,
      239,
      76,
      171,
      211
    ],
    "51": [
      252,
      56,
      169,
      207,
      27,
      202,
      233,
      127,
      138,
      197,
      197,
      221,
      138,
      247,
      93,
      173,
      157,
      80,
      172,
      220,
      25,
      192,
      7,
      164,
      188,
      116,
      46,
      132,
      82,
      22,
      81,
      78
    ],
    "28": [
      231,
      51,
      108,
      234,
      232,
      186,
      173,
      175,
      224,
      40,
      24,
      48,
      200,
      238,
      187,
      243,
      99,
      123,
      181,
      95,
      16,
      110,
      146,
      93,
      40,
      9,
      136,
      9,
      0,
      167,
      242,
      173
    ],
    "63": [
      196,
      124,
      74,
      235,
      191,
      224,
      48,
      22,
      240,
      127,
      215,
      48,
      239,
      116,
      163,
      138,
      2,
      150,
      46,
      46,
      71,
      198,
      49,
      221,
      87,
      89,
      69,
      254,
      164,
      214,
      206,
      219
    ],
    "24": [
      23,
      224,
      70,
      244,
      183,
      174,
      7,
      85,
      49,
      157,
      33,
      87,
      99,
      110,
      67,
      78,
      214,
      169,
      181,
      46,
      229,
      79,
      213,
      108,
      101,
      106,
      92,
      153,
      253,
      179,
      114,
      8
    ],
    "59": [
      2,
      64,
      144,
      27,
      51,
      79,
      97,
      205,
      137,
      97,
      110,
      232,
      5,
      37,
      140,
      194,
      179,
      129,
      169,
      245,
      131,
      121,
      99,
      5,
      166,
      153,
      253,
      7,
      151,
      229,
      143,
      30
    ],
    "7": [
      166,
      13,
      9,
      141,
      182,
      29,
      26,
      191,
      250,
      85,
      242,
      107,
      204,
      72,
      58,
      227,
      242,
      120,
      24,
      250,
      54,
      237,
      93,
      189,
      242,
      149,
      83,
      25,
      217,
      228,
      7,
      174
    ],
    "38": [
      153,
      85,
      62,
      94,
      110,
      111,
      66,
      21,
      63,
      153,
      46,
      132,
      216,
      190,
      195,
      244,
      240,
      172,
      140,
      4,
      137,
      139,
      210,
      168,
      84,
      12,
      183,
      132,
      168,
      49,
      59,
      117
    ],
    "3": [
      227,
      168,
      233,
      77,
      197,
      133,
      208,
      62,
      225,
      49,
      91,
      177,
      1,
      203,
      111,
      112,
      113,
      60,
      36,
      25,
      85,
      232,
      147,
      69,
      32,
      241,
      246,
      138,
      8,
      83,
      46,
      107
    ],
    "34": [
      151,
      216,
      107,
      166,
      147,
      177,
      95,
      99,
      250,
      66,
      33,
      239,
      148,
      194,
      214,
      31,
      103,
      134,
      45,
      95,
      3,
      255,
      181,
      42,
      233,
      15,
      131,
      33,
      215,
      249,
      81,
      174
    ],
    "15": [
      6,
      199,
      167,
      82,
      25,
      128,
      239,
      138,
      230,
      150,
      222,
      137,
      253,
      18,
      253,
      36,
      237,
      254,
      173,
      73,
      121,
      0,
      166,
      135,
      131,
      119,
      42,
      246,
      134,
      209,
      43,
      120
    ],
    "46": [
      255,
      112,
      34,
      238,
      49,
      232,
      71,
      158,
      45,
      59,
      183,
      252,
      243,
      246,
      83,
      247,
      233,
      189,
      212,
      34,
      40,
      24,
      146,
      47,
      20,
      144,
      175,
      153,
      233,
      92,
      81,
      124
    ],
    "11": [
      175,
      212,
      42,
      119,
      62,
      176,
      50,
      154,
      180,
      223,
      15,
      209,
      237,
      246,
      195,
      91,
      64,
      166,
      176,
      120,
      224,
      145,
      109,
      43,
      240,
      93,
      220,
      255,
      115,
      149,
      121,
      219
    ],
    "42": [
      113,
      214,
      232,
      242,
      73,
      149,
      135,
      170,
      249,
      82,
      19,
      173,
      47,
      121,
      138,
      156,
      109,
      14,
      36,
      45,
      223,
      225,
      115,
      231,
      248,
      207,
      46,
      80,
      24,
      214,
      121,
      176
    ],
    "23": [
      6,
      138,
      185,
      187,
      147,
      217,
      12,
      68,
      101,
      19,
      124,
      79,
      69,
      166,
      4,
      29,
      8,
      87,
      31,
      74,
      135,
      185,
      38,
      153,
      35,
      88,
      115,
      221,
      92,
      145,
      107,
      225
    ],
    "54": [
      6,
      58,
      55,
      120,
      208,
      84,
      60,
      53,
      112,
      213,
      251,
      60,
      130,
      24,
      97,
      177,
      159,
      128,
      242,
      49,
      23,
      63,
      119,
      138,
      103,
      116,
      11,
      253,
      63,
      125,
      243,
      38
    ],
    "19": [
      146,
      0,
      27,
      174,
      173,
      131,
      129,
      190,
      177,
      95,
      66,
      147,
      41,
      57,
      16,
      28,
      82,
      120,
      35,
      206,
      171,
      244,
      75,
      240,
      68,
      5,
      100,
      225,
      114,
      71,
      206,
      159
    ],
    "50": [
      100,
      187,
      78,
      170,
      90,
      211,
      55,
      79,
      149,
      110,
      236,
      121,
      182,
      57,
      126,
      38,
      130,
      141,
      229,
      178,
      240,
      191,
      121,
      125,
      73,
      220,
      184,
      116,
      196,
      104,
      66,
      50
    ],
    "31": [
      210,
      44,
      27,
      235,
      129,
      48,
      163,
      205,
      24,
      205,
      104,
      13,
      17,
      108,
      56,
      206,
      188,
      236,
      241,
      206,
      165,
      254,
      62,
      124,
      200,
      213,
      130,
      81,
      127,
      170,
      241,
      222
    ],
    "62": [
      128,
      101,
      99,
      246,
      201,
      90,
      10,
      188,
      173,
      155,
      117,
      217,
      28,
      70,
      236,
      88,
      99,
      149,
      0,
      36,
      45,
      253,
      167,
      230,
      72,
      37,
      164,
      89,
      157,
      101,
      72,
      194
    ],
    "27": [
      6,
      246,
      169,
      250,
      202,
      163,
      23,
      137,
      243,
      123,
      150,
      254,
      161,
      102,
      135,
      174,
      227,
      85,
      1,
      65,
      70,
      40,
      116,
      113,
      138,
      82,
      210,
      42,
      63,
      247,
      81,
      108
    ],
    "58": [
      230,
      146,
      243,
      118,
      145,
      22,
      112,
      137,
      112,
      92,
      14,
      19,
      77,
      135,
      231,
      252,
      245,
      222,
      15,
      250,
      195,
      125,
      74,
      172,
      180,
      46,
      25,
      18,
      82,
      133,
      26,
      200
    ]
  },
  "my_cert": [],
  "my_cert_key": [],
  "root_cert": []
}