{
  "net_map": {
    "37": "127.0.0.1:8537",
    "6": "127.0.0.1:8506",
    "33": "127.0.0.1:8533",
    "64": "127.0.0.1:9000",
    "2": "127.0.0.1:8502",
    "45": "127.0.0.1:8545",
    "14": "127.0.0.1:8514",
    "41": "127.0.0.1:8541",
    "10": "127.0.0.1:8510",
    "53": "127.0.0.1:8553",
    "22": "127.0.0.1:8522",
    "49": "127.0.0.1:8549",
    "18": "127.0.0.1:8518",
    "61": "127.0.0.1:8561",
    "30": "127.0.0.1:8530",
    "57": "127.0.0.1:8557",
    "26": "127.0.0.1:8526",
    "5": "127.0.0.1:8505",
    "36": "127.0.0.1:8536",
    "1": "127.0.0.1:8501",
    "32": "127.0.0.1:8532",
    "13": "127.0.0.1:8513",
    "44": "127.0.0.1:8544",
    "9": "127.0.0.1:8509",
    "40": "127.0.0.1:8540",
    "21": "127.0.0.1:8521",
    "52": "127.0.0.1:8552",
    "17": "127.0.0.1:8517",
    "48": "127.0.0.1:8548",
    "29": "127.0.0.1:8529",
    "60": "127.0.0.1:8560",
    "25": "127.0.0.1:8525",
    "56": "127.0.0.1:8556",
    "4": "127.0.0.1:8504",
    "39": "127.0.0.1:8539",
    "0": "127.0.0.1:8500",
    "35": "127.0.0.1:8535",
    "12": "127.0.0.1:8512",
    "47": "127.0.0.1:8547",
    "8": "127.0.0.1:8508",
    "43": "127.0.0.1:8543",
    "20": "127.0.0.1:8520",
    "55": "127.0.0.1:8555",
    "16": "127.0.0.1:8516",
    "51": "127.0.0.1:8551",
    "28": "127.0.0.1:8528",
    "63": "127.0.0.1:8563",
    "24": "127.0.0.1:8524",
    "59": "127.0.0.1:8559",
    "7": "127.0.0.1:8507",
    "38": "127.0.0.1:8538",
    "3": "127.0.0.1:8503",
    "34": "127.0.0.1:8534",
    "15": "127.0.0.1:8515",
    "46": "127.0.0.1:8546",
    "11": "127.0.0.1:8511",
    "42": "127.0.0.1:8542",
    "23": "127.0.0.1:8523",
    "54": "127.0.0.1:8554",
    "19": "127.0.0.1:8519",
    "50": "127.0.0.1:8550",
    "31": "127.0.0.1:8531",
    "62": "127.0.0.1:8562",
    "27": "127.0.0.1:8527",
    "58": "127.0.0.1:8558"
  },
  "delta": 100,
  "id": 53,
  "num_nodes": 64,
  "num_faults": 21,
  "block_size": 100,
  "client_port": 7053,
  "client_addr": "0.0.0.0:5000",
  "payload": 0,
  "prot_payload": "cc,/home/akhil/research/EEBA/libchatter/",
  "crypto_alg": "NOPKI",
  "pk_map": {},
  "secret_key_bytes": [],
  "sk_map": {
    "37": [
      188,
      78,
      42,
      246,
      55,
      69,
      136,
      23,
      39,
      255,
      200,
      69,
      207,
      9,
      97,
      252,
      103,
      88,
      104,
      89,
      215,
      166,
      236,
      169,
      181,
      177,
      187,
      158,
      95,
      165,
      26,
      226
    ],
    "6": [
      170,
      53,
      182,
      28,
      17,
      207,
      12,
      81,
      189,
      188,
      134,
      20,
      209,
      181,
      106,
      31,
      252,
      151,
      8,
      26,
      36,
      199,
      251,
      57,
      167,
      131,
      163,
      6,
      183,
      63,
      92,
      108
    ],
    "33": [
      83,
      219,
      179,
      202,
      120,
      112,
      146,
      35,
      171,
      83,
      145,
      249,
      240,
      4,
      229,
      26,
      57,
      74,
      234,
      109,
      119,
      105,
      53,
      20,
      100,
      90,
      172,
      139,
      228,
      154,
      92,
      75
    ],
    "2": [
      198,
      223,
      171,
      174,
      15,
      131,
      23,
      9,
      137,
      210,
      40,
      135,
      198,
      81,
      138,
      18,
      232,
      130,
      71,
      55,
      211,
      216,
      156,
      6,
      190,
      90,
      50,
      192,
      33,
      94,
      124,
      91
    ],
    "45": [
      160,
      73,
      206,
      237,
      2,
      154,
      190,
      205,
      74,
      90,
      117,
      126,
      148,
      244,
      59,
      30,
      169,
      100,
      91,
      168,
      79,
      175,
      205,
      28,
      26,
      121,
      72,
      215,
      101,
      22,
      0,
      63
    ],
    "14": [
      98,
      131,
      102,
      139,
      14,
      220,
      83,
      253,
      89,
      9,
      249,
      215,
      150,
      242,
      241,
      107,
      103,
      225,
      104,
      171,
      222,
      214,
      172,
      219,
      135,
      2,
      76,
      34,
      90,
      204,
      89,
      105
    ],
    "41": [
      10,
      108,
      169,
      202,
      234,
      137,
      9,
      114,
      190,
      71,
      132,
      44,
      97,
      196,
      205,
      147,
      91,
      191,
      201,
      187,
      120,
      235,
      63,
      7,
      12,
      113,
      153,
      225,
      26,
      41,
      89,
      133
    ],
    "10": [
      165,
      52,
      129,
      102,
      69,
      1,
      97,
      39,
      130,
      33,
      0,
      94,
      137,
      22,
      68,
      111,
      52,
      163,
      70,
      164,
      209,
      175,
      107,
      166,
      121,
      138,
      145,
      165,
      209,
      84,
      121,
      72
    ],
    "53": [
      161,
      219,
      34,
      195,
      53,
      194,
      235,
      208,
      123,
      31,
      139,
      107,
      222,
      70,
      99,
      134,
      243,
      216,
      63,
      7,
      123,
      2,
      226,
      32,
      52,
      146,
      175,
      225,
      101,
      87,
      146,
      48
    ],
    "22": [
      79,
      42,
      6,
      66,
      77,
      86,
      107,
      109,
      245,
      23,
      97,
      201,
      58,
      58,
      38,
      22,
      71,
      110,
      249,
      111,
      216,
      12,
      144,
      92,
      41,
      213,
      195,
      11,
      92,
      9,
      38,
      15
    ],
    "49": [
      147,
      13,
      42,
      15,
      24,
      93,
      208,
      115,
      149,
      247,
      37,
      9,
      199,
      44,
      102,
      71,
      82,
      94,
      115,
      125,
      20,
      53,
      175,
      173,
      95,
      181,
      60,
      209,
      153,
      76,
      214,
      237
    ],
    "18": [
      71,
      158,
      145,
      116,
      155,
      80,
      42,
      4,
      115,
      77,
      183,
      75,
      119,
      206,
      4,
      114,
      217,
      255,
      110,
      194,
      145,
      18,
      107,
      123,
      228,
      52,
      218,
      229,
      136,
      222,
      96,
      7
    ],
    "61": [
      127,
      211,
      112,
      159,
      255,
      213,
      163,
      130,
      30,
      172,
      200,
      60,
      138,
      39,
      120,
      64,
      153,
      206,
      78,
      147,
      120,
      92,
      26,
      222,
      206,
      151,
      192,
      57,
      14,
      56,
      49,
      245
    ],
    "30": [
      74,
      61,
      189,
      198,
      39,
      9,
      199,
      121,
      38,
      214,
      246,
      136,
      128,
      168,
      165,
      248,
      207,
      225,
      180,
      234,
      6,
      186,
      220,
      23,
      30,
      83,
      143,
      195,
      25,
      147,
      7,
      247
    ],
    "57": [
      34,
      42,
      215,
      97,
      228,
      107,
      47,
      75,
      210,
      11,
      106,
      163,
      162,
      125,
      251,
      222,
      41,
      43,
      202,
      44,
      101,
      206,
      47,
      176,
      238,
      111,
      211,
      149,
      12,
      15,
      81,
      151
    ],
    "26": [
      35,
      39,
      164,
      204,
      43,
      131,
      180,
      25,
      219,
      67,
      120,
      223,
      44,
      219,
      82,
      171,
      182,
      12,
      41,
      135,
      134,
      208,
      180,
      113,
      229,
      105,
      254,
      155,
      123,
      153,
      44,
      60
    ],
    "5": [
      159,
      93,
      125,
      192,
      185,
      126,
      114,
      163,
      209,
      144,
      88,
      193,
      124,
      5,
      55,
      172,
      26,
      175,
      67,
      58,
      149,
      191,
      114,
      161,
      232,
      181,
      181,
      152,
      29,
      241,
      147,
      112
    ],
    "36": [
      85,
      27,
      192,
      30,
      174,
      145,
      2,
      64,
      210,
      71,
      114,
      239,
      242,
      216,
      30,
      141,
      159,
      21,
      1,
      6,
      226,
      253,
      25,
      139,
      182,
      173,
      216,
      49,
      249,
      197,
      101,
      92
    ],
    "1": [
      172,
      89,
      199,
      202,
      72,
      104,
      52,
      50,
      202,
      192,
      85,
      35,
      50,
      181,
      58,
      48,
      132,
      3,
      61,
      7,
      151,
      10,
      222,
      156,
      246,
      34,
      216,
      215,
      242,
      32,
      65,
      185
    ],
    "32": [
      127,
      42,
      134,
      68,
      151,
      130,
      148,
      42,
      82,
      198,
      213,
      23,
      63,
      194,
      177,
      219,
      39,
      53,
      123,
      106,
      234,
      12,
      111,
      119,
      212,
      35,
      116,
      182,
      57,
      30,
      159,
      103
    ],
    "13": [
      102,
      13,
      47,
      33,
      87,
      183,
      46,
      51,
      83,
      4,
      136,
      110,
      108,
      93,
      41,
      36,
      78,
      4,
      139,
      212,
      185,
      42,
      115,
      107,
      245,
      235,
      53,
      213,
      237,
      10,
      253,
      220
    ],
    "44": [
      170,
      127,
      138,
      8,
      246,
      135,
      96,
      71,
      108,
      248,
      135,
      177,
      178,
      209,
      109,
      232,
      19,
      57,
      50,
      89,
      248,
      165,
      242,
      21,
      137,
      49,
      177,
      50,
      247,
      13,
      191,
      149
    ],
    "9": [
      66,
      163,
      61,
      2,
      156,
      242,
      248,
      226,
      105,
      149,
      187,
      99,
      162,
      24,
      9,
      29,
      56,
      126,
      66,
      105,
      89,
      126,
      72,
      234,
      83,
      7,
      41,
      195,
      177,
      32,
      85,
      238
    ],
    "40": [
      7,
      253,
      69,
      141,
      210,
      175,
      122,
      67,
      155,
      45,
      143,
      39,
      93,
      242,
      232,
      108,
      41,
      111,
      232,
      156,
      3,
      181,
      57,
      199,
      218,
      105,
      114,
      21,
      49,
      99,
      164,
      181
    ],
    "21": [
      202,
      214,
      204,
      186,
      228,
      157,
      214,
      61,
      126,
      138,
      205,
      130,
      157,
      55,
      36,
      92,
      242,
      57,
      197,
      43,
      128,
      95,
      127,
      220,
      128,
      42,
      186,
      1,
      42,
      161,
      202,
      179
    ],
    "52": [
      97,
      78,
      149,
      194,
      159,
      152,
      185,
      10,
      105,
      241,
      112,
      239,
      95,
      250,
      86,
      31,
      159,
      220,
      215,
      27,
      36,
      174,
      228,
      141,
      69,
      147,
      218,
      213,
      75,
      36,
      6,
      35
    ],
    "17": [
      10,
      147,
      168,
      13,
      28,
      58,
      192,
      111,
      34,
      12,
      74,
      13,
      132,
      253,
      33,
      169,
      39,
      32,
      109,
      180,
      186,
      64,
      252,
      246,
      229,
      152,
      5,
      50,
      210,
      246,
      36,
      84
    ],
    "48": [
      3,
      98,
      233,
      72,
      26,
      205,
      167,
      38,
      179,
      61,
      70,
      88,
      90,
      16,
      138,
      4,
      142,
      8,
      118,
      228,
      18,
      83,
      229,
      245,
      87,
      23,
      251,
      96,
      19,
      207,
      121,
      38
    ],
    "29": [
      251,
      202,
      62,
      228,
      215,
      203,
      195,
      175,
      0,
      118,
      22,
      156,
      254,
      214,
      96,
      99,
      80,
      151,
      253,
      244,
      210,
      148,
      242,
      202,
      82,
      222,
      169,
      176,
      200,
      169,
      18,
      92
    ],
    "60": [
      195,
      107,
      252,
      211,
      47,
      85,
      57,
      238,
      79,
      139,
      174,
      205,
      232,
      103,
      228,
      27,
      147,
      29,
      125,
      25,
      125,
      139,
      217,
      205,
      22,
      152,
      137,
      147,
      160,
      251,
      73,
      4
    ],
    "25": [
      19,
      158,
      23,
      236,
      5,
      244,
      180,
      185,
      121,
      187,
      216,
      139,
      14,
      41,
      138,
      175,
      142,
      176,
      47,
      51,
      112,
      6,
      95,
      92,
      135,
      55,
      255,
      45,
      211,
      33,
      59,
      91
    ],
    "56": [
      230,
      69,
      152,
      183,
      52,
      9,
      141,
      17,
      208,
      125,
      24,
      140,
      104,
      103,
      211,
      159,
      147,
      150,
      210,
      223,
      153,
      191,
      18,
      192,
      164,
      170,
      250,
      211,
      116,
      69,
      105,
      147
    ],
    "4": [
      87,
      96,
      254,
      196,
      194,
      75,
      120,
      202,
      104,
      113,
      157,
      236,
      117,
      236,
      214,
      87,
      51,
      53,
      126,
      32,
      190,
      147,
      239,
      144,
      176,
      175,
      229,
      57,
      47,
      184,
      157,
      200
    ],
    "39": [
      232,
      35,
      205,
      127,
      214,
      224,
      242,
      82,
      216,
      86,
      254,
      32,
      80,
      64,
      18,
      167,
      165,
      27,
      17,
      78,
      182,
      249,
      196,
      95,
      11,
      26,
      226,
      132,
      163,
      173,
      132,
      170
    ],
    "0": [
      78,
      20,
      165,
      134,
      157,
      8,
      64,
      70,
      177,
      253,
      64,
      15,
      172,
      108,
      52,
      93,
      147,
      7,
      160,
      207,
      46,
      245,
      165,
      44,
      178,
      183,
      146,
      11,
      226,
      23,
      69,
      187
    ],
    "35": [
      112,
      63,
      45,
      93,
      27,
      238,
      122,
      253,
      167,
      102,
      100,
      48,
      9,
      9,
      156,
      84,
      117,
      88,
      174,
      80,
      151,
      158,
      96,
      85,
      31,
      87,
      205,
      4,
      158,
      100,
      94,
      193
    ],
    "12": [
      9,
      126,
      205,
      60,
      52,
      120,
      12,
      56,
      44,
      228,
      124,
      33,
      180,
      65,
      139,
      79,
      207,
      86,
      32,
      220,
      19,
      241,
      45,
      75,
      47,
      174,
      108,
      51,
      28,
      70,
      130,
      57
    ],
    "47": [
      88,
      86,
      169,
      69,
      227,
      113,
      116,
      96,
      189,
      37,
      234,
      17,
      64,
      126,
      154,
      17,
      8,
      6,
      39,
      209,
      234,
      31,
      96,
      144,
      110,
      208,
      193,
      35,
      242,
      72,
      56,
      80
    ],
    "8": [
      55,
      67,
      219,
      44,
      87,
      229,
      68,
      65,
      141,
      93,
      107,
      28,
      50,
      180,
      222,
      17,
      187,
      23,
      27,
      52,
      112,
      58,
      205,
      164,
      191,
      232,
      190,
      243,
      25,
      63,
      213,
      109
    ],
    "43": [
      141,
      207,
      28,
      224,
      119,
      171,
      201,
      178,
      188,
      181,
      219,
      207,
      252,
      221,
      92,
      69,
      27,
      158,
      123,
      224,
      212,
      118,
      140,
      10,
      183,
      129,
      124,
      18,
      33,
      103,
      36,
      11
    ],
    "20": [
      232,
      151,
      199,
      48,
      21,
      236,
      183,
      200,
      197,
      161,
      43,
      86,
      207,
      251,
      255,
      197,
      119,
      2,
      164,
      187,
      22,
      110,
      89,
      20,
      213,
      193,
      113,
      105,
      194,
      251,
      238,
      136
    ],
    "55": [
      143,
      45,
      6,
      90,
      238,
      123,
      78,
      1,
      248,
      122,
      242,
      107,
      84,
      110,
      246,
      102,
      184,
      11,
      234,
      114,
      195,
      155,
      173,
      145,
      51,
      170,
      156,
      102,
      159,
      155,
      180,
      62
    ],
    "16": [
      196,
      91,
      216,
      179,
      162,
      100,
      244,
      91,
      58,
      217,
      174,
      60,
      70,
      204,
      32,
      89,
      8,
      186,
      66,
      100,
      13,
      115,
      203,
      43,
      208,
      122,
      167,
      55,
      118,
      215,
      95,
      254
    ],
    "51": [
      130,
      243,
      199,
      65,
      43,
      166,
      70,
      230,
      175,
      125,
      120,
      147,
      29,
      145,
      193,
      167,
      34,
      111,
      118,
      17,
      10,
      3,
      101,
      200,
      188,
      167,
      184,
      52,
      202,
      42,
      213,
      187
    ],
    "28": [
      81,
      105,
      20,
      110,
      41,
      7,
      16,
      180,
      251,
      14,
      7,
      45,
      128,
      110,
      8,
      15,
      97,
      103,
      122,
      176,
      49,
      75,
      0,
      42,
      103,
      40,
      200,
      222,
      98,
      254,
      103,
      185
    ],
    "63": [
      107,
      64,
      75,
      75,
      232,
      244,
      222,
      161,
      164,
      126,
      184,
      131,
      89,
      59,
      235,
      200,
      223,
      197,
      156,
      203,
      129,
      213,
      129,
      8,
      83,
      1,
      149,
      229,
      93,
      76,
      191,
      63
    ],
    "24": [
      90,
      47,
      234,
      220,
      241,
      38,
      146,
      244,
      48,
      122,
      77,
      250,
      87,
      74,
      3,
      210,
      21,
      179,
      39,
      159,
      24,
      243,
      163,
      230,
      148,
      141,
      160,
      25,
      207,
      158,
      255,
      244
    ],
    "59": [
      64,
      226,
      211,
      90,
      216,
      177,
      129,
      179,
      208,
      12,
      31,
      194,
      242,
      28,
      202,
      93,
      11,
      205,
      169,
      97,
      99,
      125,
      190,
      129,
      130,
      15,
      80,
      203,
      37,
      199,
      231,
      30
    ],
    "7": [
      246,
      200,
      171,
      248,
      152,
      100,
      232,
      71,
      240,
      208,
      164,
      86,
      225,
      130,
      180,
      58,
      150,
      46,
      184,
      24,
      91,
      173,
      4,
      176,
      105,
      237,
      35,
      38,
      165,
      24,
      30,
      251
    ],
    "38": [
      198,
      57,
      85,
      131,
      100,
      212,
      40,
      121,
      119,
      77,
      125,
      234,
      39,
      124,
      53,
      155,
      108,
      209,
      55,
      77,
      236,
      244,
      210,
      24,
      39,
      195,
      22,
      150,
      43,
      0,
      86,
      87
    ],
    "3": [
      179,
      200,
      236,
      30,
      218,
      194,
      42,
      194,
      246,
      239,
      143,
      119,
      215,
      164,
      36,
      87,
      73,
      136,
      191,
      50,
      195,
      67,
      112,
      15,
      136,
      33,
      90,
      231,
      107,
      6,
      241,
      15
    ],
    "34": [
      15,
      156,
      127,
      247,
      198,
      166,
      63,
      204,
      139,
      180,
      228,
      140,
      60,
      208,
      119,
      197,
      65,
      248,
      143,
      157,
      48,
      23,
      231,
      122,
      233,
      93,
      93,
      119,
      219,
      76,
      219,
      47
    ],
    "15": [
      166,
      254,
      129,
      27,
      81,
      48,
      133,
      76,
      139,
      245,
      202,
      79,
      20,
      197,
      36,
      168,
      77,
      169,
      94,
      84,
      151,
      89,
      199,
      71,
      230,
      34,
      29,
      74,
      167,
      199,
      130,
      222
    ],
    "46": [
      49,
      62,
      70,
      216,
      235,
      194,
      123,
      214,
      243,
      233,
      41,
      183,
      7,
      138,
      91,
      37,
      85,
      241,
      208,
      244,
      179,
      215,
      250,
      105,
      253,
      209,
      54,
      191,
      15,
      250,
      38,
      161
    ],
    "11": [
      107,
      151,
      92,
      185,
      110,
      43,
      108,
      150,
      242,
      151,
      238,
      40,
      111,
      26,
      53,
      45,
      192,
      204,
      17,
      110,
      147,
      102,
      159,
      38,
      121,
      109,
      52,
      213,
      190,
      34,
      246,
      192
    ],
    "42": [
      251,
      220,
      186,
      219,
      112,
      91,
      142,
      14,
      151,
      181,
      230,
      79,
      38,
      106,
      177,
      198,
      75,
      67,
      242,
      7,
      88,
      121,
      111,
      112,
      139,
      65,
      192,
      65,
      252,
      62,
      66,
      242
    ],
    "23": [
      29,
      209,
      54,
      132,
      100,
      253,
      229,
      235,
      72,
      136,
      66,
      22,
      201,
      12,
      2,
      175,
      4,
      219,
      55,
      201,
      214,
      12,
      30,
      248,
      76,
      79,
      92,
      238,
      166,
      248,
      63,
      78
    ],
    "54": [
      148,
      184,
      104,
      121,
      179,
      130,
      89,
      170,
      151,
      52,
      254,
      5,
      193,
      123,
      107,
      86,
      239,
      108,
      124,
      157,
      16,
      13,
      2,
      219,
      199,
      114,
      208,
      246,
      196,
      243,
      164,
      184
    ],
    "19": [
      217,
      245,
      56,
      233,
      1,
      249,
      25,
      198,
      36,
      66,
      39,
      122,
      171,
      240,
      156,
      50,
      172,
      158,
      114,
      115,
      209,
      195,
      247,
      58,
      60,
      137,
      121,
      148,
      189,
      212,
      200,
      31
    ],
    "50": [
      204,
      171,
      116,
      251,
      224,
      54,
      32,
      147,
      215,
      53,
      120,
      4,
      109,
      242,
      31,
      22,
      5,
      192,
      196,
      255,
      23,
      236,
      19,
      166,
      246,
      25,
      224,
      16,
      10,
      254,
      131,
      35
    ],
    "31": [
      249,
      241,
      136,
      171,
      82,
      140,
      222,
      210,
      5,
      203,
      82,
      121,
      212,
      228,
      252,
      114,
      97,
      6,
      7,
      109,
      171,
      207,
      108,
      133,
      141,
      179,
      231,
      116,
      195,
      180,
      97,
      58
    ],
    "62": [
      206,
      6,
      248,
      44,
      182,
      167,
      103,
      160,
      119,
      134,
      128,
      212,
      119,
      118,
      248,
      248,
      25,
      32,
      51,
      245,
      235,
      242,
      168,
      139,
      208,
      249,
      114,
      114,
      13,
      202,
      192,
      222
    ],
    "27": [
      4,
      43,
      120,
      0,
      209,
      10,
      175,
      237,
      82,
      130,
      138,
      16,
      136,
      86,
      170,
      185,
      29,
      112,
      20,
      130,
      26,
      0,
      112,
      8,
      69,
      240,
      205,
      110,
      20,
      138,
      213,
      64
    ],
    "58": [
      230,
      137,
      254,
      132,
      145,
      89,
      146,
      34,
      210,
      72,
      129,
      154,
      42,
      112,
      148,
      86,
      128,
      177,
      202,
      180,
      34,
      253,
      123,
      207,
      65,
      147,
      188,
      218,
      252,
      205,
      87,
      68
    ]
  },
  "my_cert": [],
  "my_cert_key": [],
  "root_cert": []
}