{
  "net_map": {
    "37": "127.0.0.1:8537",
    "6": "127.0.0.1:8506",
    "33": "127.0.0.1:8533",
    "64": "127.0.0.1:9000",
    "2": "127.0.0.1:8502",
    "45": "127.0.0.1:8545",
    "14": "127.0.0.1:8514",
    "41": "127.0.0.1:8541",
    "10": "127.0.0.1:8510",
    "53": "127.0.0.1:8553",
    "22": "127.0.0.1:8522",
    "49": "127.0.0.1:8549",
    "18": "127.0.0.1:8518",
    "61": "127.0.0.1:8561",
    "30": "127.0.0.1:8530",
    "57": "127.0.0.1:8557",
    "26": "127.0.0.1:8526",
    "5": "127.0.0.1:8505",
    "36": "127.0.0.1:8536",
    "1": "127.0.0.1:8501",
    "32": "127.0.0.1:8532",
    "13": "127.0.0.1:8513",
    "44": "127.0.0.1:8544",
    "9": "127.0.0.1:8509",
    "40": "127.0.0.1:8540",
    "21": "127.0.0.1:8521",
    "52": "127.0.0.1:8552",
    "17": "127.0.0.1:8517",
    "48": "127.0.0.1:8548",
    "29": "127.0.0.1:8529",
    "60": "127.0.0.1:8560",
    "25": "127.0.0.1:8525",
    "56": "127.0.0.1:8556",
    "4": "127.0.0.1:8504",
    "39": "127.0.0.1:8539",
    "0": "127.0.0.1:8500",
    "35": "127.0.0.1:8535",
    "12": "127.0.0.1:8512",
    "47": "127.0.0.1:8547",
    "8": "127.0.0.1:8508",
    "43": "127.0.0.1:8543",
    "20": "127.0.0.1:8520",
    "55": "127.0.0.1:8555",
    "16": "127.0.0.1:8516",
    "51": "127.0.0.1:8551",
    "28": "127.0.0.1:8528",
    "63": "127.0.0.1:8563",
    "24": "127.0.0.1:8524",
    "59": "127.0.0.1:8559",
    "7": "127.0.0.1:8507",
    "38": "127.0.0.1:8538",
    "3": "127.0.0.1:8503",
    "34": "127.0.0.1:8534",
    "15": "127.0.0.1:8515",
    "46": "127.0.0.1:8546",
    "11": "127.0.0.1:8511",
    "42": "127.0.0.1:8542",
    "23": "127.0.0.1:8523",
    "54": "127.0.0.1:8554",
    "19": "127.0.0.1:8519",
    "50": "127.0.0.1:8550",
    "31": "127.0.0.1:8531",
    "62": "127.0.0.1:8562",
    "27": "127.0.0.1:8527",
    "58": "127.0.0.1:8558"
  },
  "delta": 100,
  "id": 36,
  "num_nodes": 64,
  "num_faults": 21,
  "block_size": 100,
  "client_port": 7036,
  "client_addr": "0.0.0.0:5000",
  "payload": 0,
  "prot_payload": "cc,/home/akhil/research/EEBA/libchatter/",
  "crypto_alg": "NOPKI",
  "pk_map": {},
  "secret_key_bytes": [],
  "sk_map": {
    "37": [
      43,
      151,
      66,
      171,
      208,
      107,
      149,
      61,
      176,
      25,
      14,
      166,
      173,
      240,
      234,
      203,
      203,
      168,
      30,
      209,
      57,
      59,
      110,
      191,
      196,
      194,
      189,
      99,
      194,
      176,
      195,
      14
    ],
    "6": [
      114,
      2,
      184,
      251,
      251,
      155,
      79,
      88,
      72,
      7,
      33,
      189,
      124,
      246,
      109,
      176,
      217,
      0,
      152,
      83,
      40,
      246,
      154,
      253,
      232,
      141,
      156,
      159,
      34,
      189,
      201,
      42
    ],
    "33": [
      249,
      179,
      89,
      229,
      203,
      17,
      149,
      46,
      250,
      146,
      11,
      124,
      243,
      51,
      177,
      182,
      6,
      103,
      242,
      75,
      29,
      40,
      50,
      118,
      64,
      2,
      21,
      24,
      22,
      137,
      189,
      211
    ],
    "2": [
      82,
      24,
      62,
      40,
      138,
      234,
      88,
      233,
      139,
      169,
      52,
      37,
      86,
      135,
      25,
      153,
      12,
      80,
      221,
      32,
      77,
      144,
      92,
      223,
      166,
      1,
      164,
      201,
      216,
      14,
      253,
      186
    ],
    "45": [
      58,
      6,
      43,
      131,
      14,
      182,
      157,
      43,
      26,
      10,
      131,
      46,
      32,
      165,
      82,
      202,
      142,
      148,
      192,
      147,
      127,
      36,
      239,
      93,
      251,
      16,
      2,
      115,
      174,
      226,
      139,
      197
    ],
    "14": [
      245,
      82,
      135,
      131,
      220,
      245,
      77,
      194,
      126,
      80,
      110,
      229,
      135,
      123,
      195,
      102,
      178,
      169,
      33,
      251,
      135,
      86,
      49,
      183,
      4,
      2,
      94,
      23,
      209,
      116,
      109,
      248
    ],
    "41": [
      214,
      41,
      75,
      103,
      194,
      95,
      175,
      133,
      247,
      65,
      169,
      67,
      64,
      83,
      82,
      81,
      126,
      251,
      236,
      179,
      87,
      254,
      31,
      145,
      24,
      181,
      33,
      100,
      45,
      171,
      184,
      229
    ],
    "10": [
      40,
      245,
      126,
      195,
      102,
      86,
      38,
      74,
      196,
      193,
      18,
      154,
      81,
      145,
      55,
      146,
      117,
      4,
      131,
      181,
      165,
      244,
      2,
      133,
      220,
      105,
      186,
      66,
      78,
      75,
      128,
      170
    ],
    "53": [
      85,
      27,
      192,
      30,
      174,
      145,
      2,
      64,
      210,
      71,
      114,
      239,
      242,
      216,
      30,
      141,
      159,
      21,
      1,
      6,
      226,
      253,
      25,
      139,
      182,
      173,
      216,
      49,
      249,
      197,
      101,
      92
    ],
    "22": [
      52,
      223,
      195,
      139,
      10,
      174,
      123,
      9,
      52,
      154,
      163,
      92,
      81,
      77,
      77,
      5,
      143,
      172,
      159,
      201,
      114,
      227,
      69,
      198,
      95,
      4,
      166,
      214,
      134,
      70,
      123,
      235
    ],
    "49": [
      232,
      109,
      252,
      208,
      106,
      193,
      51,
      91,
      237,
      126,
      140,
      60,
      233,
      156,
      160,
      197,
      225,
      50,
      164,
      213,
      129,
      30,
      231,
      219,
      161,
      27,
      157,
      136,
      240,
      152,
      140,
      8
    ],
    "18": [
      26,
      73,
      113,
      8,
      75,
      184,
      41,
      172,
      250,
      157,
      225,
      117,
      222,
      160,
      252,
      222,
      145,
      21,
      126,
      159,
      210,
      11,
      39,
      90,
      161,
      141,
      61,
      172,
      246,
      174,
      52,
      160
    ],
    "61": [
      104,
      9,
      228,
      87,
      86,
      151,
      96,
      62,
      65,
      26,
      156,
      74,
      7,
      220,
      92,
      62,
      244,
      108,
      11,
      114,
      98,
      25,
      211,
      89,
      163,
      32,
      114,
      219,
      33,
      92,
      127,
      217
    ],
    "30": [
      64,
      64,
      244,
      9,
      181,
      217,
      106,
      108,
      180,
      253,
      148,
      94,
      214,
      169,
      13,
      170,
      96,
      136,
      28,
      92,
      15,
      188,
      125,
      49,
      75,
      113,
      244,
      186,
      199,
      233,
      91,
      243
    ],
    "57": [
      97,
      235,
      77,
      237,
      7,
      137,
      220,
      1,
      68,
      78,
      30,
      251,
      158,
      140,
      78,
      122,
      127,
      235,
      163,
      36,
      184,
      140,
      32,
      163,
      10,
      10,
      118,
      248,
      12,
      171,
      59,
      103
    ],
    "26": [
      225,
      251,
      242,
      205,
      168,
      7,
      63,
      175,
      86,
      5,
      185,
      33,
      153,
      132,
      29,
      5,
      69,
      229,
      86,
      224,
      220,
      246,
      116,
      58,
      84,
      210,
      124,
      226,
      222,
      250,
      124,
      204
    ],
    "5": [
      219,
      162,
      247,
      216,
      38,
      10,
      33,
      107,
      216,
      252,
      108,
      242,
      8,
      66,
      214,
      120,
      115,
      114,
      22,
      143,
      39,
      174,
      1,
      42,
      56,
      45,
      132,
      229,
      228,
      170,
      219,
      113
    ],
    "36": [
      12,
      33,
      36,
      15,
      139,
      155,
      119,
      104,
      247,
      33,
      93,
      207,
      68,
      120,
      147,
      219,
      14,
      87,
      163,
      119,
      188,
      247,
      185,
      71,
      50,
      5,
      7,
      69,
      180,
      180,
      27,
      76
    ],
    "1": [
      24,
      86,
      129,
      222,
      120,
      71,
      212,
      245,
      250,
      183,
      141,
      9,
      167,
      229,
      183,
      176,
      126,
      82,
      215,
      57,
      46,
      7,
      104,
      227,
      73,
      43,
      48,
      145,
      4,
      35,
      209,
      153
    ],
    "32": [
      73,
      92,
      187,
      161,
      94,
      201,
      251,
      76,
      160,
      173,
      228,
      67,
      53,
      128,
      38,
      168,
      89,
      218,
      71,
      43,
      99,
      113,
      174,
      232,
      87,
      97,
      127,
      148,
      14,
      118,
      69,
      146
    ],
    "13": [
      167,
      81,
      75,
      44,
      41,
      80,
      206,
      23,
      183,
      42,
      18,
      69,
      57,
      208,
      93,
      81,
      41,
      86,
      163,
      94,
      179,
      131,
      180,
      43,
      87,
      47,
      161,
      172,
      250,
      201,
      67,
      191
    ],
    "44": [
      141,
      179,
      2,
      197,
      152,
      229,
      45,
      129,
      76,
      174,
      95,
      176,
      152,
      155,
      51,
      201,
      127,
      38,
      30,
      104,
      134,
      7,
      243,
      54,
      233,
      94,
      11,
      86,
      215,
      170,
      210,
      184
    ],
    "9": [
      8,
      237,
      126,
      237,
      147,
      209,
      107,
      73,
      31,
      5,
      90,
      83,
      154,
      199,
      15,
      180,
      63,
      219,
      241,
      70,
      49,
      160,
      74,
      59,
      39,
      173,
      56,
      0,
      109,
      58,
      222,
      101
    ],
    "40": [
      66,
      77,
      240,
      115,
      48,
      93,
      180,
      179,
      172,
      250,
      85,
      206,
      111,
      186,
      28,
      177,
      232,
      193,
      50,
      170,
      83,
      24,
      71,
      24,
      96,
      139,
      101,
      3,
      83,
      92,
      59,
      255
    ],
    "21": [
      186,
      163,
      220,
      116,
      94,
      168,
      251,
      4,
      42,
      188,
      138,
      75,
      24,
      96,
      98,
      242,
      108,
      160,
      196,
      72,
      245,
      95,
      241,
      31,
      253,
      224,
      205,
      128,
      210,
      175,
      48,
      72
    ],
    "52": [
      246,
      232,
      83,
      187,
      99,
      80,
      59,
      109,
      230,
      39,
      242,
      157,
      82,
      179,
      86,
      16,
      139,
      55,
      134,
      17,
      25,
      182,
      212,
      195,
      56,
      222,
      106,
      188,
      221,
      87,
      90,
      81
    ],
    "17": [
      220,
      3,
      59,
      167,
      247,
      9,
      6,
      167,
      141,
      160,
      79,
      25,
      101,
      55,
      150,
      159,
      3,
      178,
      14,
      96,
      120,
      40,
      78,
      249,
      99,
      184,
      213,
      78,
      148,
      46,
      175,
      57
    ],
    "48": [
      7,
      164,
      141,
      117,
      71,
      45,
      132,
      103,
      218,
      37,
      50,
      136,
      69,
      132,
      239,
      109,
      195,
      237,
      59,
      27,
      63,
      101,
      98,
      216,
      223,
      10,
      133,
      78,
      16,
      192,
      118,
      21
    ],
    "29": [
      171,
      237,
      63,
      253,
      230,
      14,
      90,
      168,
      23,
      48,
      53,
      5,
      160,
      101,
      91,
      124,
      200,
      175,
      209,
      34,
      15,
      227,
      200,
      32,
      194,
      33,
      143,
      236,
      61,
      35,
      49,
      167
    ],
    "60": [
      58,
      131,
      173,
      101,
      38,
      5,
      128,
      222,
      61,
      85,
      51,
      89,
      250,
      236,
      40,
      21,
      160,
      133,
      163,
      169,
      237,
      4,
      254,
      213,
      29,
      143,
      204,
      163,
      178,
      191,
      57,
      66
    ],
    "25": [
      247,
      24,
      159,
      251,
      209,
      175,
      87,
      98,
      43,
      223,
      120,
      67,
      161,
      123,
      102,
      5,
      171,
      66,
      236,
      209,
      70,
      40,
      110,
      108,
      13,
      228,
      191,
      119,
      190,
      16,
      3,
      151
    ],
    "56": [
      54,
      112,
      222,
      40,
      134,
      184,
      217,
      95,
      86,
      229,
      123,
      19,
      102,
      191,
      145,
      102,
      76,
      178,
      153,
      178,
      214,
      146,
      169,
      89,
      65,
      247,
      239,
      159,
      229,
      113,
      56,
      129
    ],
    "4": [
      188,
      230,
      169,
      231,
      128,
      235,
      251,
      236,
      141,
      103,
      251,
      245,
      164,
      161,
      80,
      223,
      209,
      118,
      182,
      53,
      17,
      6,
      19,
      32,
      18,
      244,
      246,
      82,
      95,
      20,
      78,
      134
    ],
    "39": [
      70,
      72,
      73,
      149,
      67,
      138,
      231,
      159,
      212,
      169,
      71,
      101,
      209,
      186,
      161,
      39,
      224,
      0,
      76,
      43,
      210,
      201,
      247,
      83,
      86,
      33,
      81,
      219,
      180,
      253,
      99,
      109
    ],
    "0": [
      14,
      23,
      238,
      133,
      161,
      89,
      210,
      218,
      198,
      53,
      27,
      198,
      94,
      237,
      126,
      20,
      242,
      98,
      39,
      146,
      248,
      217,
      226,
      23,
      37,
      74,
      12,
      80,
      87,
      70,
      141,
      68
    ],
    "35": [
      33,
      229,
      247,
      159,
      233,
      230,
      230,
      151,
      230,
      239,
      249,
      120,
      132,
      210,
      52,
      100,
      36,
      248,
      86,
      236,
      145,
      143,
      171,
      180,
      165,
      57,
      211,
      237,
      76,
      161,
      86,
      177
    ],
    "12": [
      70,
      205,
      124,
      224,
      81,
      147,
      130,
      63,
      201,
      131,
      137,
      141,
      110,
      87,
      118,
      49,
      95,
      99,
      47,
      23,
      15,
      56,
      80,
      231,
      104,
      74,
      12,
      130,
      156,
      61,
      85,
      142
    ],
    "47": [
      195,
      53,
      151,
      216,
      137,
      5,
      67,
      129,
      179,
      224,
      81,
      113,
      40,
      98,
      92,
      89,
      105,
      88,
      59,
      61,
      242,
      36,
      24,
      217,
      137,
      73,
      100,
      40,
      217,
      72,
      168,
      101
    ],
    "8": [
      162,
      222,
      112,
      75,
      216,
      219,
      218,
      212,
      190,
      233,
      159,
      200,
      152,
      94,
      86,
      69,
      147,
      249,
      224,
      103,
      121,
      156,
      76,
      234,
      95,
      125,
      40,
      6,
      125,
      249,
      235,
      59
    ],
    "43": [
      124,
      243,
      165,
      241,
      54,
      167,
      37,
      199,
      12,
      0,
      115,
      34,
      57,
      203,
      52,
      240,
      96,
      175,
      16,
      32,
      31,
      180,
      42,
      152,
      26,
      11,
      106,
      204,
      38,
      107,
      169,
      122
    ],
    "20": [
      250,
      194,
      109,
      112,
      0,
      106,
      197,
      169,
      225,
      31,
      168,
      177,
      177,
      118,
      162,
      211,
      67,
      133,
      136,
      80,
      93,
      54,
      224,
      157,
      77,
      108,
      201,
      250,
      176,
      15,
      130,
      42
    ],
    "55": [
      30,
      143,
      88,
      41,
      129,
      11,
      252,
      82,
      17,
      134,
      132,
      196,
      52,
      215,
      255,
      1,
      241,
      214,
      209,
      88,
      191,
      118,
      158,
      183,
      72,
      160,
      186,
      186,
      234,
      77,
      45,
      2
    ],
    "16": [
      89,
      141,
      199,
      128,
      23,
      29,
      65,
      95,
      4,
      65,
      200,
      214,
      213,
      7,
      41,
      125,
      110,
      195,
      2,
      215,
      111,
      110,
      115,
      205,
      18,
      59,
      97,
      26,
      176,
      92,
      154,
      1
    ],
    "51": [
      182,
      105,
      200,
      218,
      242,
      187,
      195,
      137,
      17,
      84,
      11,
      29,
      114,
      204,
      228,
      5,
      90,
      52,
      15,
      156,
      11,
      25,
      204,
      72,
      143,
      57,
      190,
      110,
      173,
      195,
      160,
      122
    ],
    "28": [
      55,
      233,
      200,
      227,
      143,
      141,
      239,
      223,
      231,
      101,
      80,
      102,
      116,
      178,
      244,
      247,
      51,
      56,
      91,
      218,
      232,
      64,
      53,
      223,
      38,
      157,
      34,
      136,
      123,
      37,
      243,
      58
    ],
    "63": [
      62,
      162,
      156,
      55,
      224,
      181,
      128,
      253,
      59,
      235,
      113,
      109,
      225,
      157,
      140,
      81,
      58,
      36,
      108,
      14,
      0,
      15,
      219,
      174,
      82,
      143,
      185,
      59,
      18,
      242,
      253,
      10
    ],
    "24": [
      182,
      55,
      83,
      126,
      15,
      195,
      219,
      127,
      195,
      124,
      96,
      20,
      197,
      226,
      172,
      192,
      211,
      120,
      43,
      54,
      190,
      79,
      231,
      31,
      248,
      199,
      186,
      171,
      15,
      201,
      101,
      205
    ],
    "59": [
      40,
      174,
      44,
      203,
      82,
      158,
      8,
      19,
      223,
      142,
      25,
      191,
      181,
      38,
      242,
      189,
      28,
      150,
      143,
      19,
      214,
      120,
      34,
      197,
      60,
      60,
      101,
      251,
      151,
      247,
      155,
      10
    ],
    "7": [
      41,
      202,
      221,
      160,
      183,
      46,
      47,
      95,
      203,
      99,
      104,
      211,
      91,
      54,
      254,
      244,
      94,
      15,
      186,
      47,
      116,
      24,
      9,
      184,
      158,
      184,
      255,
      254,
      159,
      181,
      159,
      30
    ],
    "38": [
      13,
      23,
      20,
      147,
      111,
      106,
      109,
      25,
      241,
      200,
      233,
      85,
      135,
      205,
      37,
      78,
      220,
      73,
      197,
      140,
      79,
      8,
      72,
      102,
      205,
      213,
      166,
      252,
      231,
      213,
      183,
      131
    ],
    "3": [
      81,
      47,
      86,
      77,
      1,
      233,
      78,
      25,
      247,
      106,
      3,
      71,
      209,
      250,
      193,
      19,
      58,
      20,
      116,
      252,
      130,
      103,
      207,
      174,
      44,
      179,
      147,
      193,
      40,
      107,
      169,
      133
    ],
    "34": [
      45,
      228,
      142,
      145,
      22,
      112,
      64,
      136,
      67,
      169,
      189,
      250,
      66,
      61,
      209,
      14,
      129,
      193,
      243,
      7,
      178,
      141,
      128,
      12,
      228,
      210,
      176,
      184,
      13,
      8,
      38,
      167
    ],
    "15": [
      22,
      236,
      9,
      128,
      167,
      49,
      230,
      213,
      30,
      17,
      52,
      134,
      73,
      179,
      193,
      187,
      192,
      22,
      108,
      68,
      111,
      107,
      84,
      189,
      0,
      131,
      235,
      135,
      20,
      63,
      189,
      15
    ],
    "46": [
      105,
      108,
      50,
      223,
      3,
      186,
      94,
      69,
      27,
      159,
      81,
      180,
      6,
      210,
      197,
      134,
      71,
      6,
      138,
      8,
      250,
      140,
      141,
      149,
      84,
      79,
      172,
      241,
      48,
      225,
      90,
      251
    ],
    "11": [
      203,
      131,
      114,
      255,
      84,
      117,
      168,
      10,
      114,
      165,
      29,
      35,
      234,
      94,
      100,
      215,
      1,
      26,
      100,
      142,
      37,
      31,
      126,
      61,
      94,
      216,
      146,
      33,
      227,
      70,
      16,
      49
    ],
    "42": [
      90,
      163,
      54,
      109,
      227,
      64,
      37,
      150,
      84,
      98,
      90,
      71,
      57,
      235,
      113,
      100,
      236,
      44,
      238,
      87,
      48,
      81,
      110,
      4,
      116,
      72,
      157,
      193,
      249,
      126,
      88,
      88
    ],
    "23": [
      101,
      61,
      8,
      214,
      231,
      57,
      40,
      37,
      46,
      4,
      112,
      207,
      210,
      243,
      173,
      45,
      196,
      212,
      178,
      157,
      186,
      99,
      166,
      95,
      236,
      17,
      20,
      15,
      74,
      76,
      177,
      202
    ],
    "54": [
      170,
      108,
      239,
      105,
      160,
      1,
      43,
      242,
      217,
      169,
      56,
      205,
      249,
      237,
      18,
      47,
      94,
      147,
      173,
      207,
      213,
      96,
      193,
      113,
      129,
      80,
      80,
      114,
      30,
      3,
      247,
      51
    ],
    "19": [
      184,
      61,
      172,
      32,
      94,
      182,
      38,
      107,
      59,
      84,
      86,
      23,
      181,
      10,
      101,
      93,
      17,
      62,
      160,
      53,
      4,
      169,
      181,
      215,
      90,
      42,
      43,
      202,
      31,
      226,
      121,
      209
    ],
    "50": [
      175,
      156,
      141,
      64,
      217,
      134,
      210,
      167,
      96,
      88,
      75,
      150,
      150,
      8,
      218,
      204,
      8,
      246,
      121,
      182,
      255,
      216,
      148,
      204,
      7,
      209,
      226,
      171,
      180,
      101,
      234,
      31
    ],
    "31": [
      130,
      194,
      179,
      205,
      82,
      122,
      180,
      166,
      193,
      158,
      181,
      53,
      42,
      49,
      98,
      64,
      163,
      178,
      251,
      113,
      67,
      146,
      66,
      84,
      219,
      240,
      70,
      33,
      16,
      160,
      68,
      188
    ],
    "62": [
      228,
      54,
      208,
      32,
      39,
      167,
      169,
      215,
      51,
      200,
      146,
      172,
      47,
      189,
      79,
      23,
      94,
      103,
      231,
      244,
      223,
      55,
      4,
      223,
      111,
      208,
      113,
      170,
      185,
      10,
      153,
      68
    ],
    "27": [
      147,
      8,
      166,
      25,
      92,
      183,
      216,
      137,
      15,
      3,
      7,
      119,
      16,
      207,
      121,
      142,
      174,
      22,
      56,
      186,
      193,
      14,
      203,
      92,
      74,
      186,
      34,
      222,
      92,
      18,
      227,
      116
    ],
    "58": [
      241,
      189,
      136,
      51,
      195,
      144,
      82,
      22,
      158,
      61,
      197,
      218,
      212,
      21,
      228,
      247,
      102,
      43,
      114,
      168,
      161,
      120,
      50,
      37,
      228,
      252,
      27,
      175,
      119,
      63,
      83,
      1
    ]
  },
  "my_cert": [],
  "my_cert_key": [],
  "root_cert": []
}