{
  "net_map": {
    "5": "127.0.0.1:8505",
    "4": "127.0.0.1:8504",
    "7": "127.0.0.1:8507",
    "6": "127.0.0.1:8506",
    "1": "127.0.0.1:8501",
    "0": "127.0.0.1:8500",
    "3": "127.0.0.1:8503",
    "2": "127.0.0.1:8502",
    "13": "127.0.0.1:8513",
    "12": "127.0.0.1:8512",
    "15": "127.0.0.1:8515",
    "14": "127.0.0.1:8514",
    "9": "127.0.0.1:8509",
    "8": "127.0.0.1:8508",
    "11": "127.0.0.1:8511",
    "10": "127.0.0.1:8510",
    "16": "127.0.0.1:9000"
  },
  "delta": 100,
  "id": 8,
  "num_nodes": 16,
  "num_faults": 5,
  "block_size": 100,
  "client_port": 7008,
  "client_addr": "0.0.0.0:5000",
  "payload": 0,
  "prot_payload": "cc,/home/akhil/research/EEBA/libchatter/",
  "crypto_alg": "NOPKI",
  "pk_map": {},
  "secret_key_bytes": [],
  "sk_map": {
    "5": [
      169,
      34,
      99,
      89,
      106,
      65,
      91,
      159,
      100,
      151,
      194,
      83,
      137,
      255,
      157,
      165,
      113,
      196,
      248,
      161,
      255,
      250,
      108,
      234,
      32,
      220,
      21,
      69,
      156,
      98,
      104,
      152
    ],
    "4": [
      143,
      130,
      106,
      105,
      128,
      35,
      185,
      216,
      26,
      5,
      8,
      107,
      89,
      82,
      43,
      206,
      224,
      224,
      210,
      227,
      68,
      149,
      54,
      55,
      158,
      247,
      211,
      162,
      111,
      63,
      87,
      171
    ],
    "7": [
      138,
      155,
      119,
      198,
      192,
      73,
      68,
      211,
      151,
      216,
      107,
      120,
      233,
      9,
      248,
      73,
      197,
      163,
      250,
      235,
      134,
      227,
      34,
      108,
      13,
      208,
      220,
      98,
      116,
      176,
      13,
      20
    ],
    "6": [
      94,
      153,
      55,
      255,
      247,
      152,
      104,
      8,
      113,
      15,
      37,
      130,
      99,
      198,
      134,
      175,
      18,
      175,
      55,
      251,
      119,
      134,
      100,
      137,
      250,
      22,
      100,
      38,
      47,
      26,
      28,
      85
    ],
    "1": [
      142,
      103,
      240,
      81,
      237,
      34,
      95,
      235,
      188,
      99,
      38,
      140,
      30,
      33,
      58,
      13,
      164,
      254,
      15,
      126,
      40,
      146,
      52,
      99,
      106,
      221,
      61,
      19,
      149,
      3,
      201,
      52
    ],
    "0": [
      111,
      161,
      150,
      136,
      146,
      24,
      136,
      39,
      239,
      138,
      87,
      46,
      34,
      216,
      34,
      96,
      231,
      91,
      33,
      53,
      83,
      153,
      193,
      37,
      45,
      61,
      18,
      178,
      205,
      189,
      186,
      187
    ],
    "3": [
      77,
      121,
      34,
      174,
      233,
      123,
      157,
      90,
      108,
      174,
      35,
      245,
      65,
      85,
      112,
      232,
      205,
      160,
      34,
      239,
      58,
      155,
      4,
      92,
      206,
      110,
      3,
      209,
      0,
      197,
      175,
      43
    ],
    "2": [
      221,
      171,
      55,
      62,
      231,
      163,
      135,
      195,
      164,
      190,
      204,
      166,
      115,
      99,
      239,
      156,
      115,
      125,
      42,
      115,
      74,
      60,
      93,
      149,
      25,
      196,
      229,
      108,
      219,
      132,
      193,
      130
    ],
    "13": [
      223,
      50,
      60,
      80,
      209,
      234,
      11,
      79,
      126,
      17,
      40,
      32,
      92,
      121,
      204,
      126,
      249,
      89,
      75,
      233,
      124,
      169,
      84,
      194,
      55,
      117,
      183,
      148,
      167,
      90,
      137,
      229
    ],
    "12": [
      138,
      133,
      172,
      60,
      80,
      92,
      39,
      5,
      83,
      120,
      201,
      46,
      59,
      126,
      55,
      12,
      43,
      189,
      34,
      62,
      241,
      76,
      33,
      166,
      72,
      19,
      80,
      101,
      104,
      3,
      230,
      55
    ],
    "15": [
      206,
      109,
      83,
      63,
      34,
      40,
      248,
      84,
      172,
      161,
      222,
      156,
      13,
      132,
      6,
      89,
      3,
      132,
      89,
      164,
      25,
      39,
      98,
      173,
      203,
      213,
      10,
      216,
      182,
      36,
      106,
      48
    ],
    "14": [
      245,
      136,
      69,
      114,
      152,
      45,
      91,
      188,
      42,
      33,
      106,
      41,
      65,
      196,
      145,
      34,
      67,
      33,
      41,
      45,
      228,
      229,
      167,
      112,
      221,
      67,
      226,
      203,
      81,
      149,
      27,
      27
    ],
    "9": [
      74,
      75,
      96,
      193,
      28,
      38,
      64,
      194,
      248,
      104,
      146,
      102,
      82,
      121,
      222,
      70,
      162,
      23,
      143,
      52,
      197,
      231,
      71,
      100,
      127,
      226,
      52,
      179,
      231,
      218,
      3,
      217
    ],
    "8": [
      72,
      132,
      82,
      124,
      169,
      91,
      205,
      53,
      205,
      93,
      100,
      45,
      115,
      207,
      161,
      218,
      168,
      192,
      155,
      78,
      79,
      173,
      0,
      24,
      56,
      234,
      104,
      153,
      2,
      32,
      28,
      254
    ],
    "11": [
      75,
      97,
      70,
      225,
      175,
      44,
      117,
      222,
      79,
      191,
      205,
      89,
      178,
      40,
      196,
      48,
      210,
      221,
      254,
      218,
      103,
      129,
      98,
      9,
      209,
      168,
      202,
      0,
      202,
      152,
      94,
      162
    ],
    "10": [
      228,
      200,
      195,
      14,
      237,
      9,
      155,
      122,
      9,
      184,
      179,
      28,
      142,
      168,
      75,
      212,
      67,
      31,
      193,
      253,
      158,
      240,
      139,
      118,
      152,
      201,
      167,
      212,
      142,
      42,
      33,
      28
    ]
  },
  "my_cert": [],
  "my_cert_key": [],
  "root_cert": []
}