{
  "net_map": {
    "5": "127.0.0.1:8505",
    "4": "127.0.0.1:8504",
    "7": "127.0.0.1:8507",
    "6": "127.0.0.1:8506",
    "1": "127.0.0.1:8501",
    "0": "127.0.0.1:8500",
    "3": "127.0.0.1:8503",
    "2": "127.0.0.1:8502",
    "13": "127.0.0.1:8513",
    "12": "127.0.0.1:8512",
    "15": "127.0.0.1:8515",
    "14": "127.0.0.1:8514",
    "9": "127.0.0.1:8509",
    "8": "127.0.0.1:8508",
    "11": "127.0.0.1:8511",
    "10": "127.0.0.1:8510",
    "16": "127.0.0.1:9000"
  },
  "delta": 100,
  "id": 4,
  "num_nodes": 16,
  "num_faults": 5,
  "block_size": 100,
  "client_port": 7004,
  "client_addr": "0.0.0.0:5000",
  "payload": 0,
  "prot_payload": "cc,/home/akhil/research/EEBA/libchatter/",
  "crypto_alg": "NOPKI",
  "pk_map": {},
  "secret_key_bytes": [],
  "sk_map": {
    "5": [
      118,
      164,
      162,
      246,
      22,
      118,
      130,
      218,
      148,
      104,
      165,
      206,
      228,
      78,
      17,
      71,
      225,
      18,
      240,
      115,
      221,
      188,
      199,
      89,
      142,
      90,
      97,
      199,
      230,
      237,
      163,
      255
    ],
    "4": [
      82,
      140,
      94,
      73,
      162,
      97,
      190,
      37,
      100,
      155,
      160,
      76,
      53,
      194,
      67,
      117,
      216,
      131,
      144,
      222,
      153,
      147,
      244,
      181,
      9,
      163,
      137,
      142,
      5,
      183,
      208,
      22
    ],
    "7": [
      6,
      178,
      52,
      226,
      46,
      113,
      120,
      220,
      113,
      117,
      44,
      136,
      34,
      49,
      51,
      137,
      75,
      169,
      42,
      3,
      67,
      178,
      46,
      40,
      209,
      31,
      111,
      151,
      134,
      41,
      246,
      25
    ],
    "6": [
      159,
      34,
      146,
      39,
      227,
      56,
      112,
      228,
      195,
      231,
      156,
      108,
      10,
      222,
      247,
      83,
      131,
      178,
      8,
      52,
      232,
      89,
      130,
      218,
      134,
      103,
      102,
      236,
      26,
      82,
      104,
      198
    ],
    "1": [
      77,
      85,
      186,
      212,
      57,
      177,
      99,
      38,
      58,
      215,
      189,
      126,
      120,
      164,
      119,
      121,
      194,
      134,
      78,
      126,
      19,
      65,
      60,
      188,
      130,
      126,
      177,
      141,
      120,
      164,
      27,
      101
    ],
    "0": [
      137,
      60,
      228,
      255,
      82,
      34,
      223,
      65,
      205,
      162,
      163,
      236,
      191,
      251,
      236,
      239,
      228,
      176,
      56,
      240,
      167,
      159,
      72,
      141,
      1,
      195,
      60,
      12,
      115,
      152,
      22,
      176
    ],
    "3": [
      6,
      118,
      188,
      159,
      186,
      211,
      173,
      139,
      225,
      212,
      21,
      199,
      103,
      196,
      2,
      243,
      94,
      6,
      46,
      212,
      103,
      178,
      84,
      159,
      27,
      142,
      66,
      52,
      140,
      244,
      243,
      137
    ],
    "2": [
      50,
      229,
      175,
      116,
      241,
      176,
      243,
      108,
      100,
      79,
      177,
      86,
      28,
      72,
      78,
      81,
      227,
      200,
      209,
      219,
      253,
      172,
      51,
      28,
      155,
      109,
      42,
      142,
      74,
      221,
      249,
      206
    ],
    "13": [
      13,
      216,
      144,
      109,
      142,
      86,
      139,
      68,
      156,
      189,
      51,
      98,
      73,
      144,
      3,
      13,
      78,
      72,
      72,
      254,
      104,
      83,
      151,
      213,
      10,
      17,
      157,
      162,
      35,
      143,
      45,
      246
    ],
    "12": [
      205,
      3,
      96,
      220,
      224,
      101,
      250,
      203,
      233,
      174,
      166,
      133,
      17,
      83,
      151,
      171,
      95,
      94,
      123,
      0,
      248,
      255,
      242,
      15,
      207,
      60,
      223,
      244,
      155,
      206,
      232,
      213
    ],
    "15": [
      97,
      109,
      254,
      157,
      122,
      131,
      80,
      150,
      131,
      162,
      42,
      122,
      195,
      221,
      183,
      42,
      3,
      122,
      49,
      225,
      95,
      101,
      245,
      151,
      103,
      9,
      180,
      169,
      161,
      121,
      246,
      164
    ],
    "14": [
      61,
      175,
      31,
      208,
      51,
      65,
      31,
      195,
      3,
      148,
      238,
      168,
      136,
      99,
      110,
      229,
      255,
      155,
      73,
      58,
      200,
      146,
      32,
      237,
      186,
      65,
      148,
      170,
      14,
      29,
      159,
      39
    ],
    "9": [
      217,
      24,
      76,
      224,
      158,
      113,
      106,
      28,
      52,
      142,
      169,
      66,
      246,
      33,
      126,
      14,
      219,
      202,
      52,
      31,
      108,
      152,
      23,
      143,
      93,
      89,
      160,
      47,
      116,
      54,
      187,
      105
    ],
    "8": [
      143,
      130,
      106,
      105,
      128,
      35,
      185,
      216,
      26,
      5,
      8,
      107,
      89,
      82,
      43,
      206,
      224,
      224,
      210,
      227,
      68,
      149,
      54,
      55,
      158,
      247,
      211,
      162,
      111,
      63,
      87,
      171
    ],
    "11": [
      119,
      97,
      29,
      101,
      82,
      177,
      43,
      230,
      28,
      160,
      168,
      60,
      232,
      164,
      114,
      247,
      145,
      129,
      230,
      166,
      160,
      111,
      186,
      69,
      27,
      31,
      130,
      254,
      219,
      158,
      58,
      173
    ],
    "10": [
      215,
      96,
      105,
      193,
      230,
      163,
      112,
      172,
      212,
      111,
      213,
      236,
      231,
      71,
      88,
      167,
      127,
      160,
      181,
      207,
      80,
      188,
      189,
      38,
      108,
      132,
      103,
      44,
      178,
      249,
      196,
      67
    ]
  },
  "my_cert": [],
  "my_cert_key": [],
  "root_cert": []
}