{
  "net_map": {
    "5": "127.0.0.1:8505",
    "4": "127.0.0.1:8504",
    "7": "127.0.0.1:8507",
    "6": "127.0.0.1:8506",
    "1": "127.0.0.1:8501",
    "0": "127.0.0.1:8500",
    "3": "127.0.0.1:8503",
    "2": "127.0.0.1:8502",
    "13": "127.0.0.1:8513",
    "12": "127.0.0.1:8512",
    "15": "127.0.0.1:8515",
    "14": "127.0.0.1:8514",
    "9": "127.0.0.1:8509",
    "8": "127.0.0.1:8508",
    "11": "127.0.0.1:8511",
    "10": "127.0.0.1:8510",
    "16": "127.0.0.1:9000"
  },
  "delta": 100,
  "id": 14,
  "num_nodes": 16,
  "num_faults": 5,
  "block_size": 100,
  "client_port": 7014,
  "client_addr": "0.0.0.0:5000",
  "payload": 0,
  "prot_payload": "cc,/home/akhil/research/EEBA/libchatter/",
  "crypto_alg": "NOPKI",
  "pk_map": {},
  "secret_key_bytes": [],
  "sk_map": {
    "5": [
      245,
      123,
      19,
      8,
      96,
      90,
      23,
      177,
      226,
      226,
      172,
      168,
      148,
      77,
      221,
      174,
      199,
      49,
      90,
      75,
      87,
      133,
      122,
      219,
      228,
      216,
      116,
      57,
      214,
      40,
      12,
      75
    ],
    "4": [
      61,
      175,
      31,
      208,
      51,
      65,
      31,
      195,
      3,
      148,
      238,
      168,
      136,
      99,
      110,
      229,
      255,
      155,
      73,
      58,
      200,
      146,
      32,
      237,
      186,
      65,
      148,
      170,
      14,
      29,
      159,
      39
    ],
    "7": [
      228,
      255,
      118,
      172,
      219,
      190,
      226,
      237,
      103,
      87,
      159,
      49,
      135,
      70,
      144,
      13,
      118,
      29,
      214,
      106,
      151,
      224,
      166,
      5,
      91,
      111,
      179,
      195,
      4,
      79,
      136,
      170
    ],
    "6": [
      182,
      190,
      123,
      198,
      69,
      231,
      143,
      27,
      5,
      84,
      2,
      83,
      20,
      4,
      120,
      144,
      15,
      56,
      136,
      14,
      90,
      164,
      171,
      20,
      224,
      246,
      125,
      70,
      230,
      231,
      208,
      214
    ],
    "1": [
      140,
      111,
      62,
      203,
      201,
      188,
      200,
      82,
      217,
      172,
      83,
      179,
      106,
      156,
      174,
      151,
      2,
      211,
      253,
      188,
      147,
      82,
      240,
      181,
      191,
      116,
      96,
      244,
      81,
      110,
      28,
      241
    ],
    "0": [
      142,
      14,
      253,
      144,
      44,
      147,
      252,
      203,
      175,
      69,
      83,
      216,
      223,
      241,
      110,
      151,
      23,
      153,
      126,
      83,
      221,
      146,
      253,
      141,
      149,
      177,
      172,
      123,
      66,
      57,
      23,
      3
    ],
    "3": [
      236,
      221,
      227,
      152,
      55,
      205,
      2,
      84,
      190,
      73,
      4,
      45,
      5,
      79,
      195,
      162,
      90,
      175,
      248,
      132,
      178,
      153,
      159,
      43,
      139,
      235,
      248,
      83,
      249,
      170,
      194,
      253
    ],
    "2": [
      180,
      9,
      224,
      9,
      185,
      58,
      191,
      32,
      89,
      63,
      241,
      89,
      195,
      42,
      207,
      47,
      124,
      248,
      105,
      75,
      230,
      53,
      214,
      192,
      53,
      236,
      255,
      168,
      231,
      99,
      234,
      86
    ],
    "13": [
      102,
      118,
      251,
      222,
      123,
      252,
      232,
      209,
      147,
      36,
      198,
      147,
      35,
      113,
      144,
      6,
      5,
      89,
      118,
      231,
      82,
      130,
      171,
      91,
      66,
      116,
      147,
      187,
      203,
      26,
      190,
      42
    ],
    "12": [
      50,
      77,
      205,
      124,
      101,
      122,
      141,
      140,
      223,
      218,
      176,
      171,
      121,
      224,
      171,
      70,
      36,
      110,
      132,
      0,
      94,
      160,
      59,
      141,
      228,
      246,
      237,
      169,
      3,
      76,
      107,
      37
    ],
    "15": [
      238,
      252,
      208,
      170,
      252,
      232,
      49,
      206,
      184,
      85,
      130,
      227,
      61,
      160,
      222,
      219,
      141,
      118,
      223,
      220,
      131,
      67,
      75,
      205,
      209,
      91,
      228,
      237,
      78,
      200,
      170,
      151
    ],
    "14": [
      105,
      209,
      253,
      83,
      233,
      110,
      209,
      16,
      226,
      176,
      71,
      184,
      7,
      175,
      54,
      207,
      100,
      65,
      75,
      156,
      126,
      169,
      14,
      58,
      255,
      238,
      123,
      174,
      253,
      129,
      212,
      143
    ],
    "9": [
      217,
      85,
      8,
      72,
      40,
      3,
      36,
      141,
      193,
      28,
      76,
      193,
      137,
      194,
      226,
      115,
      205,
      89,
      147,
      47,
      245,
      189,
      132,
      163,
      203,
      162,
      100,
      164,
      57,
      105,
      94,
      152
    ],
    "8": [
      245,
      136,
      69,
      114,
      152,
      45,
      91,
      188,
      42,
      33,
      106,
      41,
      65,
      196,
      145,
      34,
      67,
      33,
      41,
      45,
      228,
      229,
      167,
      112,
      221,
      67,
      226,
      203,
      81,
      149,
      27,
      27
    ],
    "11": [
      72,
      20,
      26,
      131,
      154,
      194,
      133,
      63,
      242,
      243,
      228,
      217,
      253,
      195,
      197,
      47,
      26,
      99,
      14,
      18,
      150,
      99,
      225,
      246,
      7,
      135,
      252,
      217,
      48,
      99,
      181,
      212
    ],
    "10": [
      178,
      179,
      12,
      37,
      241,
      180,
      6,
      27,
      217,
      195,
      193,
      137,
      12,
      47,
      133,
      93,
      192,
      11,
      95,
      117,
      24,
      17,
      114,
      114,
      20,
      90,
      246,
      25,
      89,
      206,
      218,
      234
    ]
  },
  "my_cert": [],
  "my_cert_key": [],
  "root_cert": []
}