{
  "net_map": {
    "5": "127.0.0.1:8505",
    "4": "127.0.0.1:8504",
    "7": "127.0.0.1:8507",
    "6": "127.0.0.1:8506",
    "1": "127.0.0.1:8501",
    "0": "127.0.0.1:8500",
    "3": "127.0.0.1:8503",
    "2": "127.0.0.1:8502",
    "13": "127.0.0.1:8513",
    "12": "127.0.0.1:8512",
    "15": "127.0.0.1:8515",
    "14": "127.0.0.1:8514",
    "9": "127.0.0.1:8509",
    "8": "127.0.0.1:8508",
    "11": "127.0.0.1:8511",
    "10": "127.0.0.1:8510",
    "16": "127.0.0.1:9000"
  },
  "delta": 100,
  "id": 15,
  "num_nodes": 16,
  "num_faults": 5,
  "block_size": 100,
  "client_port": 7015,
  "client_addr": "0.0.0.0:5000",
  "payload": 0,
  "prot_payload": "cc,/home/akhil/research/EEBA/libchatter/",
  "crypto_alg": "NOPKI",
  "pk_map": {},
  "secret_key_bytes": [],
  "sk_map": {
    "5": [
      56,
      74,
      244,
      229,
      34,
      61,
      98,
      244,
      6,
      204,
      41,
      210,
      226,
      206,
      140,
      212,
      225,
      127,
      142,
      248,
      156,
      195,
      112,
      210,
      190,
      146,
      39,
      53,
      70,
      210,
      122,
      188
    ],
    "4": [
      97,
      109,
      254,
      157,
      122,
      131,
      80,
      150,
      131,
      162,
      42,
      122,
      195,
      221,
      183,
      42,
      3,
      122,
      49,
      225,
      95,
      101,
      245,
      151,
      103,
      9,
      180,
      169,
      161,
      121,
      246,
      164
    ],
    "7": [
      71,
      26,
      211,
      246,
      152,
      168,
      89,
      151,
      228,
      208,
      20,
      246,
      114,
      35,
      109,
      161,
      166,
      135,
      97,
      217,
      208,
      45,
      27,
      85,
      221,
      42,
      231,
      0,
      237,
      8,
      203,
      230
    ],
    "6": [
      157,
      49,
      158,
      243,
      22,
      100,
      187,
      118,
      2,
      93,
      236,
      149,
      59,
      237,
      6,
      194,
      174,
      22,
      148,
      14,
      173,
      39,
      12,
      222,
      161,
      97,
      193,
      84,
      205,
      251,
      214,
      98
    ],
    "1": [
      166,
      105,
      255,
      182,
      84,
      29,
      48,
      62,
      161,
      143,
      29,
      240,
      208,
      71,
      47,
      159,
      174,
      50,
      142,
      255,
      43,
      103,
      133,
      59,
      194,
      221,
      220,
      170,
      5,
      75,
      56,
      68
    ],
    "0": [
      0,
      17,
      156,
      68,
      58,
      104,
      253,
      66,
      53,
      24,
      3,
      234,
      178,
      4,
      85,
      209,
      171,
      170,
      194,
      181,
      7,
      91,
      49,
      83,
      177,
      21,
      73,
      242,
      210,
      64,
      188,
      7
    ],
    "3": [
      121,
      232,
      110,
      93,
      176,
      225,
      128,
      1,
      10,
      195,
      193,
      92,
      220,
      129,
      37,
      6,
      62,
      1,
      129,
      157,
      221,
      118,
      140,
      48,
      133,
      158,
      247,
      171,
      166,
      130,
      5,
      255
    ],
    "2": [
      51,
      6,
      50,
      139,
      195,
      173,
      102,
      1,
      196,
      115,
      76,
      41,
      1,
      18,
      215,
      208,
      50,
      199,
      235,
      146,
      198,
      122,
      124,
      171,
      225,
      107,
      236,
      10,
      121,
      107,
      97,
      31
    ],
    "13": [
      157,
      86,
      99,
      64,
      123,
      21,
      198,
      187,
      175,
      238,
      165,
      64,
      255,
      175,
      98,
      224,
      26,
      114,
      202,
      167,
      103,
      115,
      37,
      108,
      2,
      157,
      17,
      78,
      78,
      20,
      190,
      32
    ],
    "12": [
      103,
      81,
      113,
      195,
      94,
      165,
      135,
      114,
      159,
      54,
      32,
      137,
      183,
      92,
      214,
      46,
      40,
      11,
      83,
      53,
      14,
      115,
      152,
      146,
      212,
      23,
      220,
      19,
      110,
      37,
      250,
      25
    ],
    "15": [
      198,
      57,
      253,
      252,
      180,
      146,
      203,
      146,
      223,
      182,
      39,
      158,
      233,
      25,
      15,
      132,
      201,
      220,
      183,
      223,
      149,
      19,
      145,
      92,
      121,
      104,
      34,
      19,
      64,
      148,
      29,
      51
    ],
    "14": [
      238,
      252,
      208,
      170,
      252,
      232,
      49,
      206,
      184,
      85,
      130,
      227,
      61,
      160,
      222,
      219,
      141,
      118,
      223,
      220,
      131,
      67,
      75,
      205,
      209,
      91,
      228,
      237,
      78,
      200,
      170,
      151
    ],
    "9": [
      174,
      254,
      112,
      221,
      130,
      180,
      72,
      176,
      248,
      102,
      161,
      152,
      34,
      123,
      118,
      8,
      213,
      254,
      251,
      163,
      108,
      50,
      222,
      148,
      250,
      108,
      79,
      8,
      102,
      20,
      46,
      203
    ],
    "8": [
      206,
      109,
      83,
      63,
      34,
      40,
      248,
      84,
      172,
      161,
      222,
      156,
      13,
      132,
      6,
      89,
      3,
      132,
      89,
      164,
      25,
      39,
      98,
      173,
      203,
      213,
      10,
      216,
      182,
      36,
      106,
      48
    ],
    "11": [
      123,
      86,
      73,
      116,
      25,
      48,
      30,
      172,
      240,
      252,
      213,
      125,
      174,
      98,
      203,
      131,
      234,
      221,
      148,
      51,
      195,
      103,
      96,
      36,
      141,
      190,
      151,
      77,
      153,
      80,
      33,
      19
    ],
    "10": [
      111,
      237,
      253,
      163,
      177,
      205,
      117,
      15,
      165,
      234,
      237,
      97,
      32,
      3,
      199,
      155,
      15,
      187,
      57,
      130,
      247,
      124,
      240,
      203,
      68,
      191,
      60,
      157,
      59,
      179,
      98,
      218
    ]
  },
  "my_cert": [],
  "my_cert_key": [],
  "root_cert": []
}