{
  "net_map": {
    "5": "127.0.0.1:8505",
    "4": "127.0.0.1:8504",
    "7": "127.0.0.1:8507",
    "6": "127.0.0.1:8506",
    "1": "127.0.0.1:8501",
    "0": "127.0.0.1:8500",
    "3": "127.0.0.1:8503",
    "2": "127.0.0.1:8502",
    "13": "127.0.0.1:8513",
    "12": "127.0.0.1:8512",
    "15": "127.0.0.1:8515",
    "14": "127.0.0.1:8514",
    "9": "127.0.0.1:8509",
    "8": "127.0.0.1:8508",
    "11": "127.0.0.1:8511",
    "10": "127.0.0.1:8510",
    "16": "127.0.0.1:9000"
  },
  "delta": 100,
  "id": 6,
  "num_nodes": 16,
  "num_faults": 5,
  "block_size": 100,
  "client_port": 7006,
  "client_addr": "0.0.0.0:5000",
  "payload": 0,
  "prot_payload": "cc,/home/akhil/research/EEBA/libchatter/",
  "crypto_alg": "NOPKI",
  "pk_map": {},
  "secret_key_bytes": [],
  "sk_map": {
    "5": [
      212,
      29,
      168,
      25,
      206,
      218,
      37,
      200,
      155,
      188,
      169,
      184,
      108,
      150,
      223,
      105,
      130,
      152,
      106,
      129,
      132,
      190,
      48,
      165,
      90,
      55,
      193,
      115,
      45,
      34,
      173,
      255
    ],
    "4": [
      159,
      34,
      146,
      39,
      227,
      56,
      112,
      228,
      195,
      231,
      156,
      108,
      10,
      222,
      247,
      83,
      131,
      178,
      8,
      52,
      232,
      89,
      130,
      218,
      134,
      103,
      102,
      236,
      26,
      82,
      104,
      198
    ],
    "7": [
      210,
      153,
      231,
      74,
      188,
      150,
      49,
      38,
      104,
      227,
      182,
      50,
      80,
      188,
      56,
      138,
      93,
      52,
      190,
      165,
      65,
      212,
      105,
      7,
      149,
      10,
      136,
      1,
      220,
      127,
      28,
      179
    ],
    "6": [
      194,
      165,
      171,
      60,
      251,
      126,
      64,
      6,
      41,
      2,
      185,
      156,
      171,
      180,
      193,
      12,
      232,
      248,
      143,
      170,
      4,
      157,
      50,
      251,
      62,
      76,
      120,
      67,
      96,
      50,
      57,
      2
    ],
    "1": [
      169,
      234,
      180,
      15,
      67,
      145,
      231,
      88,
      128,
      13,
      183,
      5,
      220,
      248,
      57,
      126,
      249,
      216,
      216,
      138,
      228,
      18,
      110,
      134,
      119,
      88,
      185,
      189,
      219,
      239,
      251,
      120
    ],
    "0": [
      2,
      12,
      251,
      202,
      168,
      177,
      179,
      101,
      107,
      123,
      183,
      48,
      48,
      168,
      213,
      87,
      113,
      59,
      71,
      240,
      155,
      8,
      60,
      63,
      137,
      72,
      230,
      32,
      135,
      120,
      208,
      48
    ],
    "3": [
      40,
      75,
      194,
      53,
      164,
      98,
      18,
      22,
      164,
      19,
      191,
      97,
      107,
      99,
      10,
      246,
      0,
      240,
      128,
      229,
      236,
      198,
      40,
      210,
      19,
      124,
      159,
      116,
      227,
      96,
      163,
      101
    ],
    "2": [
      26,
      181,
      89,
      104,
      23,
      9,
      166,
      162,
      220,
      59,
      190,
      130,
      252,
      119,
      150,
      0,
      59,
      76,
      49,
      187,
      234,
      129,
      230,
      83,
      235,
      192,
      195,
      225,
      30,
      34,
      175,
      120
    ],
    "13": [
      183,
      10,
      46,
      193,
      36,
      113,
      94,
      101,
      160,
      67,
      142,
      178,
      232,
      115,
      95,
      102,
      3,
      202,
      254,
      197,
      220,
      112,
      120,
      93,
      151,
      157,
      134,
      70,
      236,
      27,
      216,
      84
    ],
    "12": [
      121,
      143,
      119,
      82,
      147,
      164,
      141,
      104,
      175,
      130,
      83,
      6,
      30,
      205,
      29,
      165,
      19,
      77,
      226,
      155,
      102,
      182,
      160,
      122,
      121,
      241,
      18,
      59,
      225,
      140,
      182,
      88
    ],
    "15": [
      157,
      49,
      158,
      243,
      22,
      100,
      187,
      118,
      2,
      93,
      236,
      149,
      59,
      237,
      6,
      194,
      174,
      22,
      148,
      14,
      173,
      39,
      12,
      222,
      161,
      97,
      193,
      84,
      205,
      251,
      214,
      98
    ],
    "14": [
      182,
      190,
      123,
      198,
      69,
      231,
      143,
      27,
      5,
      84,
      2,
      83,
      20,
      4,
      120,
      144,
      15,
      56,
      136,
      14,
      90,
      164,
      171,
      20,
      224,
      246,
      125,
      70,
      230,
      231,
      208,
      214
    ],
    "9": [
      2,
      255,
      212,
      234,
      55,
      194,
      233,
      92,
      140,
      30,
      227,
      190,
      235,
      105,
      159,
      104,
      101,
      10,
      192,
      1,
      110,
      129,
      91,
      168,
      119,
      111,
      114,
      43,
      61,
      236,
      86,
      162
    ],
    "8": [
      94,
      153,
      55,
      255,
      247,
      152,
      104,
      8,
      113,
      15,
      37,
      130,
      99,
      198,
      134,
      175,
      18,
      175,
      55,
      251,
      119,
      134,
      100,
      137,
      250,
      22,
      100,
      38,
      47,
      26,
      28,
      85
    ],
    "11": [
      233,
      20,
      253,
      27,
      14,
      250,
      126,
      80,
      6,
      187,
      35,
      121,
      210,
      26,
      203,
      121,
      48,
      52,
      82,
      105,
      196,
      55,
      79,
      62,
      254,
      235,
      86,
      159,
      172,
      99,
      160,
      182
    ],
    "10": [
      243,
      178,
      65,
      25,
      184,
      97,
      216,
      104,
      6,
      33,
      107,
      68,
      13,
      22,
      69,
      242,
      212,
      40,
      21,
      29,
      183,
      146,
      46,
      88,
      16,
      180,
      188,
      69,
      236,
      184,
      26,
      75
    ]
  },
  "my_cert": [],
  "my_cert_key": [],
  "root_cert": []
}