{
  "net_map": {
    "5": "127.0.0.1:8505",
    "4": "127.0.0.1:8504",
    "7": "127.0.0.1:8507",
    "6": "127.0.0.1:8506",
    "1": "127.0.0.1:8501",
    "0": "127.0.0.1:8500",
    "3": "127.0.0.1:8503",
    "2": "127.0.0.1:8502",
    "13": "127.0.0.1:8513",
    "12": "127.0.0.1:8512",
    "15": "127.0.0.1:8515",
    "14": "127.0.0.1:8514",
    "9": "127.0.0.1:8509",
    "8": "127.0.0.1:8508",
    "11": "127.0.0.1:8511",
    "10": "127.0.0.1:8510",
    "16": "127.0.0.1:9000"
  },
  "delta": 100,
  "id": 11,
  "num_nodes": 16,
  "num_faults": 5,
  "block_size": 100,
  "client_port": 7011,
  "client_addr": "0.0.0.0:5000",
  "payload": 0,
  "prot_payload": "cc,/home/akhil/research/EEBA/libchatter/",
  "crypto_alg": "NOPKI",
  "pk_map": {},
  "secret_key_bytes": [],
  "sk_map": {
    "5": [
      130,
      212,
      215,
      252,
      201,
      226,
      94,
      90,
      71,
      233,
      181,
      138,
      142,
      141,
      52,
      51,
      177,
      62,
      150,
      219,
      31,
      196,
      248,
      110,
      117,
      121,
      183,
      90,
      219,
      54,
      30,
      105
    ],
    "4": [
      119,
      97,
      29,
      101,
      82,
      177,
      43,
      230,
      28,
      160,
      168,
      60,
      232,
      164,
      114,
      247,
      145,
      129,
      230,
      166,
      160,
      111,
      186,
      69,
      27,
      31,
      130,
      254,
      219,
      158,
      58,
      173
    ],
    "7": [
      27,
      113,
      75,
      161,
      44,
      235,
      138,
      115,
      35,
      178,
      95,
      135,
      241,
      198,
      83,
      238,
      33,
      25,
      44,
      137,
      44,
      107,
      138,
      254,
      148,
      149,
      116,
      245,
      32,
      126,
      102,
      140
    ],
    "6": [
      233,
      20,
      253,
      27,
      14,
      250,
      126,
      80,
      6,
      187,
      35,
      121,
      210,
      26,
      203,
      121,
      48,
      52,
      82,
      105,
      196,
      55,
      79,
      62,
      254,
      235,
      86,
      159,
      172,
      99,
      160,
      182
    ],
    "1": [
      124,
      245,
      135,
      110,
      9,
      190,
      92,
      93,
      238,
      143,
      37,
      152,
      94,
      53,
      204,
      25,
      102,
      225,
      37,
      99,
      153,
      131,
      87,
      184,
      126,
      107,
      117,
      236,
      72,
      179,
      233,
      236
    ],
    "0": [
      219,
      213,
      193,
      63,
      134,
      83,
      224,
      248,
      80,
      174,
      23,
      254,
      79,
      30,
      91,
      191,
      215,
      216,
      49,
      220,
      81,
      255,
      137,
      142,
      243,
      103,
      97,
      77,
      228,
      136,
      184,
      15
    ],
    "3": [
      101,
      14,
      126,
      241,
      195,
      145,
      149,
      134,
      25,
      250,
      237,
      65,
      214,
      115,
      251,
      1,
      186,
      13,
      18,
      135,
      85,
      232,
      28,
      193,
      23,
      161,
      16,
      23,
      218,
      30,
      36,
      175
    ],
    "2": [
      96,
      90,
      224,
      159,
      78,
      82,
      96,
      241,
      227,
      3,
      231,
      192,
      116,
      119,
      181,
      117,
      248,
      128,
      85,
      29,
      193,
      5,
      215,
      35,
      238,
      48,
      216,
      127,
      224,
      236,
      193,
      209
    ],
    "13": [
      42,
      218,
      140,
      11,
      200,
      236,
      9,
      131,
      75,
      148,
      179,
      154,
      85,
      59,
      39,
      196,
      251,
      219,
      24,
      228,
      113,
      226,
      231,
      187,
      202,
      221,
      45,
      40,
      72,
      131,
      44,
      72
    ],
    "12": [
      111,
      203,
      231,
      33,
      25,
      12,
      38,
      164,
      227,
      51,
      57,
      187,
      37,
      252,
      233,
      198,
      174,
      169,
      232,
      100,
      147,
      30,
      75,
      98,
      98,
      105,
      78,
      123,
      45,
      134,
      98,
      144
    ],
    "15": [
      123,
      86,
      73,
      116,
      25,
      48,
      30,
      172,
      240,
      252,
      213,
      125,
      174,
      98,
      203,
      131,
      234,
      221,
      148,
      51,
      195,
      103,
      96,
      36,
      141,
      190,
      151,
      77,
      153,
      80,
      33,
      19
    ],
    "14": [
      72,
      20,
      26,
      131,
      154,
      194,
      133,
      63,
      242,
      243,
      228,
      217,
      253,
      195,
      197,
      47,
      26,
      99,
      14,
      18,
      150,
      99,
      225,
      246,
      7,
      135,
      252,
      217,
      48,
      99,
      181,
      212
    ],
    "9": [
      232,
      189,
      1,
      31,
      117,
      55,
      133,
      187,
      151,
      128,
      158,
      11,
      222,
      80,
      105,
      116,
      14,
      89,
      105,
      21,
      183,
      251,
      252,
      67,
      159,
      65,
      232,
      123,
      94,
      104,
      248,
      88
    ],
    "8": [
      75,
      97,
      70,
      225,
      175,
      44,
      117,
      222,
      79,
      191,
      205,
      89,
      178,
      40,
      196,
      48,
      210,
      221,
      254,
      218,
      103,
      129,
      98,
      9,
      209,
      168,
      202,
      0,
      202,
      152,
      94,
      162
    ],
    "11": [
      167,
      8,
      158,
      47,
      49,
      217,
      104,
      137,
      111,
      153,
      106,
      44,
      63,
      245,
      48,
      233,
      232,
      53,
      220,
      104,
      67,
      77,
      29,
      167,
      108,
      123,
      175,
      201,
      89,
      92,
      115,
      51
    ],
    "10": [
      11,
      216,
      191,
      171,
      243,
      24,
      230,
      251,
      235,
      65,
      217,
      94,
      253,
      147,
      18,
      108,
      59,
      57,
      143,
      237,
      106,
      70,
      220,
      126,
      230,
      79,
      174,
      220,
      217,
      169,
      212,
      159
    ]
  },
  "my_cert": [],
  "my_cert_key": [],
  "root_cert": []
}