{
  "net_map": {
    "5": "127.0.0.1:8505",
    "4": "127.0.0.1:8504",
    "7": "127.0.0.1:8507",
    "6": "127.0.0.1:8506",
    "1": "127.0.0.1:8501",
    "0": "127.0.0.1:8500",
    "3": "127.0.0.1:8503",
    "2": "127.0.0.1:8502",
    "13": "127.0.0.1:8513",
    "12": "127.0.0.1:8512",
    "15": "127.0.0.1:8515",
    "14": "127.0.0.1:8514",
    "9": "127.0.0.1:8509",
    "8": "127.0.0.1:8508",
    "11": "127.0.0.1:8511",
    "10": "127.0.0.1:8510",
    "16": "127.0.0.1:9000"
  },
  "delta": 100,
  "id": 0,
  "num_nodes": 16,
  "num_faults": 5,
  "block_size": 100,
  "client_port": 7000,
  "client_addr": "0.0.0.0:5000",
  "payload": 0,
  "prot_payload": "cc,/home/akhil/research/EEBA/libchatter/",
  "crypto_alg": "NOPKI",
  "pk_map": {},
  "secret_key_bytes": [],
  "sk_map": {
    "5": [
      18,
      2,
      241,
      95,
      182,
      184,
      84,
      239,
      6,
      94,
      121,
      4,
      222,
      98,
      174,
      107,
      252,
      255,
      237,
      178,
      130,
      164,
      41,
      220,
      26,
      123,
      93,
      191,
      251,
      47,
      28,
      35
    ],
    "4": [
      137,
      60,
      228,
      255,
      82,
      34,
      223,
      65,
      205,
      162,
      163,
      236,
      191,
      251,
      236,
      239,
      228,
      176,
      56,
      240,
      167,
      159,
      72,
      141,
      1,
      195,
      60,
      12,
      115,
      152,
      22,
      176
    ],
    "7": [
      182,
      46,
      238,
      142,
      148,
      87,
      31,
      44,
      157,
      50,
      253,
      11,
      90,
      217,
      143,
      62,
      65,
      157,
      10,
      119,
      225,
      105,
      173,
      96,
      74,
      160,
      222,
      56,
      112,
      85,
      248,
      237
    ],
    "6": [
      2,
      12,
      251,
      202,
      168,
      177,
      179,
      101,
      107,
      123,
      183,
      48,
      48,
      168,
      213,
      87,
      113,
      59,
      71,
      240,
      155,
      8,
      60,
      63,
      137,
      72,
      230,
      32,
      135,
      120,
      208,
      48
    ],
    "1": [
      87,
      1,
      13,
      198,
      139,
      22,
      215,
      77,
      80,
      122,
      248,
      156,
      27,
      37,
      61,
      4,
      144,
      9,
      156,
      136,
      229,
      244,
      195,
      220,
      242,
      141,
      64,
      234,
      85,
      97,
      43,
      239
    ],
    "0": [
      104,
      8,
      36,
      255,
      2,
      152,
      161,
      138,
      14,
      60,
      79,
      18,
      34,
      151,
      46,
      216,
      197,
      170,
      103,
      220,
      125,
      211,
      56,
      11,
      107,
      54,
      1,
      95,
      103,
      108,
      66,
      77
    ],
    "3": [
      126,
      103,
      181,
      138,
      103,
      97,
      106,
      67,
      146,
      186,
      0,
      245,
      222,
      173,
      160,
      22,
      91,
      11,
      96,
      228,
      195,
      37,
      76,
      228,
      18,
      206,
      106,
      101,
      253,
      205,
      56,
      27
    ],
    "2": [
      156,
      143,
      141,
      223,
      255,
      190,
      214,
      21,
      59,
      16,
      251,
      154,
      124,
      230,
      216,
      200,
      253,
      233,
      125,
      89,
      92,
      248,
      226,
      144,
      74,
      230,
      86,
      51,
      113,
      159,
      96,
      4
    ],
    "13": [
      51,
      119,
      143,
      252,
      0,
      198,
      112,
      231,
      132,
      140,
      17,
      204,
      55,
      35,
      144,
      85,
      69,
      185,
      56,
      14,
      223,
      89,
      128,
      218,
      59,
      227,
      224,
      134,
      47,
      145,
      221,
      192
    ],
    "12": [
      87,
      36,
      154,
      154,
      66,
      218,
      21,
      194,
      213,
      204,
      187,
      55,
      71,
      142,
      18,
      255,
      144,
      25,
      68,
      197,
      81,
      50,
      72,
      89,
      134,
      70,
      217,
      51,
      146,
      220,
      189,
      207
    ],
    "15": [
      0,
      17,
      156,
      68,
      58,
      104,
      253,
      66,
      53,
      24,
      3,
      234,
      178,
      4,
      85,
      209,
      171,
      170,
      194,
      181,
      7,
      91,
      49,
      83,
      177,
      21,
      73,
      242,
      210,
      64,
      188,
      7
    ],
    "14": [
      142,
      14,
      253,
      144,
      44,
      147,
      252,
      203,
      175,
      69,
      83,
      216,
      223,
      241,
      110,
      151,
      23,
      153,
      126,
      83,
      221,
      146,
      253,
      141,
      149,
      177,
      172,
      123,
      66,
      57,
      23,
      3
    ],
    "9": [
      131,
      98,
      228,
      239,
      35,
      57,
      33,
      213,
      59,
      7,
      69,
      231,
      108,
      119,
      155,
      1,
      97,
      169,
      189,
      74,
      63,
      63,
      67,
      34,
      135,
      204,
      233,
      148,
      225,
      172,
      89,
      70
    ],
    "8": [
      111,
      161,
      150,
      136,
      146,
      24,
      136,
      39,
      239,
      138,
      87,
      46,
      34,
      216,
      34,
      96,
      231,
      91,
      33,
      53,
      83,
      153,
      193,
      37,
      45,
      61,
      18,
      178,
      205,
      189,
      186,
      187
    ],
    "11": [
      219,
      213,
      193,
      63,
      134,
      83,
      224,
      248,
      80,
      174,
      23,
      254,
      79,
      30,
      91,
      191,
      215,
      216,
      49,
      220,
      81,
      255,
      137,
      142,
      243,
      103,
      97,
      77,
      228,
      136,
      184,
      15
    ],
    "10": [
      92,
      201,
      32,
      208,
      109,
      226,
      246,
      94,
      246,
      141,
      14,
      155,
      154,
      87,
      16,
      66,
      114,
      231,
      45,
      118,
      219,
      155,
      105,
      162,
      187,
      175,
      239,
      199,
      14,
      120,
      190,
      183
    ]
  },
  "my_cert": [],
  "my_cert_key": [],
  "root_cert": []
}