{
  "net_map": {
    "5": "127.0.0.1:8505",
    "4": "127.0.0.1:8504",
    "7": "127.0.0.1:8507",
    "6": "127.0.0.1:8506",
    "1": "127.0.0.1:8501",
    "0": "127.0.0.1:8500",
    "3": "127.0.0.1:8503",
    "2": "127.0.0.1:8502",
    "13": "127.0.0.1:8513",
    "12": "127.0.0.1:8512",
    "15": "127.0.0.1:8515",
    "14": "127.0.0.1:8514",
    "9": "127.0.0.1:8509",
    "8": "127.0.0.1:8508",
    "11": "127.0.0.1:8511",
    "10": "127.0.0.1:8510",
    "16": "127.0.0.1:9000"
  },
  "delta": 100,
  "id": 2,
  "num_nodes": 16,
  "num_faults": 5,
  "block_size": 100,
  "client_port": 7002,
  "client_addr": "0.0.0.0:5000",
  "payload": 0,
  "prot_payload": "cc,/home/akhil/research/EEBA/libchatter/",
  "crypto_alg": "NOPKI",
  "pk_map": {},
  "secret_key_bytes": [],
  "sk_map": {
    "5": [
      80,
      230,
      204,
      136,
      252,
      252,
      129,
      169,
      42,
      164,
      109,
      107,
      246,
      166,
      18,
      48,
      120,
      57,
      122,
      145,
      47,
      244,
      247,
      169,
      150,
      73,
      223,
      153,
      57,
      129,
      237,
      77
    ],
    "4": [
      50,
      229,
      175,
      116,
      241,
      176,
      243,
      108,
      100,
      79,
      177,
      86,
      28,
      72,
      78,
      81,
      227,
      200,
      209,
      219,
      253,
      172,
      51,
      28,
      155,
      109,
      42,
      142,
      74,
      221,
      249,
      206
    ],
    "7": [
      66,
      73,
      74,
      32,
      236,
      246,
      101,
      45,
      121,
      164,
      201,
      211,
      101,
      161,
      202,
      66,
      225,
      93,
      224,
      52,
      13,
      23,
      125,
      222,
      153,
      139,
      127,
      165,
      67,
      142,
      140,
      94
    ],
    "6": [
      26,
      181,
      89,
      104,
      23,
      9,
      166,
      162,
      220,
      59,
      190,
      130,
      252,
      119,
      150,
      0,
      59,
      76,
      49,
      187,
      234,
      129,
      230,
      83,
      235,
      192,
      195,
      225,
      30,
      34,
      175,
      120
    ],
    "1": [
      180,
      34,
      243,
      34,
      25,
      64,
      33,
      229,
      157,
      121,
      170,
      80,
      85,
      53,
      153,
      37,
      239,
      191,
      193,
      137,
      37,
      74,
      100,
      78,
      254,
      60,
      245,
      153,
      137,
      129,
      154,
      44
    ],
    "0": [
      156,
      143,
      141,
      223,
      255,
      190,
      214,
      21,
      59,
      16,
      251,
      154,
      124,
      230,
      216,
      200,
      253,
      233,
      125,
      89,
      92,
      248,
      226,
      144,
      74,
      230,
      86,
      51,
      113,
      159,
      96,
      4
    ],
    "3": [
      150,
      226,
      43,
      254,
      50,
      155,
      161,
      219,
      125,
      88,
      219,
      63,
      241,
      141,
      229,
      146,
      2,
      62,
      127,
      13,
      203,
      66,
      151,
      198,
      195,
      46,
      185,
      143,
      166,
      79,
      133,
      84
    ],
    "2": [
      145,
      63,
      163,
      199,
      228,
      238,
      153,
      188,
      83,
      211,
      185,
      254,
      90,
      63,
      106,
      113,
      138,
      34,
      80,
      189,
      223,
      5,
      117,
      110,
      201,
      168,
      159,
      223,
      127,
      34,
      117,
      31
    ],
    "13": [
      125,
      29,
      243,
      90,
      95,
      148,
      126,
      47,
      197,
      117,
      53,
      149,
      67,
      189,
      194,
      51,
      14,
      178,
      193,
      226,
      225,
      233,
      198,
      44,
      209,
      206,
      14,
      95,
      156,
      83,
      39,
      241
    ],
    "12": [
      155,
      91,
      29,
      84,
      72,
      42,
      179,
      75,
      10,
      110,
      199,
      144,
      144,
      49,
      84,
      254,
      121,
      148,
      215,
      69,
      117,
      26,
      118,
      129,
      86,
      118,
      15,
      24,
      1,
      89,
      136,
      160
    ],
    "15": [
      51,
      6,
      50,
      139,
      195,
      173,
      102,
      1,
      196,
      115,
      76,
      41,
      1,
      18,
      215,
      208,
      50,
      199,
      235,
      146,
      198,
      122,
      124,
      171,
      225,
      107,
      236,
      10,
      121,
      107,
      97,
      31
    ],
    "14": [
      180,
      9,
      224,
      9,
      185,
      58,
      191,
      32,
      89,
      63,
      241,
      89,
      195,
      42,
      207,
      47,
      124,
      248,
      105,
      75,
      230,
      53,
      214,
      192,
      53,
      236,
      255,
      168,
      231,
      99,
      234,
      86
    ],
    "9": [
      78,
      177,
      66,
      168,
      99,
      233,
      105,
      70,
      29,
      223,
      241,
      161,
      133,
      246,
      209,
      37,
      143,
      96,
      119,
      165,
      126,
      67,
      79,
      230,
      165,
      88,
      20,
      117,
      104,
      88,
      30,
      49
    ],
    "8": [
      221,
      171,
      55,
      62,
      231,
      163,
      135,
      195,
      164,
      190,
      204,
      166,
      115,
      99,
      239,
      156,
      115,
      125,
      42,
      115,
      74,
      60,
      93,
      149,
      25,
      196,
      229,
      108,
      219,
      132,
      193,
      130
    ],
    "11": [
      96,
      90,
      224,
      159,
      78,
      82,
      96,
      241,
      227,
      3,
      231,
      192,
      116,
      119,
      181,
      117,
      248,
      128,
      85,
      29,
      193,
      5,
      215,
      35,
      238,
      48,
      216,
      127,
      224,
      236,
      193,
      209
    ],
    "10": [
      168,
      178,
      43,
      59,
      71,
      106,
      120,
      246,
      212,
      60,
      1,
      97,
      4,
      241,
      188,
      228,
      124,
      206,
      109,
      13,
      209,
      255,
      172,
      157,
      169,
      7,
      16,
      108,
      40,
      199,
      21,
      202
    ]
  },
  "my_cert": [],
  "my_cert_key": [],
  "root_cert": []
}