{
  "net_map": {
    "5": "127.0.0.1:8505",
    "4": "127.0.0.1:8504",
    "7": "127.0.0.1:8507",
    "6": "127.0.0.1:8506",
    "1": "127.0.0.1:8501",
    "0": "127.0.0.1:8500",
    "3": "127.0.0.1:8503",
    "2": "127.0.0.1:8502",
    "13": "127.0.0.1:8513",
    "12": "127.0.0.1:8512",
    "15": "127.0.0.1:8515",
    "14": "127.0.0.1:8514",
    "9": "127.0.0.1:8509",
    "8": "127.0.0.1:8508",
    "11": "127.0.0.1:8511",
    "10": "127.0.0.1:8510",
    "16": "127.0.0.1:9000"
  },
  "delta": 100,
  "id": 9,
  "num_nodes": 16,
  "num_faults": 5,
  "block_size": 100,
  "client_port": 7009,
  "client_addr": "0.0.0.0:5000",
  "payload": 0,
  "prot_payload": "cc,/home/akhil/research/EEBA/libchatter/",
  "crypto_alg": "NOPKI",
  "pk_map": {},
  "secret_key_bytes": [],
  "sk_map": {
    "5": [
      222,
      136,
      187,
      236,
      167,
      109,
      110,
      88,
      225,
      191,
      71,
      103,
      146,
      85,
      87,
      28,
      86,
      214,
      226,
      220,
      84,
      122,
      30,
      139,
      207,
      33,
      156,
      180,
      37,
      6,
      4,
      30
    ],
    "4": [
      217,
      24,
      76,
      224,
      158,
      113,
      106,
      28,
      52,
      142,
      169,
      66,
      246,
      33,
      126,
      14,
      219,
      202,
      52,
      31,
      108,
      152,
      23,
      143,
      93,
      89,
      160,
      47,
      116,
      54,
      187,
      105
    ],
    "7": [
      149,
      52,
      71,
      188,
      176,
      77,
      157,
      118,
      39,
      174,
      243,
      23,
      125,
      220,
      240,
      191,
      36,
      160,
      179,
      241,
      126,
      165,
      39,
      210,
      137,
      245,
      75,
      115,
      90,
      130,
      21,
      32
    ],
    "6": [
      2,
      255,
      212,
      234,
      55,
      194,
      233,
      92,
      140,
      30,
      227,
      190,
      235,
      105,
      159,
      104,
      101,
      10,
      192,
      1,
      110,
      129,
      91,
      168,
      119,
      111,
      114,
      43,
      61,
      236,
      86,
      162
    ],
    "1": [
      8,
      211,
      173,
      119,
      236,
      117,
      251,
      104,
      126,
      53,
      14,
      224,
      189,
      163,
      117,
      214,
      216,
      2,
      209,
      145,
      183,
      239,
      212,
      210,
      213,
      183,
      194,
      119,
      248,
      4,
      124,
      255
    ],
    "0": [
      131,
      98,
      228,
      239,
      35,
      57,
      33,
      213,
      59,
      7,
      69,
      231,
      108,
      119,
      155,
      1,
      97,
      169,
      189,
      74,
      63,
      63,
      67,
      34,
      135,
      204,
      233,
      148,
      225,
      172,
      89,
      70
    ],
    "3": [
      57,
      123,
      171,
      213,
      129,
      191,
      184,
      139,
      91,
      99,
      112,
      15,
      92,
      64,
      51,
      110,
      179,
      100,
      41,
      175,
      227,
      47,
      168,
      161,
      121,
      63,
      106,
      203,
      75,
      190,
      214,
      181
    ],
    "2": [
      78,
      177,
      66,
      168,
      99,
      233,
      105,
      70,
      29,
      223,
      241,
      161,
      133,
      246,
      209,
      37,
      143,
      96,
      119,
      165,
      126,
      67,
      79,
      230,
      165,
      88,
      20,
      117,
      104,
      88,
      30,
      49
    ],
    "13": [
      160,
      254,
      127,
      208,
      51,
      195,
      246,
      3,
      28,
      236,
      160,
      149,
      26,
      1,
      127,
      78,
      90,
      254,
      239,
      135,
      125,
      154,
      165,
      119,
      201,
      128,
      224,
      31,
      144,
      50,
      49,
      73
    ],
    "12": [
      38,
      239,
      185,
      144,
      33,
      12,
      117,
      22,
      98,
      192,
      49,
      155,
      212,
      152,
      51,
      120,
      151,
      27,
      106,
      60,
      166,
      56,
      57,
      45,
      107,
      242,
      68,
      169,
      108,
      5,
      102,
      174
    ],
    "15": [
      174,
      254,
      112,
      221,
      130,
      180,
      72,
      176,
      248,
      102,
      161,
      152,
      34,
      123,
      118,
      8,
      213,
      254,
      251,
      163,
      108,
      50,
      222,
      148,
      250,
      108,
      79,
      8,
      102,
      20,
      46,
      203
    ],
    "14": [
      217,
      85,
      8,
      72,
      40,
      3,
      36,
      141,
      193,
      28,
      76,
      193,
      137,
      194,
      226,
      115,
      205,
      89,
      147,
      47,
      245,
      189,
      132,
      163,
      203,
      162,
      100,
      164,
      57,
      105,
      94,
      152
    ],
    "9": [
      245,
      231,
      108,
      144,
      157,
      89,
      15,
      174,
      72,
      61,
      243,
      42,
      160,
      89,
      50,
      129,
      211,
      41,
      134,
      63,
      220,
      203,
      58,
      183,
      0,
      111,
      163,
      113,
      156,
      126,
      115,
      26
    ],
    "8": [
      74,
      75,
      96,
      193,
      28,
      38,
      64,
      194,
      248,
      104,
      146,
      102,
      82,
      121,
      222,
      70,
      162,
      23,
      143,
      52,
      197,
      231,
      71,
      100,
      127,
      226,
      52,
      179,
      231,
      218,
      3,
      217
    ],
    "11": [
      232,
      189,
      1,
      31,
      117,
      55,
      133,
      187,
      151,
      128,
      158,
      11,
      222,
      80,
      105,
      116,
      14,
      89,
      105,
      21,
      183,
      251,
      252,
      67,
      159,
      65,
      232,
      123,
      94,
      104,
      248,
      88
    ],
    "10": [
      228,
      80,
      196,
      28,
      252,
      93,
      19,
      180,
      19,
      161,
      247,
      69,
      148,
      103,
      71,
      118,
      190,
      114,
      147,
      32,
      232,
      15,
      13,
      217,
      7,
      203,
      214,
      163,
      225,
      202,
      234,
      196
    ]
  },
  "my_cert": [],
  "my_cert_key": [],
  "root_cert": []
}