{
  "net_map": {
    "5": "127.0.0.1:8505",
    "4": "127.0.0.1:8504",
    "7": "127.0.0.1:8507",
    "6": "127.0.0.1:8506",
    "1": "127.0.0.1:8501",
    "0": "127.0.0.1:8500",
    "3": "127.0.0.1:8503",
    "2": "127.0.0.1:8502",
    "13": "127.0.0.1:8513",
    "12": "127.0.0.1:8512",
    "15": "127.0.0.1:8515",
    "14": "127.0.0.1:8514",
    "9": "127.0.0.1:8509",
    "8": "127.0.0.1:8508",
    "11": "127.0.0.1:8511",
    "10": "127.0.0.1:8510",
    "16": "127.0.0.1:9000"
  },
  "delta": 100,
  "id": 7,
  "num_nodes": 16,
  "num_faults": 5,
  "block_size": 100,
  "client_port": 7007,
  "client_addr": "0.0.0.0:5000",
  "payload": 0,
  "prot_payload": "cc,/home/akhil/research/EEBA/libchatter/",
  "crypto_alg": "NOPKI",
  "pk_map": {},
  "secret_key_bytes": [],
  "sk_map": {
    "5": [
      234,
      17,
      103,
      135,
      125,
      73,
      192,
      232,
      8,
      191,
      34,
      232,
      251,
      214,
      94,
      242,
      82,
      97,
      193,
      44,
      173,
      172,
      111,
      66,
      63,
      47,
      248,
      90,
      137,
      100,
      40,
      199
    ],
    "4": [
      6,
      178,
      52,
      226,
      46,
      113,
      120,
      220,
      113,
      117,
      44,
      136,
      34,
      49,
      51,
      137,
      75,
      169,
      42,
      3,
      67,
      178,
      46,
      40,
      209,
      31,
      111,
      151,
      134,
      41,
      246,
      25
    ],
    "7": [
      17,
      70,
      67,
      107,
      96,
      206,
      212,
      109,
      92,
      215,
      223,
      254,
      46,
      20,
      170,
      133,
      98,
      17,
      65,
      18,
      73,
      142,
      160,
      26,
      70,
      133,
      126,
      195,
      240,
      149,
      21,
      37
    ],
    "6": [
      210,
      153,
      231,
      74,
      188,
      150,
      49,
      38,
      104,
      227,
      182,
      50,
      80,
      188,
      56,
      138,
      93,
      52,
      190,
      165,
      65,
      212,
      105,
      7,
      149,
      10,
      136,
      1,
      220,
      127,
      28,
      179
    ],
    "1": [
      84,
      201,
      203,
      38,
      181,
      0,
      121,
      108,
      149,
      73,
      49,
      129,
      14,
      230,
      147,
      24,
      166,
      219,
      204,
      75,
      174,
      150,
      201,
      131,
      66,
      60,
      61,
      75,
      28,
      48,
      44,
      104
    ],
    "0": [
      182,
      46,
      238,
      142,
      148,
      87,
      31,
      44,
      157,
      50,
      253,
      11,
      90,
      217,
      143,
      62,
      65,
      157,
      10,
      119,
      225,
      105,
      173,
      96,
      74,
      160,
      222,
      56,
      112,
      85,
      248,
      237
    ],
    "3": [
      171,
      178,
      113,
      154,
      77,
      255,
      142,
      23,
      22,
      166,
      201,
      198,
      143,
      32,
      247,
      67,
      46,
      82,
      43,
      129,
      157,
      254,
      116,
      80,
      141,
      201,
      162,
      39,
      207,
      213,
      254,
      57
    ],
    "2": [
      66,
      73,
      74,
      32,
      236,
      246,
      101,
      45,
      121,
      164,
      201,
      211,
      101,
      161,
      202,
      66,
      225,
      93,
      224,
      52,
      13,
      23,
      125,
      222,
      153,
      139,
      127,
      165,
      67,
      142,
      140,
      94
    ],
    "13": [
      181,
      80,
      81,
      188,
      181,
      61,
      138,
      60,
      52,
      173,
      150,
      210,
      109,
      76,
      249,
      81,
      0,
      50,
      237,
      62,
      33,
      160,
      235,
      250,
      125,
      49,
      103,
      223,
      103,
      123,
      72,
      81
    ],
    "12": [
      139,
      132,
      191,
      6,
      215,
      106,
      1,
      159,
      67,
      254,
      198,
      186,
      16,
      228,
      99,
      135,
      117,
      125,
      201,
      239,
      166,
      239,
      174,
      161,
      182,
      67,
      14,
      238,
      192,
      83,
      78,
      159
    ],
    "15": [
      71,
      26,
      211,
      246,
      152,
      168,
      89,
      151,
      228,
      208,
      20,
      246,
      114,
      35,
      109,
      161,
      166,
      135,
      97,
      217,
      208,
      45,
      27,
      85,
      221,
      42,
      231,
      0,
      237,
      8,
      203,
      230
    ],
    "14": [
      228,
      255,
      118,
      172,
      219,
      190,
      226,
      237,
      103,
      87,
      159,
      49,
      135,
      70,
      144,
      13,
      118,
      29,
      214,
      106,
      151,
      224,
      166,
      5,
      91,
      111,
      179,
      195,
      4,
      79,
      136,
      170
    ],
    "9": [
      149,
      52,
      71,
      188,
      176,
      77,
      157,
      118,
      39,
      174,
      243,
      23,
      125,
      220,
      240,
      191,
      36,
      160,
      179,
      241,
      126,
      165,
      39,
      210,
      137,
      245,
      75,
      115,
      90,
      130,
      21,
      32
    ],
    "8": [
      138,
      155,
      119,
      198,
      192,
      73,
      68,
      211,
      151,
      216,
      107,
      120,
      233,
      9,
      248,
      73,
      197,
      163,
      250,
      235,
      134,
      227,
      34,
      108,
      13,
      208,
      220,
      98,
      116,
      176,
      13,
      20
    ],
    "11": [
      27,
      113,
      75,
      161,
      44,
      235,
      138,
      115,
      35,
      178,
      95,
      135,
      241,
      198,
      83,
      238,
      33,
      25,
      44,
      137,
      44,
      107,
      138,
      254,
      148,
      149,
      116,
      245,
      32,
      126,
      102,
      140
    ],
    "10": [
      195,
      231,
      202,
      38,
      110,
      24,
      196,
      168,
      231,
      229,
      212,
      82,
      2,
      221,
      87,
      69,
      35,
      131,
      165,
      190,
      76,
      144,
      47,
      110,
      194,
      214,
      142,
      105,
      168,
      145,
      46,
      154
    ]
  },
  "my_cert": [],
  "my_cert_key": [],
  "root_cert": []
}