{
  "net_map": {
    "5": "127.0.0.1:8505",
    "4": "127.0.0.1:8504",
    "7": "127.0.0.1:8507",
    "6": "127.0.0.1:8506",
    "1": "127.0.0.1:8501",
    "0": "127.0.0.1:8500",
    "3": "127.0.0.1:8503",
    "2": "127.0.0.1:8502",
    "13": "127.0.0.1:8513",
    "12": "127.0.0.1:8512",
    "15": "127.0.0.1:8515",
    "14": "127.0.0.1:8514",
    "9": "127.0.0.1:8509",
    "8": "127.0.0.1:8508",
    "11": "127.0.0.1:8511",
    "10": "127.0.0.1:8510",
    "16": "127.0.0.1:9000"
  },
  "delta": 100,
  "id": 5,
  "num_nodes": 16,
  "num_faults": 5,
  "block_size": 100,
  "client_port": 7005,
  "client_addr": "0.0.0.0:5000",
  "payload": 0,
  "prot_payload": "cc,/home/akhil/research/EEBA/libchatter/",
  "crypto_alg": "NOPKI",
  "pk_map": {},
  "secret_key_bytes": [],
  "sk_map": {
    "5": [
      237,
      95,
      123,
      117,
      244,
      247,
      0,
      79,
      2,
      220,
      196,
      207,
      15,
      148,
      251,
      219,
      125,
      69,
      176,
      69,
      130,
      210,
      151,
      78,
      36,
      241,
      136,
      94,
      244,
      137,
      9,
      231
    ],
    "4": [
      118,
      164,
      162,
      246,
      22,
      118,
      130,
      218,
      148,
      104,
      165,
      206,
      228,
      78,
      17,
      71,
      225,
      18,
      240,
      115,
      221,
      188,
      199,
      89,
      142,
      90,
      97,
      199,
      230,
      237,
      163,
      255
    ],
    "7": [
      234,
      17,
      103,
      135,
      125,
      73,
      192,
      232,
      8,
      191,
      34,
      232,
      251,
      214,
      94,
      242,
      82,
      97,
      193,
      44,
      173,
      172,
      111,
      66,
      63,
      47,
      248,
      90,
      137,
      100,
      40,
      199
    ],
    "6": [
      212,
      29,
      168,
      25,
      206,
      218,
      37,
      200,
      155,
      188,
      169,
      184,
      108,
      150,
      223,
      105,
      130,
      152,
      106,
      129,
      132,
      190,
      48,
      165,
      90,
      55,
      193,
      115,
      45,
      34,
      173,
      255
    ],
    "1": [
      93,
      165,
      93,
      76,
      162,
      81,
      195,
      92,
      201,
      219,
      159,
      13,
      179,
      38,
      51,
      236,
      192,
      168,
      122,
      191,
      56,
      156,
      37,
      199,
      49,
      241,
      174,
      27,
      115,
      153,
      198,
      195
    ],
    "0": [
      18,
      2,
      241,
      95,
      182,
      184,
      84,
      239,
      6,
      94,
      121,
      4,
      222,
      98,
      174,
      107,
      252,
      255,
      237,
      178,
      130,
      164,
      41,
      220,
      26,
      123,
      93,
      191,
      251,
      47,
      28,
      35
    ],
    "3": [
      179,
      223,
      205,
      83,
      204,
      40,
      28,
      248,
      25,
      82,
      121,
      36,
      69,
      19,
      17,
      234,
      210,
      163,
      63,
      107,
      70,
      51,
      175,
      238,
      42,
      75,
      236,
      212,
      94,
      27,
      252,
      191
    ],
    "2": [
      80,
      230,
      204,
      136,
      252,
      252,
      129,
      169,
      42,
      164,
      109,
      107,
      246,
      166,
      18,
      48,
      120,
      57,
      122,
      145,
      47,
      244,
      247,
      169,
      150,
      73,
      223,
      153,
      57,
      129,
      237,
      77
    ],
    "13": [
      112,
      157,
      245,
      159,
      170,
      138,
      117,
      52,
      22,
      238,
      147,
      72,
      66,
      216,
      80,
      241,
      104,
      55,
      6,
      131,
      193,
      37,
      170,
      234,
      5,
      115,
      179,
      208,
      75,
      12,
      104,
      110
    ],
    "12": [
      247,
      57,
      139,
      105,
      200,
      27,
      36,
      224,
      183,
      249,
      118,
      107,
      248,
      197,
      50,
      228,
      218,
      53,
      130,
      24,
      171,
      30,
      167,
      203,
      64,
      249,
      139,
      53,
      157,
      169,
      53,
      21
    ],
    "15": [
      56,
      74,
      244,
      229,
      34,
      61,
      98,
      244,
      6,
      204,
      41,
      210,
      226,
      206,
      140,
      212,
      225,
      127,
      142,
      248,
      156,
      195,
      112,
      210,
      190,
      146,
      39,
      53,
      70,
      210,
      122,
      188
    ],
    "14": [
      245,
      123,
      19,
      8,
      96,
      90,
      23,
      177,
      226,
      226,
      172,
      168,
      148,
      77,
      221,
      174,
      199,
      49,
      90,
      75,
      87,
      133,
      122,
      219,
      228,
      216,
      116,
      57,
      214,
      40,
      12,
      75
    ],
    "9": [
      222,
      136,
      187,
      236,
      167,
      109,
      110,
      88,
      225,
      191,
      71,
      103,
      146,
      85,
      87,
      28,
      86,
      214,
      226,
      220,
      84,
      122,
      30,
      139,
      207,
      33,
      156,
      180,
      37,
      6,
      4,
      30
    ],
    "8": [
      169,
      34,
      99,
      89,
      106,
      65,
      91,
      159,
      100,
      151,
      194,
      83,
      137,
      255,
      157,
      165,
      113,
      196,
      248,
      161,
      255,
      250,
      108,
      234,
      32,
      220,
      21,
      69,
      156,
      98,
      104,
      152
    ],
    "11": [
      130,
      212,
      215,
      252,
      201,
      226,
      94,
      90,
      71,
      233,
      181,
      138,
      142,
      141,
      52,
      51,
      177,
      62,
      150,
      219,
      31,
      196,
      248,
      110,
      117,
      121,
      183,
      90,
      219,
      54,
      30,
      105
    ],
    "10": [
      109,
      51,
      105,
      125,
      104,
      239,
      26,
      45,
      205,
      105,
      214,
      204,
      24,
      61,
      252,
      115,
      43,
      42,
      244,
      91,
      0,
      26,
      50,
      182,
      126,
      119,
      137,
      83,
      182,
      215,
      105,
      34
    ]
  },
  "my_cert": [],
  "my_cert_key": [],
  "root_cert": []
}