{
  "net_map": {
    "5": "127.0.0.1:8505",
    "4": "127.0.0.1:8504",
    "7": "127.0.0.1:8507",
    "6": "127.0.0.1:8506",
    "1": "127.0.0.1:8501",
    "0": "127.0.0.1:8500",
    "3": "127.0.0.1:8503",
    "2": "127.0.0.1:8502",
    "13": "127.0.0.1:8513",
    "12": "127.0.0.1:8512",
    "15": "127.0.0.1:8515",
    "14": "127.0.0.1:8514",
    "9": "127.0.0.1:8509",
    "8": "127.0.0.1:8508",
    "11": "127.0.0.1:8511",
    "10": "127.0.0.1:8510",
    "16": "127.0.0.1:9000"
  },
  "delta": 100,
  "id": 12,
  "num_nodes": 16,
  "num_faults": 5,
  "block_size": 100,
  "client_port": 7012,
  "client_addr": "0.0.0.0:5000",
  "payload": 0,
  "prot_payload": "cc,/home/akhil/research/EEBA/libchatter/",
  "crypto_alg": "NOPKI",
  "pk_map": {},
  "secret_key_bytes": [],
  "sk_map": {
    "5": [
      247,
      57,
      139,
      105,
      200,
      27,
      36,
      224,
      183,
      249,
      118,
      107,
      248,
      197,
      50,
      228,
      218,
      53,
      130,
      24,
      171,
      30,
      167,
      203,
      64,
      249,
      139,
      53,
      157,
      169,
      53,
      21
    ],
    "4": [
      205,
      3,
      96,
      220,
      224,
      101,
      250,
      203,
      233,
      174,
      166,
      133,
      17,
      83,
      151,
      171,
      95,
      94,
      123,
      0,
      248,
      255,
      242,
      15,
      207,
      60,
      223,
      244,
      155,
      206,
      232,
      213
    ],
    "7": [
      139,
      132,
      191,
      6,
      215,
      106,
      1,
      159,
      67,
      254,
      198,
      186,
      16,
      228,
      99,
      135,
      117,
      125,
      201,
      239,
      166,
      239,
      174,
      161,
      182,
      67,
      14,
      238,
      192,
      83,
      78,
      159
    ],
    "6": [
      121,
      143,
      119,
      82,
      147,
      164,
      141,
      104,
      175,
      130,
      83,
      6,
      30,
      205,
      29,
      165,
      19,
      77,
      226,
      155,
      102,
      182,
      160,
      122,
      121,
      241,
      18,
      59,
      225,
      140,
      182,
      88
    ],
    "1": [
      243,
      237,
      1,
      226,
      155,
      93,
      180,
      106,
      99,
      138,
      55,
      149,
      32,
      151,
      231,
      164,
      42,
      78,
      80,
      230,
      210,
      215,
      185,
      14,
      245,
      224,
      60,
      54,
      252,
      208,
      48,
      102
    ],
    "0": [
      87,
      36,
      154,
      154,
      66,
      218,
      21,
      194,
      213,
      204,
      187,
      55,
      71,
      142,
      18,
      255,
      144,
      25,
      68,
      197,
      81,
      50,
      72,
      89,
      134,
      70,
      217,
      51,
      146,
      220,
      189,
      207
    ],
    "3": [
      10,
      41,
      233,
      57,
      74,
      68,
      108,
      89,
      111,
      171,
      142,
      45,
      5,
      95,
      195,
      50,
      78,
      198,
      197,
      44,
      34,
      14,
      155,
      86,
      167,
      96,
      7,
      178,
      110,
      183,
      216,
      157
    ],
    "2": [
      155,
      91,
      29,
      84,
      72,
      42,
      179,
      75,
      10,
      110,
      199,
      144,
      144,
      49,
      84,
      254,
      121,
      148,
      215,
      69,
      117,
      26,
      118,
      129,
      86,
      118,
      15,
      24,
      1,
      89,
      136,
      160
    ],
    "13": [
      190,
      85,
      14,
      138,
      243,
      106,
      81,
      138,
      189,
      194,
      248,
      159,
      59,
      28,
      199,
      117,
      22,
      22,
      1,
      162,
      234,
      39,
      209,
      5,
      7,
      215,
      71,
      12,
      131,
      98,
      17,
      189
    ],
    "12": [
      219,
      179,
      19,
      136,
      203,
      177,
      23,
      53,
      41,
      113,
      76,
      202,
      217,
      120,
      18,
      92,
      110,
      187,
      210,
      19,
      144,
      24,
      42,
      85,
      116,
      241,
      114,
      112,
      44,
      173,
      91,
      92
    ],
    "15": [
      103,
      81,
      113,
      195,
      94,
      165,
      135,
      114,
      159,
      54,
      32,
      137,
      183,
      92,
      214,
      46,
      40,
      11,
      83,
      53,
      14,
      115,
      152,
      146,
      212,
      23,
      220,
      19,
      110,
      37,
      250,
      25
    ],
    "14": [
      50,
      77,
      205,
      124,
      101,
      122,
      141,
      140,
      223,
      218,
      176,
      171,
      121,
      224,
      171,
      70,
      36,
      110,
      132,
      0,
      94,
      160,
      59,
      141,
      228,
      246,
      237,
      169,
      3,
      76,
      107,
      37
    ],
    "9": [
      38,
      239,
      185,
      144,
      33,
      12,
      117,
      22,
      98,
      192,
      49,
      155,
      212,
      152,
      51,
      120,
      151,
      27,
      106,
      60,
      166,
      56,
      57,
      45,
      107,
      242,
      68,
      169,
      108,
      5,
      102,
      174
    ],
    "8": [
      138,
      133,
      172,
      60,
      80,
      92,
      39,
      5,
      83,
      120,
      201,
      46,
      59,
      126,
      55,
      12,
      43,
      189,
      34,
      62,
      241,
      76,
      33,
      166,
      72,
      19,
      80,
      101,
      104,
      3,
      230,
      55
    ],
    "11": [
      111,
      203,
      231,
      33,
      25,
      12,
      38,
      164,
      227,
      51,
      57,
      187,
      37,
      252,
      233,
      198,
      174,
      169,
      232,
      100,
      147,
      30,
      75,
      98,
      98,
      105,
      78,
      123,
      45,
      134,
      98,
      144
    ],
    "10": [
      164,
      248,
      47,
      240,
      60,
      134,
      98,
      175,
      118,
      30,
      23,
      99,
      145,
      231,
      111,
      70,
      175,
      233,
      156,
      156,
      22,
      133,
      58,
      173,
      194,
      169,
      55,
      193,
      225,
      40,
      110,
      88
    ]
  },
  "my_cert": [],
  "my_cert_key": [],
  "root_cert": []
}