{
  "net_map": {
    "5": "127.0.0.1:8505",
    "4": "127.0.0.1:8504",
    "7": "127.0.0.1:8507",
    "6": "127.0.0.1:8506",
    "1": "127.0.0.1:8501",
    "0": "127.0.0.1:8500",
    "3": "127.0.0.1:8503",
    "2": "127.0.0.1:8502",
    "13": "127.0.0.1:8513",
    "12": "127.0.0.1:8512",
    "15": "127.0.0.1:8515",
    "14": "127.0.0.1:8514",
    "9": "127.0.0.1:8509",
    "8": "127.0.0.1:8508",
    "11": "127.0.0.1:8511",
    "10": "127.0.0.1:8510",
    "16": "127.0.0.1:9000"
  },
  "delta": 100,
  "id": 13,
  "num_nodes": 16,
  "num_faults": 5,
  "block_size": 100,
  "client_port": 7013,
  "client_addr": "0.0.0.0:5000",
  "payload": 0,
  "prot_payload": "cc,/home/akhil/research/EEBA/libchatter/",
  "crypto_alg": "NOPKI",
  "pk_map": {},
  "secret_key_bytes": [],
  "sk_map": {
    "5": [
      112,
      157,
      245,
      159,
      170,
      138,
      117,
      52,
      22,
      238,
      147,
      72,
      66,
      216,
      80,
      241,
      104,
      55,
      6,
      131,
      193,
      37,
      170,
      234,
      5,
      115,
      179,
      208,
      75,
      12,
      104,
      110
    ],
    "4": [
      13,
      216,
      144,
      109,
      142,
      86,
      139,
      68,
      156,
      189,
      51,
      98,
      73,
      144,
      3,
      13,
      78,
      72,
      72,
      254,
      104,
      83,
      151,
      213,
      10,
      17,
      157,
      162,
      35,
      143,
      45,
      246
    ],
    "7": [
      181,
      80,
      81,
      188,
      181,
      61,
      138,
      60,
      52,
      173,
      150,
      210,
      109,
      76,
      249,
      81,
      0,
      50,
      237,
      62,
      33,
      160,
      235,
      250,
      125,
      49,
      103,
      223,
      103,
      123,
      72,
      81
    ],
    "6": [
      183,
      10,
      46,
      193,
      36,
      113,
      94,
      101,
      160,
      67,
      142,
      178,
      232,
      115,
      95,
      102,
      3,
      202,
      254,
      197,
      220,
      112,
      120,
      93,
      151,
      157,
      134,
      70,
      236,
      27,
      216,
      84
    ],
    "1": [
      213,
      11,
      17,
      229,
      213,
      173,
      89,
      156,
      209,
      218,
      58,
      126,
      109,
      248,
      11,
      228,
      39,
      220,
      107,
      33,
      141,
      104,
      14,
      55,
      19,
      127,
      107,
      103,
      251,
      182,
      70,
      6
    ],
    "0": [
      51,
      119,
      143,
      252,
      0,
      198,
      112,
      231,
      132,
      140,
      17,
      204,
      55,
      35,
      144,
      85,
      69,
      185,
      56,
      14,
      223,
      89,
      128,
      218,
      59,
      227,
      224,
      134,
      47,
      145,
      221,
      192
    ],
    "3": [
      193,
      39,
      91,
      136,
      31,
      182,
      230,
      218,
      39,
      199,
      207,
      47,
      113,
      60,
      237,
      50,
      221,
      9,
      185,
      115,
      237,
      237,
      53,
      138,
      156,
      114,
      163,
      237,
      80,
      164,
      116,
      12
    ],
    "2": [
      125,
      29,
      243,
      90,
      95,
      148,
      126,
      47,
      197,
      117,
      53,
      149,
      67,
      189,
      194,
      51,
      14,
      178,
      193,
      226,
      225,
      233,
      198,
      44,
      209,
      206,
      14,
      95,
      156,
      83,
      39,
      241
    ],
    "13": [
      178,
      159,
      69,
      254,
      228,
      174,
      120,
      1,
      77,
      77,
      135,
      85,
      80,
      255,
      82,
      9,
      246,
      84,
      17,
      252,
      212,
      4,
      42,
      104,
      188,
      139,
      35,
      102,
      107,
      11,
      59,
      234
    ],
    "12": [
      190,
      85,
      14,
      138,
      243,
      106,
      81,
      138,
      189,
      194,
      248,
      159,
      59,
      28,
      199,
      117,
      22,
      22,
      1,
      162,
      234,
      39,
      209,
      5,
      7,
      215,
      71,
      12,
      131,
      98,
      17,
      189
    ],
    "15": [
      157,
      86,
      99,
      64,
      123,
      21,
      198,
      187,
      175,
      238,
      165,
      64,
      255,
      175,
      98,
      224,
      26,
      114,
      202,
      167,
      103,
      115,
      37,
      108,
      2,
      157,
      17,
      78,
      78,
      20,
      190,
      32
    ],
    "14": [
      102,
      118,
      251,
      222,
      123,
      252,
      232,
      209,
      147,
      36,
      198,
      147,
      35,
      113,
      144,
      6,
      5,
      89,
      118,
      231,
      82,
      130,
      171,
      91,
      66,
      116,
      147,
      187,
      203,
      26,
      190,
      42
    ],
    "9": [
      160,
      254,
      127,
      208,
      51,
      195,
      246,
      3,
      28,
      236,
      160,
      149,
      26,
      1,
      127,
      78,
      90,
      254,
      239,
      135,
      125,
      154,
      165,
      119,
      201,
      128,
      224,
      31,
      144,
      50,
      49,
      73
    ],
    "8": [
      223,
      50,
      60,
      80,
      209,
      234,
      11,
      79,
      126,
      17,
      40,
      32,
      92,
      121,
      204,
      126,
      249,
      89,
      75,
      233,
      124,
      169,
      84,
      194,
      55,
      117,
      183,
      148,
      167,
      90,
      137,
      229
    ],
    "11": [
      42,
      218,
      140,
      11,
      200,
      236,
      9,
      131,
      75,
      148,
      179,
      154,
      85,
      59,
      39,
      196,
      251,
      219,
      24,
      228,
      113,
      226,
      231,
      187,
      202,
      221,
      45,
      40,
      72,
      131,
      44,
      72
    ],
    "10": [
      211,
      122,
      176,
      6,
      159,
      237,
      161,
      83,
      170,
      22,
      136,
      70,
      44,
      25,
      173,
      15,
      92,
      196,
      0,
      197,
      181,
      89,
      18,
      249,
      56,
      200,
      52,
      60,
      126,
      8,
      79,
      101
    ]
  },
  "my_cert": [],
  "my_cert_key": [],
  "root_cert": []
}