{
  "net_map": {
    "5": "127.0.0.1:8505",
    "4": "127.0.0.1:8504",
    "7": "127.0.0.1:8507",
    "6": "127.0.0.1:8506",
    "1": "127.0.0.1:8501",
    "0": "127.0.0.1:8500",
    "3": "127.0.0.1:8503",
    "2": "127.0.0.1:8502",
    "13": "127.0.0.1:8513",
    "12": "127.0.0.1:8512",
    "15": "127.0.0.1:8515",
    "14": "127.0.0.1:8514",
    "9": "127.0.0.1:8509",
    "8": "127.0.0.1:8508",
    "11": "127.0.0.1:8511",
    "10": "127.0.0.1:8510",
    "16": "127.0.0.1:9000"
  },
  "delta": 100,
  "id": 1,
  "num_nodes": 16,
  "num_faults": 5,
  "block_size": 100,
  "client_port": 7001,
  "client_addr": "0.0.0.0:5000",
  "payload": 0,
  "prot_payload": "cc,/home/akhil/research/EEBA/libchatter/",
  "crypto_alg": "NOPKI",
  "pk_map": {},
  "secret_key_bytes": [],
  "sk_map": {
    "5": [
      93,
      165,
      93,
      76,
      162,
      81,
      195,
      92,
      201,
      219,
      159,
      13,
      179,
      38,
      51,
      236,
      192,
      168,
      122,
      191,
      56,
      156,
      37,
      199,
      49,
      241,
      174,
      27,
      115,
      153,
      198,
      195
    ],
    "4": [
      77,
      85,
      186,
      212,
      57,
      177,
      99,
      38,
      58,
      215,
      189,
      126,
      120,
      164,
      119,
      121,
      194,
      134,
      78,
      126,
      19,
      65,
      60,
      188,
      130,
      126,
      177,
      141,
      120,
      164,
      27,
      101
    ],
    "7": [
      84,
      201,
      203,
      38,
      181,
      0,
      121,
      108,
      149,
      73,
      49,
      129,
      14,
      230,
      147,
      24,
      166,
      219,
      204,
      75,
      174,
      150,
      201,
      131,
      66,
      60,
      61,
      75,
      28,
      48,
      44,
      104
    ],
    "6": [
      169,
      234,
      180,
      15,
      67,
      145,
      231,
      88,
      128,
      13,
      183,
      5,
      220,
      248,
      57,
      126,
      249,
      216,
      216,
      138,
      228,
      18,
      110,
      134,
      119,
      88,
      185,
      189,
      219,
      239,
      251,
      120
    ],
    "1": [
      105,
      200,
      70,
      1,
      41,
      47,
      63,
      254,
      157,
      35,
      161,
      207,
      39,
      205,
      57,
      77,
      197,
      181,
      209,
      141,
      38,
      121,
      80,
      242,
      74,
      36,
      27,
      121,
      182,
      225,
      196,
      66
    ],
    "0": [
      87,
      1,
      13,
      198,
      139,
      22,
      215,
      77,
      80,
      122,
      248,
      156,
      27,
      37,
      61,
      4,
      144,
      9,
      156,
      136,
      229,
      244,
      195,
      220,
      242,
      141,
      64,
      234,
      85,
      97,
      43,
      239
    ],
    "3": [
      157,
      219,
      153,
      192,
      164,
      92,
      173,
      15,
      226,
      217,
      242,
      27,
      223,
      199,
      67,
      89,
      5,
      47,
      106,
      37,
      205,
      84,
      63,
      59,
      106,
      186,
      82,
      193,
      76,
      53,
      170,
      7
    ],
    "2": [
      180,
      34,
      243,
      34,
      25,
      64,
      33,
      229,
      157,
      121,
      170,
      80,
      85,
      53,
      153,
      37,
      239,
      191,
      193,
      137,
      37,
      74,
      100,
      78,
      254,
      60,
      245,
      153,
      137,
      129,
      154,
      44
    ],
    "13": [
      213,
      11,
      17,
      229,
      213,
      173,
      89,
      156,
      209,
      218,
      58,
      126,
      109,
      248,
      11,
      228,
      39,
      220,
      107,
      33,
      141,
      104,
      14,
      55,
      19,
      127,
      107,
      103,
      251,
      182,
      70,
      6
    ],
    "12": [
      243,
      237,
      1,
      226,
      155,
      93,
      180,
      106,
      99,
      138,
      55,
      149,
      32,
      151,
      231,
      164,
      42,
      78,
      80,
      230,
      210,
      215,
      185,
      14,
      245,
      224,
      60,
      54,
      252,
      208,
      48,
      102
    ],
    "15": [
      166,
      105,
      255,
      182,
      84,
      29,
      48,
      62,
      161,
      143,
      29,
      240,
      208,
      71,
      47,
      159,
      174,
      50,
      142,
      255,
      43,
      103,
      133,
      59,
      194,
      221,
      220,
      170,
      5,
      75,
      56,
      68
    ],
    "14": [
      140,
      111,
      62,
      203,
      201,
      188,
      200,
      82,
      217,
      172,
      83,
      179,
      106,
      156,
      174,
      151,
      2,
      211,
      253,
      188,
      147,
      82,
      240,
      181,
      191,
      116,
      96,
      244,
      81,
      110,
      28,
      241
    ],
    "9": [
      8,
      211,
      173,
      119,
      236,
      117,
      251,
      104,
      126,
      53,
      14,
      224,
      189,
      163,
      117,
      214,
      216,
      2,
      209,
      145,
      183,
      239,
      212,
      210,
      213,
      183,
      194,
      119,
      248,
      4,
      124,
      255
    ],
    "8": [
      142,
      103,
      240,
      81,
      237,
      34,
      95,
      235,
      188,
      99,
      38,
      140,
      30,
      33,
      58,
      13,
      164,
      254,
      15,
      126,
      40,
      146,
      52,
      99,
      106,
      221,
      61,
      19,
      149,
      3,
      201,
      52
    ],
    "11": [
      124,
      245,
      135,
      110,
      9,
      190,
      92,
      93,
      238,
      143,
      37,
      152,
      94,
      53,
      204,
      25,
      102,
      225,
      37,
      99,
      153,
      131,
      87,
      184,
      126,
      107,
      117,
      236,
      72,
      179,
      233,
      236
    ],
    "10": [
      180,
      120,
      2,
      10,
      75,
      27,
      112,
      49,
      50,
      58,
      203,
      167,
      205,
      133,
      25,
      201,
      126,
      140,
      199,
      11,
      98,
      9,
      174,
      223,
      145,
      115,
      224,
      91,
      217,
      119,
      212,
      5
    ]
  },
  "my_cert": [],
  "my_cert_key": [],
  "root_cert": []
}