{
  "net_map": {
    "5": "127.0.0.1:8505",
    "4": "127.0.0.1:8504",
    "7": "127.0.0.1:8507",
    "6": "127.0.0.1:8506",
    "1": "127.0.0.1:8501",
    "0": "127.0.0.1:8500",
    "3": "127.0.0.1:8503",
    "2": "127.0.0.1:8502",
    "13": "127.0.0.1:8513",
    "12": "127.0.0.1:8512",
    "15": "127.0.0.1:8515",
    "14": "127.0.0.1:8514",
    "9": "127.0.0.1:8509",
    "8": "127.0.0.1:8508",
    "11": "127.0.0.1:8511",
    "10": "127.0.0.1:8510",
    "16": "127.0.0.1:9000"
  },
  "delta": 100,
  "id": 3,
  "num_nodes": 16,
  "num_faults": 5,
  "block_size": 100,
  "client_port": 7003,
  "client_addr": "0.0.0.0:5000",
  "payload": 0,
  "prot_payload": "cc,/home/akhil/research/EEBA/libchatter/",
  "crypto_alg": "NOPKI",
  "pk_map": {},
  "secret_key_bytes": [],
  "sk_map": {
    "5": [
      179,
      223,
      205,
      83,
      204,
      40,
      28,
      248,
      25,
      82,
      121,
      36,
      69,
      19,
      17,
      234,
      210,
      163,
      63,
      107,
      70,
      51,
      175,
      238,
      42,
      75,
      236,
      212,
      94,
      27,
      252,
      191
    ],
    "4": [
      6,
      118,
      188,
      159,
      186,
      211,
      173,
      139,
      225,
      212,
      21,
      199,
      103,
      196,
      2,
      243,
      94,
      6,
      46,
      212,
      103,
      178,
      84,
      159,
      27,
      142,
      66,
      52,
      140,
      244,
      243,
      137
    ],
    "7": [
      171,
      178,
      113,
      154,
      77,
      255,
      142,
      23,
      22,
      166,
      201,
      198,
      143,
      32,
      247,
      67,
      46,
      82,
      43,
      129,
      157,
      254,
      116,
      80,
      141,
      201,
      162,
      39,
      207,
      213,
      254,
      57
    ],
    "6": [
      40,
      75,
      194,
      53,
      164,
      98,
      18,
      22,
      164,
      19,
      191,
      97,
      107,
      99,
      10,
      246,
      0,
      240,
      128,
      229,
      236,
      198,
      40,
      210,
      19,
      124,
      159,
      116,
      227,
      96,
      163,
      101
    ],
    "1": [
      157,
      219,
      153,
      192,
      164,
      92,
      173,
      15,
      226,
      217,
      242,
      27,
      223,
      199,
      67,
      89,
      5,
      47,
      106,
      37,
      205,
      84,
      63,
      59,
      106,
      186,
      82,
      193,
      76,
      53,
      170,
      7
    ],
    "0": [
      126,
      103,
      181,
      138,
      103,
      97,
      106,
      67,
      146,
      186,
      0,
      245,
      222,
      173,
      160,
      22,
      91,
      11,
      96,
      228,
      195,
      37,
      76,
      228,
      18,
      206,
      106,
      101,
      253,
      205,
      56,
      27
    ],
    "3": [
      217,
      172,
      3,
      145,
      112,
      230,
      74,
      20,
      6,
      136,
      145,
      41,
      107,
      141,
      243,
      48,
      158,
      177,
      238,
      141,
      234,
      111,
      224,
      32,
      90,
      157,
      217,
      133,
      83,
      218,
      79,
      86
    ],
    "2": [
      150,
      226,
      43,
      254,
      50,
      155,
      161,
      219,
      125,
      88,
      219,
      63,
      241,
      141,
      229,
      146,
      2,
      62,
      127,
      13,
      203,
      66,
      151,
      198,
      195,
      46,
      185,
      143,
      166,
      79,
      133,
      84
    ],
    "13": [
      193,
      39,
      91,
      136,
      31,
      182,
      230,
      218,
      39,
      199,
      207,
      47,
      113,
      60,
      237,
      50,
      221,
      9,
      185,
      115,
      237,
      237,
      53,
      138,
      156,
      114,
      163,
      237,
      80,
      164,
      116,
      12
    ],
    "12": [
      10,
      41,
      233,
      57,
      74,
      68,
      108,
      89,
      111,
      171,
      142,
      45,
      5,
      95,
      195,
      50,
      78,
      198,
      197,
      44,
      34,
      14,
      155,
      86,
      167,
      96,
      7,
      178,
      110,
      183,
      216,
      157
    ],
    "15": [
      121,
      232,
      110,
      93,
      176,
      225,
      128,
      1,
      10,
      195,
      193,
      92,
      220,
      129,
      37,
      6,
      62,
      1,
      129,
      157,
      221,
      118,
      140,
      48,
      133,
      158,
      247,
      171,
      166,
      130,
      5,
      255
    ],
    "14": [
      236,
      221,
      227,
      152,
      55,
      205,
      2,
      84,
      190,
      73,
      4,
      45,
      5,
      79,
      195,
      162,
      90,
      175,
      248,
      132,
      178,
      153,
      159,
      43,
      139,
      235,
      248,
      83,
      249,
      170,
      194,
      253
    ],
    "9": [
      57,
      123,
      171,
      213,
      129,
      191,
      184,
      139,
      91,
      99,
      112,
      15,
      92,
      64,
      51,
      110,
      179,
      100,
      41,
      175,
      227,
      47,
      168,
      161,
      121,
      63,
      106,
      203,
      75,
      190,
      214,
      181
    ],
    "8": [
      77,
      121,
      34,
      174,
      233,
      123,
      157,
      90,
      108,
      174,
      35,
      245,
      65,
      85,
      112,
      232,
      205,
      160,
      34,
      239,
      58,
      155,
      4,
      92,
      206,
      110,
      3,
      209,
      0,
      197,
      175,
      43
    ],
    "11": [
      101,
      14,
      126,
      241,
      195,
      145,
      149,
      134,
      25,
      250,
      237,
      65,
      214,
      115,
      251,
      1,
      186,
      13,
      18,
      135,
      85,
      232,
      28,
      193,
      23,
      161,
      16,
      23,
      218,
      30,
      36,
      175
    ],
    "10": [
      227,
      59,
      90,
      55,
      41,
      39,
      44,
      205,
      72,
      106,
      249,
      152,
      135,
      213,
      179,
      185,
      176,
      38,
      239,
      53,
      157,
      182,
      90,
      173,
      37,
      179,
      246,
      232,
      68,
      31,
      163,
      186
    ]
  },
  "my_cert": [],
  "my_cert_key": [],
  "root_cert": []
}