{
  "net_map": {
    "5": "127.0.0.1:8505",
    "4": "127.0.0.1:8504",
    "7": "127.0.0.1:8507",
    "6": "127.0.0.1:8506",
    "1": "127.0.0.1:8501",
    "0": "127.0.0.1:8500",
    "3": "127.0.0.1:8503",
    "2": "127.0.0.1:8502",
    "13": "127.0.0.1:8513",
    "12": "127.0.0.1:8512",
    "15": "127.0.0.1:8515",
    "14": "127.0.0.1:8514",
    "9": "127.0.0.1:8509",
    "8": "127.0.0.1:8508",
    "11": "127.0.0.1:8511",
    "10": "127.0.0.1:8510",
    "16": "127.0.0.1:9000"
  },
  "delta": 100,
  "id": 10,
  "num_nodes": 16,
  "num_faults": 5,
  "block_size": 100,
  "client_port": 7010,
  "client_addr": "0.0.0.0:5000",
  "payload": 0,
  "prot_payload": "cc,/home/akhil/research/EEBA/libchatter/",
  "crypto_alg": "NOPKI",
  "pk_map": {},
  "secret_key_bytes": [],
  "sk_map": {
    "5": [
      109,
      51,
      105,
      125,
      104,
      239,
      26,
      45,
      205,
      105,
      214,
      204,
      24,
      61,
      252,
      115,
      43,
      42,
      244,
      91,
      0,
      26,
      50,
      182,
      126,
      119,
      137,
      83,
      182,
      215,
      105,
      34
    ],
    "4": [
      215,
      96,
      105,
      193,
      230,
      163,
      112,
      172,
      212,
      111,
      213,
      236,
      231,
      71,
      88,
      167,
      127,
      160,
      181,
      207,
      80,
      188,
      189,
      38,
      108,
      132,
      103,
      44,
      178,
      249,
      196,
      67
    ],
    "7": [
      195,
      231,
      202,
      38,
      110,
      24,
      196,
      168,
      231,
      229,
      212,
      82,
      2,
      221,
      87,
      69,
      35,
      131,
      165,
      190,
      76,
      144,
      47,
      110,
      194,
      214,
      142,
      105,
      168,
      145,
      46,
      154
    ],
    "6": [
      243,
      178,
      65,
      25,
      184,
      97,
      216,
      104,
      6,
      33,
      107,
      68,
      13,
      22,
      69,
      242,
      212,
      40,
      21,
      29,
      183,
      146,
      46,
      88,
      16,
      180,
      188,
      69,
      236,
      184,
      26,
      75
    ],
    "1": [
      180,
      120,
      2,
      10,
      75,
      27,
      112,
      49,
      50,
      58,
      203,
      167,
      205,
      133,
      25,
      201,
      126,
      140,
      199,
      11,
      98,
      9,
      174,
      223,
      145,
      115,
      224,
      91,
      217,
      119,
      212,
      5
    ],
    "0": [
      92,
      201,
      32,
      208,
      109,
      226,
      246,
      94,
      246,
      141,
      14,
      155,
      154,
      87,
      16,
      66,
      114,
      231,
      45,
      118,
      219,
      155,
      105,
      162,
      187,
      175,
      239,
      199,
      14,
      120,
      190,
      183
    ],
    "3": [
      227,
      59,
      90,
      55,
      41,
      39,
      44,
      205,
      72,
      106,
      249,
      152,
      135,
      213,
      179,
      185,
      176,
      38,
      239,
      53,
      157,
      182,
      90,
      173,
      37,
      179,
      246,
      232,
      68,
      31,
      163,
      186
    ],
    "2": [
      168,
      178,
      43,
      59,
      71,
      106,
      120,
      246,
      212,
      60,
      1,
      97,
      4,
      241,
      188,
      228,
      124,
      206,
      109,
      13,
      209,
      255,
      172,
      157,
      169,
      7,
      16,
      108,
      40,
      199,
      21,
      202
    ],
    "13": [
      211,
      122,
      176,
      6,
      159,
      237,
      161,
      83,
      170,
      22,
      136,
      70,
      44,
      25,
      173,
      15,
      92,
      196,
      0,
      197,
      181,
      89,
      18,
      249,
      56,
      200,
      52,
      60,
      126,
      8,
      79,
      101
    ],
    "12": [
      164,
      248,
      47,
      240,
      60,
      134,
      98,
      175,
      118,
      30,
      23,
      99,
      145,
      231,
      111,
      70,
      175,
      233,
      156,
      156,
      22,
      133,
      58,
      173,
      194,
      169,
      55,
      193,
      225,
      40,
      110,
      88
    ],
    "15": [
      111,
      237,
      253,
      163,
      177,
      205,
      117,
      15,
      165,
      234,
      237,
      97,
      32,
      3,
      199,
      155,
      15,
      187,
      57,
      130,
      247,
      124,
      240,
      203,
      68,
      191,
      60,
      157,
      59,
      179,
      98,
      218
    ],
    "14": [
      178,
      179,
      12,
      37,
      241,
      180,
      6,
      27,
      217,
      195,
      193,
      137,
      12,
      47,
      133,
      93,
      192,
      11,
      95,
      117,
      24,
      17,
      114,
      114,
      20,
      90,
      246,
      25,
      89,
      206,
      218,
      234
    ],
    "9": [
      228,
      80,
      196,
      28,
      252,
      93,
      19,
      180,
      19,
      161,
      247,
      69,
      148,
      103,
      71,
      118,
      190,
      114,
      147,
      32,
      232,
      15,
      13,
      217,
      7,
      203,
      214,
      163,
      225,
      202,
      234,
      196
    ],
    "8": [
      228,
      200,
      195,
      14,
      237,
      9,
      155,
      122,
      9,
      184,
      179,
      28,
      142,
      168,
      75,
      212,
      67,
      31,
      193,
      253,
      158,
      240,
      139,
      118,
      152,
      201,
      167,
      212,
      142,
      42,
      33,
      28
    ],
    "11": [
      11,
      216,
      191,
      171,
      243,
      24,
      230,
      251,
      235,
      65,
      217,
      94,
      253,
      147,
      18,
      108,
      59,
      57,
      143,
      237,
      106,
      70,
      220,
      126,
      230,
      79,
      174,
      220,
      217,
      169,
      212,
      159
    ],
    "10": [
      111,
      228,
      58,
      59,
      15,
      247,
      234,
      179,
      27,
      19,
      76,
      53,
      206,
      86,
      121,
      88,
      247,
      192,
      66,
      67,
      183,
      90,
      86,
      4,
      117,
      20,
      34,
      199,
      167,
      32,
      24,
      82
    ]
  },
  "my_cert": [],
  "my_cert_key": [],
  "root_cert": []
}