{
  "net_map": {
    "4": "127.0.0.1:9000",
    "1": "127.0.0.1:8501",
    "0": "127.0.0.1:8500",
    "3": "127.0.0.1:8503",
    "2": "127.0.0.1:8502"
  },
  "delta": 100,
  "id": 0,
  "num_nodes": 4,
  "num_faults": 1,
  "block_size": 100,
  "client_port": 7000,
  "client_addr": "0.0.0.0:5000",
  "payload": 0,
  "prot_payload": "cc,/home/akhil/research/EEBA/libchatter/",
  "crypto_alg": "NOPKI",
  "pk_map": {},
  "secret_key_bytes": [],
  "sk_map": {
    "1": [
      214,
      181,
      101,
      0,
      193,
      80,
      87,
      65,
      75,
      182,
      140,
      226,
      97,
      218,
      195,
      234,
      144,
      129,
      187,
      27,
      23,
      213,
      9,
      146,
      45,
      76,
      66,
      207,
      6,
      69,
      170,
      55
    ],
    "0": [
      6,
      101,
      32,
      109,
      4,
      74,
      192,
      188,
      221,
      46,
      101,
      28,
      57,
      240,
      10,
      208,
      74,
      107,
      56,
      203,
      46,
      226,
      104,
      138,
      133,
      21,
      19,
      242,
      113,
      80,
      74,
      53
    ],
    "3": [
      185,
      220,
      185,
      185,
      17,
      71,
      141,
      1,
      142,
      189,
      3,
      31,
      112,
      161,
      102,
      157,
      181,
      123,
      122,
      104,
      76,
      24,
      191,
      1,
      44,
      174,
      193,
      53,
      172,
      199,
      165,
      54
    ],
    "2": [
      166,
      94,
      196,
      109,
      165,
      6,
      234,
      38,
      228,
      193,
      184,
      79,
      238,
      188,
      87,
      19,
      222,
      163,
      139,
      116,
      250,
      186,
      8,
      22,
      97,
      70,
      59,
      141,
      205,
      3,
      25,
      209
    ]
  },
  "my_cert": [],
  "my_cert_key": [],
  "root_cert": []
}