{
  "net_map": {
    "4": "127.0.0.1:9000",
    "1": "127.0.0.1:8501",
    "0": "127.0.0.1:8500",
    "3": "127.0.0.1:8503",
    "2": "127.0.0.1:8502"
  },
  "delta": 100,
  "id": 1,
  "num_nodes": 4,
  "num_faults": 1,
  "block_size": 100,
  "client_port": 7001,
  "client_addr": "0.0.0.0:5000",
  "payload": 0,
  "prot_payload": "cc,/home/akhil/research/EEBA/libchatter/",
  "crypto_alg": "NOPKI",
  "pk_map": {},
  "secret_key_bytes": [],
  "sk_map": {
    "1": [
      137,
      168,
      17,
      119,
      178,
      30,
      49,
      22,
      189,
      128,
      192,
      163,
      121,
      196,
      23,
      96,
      206,
      28,
      140,
      89,
      169,
      131,
      121,
      136,
      170,
      76,
      109,
      86,
      45,
      139,
      19,
      54
    ],
    "0": [
      214,
      181,
      101,
      0,
      193,
      80,
      87,
      65,
      75,
      182,
      140,
      226,
      97,
      218,
      195,
      234,
      144,
      129,
      187,
      27,
      23,
      213,
      9,
      146,
      45,
      76,
      66,
      207,
      6,
      69,
      170,
      55
    ],
    "3": [
      28,
      61,
      251,
      30,
      154,
      233,
      152,
      125,
      162,
      184,
      216,
      211,
      10,
      220,
      8,
      18,
      90,
      160,
      99,
      4,
      82,
      152,
      103,
      210,
      232,
      135,
      115,
      25,
      127,
      236,
      143,
      233
    ],
    "2": [
      51,
      78,
      209,
      196,
      200,
      164,
      226,
      10,
      95,
      48,
      31,
      113,
      91,
      105,
      171,
      132,
      20,
      79,
      115,
      92,
      238,
      202,
      224,
      174,
      75,
      48,
      119,
      109,
      62,
      219,
      69,
      145
    ]
  },
  "my_cert": [],
  "my_cert_key": [],
  "root_cert": []
}