{
  "net_map": {
    "4": "127.0.0.1:9000",
    "1": "127.0.0.1:8501",
    "0": "127.0.0.1:8500",
    "3": "127.0.0.1:8503",
    "2": "127.0.0.1:8502"
  },
  "delta": 100,
  "id": 2,
  "num_nodes": 4,
  "num_faults": 1,
  "block_size": 100,
  "client_port": 7002,
  "client_addr": "0.0.0.0:5000",
  "payload": 0,
  "prot_payload": "cc,/home/akhil/research/EEBA/libchatter/",
  "crypto_alg": "NOPKI",
  "pk_map": {},
  "secret_key_bytes": [],
  "sk_map": {
    "1": [
      51,
      78,
      209,
      196,
      200,
      164,
      226,
      10,
      95,
      48,
      31,
      113,
      91,
      105,
      171,
      132,
      20,
      79,
      115,
      92,
      238,
      202,
      224,
      174,
      75,
      48,
      119,
      109,
      62,
      219,
      69,
      145
    ],
    "0": [
      166,
      94,
      196,
      109,
      165,
      6,
      234,
      38,
      228,
      193,
      184,
      79,
      238,
      188,
      87,
      19,
      222,
      163,
      139,
      116,
      250,
      186,
      8,
      22,
      97,
      70,
      59,
      141,
      205,
      3,
      25,
      209
    ],
    "3": [
      147,
      100,
      159,
      96,
      244,
      149,
      20,
      37,
      117,
      197,
      197,
      83,
      49,
      121,
      91,
      221,
      190,
      126,
      121,
      230,
      69,
      51,
      172,
      127,
      61,
      219,
      227,
      14,
      48,
      59,
      217,
      8
    ],
    "2": [
      239,
      206,
      96,
      37,
      232,
      238,
      135,
      3,
      184,
      198,
      158,
      124,
      183,
      21,
      36,
      248,
      66,
      140,
      120,
      44,
      59,
      107,
      208,
      117,
      161,
      97,
      155,
      208,
      131,
      192,
      117,
      140
    ]
  },
  "my_cert": [],
  "my_cert_key": [],
  "root_cert": []
}