{
  "net_map": {
    "4": "127.0.0.1:9000",
    "1": "127.0.0.1:8501",
    "0": "127.0.0.1:8500",
    "3": "127.0.0.1:8503",
    "2": "127.0.0.1:8502"
  },
  "delta": 100,
  "id": 3,
  "num_nodes": 4,
  "num_faults": 1,
  "block_size": 100,
  "client_port": 7003,
  "client_addr": "0.0.0.0:5000",
  "payload": 0,
  "prot_payload": "cc,/home/akhil/research/EEBA/libchatter/",
  "crypto_alg": "NOPKI",
  "pk_map": {},
  "secret_key_bytes": [],
  "sk_map": {
    "1": [
      28,
      61,
      251,
      30,
      154,
      233,
      152,
      125,
      162,
      184,
      216,
      211,
      10,
      220,
      8,
      18,
      90,
      160,
      99,
      4,
      82,
      152,
      103,
      210,
      232,
      135,
      115,
      25,
      127,
      236,
      143,
      233
    ],
    "0": [
      185,
      220,
      185,
      185,
      17,
      71,
      141,
      1,
      142,
      189,
      3,
      31,
      112,
      161,
      102,
      157,
      181,
      123,
      122,
      104,
      76,
      24,
      191,
      1,
      44,
      174,
      193,
      53,
      172,
      199,
      165,
      54
    ],
    "3": [
      88,
      206,
      60,
      65,
      84,
      128,
      184,
      23,
      80,
      31,
      124,
      179,
      141,
      60,
      91,
      34,
      194,
      157,
      149,
      127,
      38,
      131,
      49,
      48,
      170,
      100,
      211,
      138,
      0,
      167,
      167,
      215
    ],
    "2": [
      147,
      100,
      159,
      96,
      244,
      149,
      20,
      37,
      117,
      197,
      197,
      83,
      49,
      121,
      91,
      221,
      190,
      126,
      121,
      230,
      69,
      51,
      172,
      127,
      61,
      219,
      227,
      14,
      48,
      59,
      217,
      8
    ]
  },
  "my_cert": [],
  "my_cert_key": [],
  "root_cert": []
}