{
  "net_map": {
    "37": "127.0.0.1:8537",
    "4": "127.0.0.1:8504",
    "39": "127.0.0.1:8539",
    "6": "127.0.0.1:8506",
    "33": "127.0.0.1:8533",
    "0": "127.0.0.1:8500",
    "35": "127.0.0.1:8535",
    "2": "127.0.0.1:8502",
    "12": "127.0.0.1:8512",
    "14": "127.0.0.1:8514",
    "8": "127.0.0.1:8508",
    "10": "127.0.0.1:8510",
    "20": "127.0.0.1:8520",
    "22": "127.0.0.1:8522",
    "16": "127.0.0.1:8516",
    "18": "127.0.0.1:8518",
    "28": "127.0.0.1:8528",
    "30": "127.0.0.1:8530",
    "24": "127.0.0.1:8524",
    "26": "127.0.0.1:8526",
    "5": "127.0.0.1:8505",
    "36": "127.0.0.1:8536",
    "7": "127.0.0.1:8507",
    "38": "127.0.0.1:8538",
    "1": "127.0.0.1:8501",
    "32": "127.0.0.1:8532",
    "3": "127.0.0.1:8503",
    "34": "127.0.0.1:8534",
    "13": "127.0.0.1:8513",
    "15": "127.0.0.1:8515",
    "9": "127.0.0.1:8509",
    "40": "127.0.0.1:9000",
    "11": "127.0.0.1:8511",
    "21": "127.0.0.1:8521",
    "23": "127.0.0.1:8523",
    "17": "127.0.0.1:8517",
    "19": "127.0.0.1:8519",
    "29": "127.0.0.1:8529",
    "31": "127.0.0.1:8531",
    "25": "127.0.0.1:8525",
    "27": "127.0.0.1:8527"
  },
  "delta": 100,
  "id": 9,
  "num_nodes": 40,
  "num_faults": 13,
  "block_size": 100,
  "client_port": 7009,
  "client_addr": "0.0.0.0:5000",
  "payload": 0,
  "prot_payload": "cc,/home/akhil/research/EEBA/libchatter/",
  "crypto_alg": "NOPKI",
  "pk_map": {},
  "secret_key_bytes": [],
  "sk_map": {
    "37": [
      4,
      126,
      138,
      64,
      130,
      177,
      63,
      111,
      225,
      136,
      240,
      248,
      217,
      125,
      48,
      59,
      200,
      217,
      203,
      110,
      186,
      75,
      175,
      155,
      169,
      30,
      153,
      16,
      132,
      203,
      175,
      32
    ],
    "4": [
      147,
      45,
      64,
      111,
      176,
      165,
      73,
      13,
      59,
      8,
      164,
      214,
      219,
      111,
      64,
      103,
      107,
      234,
      214,
      110,
      226,
      254,
      178,
      142,
      40,
      182,
      188,
      55,
      223,
      22,
      155,
      180
    ],
    "39": [
      173,
      44,
      248,
      164,
      235,
      145,
      236,
      68,
      250,
      121,
      98,
      122,
      77,
      44,
      143,
      194,
      164,
      203,
      195,
      66,
      176,
      130,
      214,
      74,
      36,
      27,
      35,
      233,
      123,
      42,
      107,
      221
    ],
    "6": [
      179,
      210,
      97,
      178,
      178,
      164,
      248,
      245,
      217,
      203,
      159,
      209,
      230,
      17,
      71,
      171,
      202,
      221,
      248,
      27,
      4,
      113,
      3,
      107,
      97,
      141,
      221,
      25,
      25,
      114,
      188,
      77
    ],
    "33": [
      118,
      75,
      119,
      170,
      101,
      126,
      160,
      188,
      193,
      158,
      32,
      53,
      245,
      133,
      184,
      107,
      145,
      94,
      85,
      196,
      179,
      167,
      166,
      18,
      68,
      138,
      252,
      43,
      113,
      66,
      69,
      8
    ],
    "0": [
      234,
      48,
      153,
      31,
      5,
      18,
      247,
      82,
      69,
      165,
      44,
      78,
      59,
      241,
      29,
      45,
      71,
      214,
      212,
      70,
      88,
      172,
      80,
      107,
      117,
      76,
      91,
      57,
      210,
      218,
      89,
      141
    ],
    "35": [
      22,
      140,
      129,
      124,
      39,
      203,
      106,
      125,
      95,
      222,
      50,
      221,
      110,
      121,
      45,
      143,
      197,
      107,
      1,
      103,
      99,
      229,
      166,
      158,
      190,
      170,
      144,
      211,
      245,
      159,
      121,
      87
    ],
    "2": [
      141,
      25,
      120,
      25,
      188,
      85,
      186,
      22,
      193,
      108,
      228,
      38,
      182,
      75,
      203,
      76,
      43,
      166,
      221,
      19,
      48,
      225,
      158,
      57,
      37,
      83,
      208,
      235,
      225,
      58,
      148,
      25
    ],
    "12": [
      246,
      87,
      249,
      30,
      213,
      220,
      56,
      86,
      172,
      6,
      98,
      217,
      86,
      198,
      103,
      146,
      33,
      122,
      244,
      118,
      221,
      134,
      241,
      123,
      134,
      177,
      251,
      117,
      153,
      39,
      76,
      193
    ],
    "14": [
      22,
      109,
      53,
      97,
      87,
      53,
      19,
      6,
      58,
      121,
      249,
      39,
      51,
      31,
      94,
      196,
      206,
      253,
      210,
      207,
      159,
      228,
      128,
      190,
      111,
      135,
      136,
      230,
      203,
      191,
      243,
      126
    ],
    "8": [
      96,
      115,
      251,
      211,
      88,
      128,
      163,
      116,
      137,
      242,
      83,
      117,
      178,
      87,
      72,
      113,
      4,
      150,
      230,
      249,
      31,
      231,
      50,
      90,
      36,
      170,
      51,
      89,
      82,
      244,
      136,
      56
    ],
    "10": [
      203,
      235,
      220,
      226,
      138,
      62,
      65,
      53,
      3,
      127,
      73,
      156,
      175,
      80,
      60,
      170,
      233,
      70,
      146,
      116,
      250,
      214,
      35,
      60,
      209,
      182,
      220,
      53,
      199,
      53,
      87,
      114
    ],
    "20": [
      180,
      51,
      255,
      225,
      92,
      212,
      175,
      193,
      190,
      239,
      82,
      147,
      8,
      22,
      175,
      231,
      43,
      56,
      239,
      134,
      234,
      55,
      192,
      204,
      218,
      160,
      43,
      216,
      3,
      113,
      13,
      192
    ],
    "22": [
      80,
      100,
      211,
      137,
      212,
      67,
      244,
      95,
      108,
      245,
      200,
      238,
      205,
      210,
      203,
      134,
      28,
      2,
      151,
      114,
      107,
      116,
      248,
      156,
      54,
      222,
      134,
      238,
      168,
      132,
      126,
      166
    ],
    "16": [
      54,
      14,
      28,
      22,
      217,
      46,
      187,
      228,
      189,
      180,
      143,
      177,
      25,
      253,
      138,
      130,
      154,
      147,
      93,
      252,
      153,
      81,
      165,
      226,
      131,
      4,
      91,
      252,
      246,
      237,
      245,
      114
    ],
    "18": [
      91,
      242,
      26,
      96,
      208,
      24,
      84,
      53,
      221,
      12,
      162,
      91,
      192,
      58,
      161,
      30,
      28,
      197,
      172,
      0,
      109,
      101,
      111,
      119,
      34,
      234,
      218,
      38,
      145,
      239,
      13,
      31
    ],
    "28": [
      211,
      215,
      69,
      121,
      41,
      178,
      248,
      125,
      222,
      4,
      2,
      130,
      17,
      189,
      167,
      0,
      113,
      165,
      91,
      112,
      222,
      91,
      139,
      9,
      87,
      33,
      247,
      154,
      103,
      33,
      65,
      20
    ],
    "30": [
      178,
      201,
      231,
      204,
      138,
      239,
      114,
      240,
      116,
      127,
      239,
      69,
      191,
      166,
      17,
      61,
      16,
      219,
      88,
      48,
      13,
      225,
      20,
      56,
      216,
      6,
      151,
      89,
      218,
      129,
      221,
      50
    ],
    "24": [
      165,
      113,
      0,
      30,
      71,
      111,
      184,
      246,
      183,
      164,
      126,
      35,
      162,
      224,
      44,
      224,
      216,
      193,
      35,
      64,
      158,
      58,
      101,
      235,
      156,
      91,
      132,
      93,
      183,
      125,
      165,
      108
    ],
    "26": [
      164,
      79,
      203,
      82,
      4,
      76,
      148,
      123,
      91,
      52,
      221,
      230,
      41,
      103,
      158,
      125,
      188,
      240,
      40,
      235,
      62,
      29,
      110,
      37,
      125,
      198,
      116,
      197,
      164,
      12,
      233,
      250
    ],
    "5": [
      45,
      241,
      235,
      57,
      177,
      198,
      77,
      175,
      204,
      95,
      10,
      160,
      148,
      150,
      114,
      200,
      203,
      124,
      217,
      182,
      165,
      232,
      123,
      30,
      249,
      129,
      129,
      116,
      178,
      153,
      40,
      205
    ],
    "36": [
      137,
      48,
      143,
      237,
      77,
      255,
      74,
      217,
      132,
      227,
      24,
      228,
      154,
      108,
      122,
      53,
      121,
      67,
      19,
      126,
      115,
      33,
      172,
      148,
      148,
      172,
      214,
      94,
      182,
      11,
      250,
      106
    ],
    "7": [
      176,
      158,
      219,
      107,
      99,
      204,
      76,
      183,
      209,
      139,
      197,
      227,
      97,
      43,
      161,
      88,
      78,
      12,
      187,
      42,
      45,
      219,
      146,
      180,
      172,
      202,
      6,
      217,
      220,
      33,
      234,
      128
    ],
    "38": [
      42,
      199,
      68,
      3,
      26,
      191,
      71,
      200,
      104,
      64,
      104,
      183,
      224,
      139,
      169,
      36,
      46,
      189,
      101,
      80,
      206,
      163,
      60,
      24,
      36,
      245,
      128,
      82,
      7,
      219,
      92,
      2
    ],
    "1": [
      17,
      15,
      159,
      174,
      67,
      214,
      162,
      167,
      73,
      10,
      99,
      23,
      49,
      37,
      45,
      165,
      67,
      67,
      158,
      189,
      122,
      102,
      21,
      29,
      158,
      75,
      130,
      241,
      250,
      86,
      67,
      217
    ],
    "32": [
      53,
      217,
      64,
      132,
      223,
      198,
      231,
      22,
      80,
      131,
      30,
      57,
      62,
      75,
      142,
      28,
      114,
      5,
      99,
      225,
      64,
      195,
      183,
      81,
      189,
      17,
      149,
      94,
      181,
      90,
      73,
      99
    ],
    "3": [
      40,
      29,
      143,
      116,
      222,
      172,
      137,
      9,
      235,
      175,
      22,
      31,
      206,
      207,
      55,
      25,
      55,
      154,
      229,
      51,
      60,
      117,
      169,
      64,
      38,
      84,
      179,
      62,
      36,
      32,
      2,
      206
    ],
    "34": [
      52,
      24,
      90,
      128,
      238,
      232,
      7,
      206,
      220,
      135,
      100,
      42,
      205,
      201,
      149,
      58,
      247,
      238,
      203,
      73,
      16,
      9,
      205,
      100,
      103,
      196,
      92,
      10,
      60,
      172,
      173,
      245
    ],
    "13": [
      83,
      55,
      35,
      164,
      88,
      74,
      237,
      176,
      10,
      160,
      11,
      15,
      67,
      41,
      166,
      244,
      179,
      208,
      112,
      150,
      78,
      165,
      81,
      197,
      134,
      52,
      58,
      72,
      200,
      236,
      138,
      121
    ],
    "15": [
      151,
      56,
      225,
      231,
      109,
      229,
      28,
      178,
      71,
      174,
      251,
      129,
      23,
      72,
      221,
      84,
      118,
      45,
      46,
      149,
      39,
      131,
      86,
      217,
      60,
      112,
      15,
      157,
      249,
      138,
      43,
      231
    ],
    "9": [
      190,
      229,
      50,
      75,
      214,
      94,
      62,
      144,
      52,
      95,
      47,
      47,
      137,
      172,
      151,
      1,
      10,
      182,
      63,
      27,
      13,
      219,
      245,
      185,
      223,
      10,
      131,
      150,
      213,
      103,
      125,
      229
    ],
    "11": [
      155,
      75,
      196,
      177,
      210,
      206,
      30,
      17,
      119,
      218,
      55,
      65,
      69,
      21,
      246,
      196,
      205,
      142,
      171,
      136,
      214,
      91,
      35,
      114,
      47,
      63,
      174,
      48,
      114,
      129,
      197,
      127
    ],
    "21": [
      103,
      238,
      240,
      121,
      255,
      43,
      125,
      192,
      248,
      7,
      63,
      204,
      47,
      129,
      103,
      233,
      136,
      110,
      243,
      139,
      173,
      143,
      94,
      144,
      10,
      196,
      83,
      182,
      231,
      237,
      138,
      74
    ],
    "23": [
      35,
      132,
      179,
      8,
      221,
      47,
      87,
      52,
      193,
      105,
      246,
      178,
      20,
      149,
      146,
      124,
      87,
      34,
      126,
      62,
      14,
      97,
      36,
      202,
      114,
      26,
      32,
      23,
      168,
      235,
      197,
      107
    ],
    "17": [
      7,
      183,
      79,
      97,
      247,
      224,
      121,
      139,
      145,
      27,
      88,
      109,
      140,
      175,
      14,
      25,
      226,
      204,
      216,
      174,
      73,
      218,
      42,
      218,
      54,
      47,
      103,
      75,
      168,
      179,
      237,
      234
    ],
    "19": [
      228,
      94,
      74,
      38,
      7,
      88,
      215,
      137,
      144,
      85,
      5,
      200,
      133,
      105,
      113,
      91,
      177,
      147,
      15,
      134,
      163,
      58,
      192,
      146,
      171,
      82,
      163,
      86,
      62,
      139,
      74,
      146
    ],
    "29": [
      166,
      57,
      54,
      12,
      119,
      178,
      46,
      179,
      36,
      196,
      200,
      155,
      229,
      39,
      194,
      135,
      81,
      71,
      105,
      221,
      21,
      170,
      40,
      62,
      143,
      17,
      148,
      146,
      106,
      60,
      48,
      108
    ],
    "31": [
      48,
      241,
      249,
      181,
      245,
      128,
      112,
      219,
      205,
      83,
      157,
      143,
      159,
      8,
      50,
      112,
      220,
      105,
      129,
      211,
      198,
      46,
      135,
      162,
      231,
      20,
      231,
      131,
      213,
      53,
      137,
      248
    ],
    "25": [
      75,
      108,
      95,
      60,
      161,
      63,
      235,
      189,
      157,
      148,
      19,
      100,
      77,
      120,
      49,
      171,
      98,
      31,
      115,
      214,
      53,
      165,
      196,
      191,
      34,
      15,
      188,
      255,
      207,
      197,
      226,
      8
    ],
    "27": [
      71,
      187,
      80,
      94,
      139,
      244,
      161,
      183,
      123,
      152,
      75,
      0,
      195,
      41,
      60,
      44,
      218,
      23,
      115,
      198,
      165,
      105,
      174,
      241,
      30,
      202,
      42,
      34,
      19,
      48,
      61,
      137
    ]
  },
  "my_cert": [],
  "my_cert_key": [],
  "root_cert": []
}