{
  "net_map": {
    "37": "127.0.0.1:8537",
    "4": "127.0.0.1:8504",
    "39": "127.0.0.1:8539",
    "6": "127.0.0.1:8506",
    "33": "127.0.0.1:8533",
    "0": "127.0.0.1:8500",
    "35": "127.0.0.1:8535",
    "2": "127.0.0.1:8502",
    "12": "127.0.0.1:8512",
    "14": "127.0.0.1:8514",
    "8": "127.0.0.1:8508",
    "10": "127.0.0.1:8510",
    "20": "127.0.0.1:8520",
    "22": "127.0.0.1:8522",
    "16": "127.0.0.1:8516",
    "18": "127.0.0.1:8518",
    "28": "127.0.0.1:8528",
    "30": "127.0.0.1:8530",
    "24": "127.0.0.1:8524",
    "26": "127.0.0.1:8526",
    "5": "127.0.0.1:8505",
    "36": "127.0.0.1:8536",
    "7": "127.0.0.1:8507",
    "38": "127.0.0.1:8538",
    "1": "127.0.0.1:8501",
    "32": "127.0.0.1:8532",
    "3": "127.0.0.1:8503",
    "34": "127.0.0.1:8534",
    "13": "127.0.0.1:8513",
    "15": "127.0.0.1:8515",
    "9": "127.0.0.1:8509",
    "40": "127.0.0.1:9000",
    "11": "127.0.0.1:8511",
    "21": "127.0.0.1:8521",
    "23": "127.0.0.1:8523",
    "17": "127.0.0.1:8517",
    "19": "127.0.0.1:8519",
    "29": "127.0.0.1:8529",
    "31": "127.0.0.1:8531",
    "25": "127.0.0.1:8525",
    "27": "127.0.0.1:8527"
  },
  "delta": 100,
  "id": 12,
  "num_nodes": 40,
  "num_faults": 13,
  "block_size": 100,
  "client_port": 7012,
  "client_addr": "0.0.0.0:5000",
  "payload": 0,
  "prot_payload": "cc,/home/akhil/research/EEBA/libchatter/",
  "crypto_alg": "NOPKI",
  "pk_map": {},
  "secret_key_bytes": [],
  "sk_map": {
    "37": [
      153,
      120,
      33,
      3,
      252,
      11,
      134,
      188,
      85,
      7,
      13,
      233,
      121,
      85,
      81,
      38,
      85,
      75,
      12,
      247,
      161,
      28,
      31,
      39,
      39,
      189,
      53,
      125,
      223,
      125,
      64,
      34
    ],
    "4": [
      115,
      108,
      253,
      68,
      111,
      125,
      215,
      33,
      210,
      103,
      40,
      205,
      18,
      105,
      58,
      14,
      23,
      160,
      238,
      241,
      3,
      80,
      69,
      181,
      203,
      86,
      109,
      220,
      252,
      66,
      145,
      39
    ],
    "39": [
      18,
      62,
      170,
      169,
      70,
      125,
      21,
      252,
      107,
      41,
      195,
      187,
      182,
      175,
      22,
      95,
      142,
      70,
      255,
      185,
      216,
      117,
      167,
      45,
      115,
      191,
      105,
      53,
      197,
      168,
      219,
      221
    ],
    "6": [
      238,
      125,
      40,
      189,
      159,
      32,
      219,
      121,
      117,
      44,
      2,
      170,
      74,
      85,
      155,
      49,
      122,
      202,
      83,
      227,
      28,
      129,
      61,
      124,
      222,
      174,
      148,
      170,
      127,
      191,
      211,
      232
    ],
    "33": [
      159,
      105,
      243,
      197,
      150,
      120,
      56,
      97,
      54,
      88,
      213,
      81,
      208,
      26,
      120,
      203,
      242,
      39,
      41,
      190,
      51,
      59,
      126,
      233,
      166,
      70,
      135,
      14,
      119,
      67,
      55,
      200
    ],
    "0": [
      56,
      142,
      28,
      201,
      34,
      152,
      137,
      12,
      33,
      5,
      212,
      12,
      213,
      7,
      38,
      60,
      88,
      170,
      238,
      72,
      25,
      245,
      207,
      136,
      40,
      26,
      222,
      206,
      216,
      186,
      216,
      53
    ],
    "35": [
      119,
      189,
      45,
      78,
      165,
      150,
      59,
      29,
      96,
      183,
      229,
      254,
      16,
      14,
      39,
      144,
      1,
      151,
      142,
      221,
      143,
      32,
      172,
      52,
      57,
      59,
      43,
      195,
      138,
      149,
      84,
      75
    ],
    "2": [
      4,
      129,
      129,
      130,
      189,
      253,
      59,
      144,
      243,
      141,
      167,
      185,
      111,
      237,
      213,
      150,
      3,
      249,
      243,
      20,
      218,
      140,
      138,
      168,
      226,
      122,
      26,
      0,
      10,
      91,
      183,
      28
    ],
    "12": [
      37,
      121,
      150,
      37,
      65,
      187,
      173,
      181,
      55,
      239,
      216,
      54,
      51,
      30,
      64,
      18,
      68,
      239,
      226,
      113,
      244,
      13,
      195,
      227,
      117,
      40,
      233,
      239,
      121,
      173,
      26,
      185
    ],
    "14": [
      176,
      235,
      99,
      69,
      209,
      152,
      79,
      174,
      31,
      32,
      213,
      16,
      168,
      152,
      110,
      223,
      59,
      217,
      227,
      129,
      155,
      149,
      39,
      252,
      202,
      6,
      244,
      107,
      80,
      147,
      138,
      112
    ],
    "8": [
      169,
      141,
      41,
      222,
      146,
      178,
      57,
      137,
      218,
      94,
      81,
      148,
      185,
      195,
      196,
      252,
      201,
      228,
      245,
      97,
      53,
      192,
      255,
      187,
      200,
      148,
      162,
      19,
      252,
      85,
      108,
      162
    ],
    "10": [
      88,
      159,
      88,
      251,
      7,
      110,
      239,
      242,
      58,
      7,
      189,
      171,
      47,
      194,
      89,
      163,
      189,
      222,
      142,
      207,
      69,
      144,
      12,
      142,
      77,
      177,
      72,
      185,
      71,
      141,
      249,
      230
    ],
    "20": [
      50,
      236,
      48,
      208,
      35,
      106,
      67,
      71,
      237,
      18,
      148,
      52,
      26,
      105,
      160,
      254,
      197,
      155,
      218,
      219,
      30,
      79,
      123,
      95,
      74,
      14,
      44,
      178,
      55,
      8,
      170,
      84
    ],
    "22": [
      117,
      240,
      239,
      56,
      169,
      106,
      133,
      89,
      249,
      157,
      44,
      178,
      165,
      163,
      199,
      194,
      43,
      166,
      255,
      59,
      180,
      130,
      195,
      200,
      193,
      249,
      99,
      101,
      223,
      193,
      241,
      36
    ],
    "16": [
      161,
      196,
      148,
      26,
      154,
      32,
      172,
      194,
      81,
      217,
      156,
      17,
      125,
      16,
      99,
      69,
      195,
      218,
      41,
      184,
      3,
      236,
      104,
      71,
      209,
      24,
      211,
      31,
      87,
      214,
      171,
      154
    ],
    "18": [
      178,
      237,
      76,
      164,
      34,
      125,
      99,
      234,
      221,
      195,
      157,
      150,
      27,
      196,
      18,
      44,
      14,
      218,
      149,
      195,
      29,
      71,
      175,
      192,
      95,
      36,
      255,
      138,
      241,
      110,
      137,
      29
    ],
    "28": [
      226,
      78,
      149,
      54,
      134,
      233,
      204,
      230,
      199,
      48,
      244,
      121,
      157,
      43,
      149,
      254,
      234,
      64,
      59,
      175,
      188,
      253,
      226,
      86,
      41,
      215,
      219,
      150,
      232,
      242,
      205,
      73
    ],
    "30": [
      137,
      213,
      169,
      70,
      166,
      231,
      15,
      5,
      155,
      120,
      194,
      27,
      110,
      62,
      11,
      100,
      130,
      200,
      234,
      86,
      95,
      160,
      219,
      134,
      33,
      112,
      175,
      208,
      210,
      73,
      242,
      205
    ],
    "24": [
      12,
      74,
      23,
      182,
      169,
      126,
      209,
      99,
      146,
      231,
      173,
      168,
      110,
      3,
      4,
      248,
      195,
      176,
      26,
      61,
      187,
      151,
      85,
      82,
      178,
      159,
      252,
      254,
      3,
      180,
      20,
      36
    ],
    "26": [
      188,
      170,
      9,
      212,
      156,
      122,
      126,
      222,
      23,
      3,
      124,
      2,
      114,
      253,
      157,
      164,
      160,
      19,
      79,
      82,
      15,
      146,
      238,
      42,
      201,
      105,
      50,
      209,
      145,
      52,
      241,
      52
    ],
    "5": [
      112,
      107,
      176,
      193,
      162,
      243,
      173,
      110,
      138,
      45,
      123,
      15,
      193,
      30,
      164,
      207,
      172,
      92,
      250,
      46,
      171,
      56,
      13,
      204,
      18,
      240,
      202,
      204,
      211,
      183,
      136,
      87
    ],
    "36": [
      183,
      49,
      5,
      192,
      159,
      236,
      154,
      79,
      135,
      89,
      168,
      51,
      109,
      39,
      198,
      51,
      13,
      234,
      235,
      43,
      50,
      205,
      180,
      2,
      95,
      54,
      65,
      193,
      53,
      88,
      27,
      1
    ],
    "7": [
      81,
      119,
      197,
      60,
      230,
      240,
      186,
      253,
      235,
      139,
      44,
      86,
      185,
      80,
      201,
      196,
      120,
      237,
      228,
      120,
      30,
      119,
      9,
      152,
      179,
      222,
      226,
      165,
      201,
      15,
      158,
      205
    ],
    "38": [
      28,
      169,
      174,
      50,
      198,
      131,
      103,
      86,
      7,
      250,
      173,
      212,
      198,
      133,
      197,
      183,
      24,
      70,
      173,
      118,
      247,
      193,
      163,
      231,
      43,
      132,
      7,
      30,
      135,
      139,
      215,
      44
    ],
    "1": [
      138,
      211,
      91,
      159,
      161,
      108,
      65,
      151,
      57,
      153,
      122,
      111,
      68,
      225,
      46,
      84,
      113,
      71,
      96,
      89,
      106,
      199,
      141,
      22,
      52,
      124,
      242,
      222,
      40,
      24,
      97,
      170
    ],
    "32": [
      99,
      229,
      230,
      174,
      134,
      131,
      119,
      124,
      35,
      77,
      203,
      39,
      95,
      112,
      4,
      189,
      96,
      47,
      247,
      252,
      246,
      61,
      147,
      80,
      233,
      43,
      234,
      197,
      76,
      38,
      109,
      86
    ],
    "3": [
      189,
      147,
      12,
      35,
      179,
      235,
      114,
      19,
      232,
      253,
      63,
      142,
      84,
      49,
      50,
      7,
      67,
      177,
      236,
      57,
      153,
      54,
      80,
      90,
      156,
      69,
      210,
      194,
      159,
      27,
      176,
      168
    ],
    "34": [
      145,
      145,
      202,
      250,
      238,
      73,
      74,
      125,
      226,
      193,
      71,
      183,
      110,
      42,
      95,
      211,
      112,
      185,
      181,
      151,
      182,
      170,
      23,
      137,
      133,
      238,
      186,
      106,
      158,
      173,
      161,
      26
    ],
    "13": [
      252,
      114,
      83,
      81,
      47,
      5,
      241,
      217,
      26,
      141,
      97,
      20,
      116,
      44,
      3,
      150,
      200,
      194,
      212,
      73,
      100,
      95,
      154,
      203,
      165,
      169,
      151,
      118,
      98,
      163,
      37,
      241
    ],
    "15": [
      210,
      187,
      19,
      40,
      130,
      58,
      46,
      11,
      190,
      23,
      26,
      122,
      199,
      185,
      76,
      20,
      204,
      107,
      76,
      180,
      110,
      101,
      199,
      232,
      64,
      171,
      83,
      199,
      149,
      189,
      197,
      153
    ],
    "9": [
      246,
      87,
      249,
      30,
      213,
      220,
      56,
      86,
      172,
      6,
      98,
      217,
      86,
      198,
      103,
      146,
      33,
      122,
      244,
      118,
      221,
      134,
      241,
      123,
      134,
      177,
      251,
      117,
      153,
      39,
      76,
      193
    ],
    "11": [
      243,
      61,
      104,
      160,
      103,
      47,
      3,
      126,
      181,
      169,
      220,
      145,
      245,
      143,
      212,
      37,
      8,
      253,
      224,
      77,
      95,
      190,
      185,
      244,
      50,
      129,
      232,
      63,
      175,
      101,
      18,
      103
    ],
    "21": [
      175,
      102,
      154,
      193,
      143,
      74,
      4,
      140,
      48,
      156,
      213,
      119,
      202,
      251,
      248,
      107,
      253,
      13,
      95,
      7,
      21,
      62,
      110,
      193,
      215,
      214,
      190,
      27,
      250,
      157,
      201,
      207
    ],
    "23": [
      22,
      34,
      183,
      190,
      5,
      149,
      118,
      187,
      254,
      109,
      107,
      133,
      103,
      69,
      166,
      39,
      252,
      65,
      251,
      74,
      210,
      51,
      134,
      137,
      184,
      62,
      193,
      36,
      69,
      222,
      106,
      121
    ],
    "17": [
      120,
      131,
      90,
      252,
      210,
      56,
      193,
      205,
      85,
      101,
      10,
      1,
      1,
      184,
      163,
      229,
      100,
      247,
      3,
      77,
      141,
      6,
      218,
      143,
      109,
      180,
      244,
      97,
      79,
      141,
      148,
      44
    ],
    "19": [
      24,
      134,
      131,
      231,
      143,
      152,
      213,
      90,
      116,
      246,
      0,
      185,
      121,
      129,
      60,
      192,
      201,
      92,
      215,
      100,
      168,
      140,
      70,
      127,
      224,
      213,
      219,
      151,
      30,
      197,
      112,
      113
    ],
    "29": [
      238,
      82,
      219,
      134,
      39,
      126,
      231,
      165,
      191,
      202,
      61,
      53,
      112,
      149,
      57,
      47,
      242,
      30,
      140,
      106,
      121,
      14,
      189,
      151,
      124,
      242,
      35,
      211,
      246,
      75,
      166,
      202
    ],
    "31": [
      144,
      13,
      23,
      186,
      10,
      4,
      178,
      36,
      39,
      171,
      61,
      245,
      75,
      11,
      125,
      214,
      128,
      165,
      130,
      122,
      84,
      179,
      164,
      100,
      93,
      246,
      168,
      96,
      131,
      243,
      164,
      125
    ],
    "25": [
      163,
      18,
      247,
      79,
      96,
      172,
      154,
      206,
      93,
      196,
      164,
      69,
      217,
      131,
      98,
      144,
      110,
      228,
      220,
      3,
      209,
      5,
      192,
      107,
      31,
      51,
      60,
      134,
      180,
      128,
      238,
      50
    ],
    "27": [
      17,
      100,
      236,
      87,
      153,
      217,
      63,
      107,
      144,
      172,
      14,
      75,
      38,
      252,
      206,
      37,
      140,
      42,
      16,
      105,
      141,
      137,
      17,
      104,
      187,
      133,
      54,
      107,
      165,
      72,
      57,
      56
    ]
  },
  "my_cert": [],
  "my_cert_key": [],
  "root_cert": []
}