{
  "net_map": {
    "37": "127.0.0.1:8537",
    "4": "127.0.0.1:8504",
    "39": "127.0.0.1:8539",
    "6": "127.0.0.1:8506",
    "33": "127.0.0.1:8533",
    "0": "127.0.0.1:8500",
    "35": "127.0.0.1:8535",
    "2": "127.0.0.1:8502",
    "12": "127.0.0.1:8512",
    "14": "127.0.0.1:8514",
    "8": "127.0.0.1:8508",
    "10": "127.0.0.1:8510",
    "20": "127.0.0.1:8520",
    "22": "127.0.0.1:8522",
    "16": "127.0.0.1:8516",
    "18": "127.0.0.1:8518",
    "28": "127.0.0.1:8528",
    "30": "127.0.0.1:8530",
    "24": "127.0.0.1:8524",
    "26": "127.0.0.1:8526",
    "5": "127.0.0.1:8505",
    "36": "127.0.0.1:8536",
    "7": "127.0.0.1:8507",
    "38": "127.0.0.1:8538",
    "1": "127.0.0.1:8501",
    "32": "127.0.0.1:8532",
    "3": "127.0.0.1:8503",
    "34": "127.0.0.1:8534",
    "13": "127.0.0.1:8513",
    "15": "127.0.0.1:8515",
    "9": "127.0.0.1:8509",
    "40": "127.0.0.1:9000",
    "11": "127.0.0.1:8511",
    "21": "127.0.0.1:8521",
    "23": "127.0.0.1:8523",
    "17": "127.0.0.1:8517",
    "19": "127.0.0.1:8519",
    "29": "127.0.0.1:8529",
    "31": "127.0.0.1:8531",
    "25": "127.0.0.1:8525",
    "27": "127.0.0.1:8527"
  },
  "delta": 100,
  "id": 5,
  "num_nodes": 40,
  "num_faults": 13,
  "block_size": 100,
  "client_port": 7005,
  "client_addr": "0.0.0.0:5000",
  "payload": 0,
  "prot_payload": "cc,/home/akhil/research/EEBA/libchatter/",
  "crypto_alg": "NOPKI",
  "pk_map": {},
  "secret_key_bytes": [],
  "sk_map": {
    "37": [
      42,
      94,
      75,
      124,
      181,
      60,
      134,
      54,
      248,
      177,
      209,
      144,
      53,
      102,
      166,
      233,
      213,
      83,
      52,
      118,
      98,
      73,
      165,
      172,
      118,
      29,
      186,
      99,
      104,
      164,
      114,
      80
    ],
    "4": [
      170,
      166,
      160,
      114,
      124,
      223,
      248,
      109,
      5,
      207,
      56,
      150,
      134,
      204,
      181,
      124,
      91,
      93,
      177,
      211,
      240,
      232,
      213,
      230,
      146,
      182,
      195,
      112,
      50,
      139,
      234,
      216
    ],
    "39": [
      228,
      178,
      197,
      197,
      142,
      43,
      162,
      54,
      162,
      34,
      205,
      97,
      176,
      193,
      124,
      132,
      254,
      213,
      67,
      126,
      246,
      16,
      86,
      189,
      44,
      56,
      107,
      143,
      93,
      225,
      224,
      212
    ],
    "6": [
      21,
      187,
      124,
      107,
      40,
      51,
      111,
      117,
      144,
      146,
      65,
      152,
      3,
      58,
      2,
      192,
      47,
      215,
      247,
      187,
      182,
      119,
      137,
      145,
      137,
      13,
      58,
      186,
      210,
      190,
      5,
      209
    ],
    "33": [
      252,
      29,
      82,
      199,
      150,
      96,
      113,
      77,
      85,
      63,
      85,
      51,
      25,
      31,
      203,
      251,
      184,
      154,
      217,
      122,
      167,
      25,
      21,
      194,
      24,
      16,
      157,
      55,
      14,
      82,
      173,
      76
    ],
    "0": [
      122,
      125,
      224,
      41,
      54,
      98,
      127,
      143,
      96,
      30,
      28,
      42,
      169,
      235,
      144,
      14,
      73,
      69,
      135,
      61,
      247,
      240,
      66,
      153,
      160,
      95,
      210,
      38,
      0,
      10,
      248,
      14
    ],
    "35": [
      182,
      60,
      27,
      41,
      148,
      9,
      125,
      118,
      13,
      184,
      43,
      138,
      79,
      77,
      35,
      200,
      132,
      57,
      4,
      199,
      50,
      89,
      139,
      124,
      118,
      207,
      83,
      64,
      60,
      222,
      139,
      87
    ],
    "2": [
      142,
      115,
      162,
      134,
      191,
      133,
      27,
      206,
      240,
      166,
      117,
      76,
      241,
      62,
      240,
      37,
      182,
      127,
      158,
      204,
      52,
      10,
      8,
      130,
      252,
      80,
      109,
      190,
      19,
      50,
      131,
      163
    ],
    "12": [
      112,
      107,
      176,
      193,
      162,
      243,
      173,
      110,
      138,
      45,
      123,
      15,
      193,
      30,
      164,
      207,
      172,
      92,
      250,
      46,
      171,
      56,
      13,
      204,
      18,
      240,
      202,
      204,
      211,
      183,
      136,
      87
    ],
    "14": [
      192,
      88,
      13,
      119,
      166,
      225,
      222,
      161,
      151,
      253,
      176,
      120,
      150,
      146,
      141,
      223,
      63,
      3,
      24,
      163,
      130,
      249,
      119,
      205,
      245,
      53,
      4,
      148,
      199,
      106,
      189,
      87
    ],
    "8": [
      153,
      58,
      77,
      180,
      10,
      81,
      238,
      34,
      206,
      135,
      23,
      157,
      30,
      78,
      198,
      54,
      253,
      42,
      221,
      159,
      180,
      17,
      214,
      229,
      140,
      103,
      38,
      79,
      114,
      156,
      153,
      64
    ],
    "10": [
      131,
      87,
      32,
      17,
      51,
      78,
      78,
      136,
      175,
      235,
      195,
      192,
      102,
      8,
      41,
      217,
      42,
      80,
      76,
      164,
      250,
      147,
      220,
      9,
      88,
      141,
      91,
      11,
      219,
      121,
      229,
      239
    ],
    "20": [
      204,
      148,
      107,
      164,
      228,
      181,
      203,
      123,
      240,
      165,
      237,
      56,
      201,
      99,
      160,
      227,
      41,
      110,
      39,
      124,
      102,
      141,
      66,
      239,
      61,
      254,
      15,
      127,
      224,
      155,
      231,
      101
    ],
    "22": [
      170,
      137,
      27,
      208,
      143,
      33,
      174,
      176,
      172,
      177,
      182,
      144,
      247,
      107,
      161,
      182,
      78,
      229,
      48,
      139,
      242,
      67,
      27,
      164,
      7,
      112,
      145,
      201,
      164,
      229,
      120,
      150
    ],
    "16": [
      224,
      23,
      35,
      145,
      173,
      46,
      175,
      73,
      13,
      31,
      102,
      143,
      167,
      213,
      42,
      30,
      130,
      17,
      67,
      116,
      230,
      221,
      154,
      38,
      110,
      86,
      254,
      135,
      98,
      44,
      80,
      33
    ],
    "18": [
      232,
      51,
      108,
      119,
      99,
      198,
      208,
      168,
      242,
      6,
      228,
      72,
      142,
      33,
      176,
      102,
      43,
      145,
      227,
      15,
      128,
      58,
      156,
      55,
      23,
      152,
      235,
      227,
      63,
      112,
      51,
      229
    ],
    "28": [
      113,
      38,
      193,
      10,
      45,
      98,
      132,
      40,
      125,
      107,
      76,
      163,
      86,
      21,
      52,
      22,
      46,
      84,
      189,
      101,
      154,
      26,
      213,
      114,
      195,
      141,
      73,
      73,
      206,
      179,
      8,
      222
    ],
    "30": [
      189,
      131,
      13,
      246,
      164,
      195,
      66,
      31,
      240,
      35,
      247,
      245,
      156,
      230,
      232,
      29,
      254,
      215,
      203,
      200,
      253,
      214,
      25,
      189,
      17,
      166,
      59,
      204,
      252,
      60,
      250,
      52
    ],
    "24": [
      169,
      193,
      19,
      71,
      219,
      179,
      7,
      210,
      202,
      230,
      201,
      1,
      40,
      63,
      32,
      212,
      86,
      63,
      178,
      39,
      184,
      125,
      202,
      48,
      103,
      240,
      3,
      173,
      131,
      104,
      158,
      67
    ],
    "26": [
      229,
      203,
      218,
      86,
      89,
      249,
      238,
      219,
      15,
      155,
      35,
      10,
      205,
      23,
      108,
      212,
      110,
      140,
      161,
      106,
      78,
      121,
      62,
      68,
      21,
      173,
      65,
      209,
      247,
      111,
      18,
      151
    ],
    "5": [
      143,
      28,
      98,
      121,
      110,
      159,
      189,
      15,
      93,
      59,
      55,
      56,
      204,
      22,
      133,
      41,
      188,
      105,
      144,
      119,
      189,
      89,
      182,
      107,
      149,
      228,
      157,
      102,
      52,
      163,
      184,
      251
    ],
    "36": [
      254,
      203,
      199,
      45,
      125,
      96,
      129,
      246,
      143,
      96,
      188,
      138,
      221,
      170,
      250,
      71,
      244,
      71,
      203,
      44,
      71,
      157,
      141,
      104,
      245,
      223,
      251,
      148,
      10,
      210,
      157,
      10
    ],
    "7": [
      193,
      182,
      62,
      43,
      67,
      158,
      153,
      83,
      204,
      202,
      20,
      129,
      203,
      32,
      141,
      30,
      205,
      50,
      2,
      81,
      121,
      177,
      82,
      5,
      214,
      20,
      16,
      53,
      112,
      186,
      228,
      49
    ],
    "38": [
      230,
      60,
      109,
      152,
      9,
      176,
      76,
      11,
      13,
      234,
      144,
      186,
      118,
      238,
      32,
      77,
      179,
      23,
      126,
      38,
      39,
      69,
      39,
      169,
      116,
      224,
      169,
      255,
      90,
      236,
      184,
      108
    ],
    "1": [
      126,
      148,
      238,
      45,
      11,
      108,
      141,
      211,
      37,
      105,
      178,
      107,
      83,
      139,
      211,
      211,
      176,
      188,
      150,
      92,
      201,
      117,
      0,
      107,
      45,
      85,
      158,
      120,
      239,
      46,
      151,
      72
    ],
    "32": [
      90,
      232,
      133,
      206,
      32,
      57,
      100,
      93,
      45,
      11,
      131,
      143,
      110,
      120,
      245,
      136,
      13,
      223,
      6,
      145,
      195,
      145,
      17,
      89,
      222,
      76,
      218,
      248,
      219,
      38,
      209,
      200
    ],
    "3": [
      176,
      122,
      77,
      24,
      35,
      65,
      47,
      55,
      17,
      249,
      108,
      63,
      165,
      130,
      184,
      153,
      127,
      65,
      225,
      167,
      32,
      112,
      48,
      59,
      139,
      61,
      112,
      83,
      149,
      94,
      166,
      25
    ],
    "34": [
      18,
      232,
      27,
      3,
      254,
      8,
      122,
      178,
      239,
      122,
      248,
      214,
      132,
      50,
      183,
      141,
      226,
      155,
      127,
      9,
      10,
      213,
      43,
      182,
      32,
      66,
      252,
      231,
      71,
      74,
      167,
      57
    ],
    "13": [
      12,
      27,
      236,
      76,
      177,
      196,
      201,
      196,
      91,
      47,
      8,
      142,
      234,
      158,
      185,
      18,
      159,
      61,
      205,
      228,
      248,
      32,
      238,
      69,
      133,
      8,
      233,
      204,
      53,
      20,
      104,
      214
    ],
    "15": [
      74,
      12,
      47,
      167,
      82,
      41,
      80,
      219,
      126,
      235,
      129,
      37,
      149,
      143,
      197,
      73,
      79,
      40,
      190,
      146,
      229,
      88,
      114,
      195,
      215,
      78,
      90,
      35,
      148,
      96,
      229,
      50
    ],
    "9": [
      45,
      241,
      235,
      57,
      177,
      198,
      77,
      175,
      204,
      95,
      10,
      160,
      148,
      150,
      114,
      200,
      203,
      124,
      217,
      182,
      165,
      232,
      123,
      30,
      249,
      129,
      129,
      116,
      178,
      153,
      40,
      205
    ],
    "11": [
      72,
      72,
      82,
      18,
      174,
      126,
      244,
      253,
      230,
      118,
      128,
      155,
      247,
      81,
      20,
      142,
      46,
      140,
      237,
      253,
      180,
      59,
      88,
      91,
      82,
      214,
      194,
      132,
      91,
      129,
      150,
      111
    ],
    "21": [
      19,
      4,
      77,
      168,
      207,
      227,
      21,
      92,
      24,
      111,
      145,
      141,
      67,
      158,
      248,
      18,
      126,
      119,
      205,
      42,
      185,
      90,
      98,
      90,
      99,
      60,
      236,
      193,
      112,
      53,
      124,
      156
    ],
    "23": [
      12,
      144,
      148,
      116,
      132,
      198,
      177,
      65,
      170,
      4,
      234,
      132,
      74,
      155,
      167,
      176,
      98,
      216,
      185,
      226,
      192,
      47,
      224,
      195,
      208,
      85,
      254,
      26,
      38,
      241,
      205,
      70
    ],
    "17": [
      163,
      139,
      246,
      76,
      9,
      89,
      215,
      30,
      99,
      80,
      211,
      18,
      217,
      5,
      218,
      205,
      77,
      198,
      181,
      170,
      112,
      110,
      85,
      104,
      71,
      8,
      26,
      10,
      53,
      139,
      128,
      98
    ],
    "19": [
      182,
      5,
      229,
      21,
      21,
      96,
      14,
      185,
      237,
      79,
      182,
      95,
      174,
      75,
      81,
      255,
      172,
      147,
      158,
      11,
      147,
      120,
      91,
      169,
      154,
      153,
      165,
      194,
      189,
      34,
      248,
      0
    ],
    "29": [
      213,
      195,
      53,
      144,
      164,
      226,
      19,
      89,
      249,
      128,
      206,
      11,
      7,
      209,
      35,
      97,
      195,
      218,
      3,
      144,
      57,
      133,
      83,
      46,
      254,
      94,
      136,
      199,
      55,
      98,
      200,
      181
    ],
    "31": [
      26,
      104,
      207,
      218,
      74,
      217,
      181,
      179,
      164,
      231,
      139,
      25,
      207,
      205,
      1,
      172,
      228,
      30,
      80,
      41,
      253,
      191,
      37,
      108,
      132,
      233,
      32,
      7,
      187,
      69,
      221,
      76
    ],
    "25": [
      158,
      31,
      136,
      113,
      237,
      78,
      80,
      246,
      101,
      15,
      153,
      147,
      85,
      201,
      228,
      86,
      47,
      205,
      238,
      236,
      254,
      147,
      70,
      41,
      126,
      44,
      253,
      85,
      123,
      100,
      17,
      33
    ],
    "27": [
      92,
      126,
      175,
      203,
      146,
      202,
      150,
      97,
      177,
      14,
      182,
      20,
      176,
      211,
      223,
      21,
      173,
      78,
      7,
      67,
      123,
      2,
      214,
      163,
      167,
      231,
      121,
      127,
      115,
      132,
      239,
      70
    ]
  },
  "my_cert": [],
  "my_cert_key": [],
  "root_cert": []
}