{
  "net_map": {
    "37": "127.0.0.1:8537",
    "4": "127.0.0.1:8504",
    "39": "127.0.0.1:8539",
    "6": "127.0.0.1:8506",
    "33": "127.0.0.1:8533",
    "0": "127.0.0.1:8500",
    "35": "127.0.0.1:8535",
    "2": "127.0.0.1:8502",
    "12": "127.0.0.1:8512",
    "14": "127.0.0.1:8514",
    "8": "127.0.0.1:8508",
    "10": "127.0.0.1:8510",
    "20": "127.0.0.1:8520",
    "22": "127.0.0.1:8522",
    "16": "127.0.0.1:8516",
    "18": "127.0.0.1:8518",
    "28": "127.0.0.1:8528",
    "30": "127.0.0.1:8530",
    "24": "127.0.0.1:8524",
    "26": "127.0.0.1:8526",
    "5": "127.0.0.1:8505",
    "36": "127.0.0.1:8536",
    "7": "127.0.0.1:8507",
    "38": "127.0.0.1:8538",
    "1": "127.0.0.1:8501",
    "32": "127.0.0.1:8532",
    "3": "127.0.0.1:8503",
    "34": "127.0.0.1:8534",
    "13": "127.0.0.1:8513",
    "15": "127.0.0.1:8515",
    "9": "127.0.0.1:8509",
    "40": "127.0.0.1:9000",
    "11": "127.0.0.1:8511",
    "21": "127.0.0.1:8521",
    "23": "127.0.0.1:8523",
    "17": "127.0.0.1:8517",
    "19": "127.0.0.1:8519",
    "29": "127.0.0.1:8529",
    "31": "127.0.0.1:8531",
    "25": "127.0.0.1:8525",
    "27": "127.0.0.1:8527"
  },
  "delta": 100,
  "id": 23,
  "num_nodes": 40,
  "num_faults": 13,
  "block_size": 100,
  "client_port": 7023,
  "client_addr": "0.0.0.0:5000",
  "payload": 0,
  "prot_payload": "cc,/home/akhil/research/EEBA/libchatter/",
  "crypto_alg": "NOPKI",
  "pk_map": {},
  "secret_key_bytes": [],
  "sk_map": {
    "37": [
      112,
      108,
      233,
      18,
      0,
      127,
      229,
      148,
      106,
      189,
      17,
      177,
      84,
      179,
      202,
      40,
      229,
      133,
      125,
      163,
      167,
      62,
      112,
      193,
      184,
      247,
      225,
      9,
      244,
      81,
      189,
      206
    ],
    "4": [
      243,
      216,
      177,
      157,
      143,
      227,
      138,
      236,
      235,
      136,
      1,
      119,
      24,
      86,
      191,
      115,
      44,
      230,
      152,
      125,
      163,
      201,
      243,
      245,
      80,
      185,
      168,
      222,
      179,
      171,
      27,
      55
    ],
    "39": [
      96,
      234,
      108,
      207,
      152,
      207,
      79,
      86,
      238,
      56,
      37,
      39,
      189,
      245,
      6,
      183,
      123,
      205,
      14,
      8,
      210,
      75,
      234,
      5,
      147,
      78,
      89,
      107,
      24,
      13,
      163,
      50
    ],
    "6": [
      144,
      214,
      21,
      182,
      3,
      37,
      1,
      240,
      196,
      227,
      116,
      122,
      107,
      17,
      96,
      184,
      136,
      75,
      188,
      160,
      232,
      32,
      6,
      47,
      108,
      254,
      73,
      31,
      142,
      89,
      157,
      71
    ],
    "33": [
      26,
      50,
      150,
      209,
      46,
      154,
      169,
      96,
      77,
      90,
      215,
      8,
      166,
      51,
      244,
      228,
      176,
      119,
      132,
      189,
      36,
      58,
      182,
      65,
      113,
      49,
      121,
      242,
      64,
      70,
      118,
      206
    ],
    "0": [
      104,
      166,
      133,
      110,
      243,
      112,
      216,
      123,
      39,
      28,
      24,
      242,
      29,
      120,
      74,
      58,
      104,
      194,
      159,
      212,
      21,
      163,
      47,
      214,
      16,
      203,
      179,
      147,
      24,
      123,
      215,
      159
    ],
    "35": [
      197,
      157,
      211,
      216,
      85,
      213,
      54,
      150,
      140,
      211,
      131,
      20,
      46,
      50,
      167,
      9,
      33,
      68,
      75,
      73,
      54,
      19,
      246,
      60,
      215,
      77,
      228,
      244,
      145,
      179,
      115,
      161
    ],
    "2": [
      33,
      185,
      133,
      247,
      222,
      56,
      116,
      253,
      183,
      141,
      225,
      67,
      250,
      223,
      253,
      80,
      221,
      44,
      234,
      159,
      240,
      229,
      44,
      0,
      159,
      4,
      218,
      39,
      215,
      216,
      122,
      207
    ],
    "12": [
      22,
      34,
      183,
      190,
      5,
      149,
      118,
      187,
      254,
      109,
      107,
      133,
      103,
      69,
      166,
      39,
      252,
      65,
      251,
      74,
      210,
      51,
      134,
      137,
      184,
      62,
      193,
      36,
      69,
      222,
      106,
      121
    ],
    "14": [
      83,
      205,
      212,
      83,
      229,
      65,
      234,
      138,
      26,
      210,
      35,
      63,
      18,
      227,
      112,
      221,
      135,
      90,
      157,
      248,
      119,
      145,
      45,
      138,
      116,
      218,
      131,
      234,
      165,
      37,
      201,
      243
    ],
    "8": [
      84,
      4,
      185,
      152,
      42,
      41,
      202,
      110,
      134,
      15,
      126,
      170,
      152,
      241,
      59,
      5,
      38,
      72,
      67,
      43,
      10,
      168,
      99,
      188,
      98,
      83,
      55,
      178,
      192,
      178,
      22,
      165
    ],
    "10": [
      17,
      112,
      75,
      141,
      128,
      109,
      60,
      118,
      74,
      183,
      115,
      74,
      24,
      32,
      45,
      190,
      144,
      124,
      136,
      67,
      121,
      211,
      99,
      42,
      23,
      5,
      93,
      113,
      208,
      252,
      168,
      223
    ],
    "20": [
      228,
      132,
      89,
      104,
      97,
      108,
      102,
      227,
      57,
      236,
      55,
      96,
      35,
      243,
      49,
      193,
      230,
      143,
      162,
      225,
      146,
      64,
      135,
      230,
      204,
      98,
      24,
      181,
      120,
      211,
      248,
      91
    ],
    "22": [
      231,
      189,
      179,
      237,
      135,
      253,
      127,
      193,
      108,
      94,
      38,
      67,
      34,
      146,
      184,
      176,
      124,
      35,
      252,
      211,
      109,
      37,
      1,
      49,
      44,
      56,
      114,
      94,
      83,
      206,
      179,
      184
    ],
    "16": [
      239,
      5,
      69,
      145,
      52,
      24,
      3,
      249,
      0,
      76,
      19,
      113,
      4,
      183,
      110,
      224,
      23,
      18,
      18,
      224,
      20,
      79,
      195,
      246,
      214,
      47,
      205,
      220,
      44,
      181,
      82,
      178
    ],
    "18": [
      122,
      197,
      38,
      216,
      113,
      191,
      99,
      84,
      12,
      151,
      246,
      180,
      169,
      63,
      4,
      84,
      82,
      170,
      26,
      1,
      222,
      192,
      108,
      69,
      246,
      38,
      60,
      44,
      181,
      23,
      190,
      251
    ],
    "28": [
      91,
      168,
      94,
      224,
      125,
      216,
      116,
      194,
      248,
      60,
      48,
      189,
      57,
      134,
      12,
      13,
      9,
      192,
      248,
      151,
      211,
      139,
      197,
      34,
      32,
      239,
      188,
      218,
      21,
      59,
      85,
      55
    ],
    "30": [
      3,
      225,
      193,
      11,
      201,
      66,
      250,
      182,
      30,
      201,
      116,
      81,
      156,
      26,
      12,
      68,
      155,
      253,
      83,
      8,
      122,
      144,
      41,
      31,
      217,
      43,
      249,
      15,
      244,
      211,
      252,
      35
    ],
    "24": [
      143,
      186,
      5,
      185,
      60,
      149,
      204,
      242,
      16,
      132,
      41,
      32,
      228,
      228,
      141,
      185,
      253,
      140,
      74,
      204,
      219,
      3,
      249,
      135,
      29,
      171,
      224,
      36,
      133,
      78,
      196,
      94
    ],
    "26": [
      201,
      220,
      134,
      250,
      225,
      157,
      152,
      158,
      90,
      90,
      39,
      245,
      130,
      194,
      253,
      91,
      182,
      66,
      252,
      58,
      172,
      108,
      93,
      162,
      143,
      67,
      214,
      222,
      198,
      164,
      255,
      168
    ],
    "5": [
      12,
      144,
      148,
      116,
      132,
      198,
      177,
      65,
      170,
      4,
      234,
      132,
      74,
      155,
      167,
      176,
      98,
      216,
      185,
      226,
      192,
      47,
      224,
      195,
      208,
      85,
      254,
      26,
      38,
      241,
      205,
      70
    ],
    "36": [
      155,
      40,
      229,
      173,
      211,
      192,
      216,
      33,
      96,
      140,
      154,
      136,
      71,
      189,
      218,
      41,
      46,
      14,
      174,
      120,
      72,
      254,
      117,
      201,
      50,
      227,
      201,
      228,
      135,
      13,
      47,
      163
    ],
    "7": [
      42,
      28,
      219,
      39,
      98,
      216,
      20,
      1,
      56,
      183,
      52,
      52,
      100,
      87,
      8,
      228,
      114,
      105,
      88,
      55,
      213,
      151,
      108,
      99,
      227,
      149,
      148,
      170,
      174,
      65,
      176,
      45
    ],
    "38": [
      44,
      133,
      224,
      35,
      61,
      33,
      12,
      159,
      102,
      232,
      73,
      154,
      107,
      177,
      198,
      187,
      253,
      101,
      14,
      215,
      234,
      82,
      22,
      119,
      151,
      166,
      26,
      117,
      88,
      48,
      46,
      207
    ],
    "1": [
      201,
      106,
      80,
      53,
      71,
      242,
      241,
      88,
      91,
      121,
      143,
      138,
      221,
      23,
      128,
      99,
      3,
      76,
      178,
      231,
      153,
      226,
      59,
      55,
      222,
      113,
      148,
      129,
      42,
      123,
      125,
      170
    ],
    "32": [
      0,
      52,
      40,
      64,
      80,
      163,
      63,
      54,
      254,
      193,
      47,
      171,
      4,
      75,
      57,
      46,
      235,
      108,
      220,
      79,
      32,
      223,
      195,
      205,
      252,
      140,
      240,
      152,
      200,
      53,
      175,
      158
    ],
    "3": [
      187,
      140,
      51,
      218,
      52,
      97,
      38,
      226,
      101,
      69,
      149,
      248,
      215,
      156,
      134,
      106,
      124,
      151,
      41,
      224,
      251,
      209,
      73,
      100,
      32,
      120,
      114,
      122,
      88,
      15,
      79,
      194
    ],
    "34": [
      43,
      96,
      125,
      214,
      228,
      38,
      110,
      99,
      119,
      100,
      207,
      64,
      221,
      93,
      57,
      165,
      32,
      24,
      145,
      244,
      98,
      250,
      247,
      214,
      120,
      110,
      254,
      141,
      238,
      35,
      109,
      190
    ],
    "13": [
      78,
      103,
      8,
      104,
      136,
      178,
      193,
      59,
      142,
      170,
      86,
      131,
      94,
      121,
      185,
      69,
      29,
      40,
      13,
      234,
      116,
      44,
      19,
      135,
      196,
      204,
      76,
      119,
      51,
      140,
      144,
      116
    ],
    "15": [
      154,
      138,
      54,
      182,
      30,
      157,
      68,
      241,
      160,
      163,
      7,
      199,
      245,
      52,
      160,
      146,
      248,
      122,
      225,
      95,
      111,
      108,
      201,
      215,
      182,
      12,
      145,
      232,
      26,
      105,
      42,
      52
    ],
    "9": [
      35,
      132,
      179,
      8,
      221,
      47,
      87,
      52,
      193,
      105,
      246,
      178,
      20,
      149,
      146,
      124,
      87,
      34,
      126,
      62,
      14,
      97,
      36,
      202,
      114,
      26,
      32,
      23,
      168,
      235,
      197,
      107
    ],
    "11": [
      41,
      31,
      72,
      102,
      76,
      0,
      217,
      180,
      238,
      173,
      30,
      104,
      173,
      193,
      223,
      117,
      196,
      54,
      149,
      252,
      167,
      115,
      55,
      34,
      25,
      133,
      36,
      171,
      38,
      214,
      233,
      129
    ],
    "21": [
      44,
      147,
      132,
      238,
      23,
      27,
      174,
      36,
      32,
      160,
      38,
      233,
      59,
      106,
      39,
      120,
      190,
      159,
      216,
      149,
      48,
      7,
      249,
      247,
      199,
      28,
      7,
      19,
      180,
      30,
      172,
      118
    ],
    "23": [
      220,
      90,
      2,
      103,
      82,
      149,
      160,
      93,
      200,
      33,
      107,
      162,
      106,
      15,
      239,
      20,
      21,
      73,
      255,
      61,
      4,
      37,
      138,
      57,
      59,
      72,
      65,
      38,
      28,
      101,
      235,
      249
    ],
    "17": [
      134,
      238,
      185,
      143,
      215,
      10,
      145,
      95,
      2,
      48,
      197,
      170,
      42,
      193,
      158,
      233,
      75,
      87,
      194,
      253,
      10,
      141,
      240,
      104,
      45,
      108,
      155,
      255,
      167,
      176,
      32,
      234
    ],
    "19": [
      155,
      76,
      152,
      234,
      134,
      187,
      77,
      246,
      48,
      48,
      82,
      39,
      231,
      193,
      178,
      31,
      3,
      210,
      134,
      126,
      235,
      159,
      135,
      187,
      90,
      83,
      54,
      100,
      224,
      81,
      160,
      245
    ],
    "29": [
      22,
      178,
      174,
      131,
      140,
      37,
      37,
      180,
      225,
      68,
      17,
      3,
      146,
      224,
      18,
      124,
      5,
      34,
      74,
      80,
      37,
      192,
      190,
      218,
      252,
      132,
      5,
      113,
      62,
      84,
      166,
      215
    ],
    "31": [
      141,
      18,
      141,
      220,
      135,
      102,
      199,
      41,
      100,
      190,
      110,
      31,
      149,
      251,
      106,
      25,
      155,
      8,
      116,
      153,
      189,
      181,
      166,
      187,
      148,
      197,
      34,
      126,
      63,
      195,
      20,
      106
    ],
    "25": [
      123,
      84,
      135,
      213,
      176,
      141,
      57,
      153,
      205,
      7,
      87,
      157,
      36,
      167,
      231,
      168,
      127,
      63,
      178,
      98,
      165,
      195,
      247,
      109,
      100,
      134,
      183,
      145,
      242,
      238,
      49,
      245
    ],
    "27": [
      220,
      210,
      21,
      250,
      4,
      156,
      143,
      229,
      67,
      199,
      182,
      65,
      98,
      73,
      246,
      139,
      222,
      243,
      130,
      18,
      7,
      89,
      27,
      45,
      43,
      14,
      21,
      102,
      139,
      201,
      179,
      46
    ]
  },
  "my_cert": [],
  "my_cert_key": [],
  "root_cert": []
}