{
  "net_map": {
    "37": "127.0.0.1:8537",
    "4": "127.0.0.1:8504",
    "39": "127.0.0.1:8539",
    "6": "127.0.0.1:8506",
    "33": "127.0.0.1:8533",
    "0": "127.0.0.1:8500",
    "35": "127.0.0.1:8535",
    "2": "127.0.0.1:8502",
    "12": "127.0.0.1:8512",
    "14": "127.0.0.1:8514",
    "8": "127.0.0.1:8508",
    "10": "127.0.0.1:8510",
    "20": "127.0.0.1:8520",
    "22": "127.0.0.1:8522",
    "16": "127.0.0.1:8516",
    "18": "127.0.0.1:8518",
    "28": "127.0.0.1:8528",
    "30": "127.0.0.1:8530",
    "24": "127.0.0.1:8524",
    "26": "127.0.0.1:8526",
    "5": "127.0.0.1:8505",
    "36": "127.0.0.1:8536",
    "7": "127.0.0.1:8507",
    "38": "127.0.0.1:8538",
    "1": "127.0.0.1:8501",
    "32": "127.0.0.1:8532",
    "3": "127.0.0.1:8503",
    "34": "127.0.0.1:8534",
    "13": "127.0.0.1:8513",
    "15": "127.0.0.1:8515",
    "9": "127.0.0.1:8509",
    "40": "127.0.0.1:9000",
    "11": "127.0.0.1:8511",
    "21": "127.0.0.1:8521",
    "23": "127.0.0.1:8523",
    "17": "127.0.0.1:8517",
    "19": "127.0.0.1:8519",
    "29": "127.0.0.1:8529",
    "31": "127.0.0.1:8531",
    "25": "127.0.0.1:8525",
    "27": "127.0.0.1:8527"
  },
  "delta": 100,
  "id": 36,
  "num_nodes": 40,
  "num_faults": 13,
  "block_size": 100,
  "client_port": 7036,
  "client_addr": "0.0.0.0:5000",
  "payload": 0,
  "prot_payload": "cc,/home/akhil/research/EEBA/libchatter/",
  "crypto_alg": "NOPKI",
  "pk_map": {},
  "secret_key_bytes": [],
  "sk_map": {
    "37": [
      64,
      33,
      220,
      101,
      158,
      77,
      9,
      208,
      246,
      3,
      192,
      39,
      154,
      221,
      155,
      195,
      169,
      174,
      145,
      211,
      78,
      64,
      115,
      185,
      158,
      167,
      205,
      175,
      38,
      202,
      21,
      1
    ],
    "4": [
      153,
      159,
      184,
      77,
      87,
      153,
      120,
      239,
      125,
      76,
      46,
      18,
      246,
      82,
      236,
      250,
      186,
      249,
      168,
      55,
      101,
      206,
      192,
      49,
      15,
      135,
      154,
      43,
      68,
      8,
      72,
      193
    ],
    "39": [
      149,
      165,
      150,
      122,
      97,
      234,
      235,
      68,
      145,
      138,
      85,
      47,
      2,
      83,
      156,
      92,
      58,
      85,
      67,
      157,
      27,
      47,
      174,
      110,
      55,
      146,
      189,
      11,
      239,
      251,
      57,
      114
    ],
    "6": [
      196,
      168,
      45,
      130,
      239,
      226,
      67,
      106,
      106,
      46,
      225,
      75,
      254,
      114,
      104,
      24,
      82,
      180,
      173,
      108,
      223,
      46,
      221,
      154,
      36,
      252,
      172,
      214,
      79,
      186,
      225,
      106
    ],
    "33": [
      48,
      94,
      12,
      25,
      220,
      176,
      98,
      44,
      101,
      110,
      252,
      146,
      227,
      198,
      33,
      231,
      28,
      147,
      223,
      202,
      224,
      128,
      167,
      148,
      236,
      33,
      231,
      31,
      31,
      71,
      226,
      167
    ],
    "0": [
      252,
      152,
      139,
      212,
      211,
      57,
      36,
      30,
      207,
      115,
      23,
      192,
      132,
      162,
      158,
      189,
      181,
      107,
      107,
      211,
      31,
      80,
      230,
      15,
      213,
      136,
      158,
      20,
      138,
      8,
      104,
      236
    ],
    "35": [
      63,
      68,
      218,
      143,
      111,
      168,
      142,
      99,
      39,
      138,
      208,
      222,
      46,
      92,
      100,
      137,
      13,
      108,
      51,
      52,
      77,
      218,
      96,
      137,
      3,
      234,
      165,
      122,
      59,
      111,
      86,
      32
    ],
    "2": [
      62,
      184,
      185,
      234,
      171,
      197,
      14,
      66,
      84,
      89,
      80,
      160,
      196,
      190,
      206,
      173,
      128,
      122,
      89,
      2,
      174,
      153,
      72,
      225,
      254,
      188,
      112,
      135,
      185,
      164,
      178,
      116
    ],
    "12": [
      183,
      49,
      5,
      192,
      159,
      236,
      154,
      79,
      135,
      89,
      168,
      51,
      109,
      39,
      198,
      51,
      13,
      234,
      235,
      43,
      50,
      205,
      180,
      2,
      95,
      54,
      65,
      193,
      53,
      88,
      27,
      1
    ],
    "14": [
      241,
      127,
      218,
      227,
      225,
      202,
      46,
      192,
      34,
      210,
      192,
      165,
      176,
      50,
      193,
      78,
      15,
      177,
      249,
      126,
      11,
      96,
      2,
      241,
      247,
      71,
      251,
      234,
      58,
      59,
      73,
      45
    ],
    "8": [
      230,
      211,
      50,
      173,
      211,
      179,
      177,
      180,
      157,
      54,
      83,
      43,
      223,
      23,
      12,
      234,
      97,
      152,
      139,
      248,
      252,
      12,
      203,
      161,
      135,
      111,
      15,
      180,
      67,
      72,
      146,
      171
    ],
    "10": [
      102,
      232,
      170,
      221,
      136,
      60,
      165,
      40,
      9,
      194,
      41,
      180,
      71,
      39,
      20,
      56,
      111,
      237,
      241,
      196,
      170,
      123,
      175,
      200,
      56,
      57,
      13,
      185,
      247,
      122,
      71,
      235
    ],
    "20": [
      211,
      219,
      124,
      247,
      131,
      42,
      183,
      245,
      35,
      200,
      95,
      221,
      158,
      39,
      225,
      21,
      8,
      232,
      132,
      111,
      203,
      79,
      23,
      147,
      124,
      56,
      167,
      50,
      69,
      240,
      42,
      129
    ],
    "22": [
      78,
      152,
      5,
      218,
      164,
      10,
      131,
      215,
      19,
      80,
      66,
      80,
      209,
      164,
      43,
      115,
      182,
      102,
      140,
      169,
      167,
      200,
      188,
      131,
      23,
      125,
      131,
      35,
      34,
      157,
      14,
      236
    ],
    "16": [
      120,
      103,
      248,
      220,
      92,
      131,
      209,
      165,
      157,
      231,
      168,
      32,
      65,
      23,
      209,
      49,
      65,
      194,
      154,
      85,
      83,
      113,
      13,
      70,
      247,
      18,
      105,
      108,
      175,
      242,
      184,
      19
    ],
    "18": [
      26,
      57,
      24,
      184,
      180,
      203,
      101,
      107,
      89,
      176,
      32,
      46,
      146,
      188,
      251,
      116,
      180,
      181,
      150,
      5,
      41,
      111,
      1,
      56,
      188,
      251,
      173,
      190,
      144,
      85,
      190,
      175
    ],
    "28": [
      74,
      224,
      227,
      203,
      190,
      105,
      187,
      58,
      208,
      133,
      19,
      45,
      126,
      52,
      95,
      32,
      184,
      38,
      190,
      198,
      170,
      250,
      165,
      6,
      181,
      19,
      160,
      140,
      18,
      80,
      62,
      44
    ],
    "30": [
      150,
      60,
      64,
      86,
      200,
      67,
      20,
      95,
      43,
      149,
      105,
      111,
      4,
      132,
      140,
      41,
      207,
      108,
      79,
      31,
      201,
      115,
      52,
      180,
      73,
      147,
      74,
      91,
      232,
      74,
      58,
      83
    ],
    "24": [
      212,
      78,
      198,
      239,
      194,
      0,
      23,
      69,
      230,
      142,
      14,
      121,
      174,
      52,
      233,
      121,
      253,
      162,
      67,
      88,
      18,
      42,
      129,
      46,
      46,
      201,
      88,
      43,
      165,
      59,
      47,
      28
    ],
    "26": [
      203,
      70,
      84,
      196,
      79,
      82,
      91,
      11,
      21,
      135,
      246,
      177,
      251,
      174,
      95,
      11,
      87,
      177,
      42,
      180,
      167,
      16,
      213,
      125,
      234,
      158,
      119,
      221,
      138,
      166,
      165,
      165
    ],
    "5": [
      254,
      203,
      199,
      45,
      125,
      96,
      129,
      246,
      143,
      96,
      188,
      138,
      221,
      170,
      250,
      71,
      244,
      71,
      203,
      44,
      71,
      157,
      141,
      104,
      245,
      223,
      251,
      148,
      10,
      210,
      157,
      10
    ],
    "36": [
      131,
      103,
      61,
      119,
      196,
      155,
      138,
      94,
      86,
      59,
      203,
      67,
      170,
      162,
      151,
      2,
      216,
      4,
      17,
      76,
      252,
      88,
      213,
      196,
      13,
      208,
      26,
      163,
      120,
      226,
      171,
      24
    ],
    "7": [
      54,
      169,
      182,
      181,
      214,
      248,
      240,
      217,
      80,
      74,
      90,
      215,
      142,
      75,
      103,
      121,
      70,
      17,
      219,
      16,
      25,
      16,
      165,
      206,
      5,
      199,
      187,
      93,
      172,
      77,
      90,
      104
    ],
    "38": [
      63,
      243,
      195,
      189,
      145,
      62,
      244,
      62,
      182,
      209,
      17,
      208,
      35,
      101,
      115,
      223,
      29,
      100,
      98,
      67,
      239,
      49,
      222,
      98,
      195,
      231,
      179,
      90,
      0,
      37,
      45,
      89
    ],
    "1": [
      203,
      220,
      85,
      143,
      124,
      136,
      172,
      71,
      97,
      69,
      121,
      140,
      130,
      160,
      15,
      230,
      49,
      215,
      35,
      128,
      28,
      88,
      193,
      102,
      84,
      161,
      89,
      165,
      108,
      198,
      198,
      110
    ],
    "32": [
      40,
      242,
      59,
      115,
      236,
      25,
      49,
      76,
      212,
      29,
      155,
      255,
      202,
      149,
      106,
      231,
      178,
      18,
      124,
      96,
      68,
      192,
      44,
      215,
      152,
      81,
      139,
      250,
      121,
      138,
      68,
      183
    ],
    "3": [
      12,
      43,
      207,
      75,
      188,
      167,
      32,
      240,
      125,
      90,
      146,
      46,
      55,
      116,
      18,
      130,
      11,
      113,
      207,
      39,
      143,
      203,
      111,
      83,
      53,
      109,
      41,
      36,
      254,
      32,
      21,
      132
    ],
    "34": [
      209,
      197,
      56,
      213,
      179,
      123,
      206,
      143,
      104,
      232,
      107,
      209,
      253,
      8,
      249,
      148,
      133,
      222,
      65,
      174,
      116,
      68,
      239,
      62,
      244,
      92,
      231,
      149,
      169,
      17,
      155,
      250
    ],
    "13": [
      177,
      183,
      206,
      140,
      176,
      103,
      195,
      193,
      5,
      232,
      194,
      225,
      32,
      213,
      58,
      235,
      153,
      249,
      118,
      24,
      235,
      229,
      198,
      180,
      12,
      75,
      74,
      39,
      168,
      146,
      30,
      59
    ],
    "15": [
      0,
      54,
      166,
      61,
      124,
      239,
      145,
      212,
      232,
      130,
      97,
      79,
      224,
      185,
      196,
      78,
      224,
      10,
      153,
      38,
      92,
      234,
      195,
      47,
      41,
      102,
      21,
      75,
      118,
      7,
      125,
      178
    ],
    "9": [
      137,
      48,
      143,
      237,
      77,
      255,
      74,
      217,
      132,
      227,
      24,
      228,
      154,
      108,
      122,
      53,
      121,
      67,
      19,
      126,
      115,
      33,
      172,
      148,
      148,
      172,
      214,
      94,
      182,
      11,
      250,
      106
    ],
    "11": [
      200,
      36,
      19,
      167,
      59,
      48,
      218,
      14,
      82,
      255,
      105,
      207,
      136,
      145,
      22,
      48,
      57,
      188,
      95,
      165,
      75,
      251,
      134,
      243,
      88,
      25,
      103,
      142,
      149,
      162,
      42,
      102
    ],
    "21": [
      123,
      51,
      214,
      81,
      37,
      34,
      14,
      81,
      155,
      57,
      25,
      35,
      26,
      244,
      93,
      157,
      162,
      188,
      166,
      210,
      79,
      191,
      209,
      191,
      250,
      120,
      107,
      210,
      150,
      140,
      177,
      162
    ],
    "23": [
      155,
      40,
      229,
      173,
      211,
      192,
      216,
      33,
      96,
      140,
      154,
      136,
      71,
      189,
      218,
      41,
      46,
      14,
      174,
      120,
      72,
      254,
      117,
      201,
      50,
      227,
      201,
      228,
      135,
      13,
      47,
      163
    ],
    "17": [
      111,
      194,
      156,
      36,
      203,
      161,
      82,
      79,
      230,
      116,
      57,
      216,
      141,
      145,
      5,
      186,
      86,
      242,
      107,
      165,
      169,
      69,
      137,
      4,
      246,
      226,
      77,
      168,
      10,
      255,
      150,
      193
    ],
    "19": [
      13,
      65,
      236,
      76,
      86,
      178,
      232,
      83,
      136,
      87,
      122,
      114,
      43,
      10,
      96,
      213,
      202,
      99,
      136,
      10,
      167,
      39,
      225,
      122,
      167,
      174,
      205,
      125,
      171,
      152,
      67,
      8
    ],
    "29": [
      76,
      31,
      244,
      250,
      134,
      124,
      239,
      23,
      114,
      252,
      234,
      141,
      153,
      234,
      224,
      74,
      163,
      70,
      251,
      227,
      70,
      240,
      93,
      133,
      254,
      53,
      45,
      55,
      213,
      125,
      106,
      187
    ],
    "31": [
      247,
      88,
      78,
      41,
      192,
      237,
      98,
      228,
      153,
      109,
      4,
      163,
      45,
      177,
      13,
      8,
      190,
      173,
      168,
      223,
      160,
      73,
      237,
      84,
      206,
      76,
      14,
      190,
      150,
      128,
      115,
      139
    ],
    "25": [
      172,
      95,
      73,
      102,
      249,
      141,
      32,
      109,
      214,
      36,
      2,
      248,
      143,
      5,
      58,
      109,
      190,
      24,
      30,
      109,
      252,
      79,
      255,
      194,
      108,
      37,
      140,
      239,
      81,
      182,
      219,
      77
    ],
    "27": [
      25,
      232,
      133,
      103,
      214,
      75,
      210,
      182,
      202,
      176,
      33,
      234,
      44,
      186,
      214,
      89,
      54,
      100,
      251,
      216,
      179,
      87,
      245,
      152,
      201,
      214,
      41,
      239,
      140,
      0,
      153,
      109
    ]
  },
  "my_cert": [],
  "my_cert_key": [],
  "root_cert": []
}