{
  "net_map": {
    "37": "127.0.0.1:8537",
    "4": "127.0.0.1:8504",
    "39": "127.0.0.1:8539",
    "6": "127.0.0.1:8506",
    "33": "127.0.0.1:8533",
    "0": "127.0.0.1:8500",
    "35": "127.0.0.1:8535",
    "2": "127.0.0.1:8502",
    "12": "127.0.0.1:8512",
    "14": "127.0.0.1:8514",
    "8": "127.0.0.1:8508",
    "10": "127.0.0.1:8510",
    "20": "127.0.0.1:8520",
    "22": "127.0.0.1:8522",
    "16": "127.0.0.1:8516",
    "18": "127.0.0.1:8518",
    "28": "127.0.0.1:8528",
    "30": "127.0.0.1:8530",
    "24": "127.0.0.1:8524",
    "26": "127.0.0.1:8526",
    "5": "127.0.0.1:8505",
    "36": "127.0.0.1:8536",
    "7": "127.0.0.1:8507",
    "38": "127.0.0.1:8538",
    "1": "127.0.0.1:8501",
    "32": "127.0.0.1:8532",
    "3": "127.0.0.1:8503",
    "34": "127.0.0.1:8534",
    "13": "127.0.0.1:8513",
    "15": "127.0.0.1:8515",
    "9": "127.0.0.1:8509",
    "40": "127.0.0.1:9000",
    "11": "127.0.0.1:8511",
    "21": "127.0.0.1:8521",
    "23": "127.0.0.1:8523",
    "17": "127.0.0.1:8517",
    "19": "127.0.0.1:8519",
    "29": "127.0.0.1:8529",
    "31": "127.0.0.1:8531",
    "25": "127.0.0.1:8525",
    "27": "127.0.0.1:8527"
  },
  "delta": 100,
  "id": 11,
  "num_nodes": 40,
  "num_faults": 13,
  "block_size": 100,
  "client_port": 7011,
  "client_addr": "0.0.0.0:5000",
  "payload": 0,
  "prot_payload": "cc,/home/akhil/research/EEBA/libchatter/",
  "crypto_alg": "NOPKI",
  "pk_map": {},
  "secret_key_bytes": [],
  "sk_map": {
    "37": [
      22,
      42,
      246,
      171,
      112,
      89,
      61,
      50,
      72,
      23,
      173,
      127,
      103,
      131,
      210,
      171,
      186,
      227,
      116,
      182,
      186,
      106,
      52,
      91,
      166,
      49,
      237,
      43,
      243,
      11,
      236,
      248
    ],
    "4": [
      65,
      217,
      144,
      118,
      207,
      104,
      53,
      141,
      53,
      81,
      194,
      7,
      208,
      102,
      41,
      119,
      178,
      227,
      208,
      54,
      220,
      177,
      79,
      81,
      158,
      46,
      6,
      83,
      14,
      6,
      60,
      8
    ],
    "39": [
      204,
      98,
      183,
      77,
      101,
      174,
      107,
      252,
      140,
      112,
      89,
      59,
      190,
      113,
      58,
      148,
      139,
      33,
      188,
      150,
      68,
      211,
      73,
      181,
      180,
      188,
      183,
      134,
      112,
      16,
      224,
      66
    ],
    "6": [
      61,
      248,
      91,
      95,
      157,
      29,
      206,
      137,
      252,
      72,
      87,
      32,
      11,
      169,
      66,
      119,
      7,
      156,
      34,
      98,
      193,
      244,
      25,
      180,
      48,
      68,
      48,
      193,
      100,
      223,
      220,
      248
    ],
    "33": [
      108,
      255,
      89,
      127,
      174,
      53,
      166,
      74,
      136,
      65,
      38,
      155,
      51,
      211,
      155,
      85,
      213,
      149,
      165,
      1,
      230,
      205,
      125,
      179,
      157,
      228,
      186,
      91,
      204,
      165,
      130,
      113
    ],
    "0": [
      62,
      241,
      255,
      233,
      39,
      54,
      142,
      248,
      63,
      26,
      35,
      78,
      241,
      80,
      61,
      28,
      68,
      131,
      254,
      230,
      255,
      187,
      66,
      126,
      233,
      16,
      146,
      70,
      35,
      199,
      87,
      187
    ],
    "35": [
      107,
      83,
      64,
      96,
      64,
      229,
      187,
      121,
      155,
      43,
      191,
      215,
      89,
      69,
      170,
      233,
      35,
      162,
      223,
      50,
      65,
      156,
      166,
      26,
      29,
      95,
      189,
      170,
      209,
      33,
      188,
      162
    ],
    "2": [
      26,
      155,
      77,
      177,
      187,
      165,
      140,
      74,
      242,
      22,
      7,
      177,
      132,
      87,
      36,
      8,
      14,
      175,
      162,
      74,
      222,
      38,
      158,
      210,
      61,
      219,
      151,
      82,
      177,
      199,
      73,
      126
    ],
    "12": [
      243,
      61,
      104,
      160,
      103,
      47,
      3,
      126,
      181,
      169,
      220,
      145,
      245,
      143,
      212,
      37,
      8,
      253,
      224,
      77,
      95,
      190,
      185,
      244,
      50,
      129,
      232,
      63,
      175,
      101,
      18,
      103
    ],
    "14": [
      12,
      225,
      164,
      93,
      123,
      120,
      110,
      148,
      81,
      217,
      99,
      157,
      204,
      242,
      121,
      113,
      49,
      89,
      118,
      117,
      41,
      179,
      29,
      51,
      41,
      114,
      186,
      189,
      35,
      17,
      161,
      70
    ],
    "8": [
      190,
      85,
      145,
      156,
      135,
      37,
      190,
      200,
      38,
      173,
      1,
      212,
      78,
      78,
      54,
      185,
      73,
      100,
      242,
      23,
      221,
      238,
      203,
      35,
      205,
      157,
      23,
      108,
      32,
      252,
      118,
      41
    ],
    "10": [
      200,
      178,
      34,
      75,
      72,
      231,
      128,
      197,
      219,
      9,
      122,
      100,
      20,
      103,
      51,
      4,
      42,
      159,
      130,
      108,
      21,
      206,
      169,
      149,
      109,
      32,
      140,
      235,
      157,
      243,
      86,
      112
    ],
    "20": [
      195,
      135,
      73,
      19,
      130,
      254,
      85,
      172,
      189,
      56,
      3,
      122,
      99,
      226,
      63,
      207,
      202,
      138,
      170,
      10,
      141,
      75,
      203,
      102,
      158,
      184,
      82,
      183,
      248,
      175,
      24,
      26
    ],
    "22": [
      28,
      195,
      26,
      225,
      76,
      175,
      229,
      249,
      187,
      155,
      133,
      247,
      39,
      226,
      141,
      98,
      184,
      182,
      243,
      50,
      0,
      114,
      233,
      182,
      65,
      189,
      125,
      98,
      129,
      194,
      153,
      149
    ],
    "16": [
      15,
      183,
      146,
      94,
      147,
      64,
      40,
      177,
      158,
      66,
      61,
      248,
      194,
      41,
      245,
      92,
      212,
      22,
      20,
      144,
      97,
      32,
      181,
      106,
      179,
      203,
      27,
      128,
      114,
      152,
      121,
      150
    ],
    "18": [
      160,
      33,
      237,
      68,
      45,
      238,
      128,
      92,
      56,
      233,
      64,
      43,
      113,
      158,
      253,
      86,
      195,
      95,
      5,
      123,
      187,
      31,
      201,
      30,
      104,
      206,
      23,
      168,
      19,
      21,
      148,
      106
    ],
    "28": [
      118,
      57,
      196,
      158,
      100,
      209,
      6,
      117,
      25,
      37,
      238,
      8,
      108,
      159,
      192,
      29,
      4,
      93,
      229,
      15,
      178,
      181,
      30,
      32,
      32,
      124,
      17,
      242,
      156,
      144,
      179,
      70
    ],
    "30": [
      137,
      154,
      139,
      170,
      129,
      242,
      48,
      248,
      20,
      111,
      93,
      120,
      254,
      119,
      79,
      133,
      205,
      157,
      80,
      52,
      116,
      199,
      219,
      46,
      133,
      29,
      240,
      221,
      3,
      220,
      224,
      59
    ],
    "24": [
      145,
      236,
      19,
      91,
      29,
      176,
      214,
      69,
      209,
      214,
      214,
      106,
      144,
      8,
      178,
      120,
      223,
      121,
      146,
      133,
      56,
      194,
      110,
      62,
      183,
      24,
      197,
      196,
      222,
      137,
      71,
      68
    ],
    "26": [
      100,
      113,
      220,
      18,
      221,
      115,
      172,
      108,
      15,
      98,
      53,
      134,
      106,
      190,
      2,
      38,
      169,
      127,
      159,
      51,
      239,
      191,
      234,
      186,
      30,
      56,
      15,
      6,
      202,
      86,
      175,
      199
    ],
    "5": [
      72,
      72,
      82,
      18,
      174,
      126,
      244,
      253,
      230,
      118,
      128,
      155,
      247,
      81,
      20,
      142,
      46,
      140,
      237,
      253,
      180,
      59,
      88,
      91,
      82,
      214,
      194,
      132,
      91,
      129,
      150,
      111
    ],
    "36": [
      200,
      36,
      19,
      167,
      59,
      48,
      218,
      14,
      82,
      255,
      105,
      207,
      136,
      145,
      22,
      48,
      57,
      188,
      95,
      165,
      75,
      251,
      134,
      243,
      88,
      25,
      103,
      142,
      149,
      162,
      42,
      102
    ],
    "7": [
      232,
      197,
      57,
      33,
      41,
      251,
      133,
      166,
      154,
      164,
      212,
      175,
      34,
      240,
      236,
      54,
      192,
      55,
      206,
      128,
      159,
      130,
      191,
      202,
      231,
      53,
      138,
      26,
      158,
      40,
      248,
      178
    ],
    "38": [
      154,
      230,
      241,
      99,
      227,
      228,
      48,
      218,
      125,
      172,
      2,
      251,
      41,
      254,
      43,
      91,
      59,
      139,
      161,
      236,
      86,
      89,
      210,
      145,
      212,
      238,
      82,
      9,
      58,
      60,
      238,
      165
    ],
    "1": [
      71,
      222,
      234,
      122,
      54,
      97,
      195,
      231,
      119,
      204,
      115,
      5,
      10,
      190,
      192,
      143,
      182,
      67,
      211,
      107,
      211,
      17,
      170,
      214,
      179,
      164,
      6,
      68,
      134,
      122,
      48,
      248
    ],
    "32": [
      223,
      44,
      23,
      5,
      193,
      160,
      7,
      227,
      91,
      133,
      181,
      36,
      174,
      24,
      176,
      231,
      59,
      90,
      236,
      96,
      235,
      109,
      241,
      128,
      48,
      41,
      74,
      52,
      203,
      86,
      163,
      216
    ],
    "3": [
      156,
      24,
      88,
      5,
      255,
      251,
      96,
      107,
      118,
      251,
      170,
      198,
      230,
      88,
      127,
      91,
      66,
      149,
      54,
      187,
      109,
      165,
      99,
      57,
      251,
      73,
      43,
      181,
      94,
      229,
      185,
      200
    ],
    "34": [
      236,
      159,
      112,
      106,
      108,
      110,
      78,
      53,
      242,
      202,
      170,
      127,
      110,
      123,
      3,
      63,
      230,
      47,
      248,
      102,
      231,
      167,
      120,
      142,
      137,
      187,
      186,
      92,
      239,
      168,
      202,
      156
    ],
    "13": [
      68,
      74,
      0,
      21,
      85,
      252,
      130,
      250,
      227,
      114,
      82,
      7,
      220,
      158,
      75,
      57,
      145,
      188,
      53,
      84,
      196,
      10,
      139,
      143,
      206,
      75,
      134,
      109,
      18,
      173,
      48,
      202
    ],
    "15": [
      136,
      159,
      102,
      101,
      82,
      184,
      34,
      233,
      30,
      118,
      169,
      107,
      192,
      89,
      242,
      216,
      114,
      177,
      89,
      220,
      113,
      148,
      223,
      44,
      84,
      174,
      125,
      96,
      4,
      112,
      15,
      171
    ],
    "9": [
      155,
      75,
      196,
      177,
      210,
      206,
      30,
      17,
      119,
      218,
      55,
      65,
      69,
      21,
      246,
      196,
      205,
      142,
      171,
      136,
      214,
      91,
      35,
      114,
      47,
      63,
      174,
      48,
      114,
      129,
      197,
      127
    ],
    "11": [
      71,
      50,
      94,
      109,
      115,
      245,
      226,
      1,
      115,
      212,
      236,
      205,
      205,
      145,
      48,
      230,
      23,
      52,
      171,
      87,
      72,
      148,
      255,
      52,
      162,
      8,
      247,
      20,
      73,
      66,
      206,
      197
    ],
    "21": [
      39,
      105,
      126,
      235,
      30,
      84,
      155,
      40,
      31,
      157,
      177,
      140,
      190,
      83,
      35,
      11,
      61,
      214,
      91,
      254,
      75,
      197,
      172,
      195,
      29,
      192,
      28,
      68,
      235,
      91,
      127,
      150
    ],
    "23": [
      41,
      31,
      72,
      102,
      76,
      0,
      217,
      180,
      238,
      173,
      30,
      104,
      173,
      193,
      223,
      117,
      196,
      54,
      149,
      252,
      167,
      115,
      55,
      34,
      25,
      133,
      36,
      171,
      38,
      214,
      233,
      129
    ],
    "17": [
      11,
      18,
      21,
      192,
      49,
      13,
      243,
      139,
      72,
      196,
      120,
      176,
      69,
      215,
      116,
      78,
      5,
      157,
      80,
      205,
      213,
      92,
      154,
      113,
      24,
      183,
      185,
      215,
      170,
      187,
      5,
      226
    ],
    "19": [
      21,
      130,
      82,
      2,
      232,
      160,
      43,
      153,
      172,
      229,
      57,
      123,
      203,
      121,
      70,
      183,
      175,
      201,
      152,
      205,
      38,
      92,
      49,
      94,
      11,
      107,
      251,
      37,
      181,
      75,
      25,
      198
    ],
    "29": [
      10,
      44,
      168,
      190,
      9,
      83,
      252,
      26,
      189,
      70,
      224,
      179,
      221,
      226,
      107,
      250,
      243,
      134,
      1,
      98,
      179,
      172,
      34,
      52,
      114,
      155,
      173,
      169,
      241,
      226,
      78,
      119
    ],
    "31": [
      157,
      55,
      185,
      125,
      166,
      8,
      243,
      149,
      121,
      60,
      194,
      122,
      1,
      175,
      251,
      93,
      27,
      178,
      152,
      214,
      45,
      142,
      251,
      160,
      17,
      11,
      115,
      103,
      61,
      67,
      238,
      137
    ],
    "25": [
      66,
      7,
      110,
      10,
      194,
      90,
      180,
      16,
      64,
      154,
      8,
      5,
      51,
      211,
      85,
      117,
      213,
      152,
      75,
      103,
      59,
      16,
      195,
      106,
      253,
      220,
      62,
      15,
      6,
      248,
      92,
      118
    ],
    "27": [
      121,
      188,
      167,
      27,
      40,
      113,
      231,
      4,
      89,
      174,
      124,
      70,
      66,
      106,
      42,
      181,
      185,
      172,
      150,
      115,
      251,
      44,
      54,
      193,
      51,
      246,
      156,
      81,
      103,
      101,
      32,
      68
    ]
  },
  "my_cert": [],
  "my_cert_key": [],
  "root_cert": []
}