{
  "net_map": {
    "37": "127.0.0.1:8537",
    "4": "127.0.0.1:8504",
    "39": "127.0.0.1:8539",
    "6": "127.0.0.1:8506",
    "33": "127.0.0.1:8533",
    "0": "127.0.0.1:8500",
    "35": "127.0.0.1:8535",
    "2": "127.0.0.1:8502",
    "12": "127.0.0.1:8512",
    "14": "127.0.0.1:8514",
    "8": "127.0.0.1:8508",
    "10": "127.0.0.1:8510",
    "20": "127.0.0.1:8520",
    "22": "127.0.0.1:8522",
    "16": "127.0.0.1:8516",
    "18": "127.0.0.1:8518",
    "28": "127.0.0.1:8528",
    "30": "127.0.0.1:8530",
    "24": "127.0.0.1:8524",
    "26": "127.0.0.1:8526",
    "5": "127.0.0.1:8505",
    "36": "127.0.0.1:8536",
    "7": "127.0.0.1:8507",
    "38": "127.0.0.1:8538",
    "1": "127.0.0.1:8501",
    "32": "127.0.0.1:8532",
    "3": "127.0.0.1:8503",
    "34": "127.0.0.1:8534",
    "13": "127.0.0.1:8513",
    "15": "127.0.0.1:8515",
    "9": "127.0.0.1:8509",
    "40": "127.0.0.1:9000",
    "11": "127.0.0.1:8511",
    "21": "127.0.0.1:8521",
    "23": "127.0.0.1:8523",
    "17": "127.0.0.1:8517",
    "19": "127.0.0.1:8519",
    "29": "127.0.0.1:8529",
    "31": "127.0.0.1:8531",
    "25": "127.0.0.1:8525",
    "27": "127.0.0.1:8527"
  },
  "delta": 100,
  "id": 20,
  "num_nodes": 40,
  "num_faults": 13,
  "block_size": 100,
  "client_port": 7020,
  "client_addr": "0.0.0.0:5000",
  "payload": 0,
  "prot_payload": "cc,/home/akhil/research/EEBA/libchatter/",
  "crypto_alg": "NOPKI",
  "pk_map": {},
  "secret_key_bytes": [],
  "sk_map": {
    "37": [
      248,
      157,
      104,
      151,
      208,
      61,
      131,
      161,
      169,
      60,
      61,
      170,
      140,
      216,
      83,
      20,
      183,
      5,
      105,
      22,
      76,
      75,
      233,
      76,
      231,
      138,
      223,
      96,
      253,
      86,
      143,
      126
    ],
    "4": [
      242,
      152,
      138,
      35,
      164,
      37,
      1,
      190,
      105,
      2,
      62,
      71,
      238,
      194,
      128,
      184,
      197,
      233,
      179,
      221,
      126,
      178,
      93,
      222,
      118,
      197,
      219,
      106,
      66,
      114,
      121,
      246
    ],
    "39": [
      165,
      24,
      189,
      103,
      186,
      189,
      226,
      12,
      50,
      159,
      121,
      242,
      21,
      89,
      136,
      209,
      113,
      223,
      22,
      154,
      109,
      192,
      242,
      234,
      228,
      198,
      19,
      128,
      147,
      62,
      138,
      137
    ],
    "6": [
      233,
      83,
      23,
      28,
      104,
      243,
      155,
      5,
      191,
      71,
      233,
      22,
      225,
      187,
      64,
      39,
      140,
      203,
      10,
      114,
      155,
      60,
      209,
      173,
      39,
      232,
      90,
      87,
      17,
      46,
      209,
      175
    ],
    "33": [
      110,
      150,
      231,
      104,
      121,
      248,
      88,
      160,
      82,
      6,
      128,
      64,
      168,
      232,
      59,
      164,
      1,
      173,
      74,
      238,
      241,
      99,
      207,
      65,
      171,
      251,
      255,
      204,
      162,
      40,
      76,
      41
    ],
    "0": [
      171,
      110,
      15,
      133,
      232,
      3,
      225,
      31,
      96,
      229,
      43,
      52,
      149,
      245,
      185,
      183,
      250,
      97,
      40,
      161,
      126,
      67,
      27,
      21,
      161,
      136,
      32,
      193,
      208,
      175,
      157,
      66
    ],
    "35": [
      191,
      82,
      192,
      231,
      235,
      108,
      54,
      36,
      2,
      126,
      243,
      5,
      8,
      238,
      106,
      101,
      173,
      207,
      48,
      183,
      250,
      171,
      100,
      24,
      76,
      188,
      186,
      235,
      89,
      53,
      1,
      116
    ],
    "2": [
      116,
      227,
      243,
      171,
      5,
      44,
      225,
      21,
      254,
      223,
      121,
      31,
      26,
      161,
      218,
      234,
      121,
      16,
      175,
      153,
      173,
      236,
      61,
      133,
      142,
      205,
      96,
      225,
      122,
      133,
      218,
      64
    ],
    "12": [
      50,
      236,
      48,
      208,
      35,
      106,
      67,
      71,
      237,
      18,
      148,
      52,
      26,
      105,
      160,
      254,
      197,
      155,
      218,
      219,
      30,
      79,
      123,
      95,
      74,
      14,
      44,
      178,
      55,
      8,
      170,
      84
    ],
    "14": [
      214,
      3,
      75,
      34,
      17,
      74,
      223,
      120,
      131,
      15,
      118,
      230,
      149,
      39,
      107,
      63,
      144,
      61,
      16,
      229,
      74,
      161,
      52,
      69,
      230,
      173,
      7,
      42,
      82,
      43,
      35,
      84
    ],
    "8": [
      192,
      62,
      101,
      195,
      53,
      86,
      21,
      171,
      235,
      188,
      36,
      4,
      24,
      103,
      243,
      206,
      173,
      33,
      98,
      164,
      65,
      218,
      24,
      86,
      200,
      251,
      124,
      19,
      110,
      224,
      233,
      209
    ],
    "10": [
      40,
      80,
      116,
      231,
      149,
      179,
      196,
      33,
      87,
      20,
      39,
      85,
      241,
      187,
      86,
      141,
      18,
      194,
      69,
      151,
      44,
      184,
      13,
      15,
      92,
      14,
      64,
      188,
      72,
      173,
      28,
      70
    ],
    "20": [
      168,
      35,
      180,
      181,
      59,
      132,
      109,
      205,
      70,
      165,
      181,
      198,
      79,
      217,
      167,
      183,
      196,
      122,
      116,
      55,
      175,
      199,
      137,
      91,
      130,
      24,
      94,
      186,
      51,
      51,
      249,
      54
    ],
    "22": [
      112,
      140,
      222,
      96,
      248,
      127,
      107,
      234,
      115,
      24,
      79,
      89,
      11,
      116,
      246,
      3,
      69,
      172,
      240,
      121,
      11,
      61,
      219,
      92,
      180,
      49,
      204,
      80,
      115,
      129,
      12,
      113
    ],
    "16": [
      33,
      34,
      68,
      111,
      176,
      208,
      99,
      207,
      97,
      174,
      237,
      78,
      158,
      184,
      218,
      221,
      207,
      70,
      128,
      46,
      164,
      49,
      106,
      122,
      152,
      237,
      108,
      100,
      41,
      185,
      171,
      140
    ],
    "18": [
      17,
      199,
      247,
      240,
      116,
      83,
      9,
      175,
      105,
      75,
      249,
      144,
      246,
      233,
      98,
      158,
      140,
      220,
      166,
      128,
      20,
      30,
      197,
      92,
      163,
      36,
      184,
      195,
      33,
      94,
      9,
      117
    ],
    "28": [
      104,
      136,
      189,
      255,
      224,
      205,
      187,
      119,
      61,
      5,
      42,
      169,
      115,
      199,
      31,
      174,
      248,
      227,
      47,
      114,
      244,
      171,
      230,
      235,
      221,
      21,
      255,
      1,
      97,
      119,
      110,
      117
    ],
    "30": [
      144,
      143,
      158,
      160,
      83,
      145,
      176,
      179,
      164,
      230,
      159,
      227,
      75,
      174,
      17,
      98,
      51,
      33,
      73,
      227,
      55,
      157,
      104,
      35,
      142,
      126,
      80,
      21,
      255,
      37,
      194,
      221
    ],
    "24": [
      193,
      204,
      101,
      164,
      130,
      24,
      138,
      142,
      181,
      160,
      139,
      239,
      156,
      233,
      121,
      61,
      84,
      59,
      2,
      60,
      224,
      75,
      42,
      152,
      44,
      207,
      164,
      187,
      143,
      178,
      141,
      65
    ],
    "26": [
      38,
      254,
      253,
      139,
      141,
      167,
      85,
      80,
      18,
      219,
      16,
      146,
      49,
      190,
      243,
      206,
      149,
      130,
      120,
      26,
      227,
      14,
      47,
      203,
      70,
      169,
      212,
      107,
      72,
      100,
      207,
      195
    ],
    "5": [
      204,
      148,
      107,
      164,
      228,
      181,
      203,
      123,
      240,
      165,
      237,
      56,
      201,
      99,
      160,
      227,
      41,
      110,
      39,
      124,
      102,
      141,
      66,
      239,
      61,
      254,
      15,
      127,
      224,
      155,
      231,
      101
    ],
    "36": [
      211,
      219,
      124,
      247,
      131,
      42,
      183,
      245,
      35,
      200,
      95,
      221,
      158,
      39,
      225,
      21,
      8,
      232,
      132,
      111,
      203,
      79,
      23,
      147,
      124,
      56,
      167,
      50,
      69,
      240,
      42,
      129
    ],
    "7": [
      217,
      75,
      55,
      11,
      8,
      163,
      186,
      18,
      39,
      206,
      73,
      222,
      0,
      72,
      246,
      186,
      80,
      86,
      122,
      236,
      66,
      0,
      172,
      104,
      217,
      247,
      246,
      146,
      181,
      148,
      56,
      161
    ],
    "38": [
      82,
      194,
      241,
      14,
      77,
      254,
      22,
      158,
      252,
      206,
      169,
      66,
      213,
      120,
      6,
      69,
      187,
      225,
      102,
      175,
      26,
      188,
      90,
      115,
      234,
      36,
      143,
      164,
      83,
      188,
      62,
      148
    ],
    "1": [
      195,
      238,
      118,
      180,
      54,
      133,
      193,
      35,
      91,
      229,
      202,
      108,
      123,
      113,
      60,
      29,
      136,
      124,
      42,
      44,
      134,
      187,
      70,
      110,
      61,
      156,
      109,
      106,
      14,
      149,
      19,
      54
    ],
    "32": [
      4,
      126,
      188,
      154,
      194,
      126,
      190,
      115,
      118,
      24,
      39,
      202,
      52,
      153,
      106,
      170,
      7,
      205,
      242,
      67,
      162,
      35,
      184,
      15,
      60,
      229,
      50,
      72,
      88,
      140,
      192,
      233
    ],
    "3": [
      1,
      178,
      128,
      126,
      200,
      149,
      80,
      49,
      60,
      225,
      98,
      85,
      241,
      122,
      144,
      100,
      227,
      245,
      159,
      75,
      7,
      138,
      144,
      115,
      88,
      92,
      127,
      11,
      230,
      205,
      183,
      60
    ],
    "34": [
      51,
      146,
      160,
      217,
      97,
      169,
      222,
      77,
      34,
      242,
      103,
      177,
      223,
      29,
      129,
      103,
      161,
      159,
      152,
      240,
      109,
      250,
      247,
      58,
      100,
      109,
      177,
      53,
      173,
      55,
      184,
      90
    ],
    "13": [
      67,
      51,
      155,
      48,
      37,
      52,
      235,
      255,
      129,
      213,
      181,
      24,
      38,
      11,
      98,
      241,
      185,
      138,
      157,
      148,
      67,
      51,
      123,
      152,
      242,
      9,
      84,
      13,
      192,
      17,
      172,
      215
    ],
    "15": [
      233,
      174,
      115,
      125,
      81,
      159,
      131,
      44,
      251,
      188,
      32,
      159,
      213,
      94,
      64,
      240,
      196,
      127,
      9,
      255,
      124,
      225,
      217,
      87,
      234,
      207,
      230,
      113,
      226,
      221,
      97,
      144
    ],
    "9": [
      180,
      51,
      255,
      225,
      92,
      212,
      175,
      193,
      190,
      239,
      82,
      147,
      8,
      22,
      175,
      231,
      43,
      56,
      239,
      134,
      234,
      55,
      192,
      204,
      218,
      160,
      43,
      216,
      3,
      113,
      13,
      192
    ],
    "11": [
      195,
      135,
      73,
      19,
      130,
      254,
      85,
      172,
      189,
      56,
      3,
      122,
      99,
      226,
      63,
      207,
      202,
      138,
      170,
      10,
      141,
      75,
      203,
      102,
      158,
      184,
      82,
      183,
      248,
      175,
      24,
      26
    ],
    "21": [
      27,
      252,
      231,
      155,
      221,
      14,
      118,
      232,
      7,
      108,
      161,
      173,
      44,
      123,
      235,
      183,
      196,
      215,
      65,
      4,
      223,
      107,
      34,
      221,
      131,
      38,
      103,
      226,
      224,
      184,
      121,
      53
    ],
    "23": [
      228,
      132,
      89,
      104,
      97,
      108,
      102,
      227,
      57,
      236,
      55,
      96,
      35,
      243,
      49,
      193,
      230,
      143,
      162,
      225,
      146,
      64,
      135,
      230,
      204,
      98,
      24,
      181,
      120,
      211,
      248,
      91
    ],
    "17": [
      131,
      54,
      2,
      77,
      173,
      197,
      81,
      56,
      55,
      6,
      252,
      114,
      92,
      149,
      139,
      150,
      185,
      111,
      162,
      51,
      158,
      199,
      197,
      151,
      230,
      146,
      166,
      183,
      38,
      130,
      120,
      43
    ],
    "19": [
      219,
      49,
      187,
      68,
      204,
      34,
      67,
      192,
      229,
      58,
      211,
      95,
      150,
      136,
      150,
      183,
      108,
      50,
      22,
      40,
      146,
      224,
      25,
      82,
      224,
      40,
      154,
      127,
      137,
      243,
      124,
      57
    ],
    "29": [
      136,
      90,
      78,
      11,
      128,
      214,
      202,
      34,
      108,
      83,
      53,
      42,
      143,
      150,
      19,
      30,
      204,
      84,
      104,
      49,
      28,
      169,
      217,
      88,
      136,
      190,
      16,
      12,
      197,
      162,
      138,
      242
    ],
    "31": [
      110,
      219,
      70,
      16,
      47,
      16,
      130,
      204,
      100,
      25,
      6,
      49,
      106,
      56,
      63,
      55,
      247,
      129,
      242,
      236,
      12,
      245,
      210,
      73,
      72,
      147,
      58,
      168,
      180,
      111,
      60,
      198
    ],
    "25": [
      96,
      62,
      219,
      238,
      200,
      36,
      69,
      50,
      98,
      102,
      103,
      109,
      231,
      152,
      14,
      222,
      90,
      236,
      5,
      110,
      248,
      201,
      189,
      91,
      53,
      38,
      189,
      86,
      52,
      120,
      251,
      153
    ],
    "27": [
      63,
      160,
      158,
      255,
      201,
      18,
      116,
      195,
      164,
      187,
      74,
      234,
      205,
      175,
      81,
      105,
      170,
      213,
      22,
      212,
      120,
      232,
      217,
      110,
      174,
      241,
      118,
      129,
      85,
      114,
      106,
      9
    ]
  },
  "my_cert": [],
  "my_cert_key": [],
  "root_cert": []
}