{
  "net_map": {
    "37": "127.0.0.1:8537",
    "4": "127.0.0.1:8504",
    "39": "127.0.0.1:8539",
    "6": "127.0.0.1:8506",
    "33": "127.0.0.1:8533",
    "0": "127.0.0.1:8500",
    "35": "127.0.0.1:8535",
    "2": "127.0.0.1:8502",
    "12": "127.0.0.1:8512",
    "14": "127.0.0.1:8514",
    "8": "127.0.0.1:8508",
    "10": "127.0.0.1:8510",
    "20": "127.0.0.1:8520",
    "22": "127.0.0.1:8522",
    "16": "127.0.0.1:8516",
    "18": "127.0.0.1:8518",
    "28": "127.0.0.1:8528",
    "30": "127.0.0.1:8530",
    "24": "127.0.0.1:8524",
    "26": "127.0.0.1:8526",
    "5": "127.0.0.1:8505",
    "36": "127.0.0.1:8536",
    "7": "127.0.0.1:8507",
    "38": "127.0.0.1:8538",
    "1": "127.0.0.1:8501",
    "32": "127.0.0.1:8532",
    "3": "127.0.0.1:8503",
    "34": "127.0.0.1:8534",
    "13": "127.0.0.1:8513",
    "15": "127.0.0.1:8515",
    "9": "127.0.0.1:8509",
    "40": "127.0.0.1:9000",
    "11": "127.0.0.1:8511",
    "21": "127.0.0.1:8521",
    "23": "127.0.0.1:8523",
    "17": "127.0.0.1:8517",
    "19": "127.0.0.1:8519",
    "29": "127.0.0.1:8529",
    "31": "127.0.0.1:8531",
    "25": "127.0.0.1:8525",
    "27": "127.0.0.1:8527"
  },
  "delta": 100,
  "id": 25,
  "num_nodes": 40,
  "num_faults": 13,
  "block_size": 100,
  "client_port": 7025,
  "client_addr": "0.0.0.0:5000",
  "payload": 0,
  "prot_payload": "cc,/home/akhil/research/EEBA/libchatter/",
  "crypto_alg": "NOPKI",
  "pk_map": {},
  "secret_key_bytes": [],
  "sk_map": {
    "37": [
      94,
      53,
      163,
      252,
      211,
      83,
      63,
      156,
      179,
      40,
      117,
      171,
      97,
      36,
      244,
      250,
      215,
      173,
      39,
      187,
      199,
      36,
      115,
      156,
      255,
      251,
      130,
      118,
      42,
      183,
      58,
      118
    ],
    "4": [
      96,
      247,
      78,
      255,
      86,
      254,
      243,
      250,
      30,
      49,
      158,
      173,
      103,
      115,
      247,
      134,
      147,
      24,
      214,
      146,
      69,
      33,
      27,
      84,
      6,
      153,
      188,
      230,
      154,
      231,
      65,
      151
    ],
    "39": [
      146,
      72,
      201,
      26,
      163,
      145,
      185,
      52,
      142,
      216,
      189,
      216,
      225,
      235,
      121,
      255,
      118,
      9,
      89,
      13,
      193,
      250,
      95,
      188,
      49,
      214,
      8,
      223,
      131,
      177,
      14,
      189
    ],
    "6": [
      127,
      61,
      100,
      17,
      180,
      74,
      125,
      106,
      15,
      7,
      69,
      88,
      164,
      48,
      221,
      22,
      84,
      78,
      71,
      58,
      189,
      79,
      239,
      68,
      223,
      174,
      123,
      186,
      88,
      83,
      153,
      49
    ],
    "33": [
      40,
      85,
      151,
      162,
      8,
      16,
      173,
      211,
      16,
      106,
      163,
      28,
      87,
      217,
      192,
      5,
      146,
      27,
      222,
      33,
      200,
      147,
      85,
      236,
      23,
      39,
      128,
      123,
      249,
      153,
      26,
      37
    ],
    "0": [
      192,
      222,
      221,
      242,
      182,
      215,
      203,
      129,
      56,
      3,
      247,
      111,
      80,
      62,
      213,
      155,
      126,
      186,
      8,
      47,
      153,
      61,
      94,
      191,
      179,
      236,
      199,
      46,
      63,
      233,
      62,
      99
    ],
    "35": [
      196,
      168,
      230,
      180,
      163,
      94,
      148,
      225,
      57,
      61,
      200,
      220,
      87,
      219,
      228,
      56,
      203,
      172,
      183,
      184,
      129,
      56,
      253,
      182,
      194,
      80,
      169,
      153,
      218,
      93,
      91,
      198
    ],
    "2": [
      53,
      155,
      192,
      5,
      193,
      49,
      121,
      114,
      245,
      139,
      175,
      224,
      221,
      48,
      218,
      36,
      157,
      247,
      40,
      250,
      170,
      222,
      207,
      25,
      241,
      174,
      67,
      161,
      7,
      90,
      139,
      4
    ],
    "12": [
      163,
      18,
      247,
      79,
      96,
      172,
      154,
      206,
      93,
      196,
      164,
      69,
      217,
      131,
      98,
      144,
      110,
      228,
      220,
      3,
      209,
      5,
      192,
      107,
      31,
      51,
      60,
      134,
      180,
      128,
      238,
      50
    ],
    "14": [
      181,
      186,
      41,
      20,
      70,
      113,
      16,
      105,
      155,
      24,
      66,
      216,
      197,
      174,
      201,
      132,
      125,
      157,
      190,
      120,
      61,
      106,
      252,
      31,
      215,
      123,
      47,
      151,
      64,
      25,
      93,
      93
    ],
    "8": [
      175,
      65,
      173,
      173,
      102,
      74,
      190,
      180,
      51,
      32,
      56,
      222,
      232,
      10,
      29,
      166,
      173,
      38,
      220,
      252,
      9,
      8,
      108,
      18,
      55,
      153,
      208,
      124,
      212,
      242,
      43,
      215
    ],
    "10": [
      34,
      83,
      236,
      22,
      237,
      122,
      187,
      63,
      29,
      3,
      212,
      42,
      4,
      21,
      87,
      23,
      22,
      76,
      73,
      49,
      83,
      64,
      79,
      211,
      248,
      245,
      174,
      231,
      25,
      228,
      26,
      245
    ],
    "20": [
      96,
      62,
      219,
      238,
      200,
      36,
      69,
      50,
      98,
      102,
      103,
      109,
      231,
      152,
      14,
      222,
      90,
      236,
      5,
      110,
      248,
      201,
      189,
      91,
      53,
      38,
      189,
      86,
      52,
      120,
      251,
      153
    ],
    "22": [
      5,
      247,
      12,
      121,
      227,
      113,
      185,
      230,
      9,
      220,
      42,
      91,
      140,
      191,
      222,
      90,
      105,
      228,
      155,
      138,
      177,
      57,
      211,
      91,
      137,
      46,
      33,
      253,
      115,
      171,
      80,
      235
    ],
    "16": [
      118,
      231,
      222,
      244,
      53,
      21,
      80,
      210,
      119,
      33,
      122,
      82,
      50,
      140,
      173,
      90,
      195,
      188,
      196,
      5,
      178,
      180,
      184,
      220,
      57,
      227,
      78,
      29,
      174,
      156,
      134,
      90
    ],
    "18": [
      98,
      124,
      215,
      175,
      93,
      15,
      66,
      133,
      10,
      210,
      195,
      222,
      163,
      164,
      111,
      18,
      77,
      53,
      123,
      202,
      109,
      66,
      181,
      227,
      96,
      161,
      183,
      225,
      219,
      14,
      83,
      228
    ],
    "28": [
      126,
      48,
      90,
      51,
      235,
      125,
      109,
      157,
      28,
      186,
      243,
      162,
      99,
      8,
      53,
      187,
      7,
      138,
      104,
      11,
      210,
      191,
      11,
      123,
      166,
      26,
      106,
      85,
      147,
      216,
      235,
      76
    ],
    "30": [
      118,
      185,
      179,
      128,
      137,
      66,
      133,
      14,
      109,
      61,
      224,
      40,
      154,
      19,
      43,
      214,
      92,
      201,
      252,
      14,
      40,
      73,
      45,
      14,
      156,
      175,
      18,
      138,
      255,
      160,
      156,
      88
    ],
    "24": [
      117,
      180,
      22,
      84,
      63,
      218,
      165,
      154,
      112,
      82,
      1,
      61,
      87,
      71,
      64,
      159,
      17,
      53,
      78,
      1,
      6,
      32,
      155,
      32,
      76,
      108,
      141,
      179,
      62,
      99,
      18,
      82
    ],
    "26": [
      156,
      151,
      97,
      12,
      169,
      229,
      25,
      143,
      153,
      230,
      229,
      66,
      115,
      213,
      93,
      235,
      84,
      37,
      47,
      208,
      234,
      8,
      44,
      17,
      93,
      121,
      221,
      104,
      89,
      89,
      163,
      76
    ],
    "5": [
      158,
      31,
      136,
      113,
      237,
      78,
      80,
      246,
      101,
      15,
      153,
      147,
      85,
      201,
      228,
      86,
      47,
      205,
      238,
      236,
      254,
      147,
      70,
      41,
      126,
      44,
      253,
      85,
      123,
      100,
      17,
      33
    ],
    "36": [
      172,
      95,
      73,
      102,
      249,
      141,
      32,
      109,
      214,
      36,
      2,
      248,
      143,
      5,
      58,
      109,
      190,
      24,
      30,
      109,
      252,
      79,
      255,
      194,
      108,
      37,
      140,
      239,
      81,
      182,
      219,
      77
    ],
    "7": [
      84,
      219,
      202,
      230,
      145,
      206,
      54,
      61,
      15,
      194,
      136,
      71,
      2,
      145,
      225,
      77,
      166,
      4,
      19,
      210,
      229,
      164,
      1,
      117,
      253,
      121,
      122,
      153,
      51,
      193,
      187,
      106
    ],
    "38": [
      141,
      46,
      6,
      85,
      71,
      212,
      136,
      241,
      76,
      12,
      19,
      197,
      109,
      186,
      79,
      33,
      136,
      148,
      170,
      177,
      165,
      151,
      119,
      43,
      67,
      107,
      193,
      61,
      173,
      91,
      53,
      114
    ],
    "1": [
      91,
      192,
      252,
      46,
      132,
      77,
      87,
      174,
      0,
      148,
      29,
      216,
      123,
      93,
      156,
      128,
      48,
      190,
      228,
      220,
      33,
      221,
      0,
      182,
      172,
      145,
      131,
      69,
      160,
      199,
      198,
      1
    ],
    "32": [
      107,
      78,
      98,
      19,
      7,
      50,
      160,
      67,
      49,
      220,
      162,
      94,
      240,
      96,
      245,
      41,
      160,
      120,
      195,
      92,
      157,
      204,
      115,
      16,
      115,
      9,
      83,
      150,
      105,
      222,
      92,
      72
    ],
    "3": [
      54,
      83,
      178,
      117,
      27,
      147,
      212,
      113,
      116,
      178,
      0,
      152,
      254,
      212,
      216,
      201,
      180,
      116,
      202,
      119,
      42,
      111,
      145,
      226,
      158,
      87,
      16,
      20,
      216,
      161,
      7,
      182
    ],
    "34": [
      146,
      202,
      131,
      162,
      235,
      161,
      174,
      205,
      43,
      47,
      240,
      150,
      131,
      198,
      245,
      106,
      186,
      118,
      248,
      147,
      43,
      233,
      218,
      77,
      185,
      243,
      165,
      51,
      107,
      253,
      56,
      83
    ],
    "13": [
      121,
      63,
      27,
      183,
      254,
      216,
      200,
      82,
      189,
      142,
      130,
      216,
      242,
      221,
      120,
      76,
      250,
      199,
      228,
      158,
      1,
      218,
      80,
      59,
      5,
      141,
      241,
      91,
      43,
      113,
      147,
      35
    ],
    "15": [
      241,
      48,
      70,
      234,
      13,
      82,
      128,
      160,
      107,
      212,
      186,
      127,
      82,
      238,
      170,
      240,
      170,
      7,
      255,
      21,
      160,
      239,
      17,
      212,
      155,
      192,
      107,
      81,
      231,
      253,
      77,
      171
    ],
    "9": [
      75,
      108,
      95,
      60,
      161,
      63,
      235,
      189,
      157,
      148,
      19,
      100,
      77,
      120,
      49,
      171,
      98,
      31,
      115,
      214,
      53,
      165,
      196,
      191,
      34,
      15,
      188,
      255,
      207,
      197,
      226,
      8
    ],
    "11": [
      66,
      7,
      110,
      10,
      194,
      90,
      180,
      16,
      64,
      154,
      8,
      5,
      51,
      211,
      85,
      117,
      213,
      152,
      75,
      103,
      59,
      16,
      195,
      106,
      253,
      220,
      62,
      15,
      6,
      248,
      92,
      118
    ],
    "21": [
      145,
      99,
      86,
      99,
      227,
      21,
      38,
      127,
      51,
      92,
      138,
      165,
      214,
      185,
      246,
      227,
      163,
      204,
      50,
      141,
      94,
      207,
      72,
      234,
      21,
      153,
      95,
      192,
      133,
      179,
      12,
      182
    ],
    "23": [
      123,
      84,
      135,
      213,
      176,
      141,
      57,
      153,
      205,
      7,
      87,
      157,
      36,
      167,
      231,
      168,
      127,
      63,
      178,
      98,
      165,
      195,
      247,
      109,
      100,
      134,
      183,
      145,
      242,
      238,
      49,
      245
    ],
    "17": [
      102,
      222,
      151,
      183,
      107,
      156,
      78,
      123,
      24,
      125,
      237,
      191,
      171,
      217,
      175,
      202,
      10,
      235,
      74,
      183,
      36,
      233,
      33,
      22,
      54,
      237,
      88,
      186,
      189,
      138,
      123,
      210
    ],
    "19": [
      201,
      191,
      199,
      243,
      150,
      151,
      11,
      22,
      35,
      159,
      191,
      215,
      195,
      221,
      103,
      216,
      201,
      186,
      104,
      164,
      77,
      159,
      11,
      101,
      61,
      199,
      158,
      120,
      54,
      23,
      227,
      238
    ],
    "29": [
      141,
      83,
      206,
      176,
      5,
      15,
      109,
      181,
      96,
      251,
      83,
      110,
      244,
      103,
      69,
      31,
      165,
      41,
      28,
      231,
      134,
      248,
      122,
      30,
      163,
      65,
      121,
      166,
      61,
      9,
      249,
      83
    ],
    "31": [
      106,
      24,
      139,
      244,
      113,
      79,
      122,
      123,
      14,
      160,
      67,
      37,
      183,
      180,
      72,
      135,
      214,
      71,
      190,
      141,
      56,
      36,
      248,
      68,
      40,
      234,
      17,
      76,
      211,
      129,
      165,
      228
    ],
    "25": [
      145,
      65,
      142,
      253,
      22,
      178,
      18,
      220,
      211,
      189,
      121,
      54,
      100,
      150,
      31,
      8,
      26,
      5,
      115,
      170,
      212,
      31,
      236,
      102,
      142,
      31,
      36,
      9,
      30,
      34,
      22,
      81
    ],
    "27": [
      107,
      89,
      96,
      59,
      60,
      64,
      72,
      99,
      133,
      252,
      204,
      158,
      219,
      67,
      207,
      152,
      4,
      85,
      112,
      61,
      152,
      242,
      190,
      36,
      128,
      57,
      152,
      6,
      217,
      49,
      200,
      100
    ]
  },
  "my_cert": [],
  "my_cert_key": [],
  "root_cert": []
}