{
  "net_map": {
    "37": "127.0.0.1:8537",
    "4": "127.0.0.1:8504",
    "39": "127.0.0.1:8539",
    "6": "127.0.0.1:8506",
    "33": "127.0.0.1:8533",
    "0": "127.0.0.1:8500",
    "35": "127.0.0.1:8535",
    "2": "127.0.0.1:8502",
    "12": "127.0.0.1:8512",
    "14": "127.0.0.1:8514",
    "8": "127.0.0.1:8508",
    "10": "127.0.0.1:8510",
    "20": "127.0.0.1:8520",
    "22": "127.0.0.1:8522",
    "16": "127.0.0.1:8516",
    "18": "127.0.0.1:8518",
    "28": "127.0.0.1:8528",
    "30": "127.0.0.1:8530",
    "24": "127.0.0.1:8524",
    "26": "127.0.0.1:8526",
    "5": "127.0.0.1:8505",
    "36": "127.0.0.1:8536",
    "7": "127.0.0.1:8507",
    "38": "127.0.0.1:8538",
    "1": "127.0.0.1:8501",
    "32": "127.0.0.1:8532",
    "3": "127.0.0.1:8503",
    "34": "127.0.0.1:8534",
    "13": "127.0.0.1:8513",
    "15": "127.0.0.1:8515",
    "9": "127.0.0.1:8509",
    "40": "127.0.0.1:9000",
    "11": "127.0.0.1:8511",
    "21": "127.0.0.1:8521",
    "23": "127.0.0.1:8523",
    "17": "127.0.0.1:8517",
    "19": "127.0.0.1:8519",
    "29": "127.0.0.1:8529",
    "31": "127.0.0.1:8531",
    "25": "127.0.0.1:8525",
    "27": "127.0.0.1:8527"
  },
  "delta": 100,
  "id": 14,
  "num_nodes": 40,
  "num_faults": 13,
  "block_size": 100,
  "client_port": 7014,
  "client_addr": "0.0.0.0:5000",
  "payload": 0,
  "prot_payload": "cc,/home/akhil/research/EEBA/libchatter/",
  "crypto_alg": "NOPKI",
  "pk_map": {},
  "secret_key_bytes": [],
  "sk_map": {
    "37": [
      223,
      113,
      204,
      142,
      121,
      74,
      227,
      155,
      119,
      228,
      43,
      99,
      99,
      134,
      228,
      4,
      38,
      59,
      175,
      200,
      19,
      22,
      169,
      59,
      44,
      113,
      132,
      101,
      47,
      47,
      210,
      99
    ],
    "4": [
      71,
      81,
      74,
      131,
      78,
      182,
      16,
      174,
      55,
      90,
      124,
      17,
      81,
      132,
      36,
      59,
      122,
      47,
      15,
      191,
      33,
      73,
      176,
      76,
      136,
      18,
      95,
      119,
      156,
      199,
      107,
      30
    ],
    "39": [
      51,
      92,
      101,
      128,
      101,
      212,
      74,
      91,
      192,
      14,
      126,
      119,
      235,
      98,
      4,
      182,
      10,
      14,
      234,
      119,
      164,
      108,
      176,
      44,
      75,
      43,
      65,
      154,
      16,
      133,
      65,
      133
    ],
    "6": [
      139,
      232,
      146,
      207,
      188,
      48,
      183,
      69,
      210,
      58,
      131,
      59,
      150,
      4,
      231,
      222,
      163,
      168,
      38,
      229,
      139,
      37,
      166,
      249,
      10,
      37,
      148,
      44,
      204,
      207,
      155,
      182
    ],
    "33": [
      151,
      34,
      34,
      13,
      246,
      178,
      118,
      227,
      17,
      248,
      99,
      105,
      169,
      185,
      27,
      118,
      135,
      25,
      247,
      58,
      23,
      53,
      13,
      206,
      237,
      253,
      169,
      9,
      124,
      14,
      108,
      183
    ],
    "0": [
      133,
      85,
      105,
      152,
      233,
      126,
      161,
      226,
      41,
      101,
      188,
      102,
      218,
      89,
      142,
      131,
      246,
      25,
      86,
      204,
      161,
      187,
      243,
      100,
      52,
      216,
      107,
      229,
      34,
      15,
      171,
      22
    ],
    "35": [
      97,
      207,
      137,
      19,
      131,
      96,
      41,
      136,
      111,
      51,
      18,
      44,
      213,
      120,
      89,
      24,
      246,
      197,
      253,
      186,
      55,
      54,
      79,
      199,
      17,
      3,
      15,
      202,
      144,
      81,
      14,
      161
    ],
    "2": [
      158,
      220,
      121,
      20,
      73,
      110,
      26,
      5,
      203,
      2,
      9,
      112,
      17,
      167,
      88,
      49,
      21,
      89,
      28,
      55,
      220,
      48,
      220,
      177,
      81,
      228,
      124,
      177,
      74,
      143,
      137,
      187
    ],
    "12": [
      176,
      235,
      99,
      69,
      209,
      152,
      79,
      174,
      31,
      32,
      213,
      16,
      168,
      152,
      110,
      223,
      59,
      217,
      227,
      129,
      155,
      149,
      39,
      252,
      202,
      6,
      244,
      107,
      80,
      147,
      138,
      112
    ],
    "14": [
      252,
      134,
      135,
      185,
      78,
      201,
      192,
      84,
      155,
      152,
      215,
      18,
      122,
      13,
      103,
      75,
      55,
      149,
      212,
      230,
      123,
      23,
      73,
      32,
      249,
      227,
      170,
      40,
      209,
      59,
      45,
      5
    ],
    "8": [
      123,
      17,
      198,
      97,
      208,
      89,
      36,
      23,
      237,
      192,
      24,
      96,
      145,
      48,
      90,
      206,
      170,
      23,
      240,
      145,
      204,
      187,
      37,
      84,
      188,
      165,
      210,
      63,
      120,
      91,
      76,
      16
    ],
    "10": [
      197,
      167,
      102,
      14,
      224,
      103,
      31,
      239,
      165,
      168,
      125,
      116,
      169,
      62,
      180,
      125,
      88,
      7,
      211,
      63,
      111,
      108,
      87,
      177,
      6,
      120,
      185,
      239,
      80,
      241,
      137,
      203
    ],
    "20": [
      214,
      3,
      75,
      34,
      17,
      74,
      223,
      120,
      131,
      15,
      118,
      230,
      149,
      39,
      107,
      63,
      144,
      61,
      16,
      229,
      74,
      161,
      52,
      69,
      230,
      173,
      7,
      42,
      82,
      43,
      35,
      84
    ],
    "22": [
      109,
      101,
      221,
      13,
      52,
      11,
      254,
      98,
      172,
      248,
      81,
      67,
      54,
      17,
      93,
      199,
      88,
      182,
      217,
      198,
      158,
      232,
      84,
      99,
      234,
      10,
      64,
      143,
      40,
      161,
      128,
      59
    ],
    "16": [
      49,
      135,
      180,
      213,
      13,
      170,
      222,
      25,
      71,
      112,
      96,
      224,
      215,
      93,
      56,
      19,
      193,
      190,
      92,
      169,
      254,
      217,
      195,
      21,
      188,
      87,
      29,
      190,
      217,
      95,
      63,
      162
    ],
    "18": [
      211,
      181,
      153,
      106,
      124,
      162,
      123,
      198,
      251,
      24,
      17,
      102,
      175,
      185,
      70,
      181,
      73,
      165,
      158,
      103,
      55,
      208,
      123,
      91,
      14,
      46,
      53,
      186,
      242,
      223,
      147,
      10
    ],
    "28": [
      74,
      176,
      45,
      23,
      151,
      193,
      84,
      110,
      20,
      215,
      128,
      130,
      183,
      194,
      245,
      39,
      136,
      214,
      239,
      0,
      241,
      4,
      94,
      137,
      95,
      42,
      45,
      199,
      213,
      212,
      112,
      119
    ],
    "30": [
      165,
      214,
      84,
      0,
      196,
      238,
      56,
      140,
      48,
      2,
      61,
      136,
      160,
      38,
      44,
      144,
      184,
      249,
      250,
      19,
      67,
      47,
      157,
      56,
      203,
      13,
      190,
      128,
      45,
      45,
      177,
      33
    ],
    "24": [
      145,
      194,
      39,
      253,
      27,
      107,
      38,
      84,
      219,
      169,
      49,
      38,
      39,
      77,
      34,
      228,
      90,
      144,
      122,
      126,
      40,
      42,
      152,
      192,
      115,
      207,
      147,
      1,
      227,
      55,
      47,
      224
    ],
    "26": [
      106,
      87,
      127,
      95,
      95,
      8,
      103,
      86,
      246,
      225,
      192,
      120,
      113,
      202,
      120,
      64,
      42,
      190,
      211,
      77,
      241,
      42,
      58,
      34,
      71,
      195,
      205,
      243,
      38,
      47,
      142,
      17
    ],
    "5": [
      192,
      88,
      13,
      119,
      166,
      225,
      222,
      161,
      151,
      253,
      176,
      120,
      150,
      146,
      141,
      223,
      63,
      3,
      24,
      163,
      130,
      249,
      119,
      205,
      245,
      53,
      4,
      148,
      199,
      106,
      189,
      87
    ],
    "36": [
      241,
      127,
      218,
      227,
      225,
      202,
      46,
      192,
      34,
      210,
      192,
      165,
      176,
      50,
      193,
      78,
      15,
      177,
      249,
      126,
      11,
      96,
      2,
      241,
      247,
      71,
      251,
      234,
      58,
      59,
      73,
      45
    ],
    "7": [
      103,
      250,
      88,
      141,
      107,
      240,
      210,
      141,
      94,
      92,
      87,
      95,
      198,
      95,
      44,
      76,
      182,
      23,
      80,
      204,
      86,
      182,
      92,
      37,
      66,
      184,
      170,
      154,
      109,
      78,
      191,
      77
    ],
    "38": [
      179,
      202,
      209,
      38,
      27,
      147,
      90,
      3,
      27,
      99,
      8,
      113,
      0,
      222,
      235,
      234,
      152,
      106,
      237,
      50,
      107,
      216,
      46,
      172,
      162,
      252,
      1,
      195,
      6,
      53,
      161,
      48
    ],
    "1": [
      161,
      183,
      203,
      242,
      65,
      131,
      75,
      74,
      97,
      45,
      206,
      147,
      150,
      223,
      240,
      250,
      66,
      233,
      30,
      147,
      208,
      51,
      153,
      11,
      4,
      230,
      86,
      228,
      206,
      80,
      15,
      105
    ],
    "32": [
      76,
      14,
      252,
      7,
      250,
      189,
      74,
      77,
      205,
      59,
      194,
      212,
      235,
      214,
      101,
      81,
      146,
      213,
      84,
      169,
      246,
      184,
      63,
      236,
      129,
      115,
      53,
      22,
      119,
      209,
      116,
      13
    ],
    "3": [
      21,
      241,
      239,
      172,
      161,
      58,
      166,
      167,
      195,
      247,
      99,
      142,
      238,
      24,
      85,
      172,
      188,
      181,
      238,
      82,
      154,
      237,
      113,
      203,
      113,
      234,
      91,
      92,
      45,
      62,
      89,
      14
    ],
    "34": [
      172,
      49,
      218,
      18,
      178,
      87,
      90,
      141,
      164,
      212,
      255,
      209,
      35,
      154,
      38,
      16,
      41,
      160,
      208,
      72,
      25,
      185,
      176,
      115,
      31,
      15,
      78,
      81,
      121,
      114,
      43,
      9
    ],
    "13": [
      143,
      83,
      14,
      56,
      109,
      226,
      205,
      171,
      112,
      57,
      253,
      220,
      226,
      85,
      124,
      185,
      74,
      230,
      141,
      215,
      146,
      26,
      255,
      197,
      127,
      236,
      230,
      109,
      109,
      83,
      122,
      251
    ],
    "15": [
      46,
      13,
      172,
      133,
      229,
      191,
      63,
      196,
      219,
      19,
      208,
      227,
      86,
      17,
      212,
      73,
      99,
      19,
      9,
      97,
      82,
      168,
      8,
      67,
      79,
      159,
      24,
      61,
      218,
      210,
      133,
      224
    ],
    "9": [
      22,
      109,
      53,
      97,
      87,
      53,
      19,
      6,
      58,
      121,
      249,
      39,
      51,
      31,
      94,
      196,
      206,
      253,
      210,
      207,
      159,
      228,
      128,
      190,
      111,
      135,
      136,
      230,
      203,
      191,
      243,
      126
    ],
    "11": [
      12,
      225,
      164,
      93,
      123,
      120,
      110,
      148,
      81,
      217,
      99,
      157,
      204,
      242,
      121,
      113,
      49,
      89,
      118,
      117,
      41,
      179,
      29,
      51,
      41,
      114,
      186,
      189,
      35,
      17,
      161,
      70
    ],
    "21": [
      136,
      159,
      41,
      99,
      64,
      12,
      104,
      69,
      179,
      145,
      182,
      160,
      212,
      74,
      26,
      100,
      224,
      132,
      248,
      147,
      253,
      146,
      27,
      16,
      17,
      150,
      149,
      131,
      120,
      198,
      220,
      127
    ],
    "23": [
      83,
      205,
      212,
      83,
      229,
      65,
      234,
      138,
      26,
      210,
      35,
      63,
      18,
      227,
      112,
      221,
      135,
      90,
      157,
      248,
      119,
      145,
      45,
      138,
      116,
      218,
      131,
      234,
      165,
      37,
      201,
      243
    ],
    "17": [
      169,
      183,
      205,
      0,
      164,
      208,
      92,
      164,
      218,
      35,
      130,
      52,
      232,
      99,
      148,
      133,
      81,
      121,
      250,
      221,
      203,
      11,
      6,
      45,
      158,
      212,
      20,
      206,
      237,
      238,
      83,
      89
    ],
    "19": [
      186,
      31,
      101,
      34,
      122,
      165,
      21,
      181,
      103,
      35,
      135,
      196,
      246,
      141,
      150,
      21,
      96,
      148,
      53,
      0,
      225,
      47,
      187,
      145,
      67,
      199,
      239,
      211,
      32,
      78,
      229,
      32
    ],
    "29": [
      25,
      138,
      246,
      121,
      93,
      51,
      57,
      252,
      21,
      176,
      55,
      57,
      242,
      17,
      236,
      26,
      63,
      86,
      243,
      60,
      155,
      133,
      47,
      19,
      139,
      163,
      232,
      177,
      183,
      128,
      172,
      246
    ],
    "31": [
      52,
      132,
      109,
      21,
      97,
      80,
      221,
      41,
      14,
      99,
      134,
      37,
      98,
      95,
      224,
      76,
      25,
      199,
      248,
      13,
      17,
      165,
      144,
      126,
      61,
      61,
      75,
      35,
      181,
      162,
      71,
      22
    ],
    "25": [
      181,
      186,
      41,
      20,
      70,
      113,
      16,
      105,
      155,
      24,
      66,
      216,
      197,
      174,
      201,
      132,
      125,
      157,
      190,
      120,
      61,
      106,
      252,
      31,
      215,
      123,
      47,
      151,
      64,
      25,
      93,
      93
    ],
    "27": [
      49,
      113,
      171,
      125,
      185,
      247,
      178,
      35,
      206,
      159,
      201,
      110,
      45,
      111,
      85,
      203,
      172,
      218,
      238,
      153,
      49,
      135,
      192,
      148,
      179,
      175,
      145,
      176,
      51,
      17,
      197,
      240
    ]
  },
  "my_cert": [],
  "my_cert_key": [],
  "root_cert": []
}