{
  "net_map": {
    "37": "127.0.0.1:8537",
    "4": "127.0.0.1:8504",
    "39": "127.0.0.1:8539",
    "6": "127.0.0.1:8506",
    "33": "127.0.0.1:8533",
    "0": "127.0.0.1:8500",
    "35": "127.0.0.1:8535",
    "2": "127.0.0.1:8502",
    "12": "127.0.0.1:8512",
    "14": "127.0.0.1:8514",
    "8": "127.0.0.1:8508",
    "10": "127.0.0.1:8510",
    "20": "127.0.0.1:8520",
    "22": "127.0.0.1:8522",
    "16": "127.0.0.1:8516",
    "18": "127.0.0.1:8518",
    "28": "127.0.0.1:8528",
    "30": "127.0.0.1:8530",
    "24": "127.0.0.1:8524",
    "26": "127.0.0.1:8526",
    "5": "127.0.0.1:8505",
    "36": "127.0.0.1:8536",
    "7": "127.0.0.1:8507",
    "38": "127.0.0.1:8538",
    "1": "127.0.0.1:8501",
    "32": "127.0.0.1:8532",
    "3": "127.0.0.1:8503",
    "34": "127.0.0.1:8534",
    "13": "127.0.0.1:8513",
    "15": "127.0.0.1:8515",
    "9": "127.0.0.1:8509",
    "40": "127.0.0.1:9000",
    "11": "127.0.0.1:8511",
    "21": "127.0.0.1:8521",
    "23": "127.0.0.1:8523",
    "17": "127.0.0.1:8517",
    "19": "127.0.0.1:8519",
    "29": "127.0.0.1:8529",
    "31": "127.0.0.1:8531",
    "25": "127.0.0.1:8525",
    "27": "127.0.0.1:8527"
  },
  "delta": 100,
  "id": 37,
  "num_nodes": 40,
  "num_faults": 13,
  "block_size": 100,
  "client_port": 7037,
  "client_addr": "0.0.0.0:5000",
  "payload": 0,
  "prot_payload": "cc,/home/akhil/research/EEBA/libchatter/",
  "crypto_alg": "NOPKI",
  "pk_map": {},
  "secret_key_bytes": [],
  "sk_map": {
    "37": [
      141,
      187,
      243,
      46,
      187,
      253,
      237,
      63,
      24,
      180,
      46,
      234,
      56,
      53,
      236,
      94,
      20,
      64,
      119,
      172,
      138,
      100,
      187,
      48,
      22,
      197,
      226,
      54,
      104,
      93,
      138,
      236
    ],
    "4": [
      76,
      5,
      10,
      186,
      27,
      45,
      195,
      174,
      182,
      65,
      179,
      130,
      224,
      238,
      22,
      152,
      122,
      143,
      117,
      154,
      15,
      217,
      11,
      226,
      153,
      233,
      136,
      120,
      69,
      101,
      228,
      173
    ],
    "39": [
      28,
      173,
      218,
      109,
      247,
      16,
      234,
      41,
      25,
      46,
      66,
      183,
      65,
      157,
      142,
      243,
      169,
      221,
      241,
      56,
      174,
      173,
      202,
      56,
      124,
      119,
      230,
      157,
      66,
      60,
      122,
      55
    ],
    "6": [
      201,
      156,
      189,
      124,
      154,
      61,
      33,
      103,
      214,
      2,
      178,
      62,
      181,
      224,
      151,
      70,
      203,
      215,
      240,
      141,
      0,
      137,
      70,
      105,
      55,
      100,
      27,
      70,
      77,
      193,
      153,
      46
    ],
    "33": [
      153,
      180,
      120,
      177,
      49,
      123,
      244,
      70,
      51,
      234,
      31,
      132,
      123,
      239,
      97,
      158,
      173,
      88,
      89,
      254,
      202,
      28,
      114,
      33,
      4,
      98,
      109,
      32,
      176,
      111,
      139,
      65
    ],
    "0": [
      62,
      232,
      55,
      76,
      243,
      53,
      131,
      150,
      33,
      251,
      253,
      237,
      34,
      50,
      179,
      193,
      218,
      153,
      246,
      255,
      56,
      217,
      194,
      26,
      101,
      52,
      20,
      242,
      168,
      192,
      47,
      106
    ],
    "35": [
      231,
      162,
      118,
      226,
      17,
      147,
      142,
      61,
      181,
      40,
      96,
      186,
      145,
      4,
      235,
      56,
      197,
      10,
      17,
      128,
      159,
      118,
      171,
      19,
      175,
      45,
      58,
      47,
      163,
      197,
      106,
      59
    ],
    "2": [
      72,
      147,
      236,
      94,
      160,
      250,
      181,
      128,
      158,
      126,
      116,
      68,
      75,
      49,
      138,
      39,
      161,
      190,
      201,
      206,
      145,
      75,
      75,
      193,
      1,
      139,
      2,
      87,
      245,
      33,
      189,
      1
    ],
    "12": [
      153,
      120,
      33,
      3,
      252,
      11,
      134,
      188,
      85,
      7,
      13,
      233,
      121,
      85,
      81,
      38,
      85,
      75,
      12,
      247,
      161,
      28,
      31,
      39,
      39,
      189,
      53,
      125,
      223,
      125,
      64,
      34
    ],
    "14": [
      223,
      113,
      204,
      142,
      121,
      74,
      227,
      155,
      119,
      228,
      43,
      99,
      99,
      134,
      228,
      4,
      38,
      59,
      175,
      200,
      19,
      22,
      169,
      59,
      44,
      113,
      132,
      101,
      47,
      47,
      210,
      99
    ],
    "8": [
      106,
      199,
      116,
      87,
      142,
      133,
      252,
      211,
      159,
      36,
      205,
      142,
      236,
      62,
      161,
      189,
      55,
      153,
      253,
      171,
      10,
      86,
      105,
      171,
      82,
      190,
      45,
      17,
      79,
      70,
      163,
      219
    ],
    "10": [
      207,
      96,
      6,
      221,
      36,
      77,
      118,
      213,
      6,
      2,
      251,
      111,
      104,
      80,
      141,
      0,
      187,
      133,
      66,
      248,
      248,
      164,
      53,
      168,
      41,
      13,
      124,
      55,
      73,
      110,
      100,
      228
    ],
    "20": [
      248,
      157,
      104,
      151,
      208,
      61,
      131,
      161,
      169,
      60,
      61,
      170,
      140,
      216,
      83,
      20,
      183,
      5,
      105,
      22,
      76,
      75,
      233,
      76,
      231,
      138,
      223,
      96,
      253,
      86,
      143,
      126
    ],
    "22": [
      17,
      254,
      122,
      107,
      80,
      40,
      58,
      115,
      227,
      58,
      236,
      193,
      27,
      240,
      92,
      5,
      181,
      47,
      107,
      46,
      93,
      102,
      35,
      32,
      29,
      68,
      1,
      180,
      254,
      33,
      85,
      203
    ],
    "16": [
      6,
      61,
      71,
      23,
      132,
      204,
      79,
      23,
      111,
      15,
      136,
      164,
      49,
      175,
      243,
      208,
      234,
      6,
      230,
      160,
      203,
      252,
      120,
      78,
      181,
      131,
      85,
      90,
      166,
      131,
      102,
      59
    ],
    "18": [
      201,
      107,
      229,
      110,
      95,
      141,
      248,
      134,
      113,
      97,
      176,
      181,
      156,
      253,
      166,
      190,
      29,
      0,
      233,
      115,
      171,
      39,
      165,
      74,
      213,
      117,
      231,
      170,
      7,
      66,
      49,
      141
    ],
    "28": [
      80,
      143,
      242,
      66,
      99,
      71,
      77,
      120,
      244,
      64,
      254,
      200,
      146,
      61,
      182,
      177,
      242,
      226,
      61,
      183,
      155,
      107,
      11,
      231,
      115,
      152,
      162,
      166,
      106,
      90,
      186,
      105
    ],
    "30": [
      116,
      110,
      217,
      34,
      233,
      49,
      148,
      24,
      16,
      154,
      174,
      152,
      219,
      195,
      159,
      144,
      69,
      218,
      203,
      113,
      150,
      52,
      81,
      209,
      12,
      242,
      193,
      107,
      174,
      245,
      156,
      62
    ],
    "24": [
      204,
      47,
      143,
      177,
      11,
      81,
      222,
      193,
      144,
      231,
      228,
      37,
      52,
      221,
      42,
      218,
      103,
      92,
      138,
      236,
      86,
      158,
      226,
      136,
      79,
      70,
      183,
      229,
      21,
      149,
      134,
      159
    ],
    "26": [
      210,
      134,
      25,
      12,
      75,
      17,
      150,
      247,
      105,
      49,
      237,
      66,
      83,
      159,
      18,
      243,
      238,
      245,
      88,
      79,
      106,
      37,
      208,
      214,
      100,
      96,
      6,
      187,
      235,
      120,
      51,
      11
    ],
    "5": [
      42,
      94,
      75,
      124,
      181,
      60,
      134,
      54,
      248,
      177,
      209,
      144,
      53,
      102,
      166,
      233,
      213,
      83,
      52,
      118,
      98,
      73,
      165,
      172,
      118,
      29,
      186,
      99,
      104,
      164,
      114,
      80
    ],
    "36": [
      64,
      33,
      220,
      101,
      158,
      77,
      9,
      208,
      246,
      3,
      192,
      39,
      154,
      221,
      155,
      195,
      169,
      174,
      145,
      211,
      78,
      64,
      115,
      185,
      158,
      167,
      205,
      175,
      38,
      202,
      21,
      1
    ],
    "7": [
      154,
      192,
      78,
      106,
      98,
      179,
      78,
      161,
      196,
      35,
      59,
      56,
      129,
      87,
      6,
      153,
      80,
      99,
      92,
      231,
      249,
      166,
      209,
      66,
      117,
      9,
      136,
      228,
      218,
      121,
      83,
      222
    ],
    "38": [
      31,
      148,
      150,
      201,
      55,
      35,
      243,
      185,
      70,
      60,
      201,
      28,
      27,
      134,
      121,
      212,
      34,
      31,
      175,
      228,
      129,
      35,
      94,
      60,
      225,
      79,
      69,
      157,
      38,
      143,
      79,
      44
    ],
    "1": [
      232,
      45,
      55,
      10,
      85,
      22,
      76,
      196,
      161,
      33,
      240,
      222,
      158,
      165,
      129,
      226,
      120,
      209,
      198,
      184,
      87,
      240,
      8,
      128,
      226,
      116,
      184,
      54,
      192,
      118,
      12,
      24
    ],
    "32": [
      238,
      91,
      158,
      81,
      84,
      94,
      181,
      114,
      188,
      62,
      174,
      198,
      194,
      212,
      197,
      75,
      164,
      185,
      217,
      117,
      25,
      19,
      195,
      19,
      65,
      175,
      39,
      207,
      110,
      39,
      31,
      226
    ],
    "3": [
      14,
      232,
      253,
      125,
      141,
      2,
      16,
      186,
      208,
      238,
      52,
      4,
      81,
      150,
      201,
      48,
      200,
      164,
      233,
      170,
      218,
      225,
      196,
      156,
      214,
      212,
      160,
      211,
      113,
      250,
      142,
      32
    ],
    "34": [
      141,
      123,
      7,
      253,
      140,
      216,
      235,
      214,
      221,
      202,
      7,
      247,
      134,
      251,
      116,
      164,
      49,
      157,
      211,
      1,
      226,
      226,
      130,
      250,
      236,
      162,
      131,
      35,
      204,
      90,
      181,
      187
    ],
    "13": [
      18,
      144,
      255,
      50,
      5,
      253,
      148,
      72,
      169,
      180,
      221,
      235,
      72,
      10,
      190,
      207,
      145,
      79,
      119,
      36,
      109,
      163,
      109,
      7,
      64,
      139,
      227,
      252,
      89,
      11,
      8,
      185
    ],
    "15": [
      203,
      99,
      135,
      117,
      83,
      141,
      148,
      125,
      195,
      63,
      41,
      165,
      187,
      22,
      43,
      3,
      154,
      220,
      65,
      227,
      106,
      166,
      31,
      227,
      198,
      192,
      215,
      175,
      138,
      42,
      206,
      95
    ],
    "9": [
      4,
      126,
      138,
      64,
      130,
      177,
      63,
      111,
      225,
      136,
      240,
      248,
      217,
      125,
      48,
      59,
      200,
      217,
      203,
      110,
      186,
      75,
      175,
      155,
      169,
      30,
      153,
      16,
      132,
      203,
      175,
      32
    ],
    "11": [
      22,
      42,
      246,
      171,
      112,
      89,
      61,
      50,
      72,
      23,
      173,
      127,
      103,
      131,
      210,
      171,
      186,
      227,
      116,
      182,
      186,
      106,
      52,
      91,
      166,
      49,
      237,
      43,
      243,
      11,
      236,
      248
    ],
    "21": [
      139,
      15,
      11,
      92,
      161,
      201,
      27,
      223,
      190,
      154,
      151,
      200,
      71,
      235,
      165,
      11,
      19,
      63,
      186,
      143,
      87,
      9,
      147,
      252,
      1,
      175,
      248,
      21,
      53,
      28,
      87,
      181
    ],
    "23": [
      112,
      108,
      233,
      18,
      0,
      127,
      229,
      148,
      106,
      189,
      17,
      177,
      84,
      179,
      202,
      40,
      229,
      133,
      125,
      163,
      167,
      62,
      112,
      193,
      184,
      247,
      225,
      9,
      244,
      81,
      189,
      206
    ],
    "17": [
      171,
      205,
      33,
      54,
      252,
      42,
      187,
      239,
      197,
      234,
      187,
      167,
      123,
      108,
      176,
      100,
      245,
      101,
      70,
      10,
      117,
      165,
      92,
      159,
      220,
      170,
      57,
      127,
      229,
      149,
      6,
      7
    ],
    "19": [
      250,
      167,
      27,
      244,
      109,
      183,
      123,
      118,
      157,
      58,
      170,
      103,
      41,
      4,
      116,
      230,
      239,
      214,
      16,
      90,
      24,
      172,
      106,
      140,
      168,
      48,
      87,
      201,
      204,
      182,
      84,
      118
    ],
    "29": [
      230,
      6,
      111,
      183,
      231,
      40,
      106,
      128,
      93,
      231,
      186,
      87,
      16,
      147,
      37,
      12,
      153,
      114,
      22,
      156,
      220,
      212,
      254,
      208,
      152,
      133,
      145,
      206,
      191,
      208,
      56,
      180
    ],
    "31": [
      245,
      232,
      80,
      54,
      240,
      195,
      112,
      182,
      215,
      226,
      51,
      113,
      99,
      208,
      141,
      135,
      41,
      224,
      199,
      81,
      232,
      216,
      82,
      8,
      238,
      129,
      243,
      4,
      69,
      99,
      195,
      192
    ],
    "25": [
      94,
      53,
      163,
      252,
      211,
      83,
      63,
      156,
      179,
      40,
      117,
      171,
      97,
      36,
      244,
      250,
      215,
      173,
      39,
      187,
      199,
      36,
      115,
      156,
      255,
      251,
      130,
      118,
      42,
      183,
      58,
      118
    ],
    "27": [
      90,
      74,
      36,
      103,
      85,
      166,
      155,
      182,
      83,
      167,
      6,
      171,
      40,
      166,
      41,
      116,
      182,
      219,
      26,
      225,
      65,
      235,
      31,
      248,
      213,
      64,
      34,
      55,
      138,
      195,
      238,
      158
    ]
  },
  "my_cert": [],
  "my_cert_key": [],
  "root_cert": []
}