{
  "net_map": {
    "37": "127.0.0.1:8537",
    "4": "127.0.0.1:8504",
    "39": "127.0.0.1:8539",
    "6": "127.0.0.1:8506",
    "33": "127.0.0.1:8533",
    "0": "127.0.0.1:8500",
    "35": "127.0.0.1:8535",
    "2": "127.0.0.1:8502",
    "12": "127.0.0.1:8512",
    "14": "127.0.0.1:8514",
    "8": "127.0.0.1:8508",
    "10": "127.0.0.1:8510",
    "20": "127.0.0.1:8520",
    "22": "127.0.0.1:8522",
    "16": "127.0.0.1:8516",
    "18": "127.0.0.1:8518",
    "28": "127.0.0.1:8528",
    "30": "127.0.0.1:8530",
    "24": "127.0.0.1:8524",
    "26": "127.0.0.1:8526",
    "5": "127.0.0.1:8505",
    "36": "127.0.0.1:8536",
    "7": "127.0.0.1:8507",
    "38": "127.0.0.1:8538",
    "1": "127.0.0.1:8501",
    "32": "127.0.0.1:8532",
    "3": "127.0.0.1:8503",
    "34": "127.0.0.1:8534",
    "13": "127.0.0.1:8513",
    "15": "127.0.0.1:8515",
    "9": "127.0.0.1:8509",
    "40": "127.0.0.1:9000",
    "11": "127.0.0.1:8511",
    "21": "127.0.0.1:8521",
    "23": "127.0.0.1:8523",
    "17": "127.0.0.1:8517",
    "19": "127.0.0.1:8519",
    "29": "127.0.0.1:8529",
    "31": "127.0.0.1:8531",
    "25": "127.0.0.1:8525",
    "27": "127.0.0.1:8527"
  },
  "delta": 100,
  "id": 6,
  "num_nodes": 40,
  "num_faults": 13,
  "block_size": 100,
  "client_port": 7006,
  "client_addr": "0.0.0.0:5000",
  "payload": 0,
  "prot_payload": "cc,/home/akhil/research/EEBA/libchatter/",
  "crypto_alg": "NOPKI",
  "pk_map": {},
  "secret_key_bytes": [],
  "sk_map": {
    "37": [
      201,
      156,
      189,
      124,
      154,
      61,
      33,
      103,
      214,
      2,
      178,
      62,
      181,
      224,
      151,
      70,
      203,
      215,
      240,
      141,
      0,
      137,
      70,
      105,
      55,
      100,
      27,
      70,
      77,
      193,
      153,
      46
    ],
    "4": [
      121,
      174,
      180,
      213,
      114,
      200,
      1,
      208,
      103,
      91,
      212,
      53,
      84,
      32,
      93,
      142,
      247,
      209,
      180,
      155,
      209,
      131,
      57,
      90,
      247,
      67,
      159,
      253,
      83,
      4,
      174,
      143
    ],
    "39": [
      226,
      222,
      63,
      171,
      56,
      55,
      128,
      218,
      117,
      183,
      193,
      135,
      95,
      247,
      249,
      85,
      13,
      129,
      122,
      191,
      107,
      147,
      122,
      241,
      200,
      228,
      154,
      154,
      12,
      195,
      22,
      250
    ],
    "6": [
      174,
      144,
      226,
      13,
      131,
      45,
      17,
      84,
      191,
      230,
      96,
      66,
      236,
      94,
      110,
      186,
      51,
      242,
      82,
      203,
      105,
      232,
      11,
      214,
      109,
      224,
      238,
      91,
      116,
      183,
      118,
      156
    ],
    "33": [
      37,
      87,
      102,
      242,
      149,
      149,
      76,
      170,
      232,
      174,
      127,
      154,
      245,
      1,
      35,
      218,
      48,
      230,
      108,
      97,
      107,
      118,
      247,
      74,
      211,
      193,
      158,
      210,
      159,
      133,
      109,
      58
    ],
    "0": [
      77,
      246,
      156,
      222,
      185,
      245,
      66,
      77,
      111,
      184,
      174,
      228,
      83,
      229,
      66,
      51,
      31,
      218,
      24,
      107,
      190,
      118,
      58,
      159,
      19,
      112,
      145,
      241,
      110,
      159,
      71,
      131
    ],
    "35": [
      55,
      78,
      124,
      57,
      239,
      120,
      117,
      56,
      17,
      242,
      102,
      122,
      87,
      142,
      43,
      153,
      33,
      253,
      86,
      66,
      70,
      130,
      14,
      49,
      72,
      220,
      18,
      59,
      198,
      83,
      52,
      59
    ],
    "2": [
      75,
      114,
      253,
      67,
      146,
      178,
      65,
      187,
      207,
      146,
      165,
      45,
      179,
      125,
      242,
      244,
      245,
      55,
      33,
      24,
      163,
      255,
      161,
      175,
      135,
      218,
      6,
      153,
      96,
      128,
      94,
      25
    ],
    "12": [
      238,
      125,
      40,
      189,
      159,
      32,
      219,
      121,
      117,
      44,
      2,
      170,
      74,
      85,
      155,
      49,
      122,
      202,
      83,
      227,
      28,
      129,
      61,
      124,
      222,
      174,
      148,
      170,
      127,
      191,
      211,
      232
    ],
    "14": [
      139,
      232,
      146,
      207,
      188,
      48,
      183,
      69,
      210,
      58,
      131,
      59,
      150,
      4,
      231,
      222,
      163,
      168,
      38,
      229,
      139,
      37,
      166,
      249,
      10,
      37,
      148,
      44,
      204,
      207,
      155,
      182
    ],
    "8": [
      243,
      186,
      97,
      114,
      10,
      189,
      205,
      29,
      154,
      4,
      171,
      159,
      78,
      15,
      67,
      85,
      27,
      230,
      176,
      107,
      185,
      25,
      118,
      144,
      58,
      46,
      95,
      81,
      252,
      231,
      246,
      205
    ],
    "10": [
      167,
      102,
      147,
      112,
      254,
      187,
      240,
      69,
      218,
      153,
      151,
      198,
      10,
      6,
      253,
      100,
      51,
      41,
      177,
      67,
      70,
      78,
      249,
      122,
      71,
      170,
      148,
      154,
      204,
      106,
      123,
      15
    ],
    "20": [
      233,
      83,
      23,
      28,
      104,
      243,
      155,
      5,
      191,
      71,
      233,
      22,
      225,
      187,
      64,
      39,
      140,
      203,
      10,
      114,
      155,
      60,
      209,
      173,
      39,
      232,
      90,
      87,
      17,
      46,
      209,
      175
    ],
    "22": [
      71,
      184,
      52,
      17,
      76,
      70,
      97,
      95,
      213,
      252,
      86,
      94,
      43,
      81,
      118,
      33,
      76,
      109,
      215,
      230,
      57,
      170,
      118,
      158,
      190,
      226,
      32,
      123,
      68,
      77,
      234,
      133
    ],
    "16": [
      14,
      47,
      137,
      91,
      198,
      178,
      139,
      12,
      104,
      117,
      50,
      175,
      89,
      43,
      229,
      163,
      26,
      162,
      109,
      105,
      110,
      216,
      99,
      16,
      246,
      227,
      101,
      131,
      223,
      17,
      220,
      255
    ],
    "18": [
      44,
      34,
      153,
      190,
      220,
      81,
      100,
      84,
      6,
      118,
      59,
      181,
      57,
      61,
      14,
      77,
      99,
      138,
      33,
      222,
      0,
      104,
      221,
      177,
      59,
      59,
      170,
      225,
      250,
      233,
      65,
      127
    ],
    "28": [
      184,
      167,
      92,
      248,
      17,
      247,
      131,
      13,
      88,
      121,
      87,
      122,
      92,
      117,
      160,
      76,
      192,
      169,
      92,
      219,
      153,
      138,
      206,
      102,
      18,
      2,
      230,
      57,
      111,
      62,
      74,
      52
    ],
    "30": [
      119,
      11,
      221,
      200,
      28,
      229,
      63,
      56,
      75,
      174,
      16,
      89,
      149,
      8,
      23,
      151,
      34,
      104,
      210,
      71,
      245,
      70,
      9,
      82,
      38,
      207,
      116,
      246,
      118,
      220,
      89,
      164
    ],
    "24": [
      186,
      64,
      11,
      82,
      20,
      151,
      249,
      254,
      45,
      87,
      3,
      54,
      228,
      194,
      178,
      208,
      221,
      106,
      35,
      69,
      116,
      10,
      196,
      182,
      117,
      6,
      31,
      131,
      126,
      141,
      169,
      248
    ],
    "26": [
      160,
      71,
      98,
      165,
      246,
      72,
      3,
      181,
      232,
      31,
      249,
      145,
      44,
      117,
      96,
      198,
      10,
      166,
      141,
      57,
      96,
      202,
      116,
      42,
      112,
      126,
      172,
      228,
      86,
      86,
      60,
      165
    ],
    "5": [
      21,
      187,
      124,
      107,
      40,
      51,
      111,
      117,
      144,
      146,
      65,
      152,
      3,
      58,
      2,
      192,
      47,
      215,
      247,
      187,
      182,
      119,
      137,
      145,
      137,
      13,
      58,
      186,
      210,
      190,
      5,
      209
    ],
    "36": [
      196,
      168,
      45,
      130,
      239,
      226,
      67,
      106,
      106,
      46,
      225,
      75,
      254,
      114,
      104,
      24,
      82,
      180,
      173,
      108,
      223,
      46,
      221,
      154,
      36,
      252,
      172,
      214,
      79,
      186,
      225,
      106
    ],
    "7": [
      167,
      233,
      213,
      255,
      234,
      94,
      154,
      197,
      34,
      144,
      193,
      52,
      79,
      182,
      116,
      5,
      217,
      189,
      46,
      138,
      20,
      40,
      217,
      206,
      50,
      228,
      76,
      233,
      74,
      73,
      48,
      239
    ],
    "38": [
      170,
      66,
      233,
      228,
      167,
      53,
      132,
      115,
      230,
      101,
      231,
      11,
      250,
      168,
      158,
      73,
      217,
      247,
      184,
      207,
      90,
      170,
      204,
      169,
      223,
      29,
      242,
      199,
      121,
      38,
      220,
      212
    ],
    "1": [
      71,
      155,
      224,
      88,
      173,
      230,
      180,
      160,
      152,
      201,
      206,
      84,
      119,
      215,
      43,
      51,
      85,
      105,
      60,
      229,
      77,
      11,
      164,
      113,
      61,
      149,
      179,
      156,
      224,
      60,
      117,
      61
    ],
    "32": [
      152,
      161,
      116,
      146,
      67,
      118,
      34,
      162,
      103,
      10,
      196,
      13,
      42,
      84,
      108,
      65,
      241,
      97,
      196,
      93,
      17,
      83,
      84,
      71,
      23,
      102,
      28,
      9,
      132,
      120,
      230,
      158
    ],
    "3": [
      235,
      245,
      167,
      254,
      185,
      138,
      53,
      131,
      244,
      229,
      229,
      23,
      167,
      9,
      212,
      228,
      226,
      155,
      72,
      165,
      120,
      241,
      221,
      245,
      211,
      189,
      47,
      51,
      112,
      192,
      197,
      43
    ],
    "34": [
      39,
      137,
      72,
      111,
      63,
      23,
      200,
      126,
      211,
      214,
      114,
      129,
      34,
      254,
      223,
      97,
      158,
      196,
      244,
      210,
      79,
      53,
      193,
      151,
      166,
      232,
      7,
      136,
      249,
      209,
      201,
      159
    ],
    "13": [
      219,
      255,
      130,
      116,
      110,
      209,
      4,
      31,
      185,
      30,
      59,
      140,
      1,
      93,
      37,
      152,
      218,
      53,
      91,
      209,
      244,
      128,
      16,
      110,
      191,
      236,
      63,
      198,
      217,
      218,
      35,
      245
    ],
    "15": [
      141,
      4,
      91,
      246,
      128,
      92,
      75,
      33,
      178,
      80,
      100,
      16,
      162,
      114,
      198,
      116,
      94,
      50,
      116,
      62,
      96,
      96,
      89,
      31,
      207,
      157,
      15,
      74,
      154,
      42,
      195,
      37
    ],
    "9": [
      179,
      210,
      97,
      178,
      178,
      164,
      248,
      245,
      217,
      203,
      159,
      209,
      230,
      17,
      71,
      171,
      202,
      221,
      248,
      27,
      4,
      113,
      3,
      107,
      97,
      141,
      221,
      25,
      25,
      114,
      188,
      77
    ],
    "11": [
      61,
      248,
      91,
      95,
      157,
      29,
      206,
      137,
      252,
      72,
      87,
      32,
      11,
      169,
      66,
      119,
      7,
      156,
      34,
      98,
      193,
      244,
      25,
      180,
      48,
      68,
      48,
      193,
      100,
      223,
      220,
      248
    ],
    "21": [
      228,
      171,
      225,
      68,
      13,
      182,
      166,
      70,
      21,
      241,
      178,
      253,
      147,
      16,
      205,
      66,
      85,
      16,
      17,
      232,
      230,
      164,
      138,
      84,
      23,
      244,
      30,
      213,
      182,
      237,
      49,
      190
    ],
    "23": [
      144,
      214,
      21,
      182,
      3,
      37,
      1,
      240,
      196,
      227,
      116,
      122,
      107,
      17,
      96,
      184,
      136,
      75,
      188,
      160,
      232,
      32,
      6,
      47,
      108,
      254,
      73,
      31,
      142,
      89,
      157,
      71
    ],
    "17": [
      33,
      155,
      241,
      58,
      4,
      57,
      193,
      182,
      61,
      185,
      148,
      174,
      204,
      141,
      13,
      223,
      134,
      91,
      132,
      231,
      123,
      63,
      166,
      253,
      161,
      78,
      69,
      215,
      39,
      251,
      223,
      199
    ],
    "19": [
      113,
      160,
      118,
      180,
      59,
      99,
      1,
      27,
      234,
      84,
      234,
      203,
      84,
      180,
      188,
      24,
      149,
      5,
      245,
      108,
      78,
      212,
      181,
      89,
      241,
      88,
      230,
      191,
      138,
      231,
      152,
      136
    ],
    "29": [
      88,
      104,
      132,
      36,
      96,
      195,
      217,
      167,
      221,
      231,
      243,
      208,
      6,
      1,
      36,
      181,
      239,
      50,
      51,
      222,
      197,
      243,
      153,
      123,
      18,
      201,
      95,
      157,
      8,
      55,
      58,
      202
    ],
    "31": [
      165,
      169,
      109,
      197,
      226,
      165,
      142,
      111,
      190,
      186,
      34,
      240,
      87,
      82,
      25,
      42,
      31,
      130,
      127,
      221,
      215,
      155,
      232,
      68,
      15,
      139,
      253,
      102,
      122,
      147,
      244,
      123
    ],
    "25": [
      127,
      61,
      100,
      17,
      180,
      74,
      125,
      106,
      15,
      7,
      69,
      88,
      164,
      48,
      221,
      22,
      84,
      78,
      71,
      58,
      189,
      79,
      239,
      68,
      223,
      174,
      123,
      186,
      88,
      83,
      153,
      49
    ],
    "27": [
      156,
      236,
      150,
      71,
      167,
      16,
      250,
      5,
      162,
      25,
      57,
      69,
      83,
      34,
      16,
      54,
      147,
      237,
      72,
      65,
      237,
      164,
      141,
      1,
      158,
      33,
      142,
      13,
      129,
      217,
      217,
      22
    ]
  },
  "my_cert": [],
  "my_cert_key": [],
  "root_cert": []
}