{
  "net_map": {
    "37": "127.0.0.1:8537",
    "4": "127.0.0.1:8504",
    "39": "127.0.0.1:8539",
    "6": "127.0.0.1:8506",
    "33": "127.0.0.1:8533",
    "0": "127.0.0.1:8500",
    "35": "127.0.0.1:8535",
    "2": "127.0.0.1:8502",
    "12": "127.0.0.1:8512",
    "14": "127.0.0.1:8514",
    "8": "127.0.0.1:8508",
    "10": "127.0.0.1:8510",
    "20": "127.0.0.1:8520",
    "22": "127.0.0.1:8522",
    "16": "127.0.0.1:8516",
    "18": "127.0.0.1:8518",
    "28": "127.0.0.1:8528",
    "30": "127.0.0.1:8530",
    "24": "127.0.0.1:8524",
    "26": "127.0.0.1:8526",
    "5": "127.0.0.1:8505",
    "36": "127.0.0.1:8536",
    "7": "127.0.0.1:8507",
    "38": "127.0.0.1:8538",
    "1": "127.0.0.1:8501",
    "32": "127.0.0.1:8532",
    "3": "127.0.0.1:8503",
    "34": "127.0.0.1:8534",
    "13": "127.0.0.1:8513",
    "15": "127.0.0.1:8515",
    "9": "127.0.0.1:8509",
    "40": "127.0.0.1:9000",
    "11": "127.0.0.1:8511",
    "21": "127.0.0.1:8521",
    "23": "127.0.0.1:8523",
    "17": "127.0.0.1:8517",
    "19": "127.0.0.1:8519",
    "29": "127.0.0.1:8529",
    "31": "127.0.0.1:8531",
    "25": "127.0.0.1:8525",
    "27": "127.0.0.1:8527"
  },
  "delta": 100,
  "id": 16,
  "num_nodes": 40,
  "num_faults": 13,
  "block_size": 100,
  "client_port": 7016,
  "client_addr": "0.0.0.0:5000",
  "payload": 0,
  "prot_payload": "cc,/home/akhil/research/EEBA/libchatter/",
  "crypto_alg": "NOPKI",
  "pk_map": {},
  "secret_key_bytes": [],
  "sk_map": {
    "37": [
      6,
      61,
      71,
      23,
      132,
      204,
      79,
      23,
      111,
      15,
      136,
      164,
      49,
      175,
      243,
      208,
      234,
      6,
      230,
      160,
      203,
      252,
      120,
      78,
      181,
      131,
      85,
      90,
      166,
      131,
      102,
      59
    ],
    "4": [
      56,
      115,
      12,
      45,
      91,
      122,
      59,
      198,
      207,
      20,
      172,
      33,
      86,
      168,
      172,
      162,
      90,
      202,
      235,
      19,
      178,
      39,
      79,
      30,
      142,
      173,
      40,
      232,
      131,
      44,
      133,
      107
    ],
    "39": [
      148,
      5,
      60,
      155,
      149,
      11,
      235,
      238,
      240,
      35,
      227,
      177,
      84,
      213,
      25,
      80,
      75,
      165,
      119,
      172,
      0,
      80,
      120,
      158,
      191,
      202,
      27,
      69,
      193,
      87,
      74,
      28
    ],
    "6": [
      14,
      47,
      137,
      91,
      198,
      178,
      139,
      12,
      104,
      117,
      50,
      175,
      89,
      43,
      229,
      163,
      26,
      162,
      109,
      105,
      110,
      216,
      99,
      16,
      246,
      227,
      101,
      131,
      223,
      17,
      220,
      255
    ],
    "33": [
      202,
      9,
      12,
      185,
      128,
      128,
      115,
      138,
      212,
      203,
      131,
      236,
      87,
      95,
      243,
      102,
      103,
      137,
      46,
      173,
      180,
      145,
      44,
      173,
      174,
      179,
      19,
      231,
      85,
      77,
      192,
      18
    ],
    "0": [
      3,
      49,
      37,
      105,
      55,
      180,
      14,
      87,
      25,
      125,
      30,
      33,
      229,
      101,
      159,
      60,
      241,
      151,
      222,
      228,
      89,
      136,
      161,
      222,
      2,
      223,
      170,
      217,
      86,
      74,
      55,
      149
    ],
    "35": [
      36,
      49,
      56,
      62,
      252,
      167,
      77,
      161,
      109,
      149,
      26,
      66,
      4,
      50,
      190,
      147,
      68,
      124,
      31,
      240,
      153,
      141,
      39,
      68,
      17,
      29,
      43,
      118,
      156,
      31,
      156,
      102
    ],
    "2": [
      99,
      84,
      129,
      70,
      160,
      117,
      252,
      175,
      69,
      158,
      193,
      1,
      40,
      222,
      229,
      191,
      222,
      43,
      224,
      89,
      209,
      208,
      122,
      154,
      229,
      147,
      90,
      236,
      171,
      48,
      19,
      22
    ],
    "12": [
      161,
      196,
      148,
      26,
      154,
      32,
      172,
      194,
      81,
      217,
      156,
      17,
      125,
      16,
      99,
      69,
      195,
      218,
      41,
      184,
      3,
      236,
      104,
      71,
      209,
      24,
      211,
      31,
      87,
      214,
      171,
      154
    ],
    "14": [
      49,
      135,
      180,
      213,
      13,
      170,
      222,
      25,
      71,
      112,
      96,
      224,
      215,
      93,
      56,
      19,
      193,
      190,
      92,
      169,
      254,
      217,
      195,
      21,
      188,
      87,
      29,
      190,
      217,
      95,
      63,
      162
    ],
    "8": [
      78,
      82,
      86,
      209,
      8,
      144,
      218,
      107,
      102,
      111,
      197,
      186,
      90,
      106,
      123,
      217,
      243,
      56,
      175,
      79,
      234,
      179,
      14,
      119,
      76,
      30,
      72,
      133,
      162,
      34,
      102,
      214
    ],
    "10": [
      34,
      189,
      207,
      52,
      144,
      33,
      166,
      12,
      218,
      199,
      149,
      186,
      144,
      82,
      177,
      108,
      80,
      90,
      42,
      137,
      81,
      162,
      129,
      250,
      127,
      166,
      113,
      67,
      65,
      207,
      126,
      101
    ],
    "20": [
      33,
      34,
      68,
      111,
      176,
      208,
      99,
      207,
      97,
      174,
      237,
      78,
      158,
      184,
      218,
      221,
      207,
      70,
      128,
      46,
      164,
      49,
      106,
      122,
      152,
      237,
      108,
      100,
      41,
      185,
      171,
      140
    ],
    "22": [
      84,
      210,
      204,
      130,
      35,
      140,
      144,
      12,
      228,
      131,
      224,
      114,
      166,
      165,
      84,
      237,
      0,
      239,
      85,
      150,
      141,
      109,
      30,
      97,
      47,
      1,
      198,
      201,
      179,
      202,
      79,
      33
    ],
    "16": [
      191,
      40,
      191,
      45,
      104,
      8,
      109,
      210,
      91,
      208,
      31,
      10,
      96,
      234,
      20,
      237,
      223,
      244,
      44,
      155,
      63,
      81,
      85,
      22,
      183,
      72,
      155,
      161,
      114,
      250,
      163,
      155
    ],
    "18": [
      70,
      178,
      234,
      236,
      227,
      154,
      184,
      34,
      188,
      97,
      130,
      1,
      189,
      251,
      193,
      79,
      183,
      89,
      187,
      154,
      43,
      131,
      3,
      154,
      60,
      39,
      122,
      108,
      222,
      157,
      199,
      100
    ],
    "28": [
      181,
      169,
      83,
      175,
      90,
      167,
      78,
      191,
      128,
      160,
      112,
      243,
      59,
      101,
      114,
      43,
      201,
      194,
      194,
      196,
      232,
      99,
      78,
      199,
      244,
      65,
      106,
      242,
      28,
      112,
      168,
      86
    ],
    "30": [
      187,
      194,
      33,
      152,
      238,
      122,
      236,
      85,
      141,
      60,
      173,
      128,
      43,
      88,
      103,
      109,
      63,
      168,
      24,
      180,
      148,
      93,
      103,
      173,
      188,
      250,
      158,
      38,
      193,
      159,
      234,
      162
    ],
    "24": [
      99,
      79,
      241,
      152,
      96,
      236,
      78,
      129,
      221,
      172,
      85,
      104,
      113,
      102,
      60,
      73,
      170,
      35,
      75,
      243,
      191,
      20,
      105,
      226,
      116,
      117,
      214,
      156,
      76,
      128,
      167,
      122
    ],
    "26": [
      45,
      195,
      130,
      223,
      102,
      71,
      39,
      250,
      6,
      171,
      109,
      162,
      3,
      108,
      94,
      220,
      224,
      68,
      167,
      53,
      181,
      168,
      0,
      242,
      3,
      173,
      46,
      164,
      94,
      6,
      197,
      249
    ],
    "5": [
      224,
      23,
      35,
      145,
      173,
      46,
      175,
      73,
      13,
      31,
      102,
      143,
      167,
      213,
      42,
      30,
      130,
      17,
      67,
      116,
      230,
      221,
      154,
      38,
      110,
      86,
      254,
      135,
      98,
      44,
      80,
      33
    ],
    "36": [
      120,
      103,
      248,
      220,
      92,
      131,
      209,
      165,
      157,
      231,
      168,
      32,
      65,
      23,
      209,
      49,
      65,
      194,
      154,
      85,
      83,
      113,
      13,
      70,
      247,
      18,
      105,
      108,
      175,
      242,
      184,
      19
    ],
    "7": [
      150,
      206,
      248,
      8,
      255,
      68,
      179,
      32,
      117,
      167,
      238,
      169,
      101,
      178,
      115,
      151,
      169,
      136,
      63,
      165,
      12,
      209,
      92,
      22,
      225,
      49,
      82,
      245,
      249,
      235,
      63,
      138
    ],
    "38": [
      71,
      89,
      65,
      197,
      126,
      226,
      137,
      185,
      240,
      95,
      86,
      63,
      29,
      46,
      111,
      64,
      88,
      147,
      167,
      246,
      77,
      209,
      126,
      161,
      158,
      231,
      142,
      252,
      105,
      234,
      50,
      87
    ],
    "1": [
      156,
      177,
      80,
      88,
      113,
      206,
      139,
      91,
      36,
      124,
      72,
      231,
      30,
      100,
      145,
      88,
      36,
      178,
      153,
      83,
      183,
      174,
      86,
      162,
      143,
      228,
      115,
      175,
      63,
      244,
      200,
      60
    ],
    "32": [
      108,
      79,
      88,
      57,
      16,
      129,
      10,
      207,
      82,
      174,
      111,
      203,
      110,
      4,
      42,
      15,
      34,
      128,
      82,
      171,
      29,
      138,
      218,
      120,
      203,
      3,
      231,
      211,
      254,
      189,
      78,
      56
    ],
    "3": [
      191,
      156,
      250,
      36,
      52,
      176,
      43,
      246,
      151,
      131,
      180,
      231,
      234,
      194,
      52,
      34,
      149,
      72,
      102,
      147,
      123,
      12,
      39,
      50,
      185,
      147,
      163,
      165,
      186,
      211,
      232,
      10
    ],
    "34": [
      216,
      226,
      46,
      140,
      228,
      236,
      147,
      120,
      218,
      158,
      111,
      95,
      49,
      74,
      21,
      245,
      8,
      14,
      180,
      234,
      9,
      5,
      15,
      30,
      25,
      31,
      203,
      57,
      176,
      121,
      29,
      59
    ],
    "13": [
      255,
      219,
      181,
      137,
      86,
      233,
      24,
      136,
      4,
      87,
      200,
      229,
      29,
      101,
      228,
      155,
      108,
      180,
      21,
      36,
      23,
      144,
      248,
      56,
      0,
      113,
      194,
      126,
      248,
      121,
      236,
      4
    ],
    "15": [
      16,
      14,
      153,
      229,
      139,
      199,
      162,
      93,
      168,
      112,
      68,
      35,
      105,
      12,
      178,
      161,
      58,
      225,
      124,
      104,
      67,
      191,
      252,
      98,
      100,
      148,
      27,
      229,
      52,
      120,
      90,
      221
    ],
    "9": [
      54,
      14,
      28,
      22,
      217,
      46,
      187,
      228,
      189,
      180,
      143,
      177,
      25,
      253,
      138,
      130,
      154,
      147,
      93,
      252,
      153,
      81,
      165,
      226,
      131,
      4,
      91,
      252,
      246,
      237,
      245,
      114
    ],
    "11": [
      15,
      183,
      146,
      94,
      147,
      64,
      40,
      177,
      158,
      66,
      61,
      248,
      194,
      41,
      245,
      92,
      212,
      22,
      20,
      144,
      97,
      32,
      181,
      106,
      179,
      203,
      27,
      128,
      114,
      152,
      121,
      150
    ],
    "21": [
      123,
      233,
      12,
      222,
      204,
      101,
      113,
      230,
      245,
      27,
      110,
      199,
      232,
      205,
      169,
      204,
      153,
      31,
      126,
      62,
      126,
      248,
      156,
      137,
      79,
      165,
      184,
      222,
      129,
      195,
      171,
      45
    ],
    "23": [
      239,
      5,
      69,
      145,
      52,
      24,
      3,
      249,
      0,
      76,
      19,
      113,
      4,
      183,
      110,
      224,
      23,
      18,
      18,
      224,
      20,
      79,
      195,
      246,
      214,
      47,
      205,
      220,
      44,
      181,
      82,
      178
    ],
    "17": [
      4,
      217,
      199,
      146,
      142,
      193,
      174,
      71,
      90,
      171,
      122,
      26,
      51,
      207,
      61,
      30,
      76,
      111,
      147,
      124,
      223,
      214,
      202,
      229,
      211,
      91,
      183,
      137,
      102,
      47,
      161,
      123
    ],
    "19": [
      110,
      217,
      232,
      67,
      97,
      54,
      8,
      87,
      253,
      152,
      149,
      159,
      167,
      15,
      212,
      108,
      215,
      109,
      245,
      104,
      193,
      15,
      88,
      249,
      22,
      73,
      155,
      56,
      97,
      40,
      66,
      204
    ],
    "29": [
      37,
      122,
      159,
      74,
      215,
      97,
      211,
      15,
      139,
      68,
      215,
      205,
      98,
      243,
      3,
      180,
      202,
      244,
      90,
      140,
      218,
      15,
      60,
      58,
      96,
      239,
      134,
      109,
      107,
      220,
      44,
      13
    ],
    "31": [
      179,
      174,
      112,
      176,
      90,
      9,
      71,
      221,
      130,
      229,
      53,
      108,
      247,
      57,
      54,
      123,
      84,
      190,
      33,
      73,
      236,
      17,
      135,
      96,
      10,
      60,
      15,
      183,
      221,
      81,
      209,
      244
    ],
    "25": [
      118,
      231,
      222,
      244,
      53,
      21,
      80,
      210,
      119,
      33,
      122,
      82,
      50,
      140,
      173,
      90,
      195,
      188,
      196,
      5,
      178,
      180,
      184,
      220,
      57,
      227,
      78,
      29,
      174,
      156,
      134,
      90
    ],
    "27": [
      249,
      22,
      58,
      182,
      14,
      201,
      236,
      252,
      180,
      123,
      199,
      179,
      134,
      217,
      32,
      166,
      7,
      215,
      89,
      31,
      113,
      204,
      204,
      167,
      230,
      95,
      84,
      243,
      46,
      183,
      146,
      72
    ]
  },
  "my_cert": [],
  "my_cert_key": [],
  "root_cert": []
}