{
  "net_map": {
    "37": "127.0.0.1:8537",
    "4": "127.0.0.1:8504",
    "39": "127.0.0.1:8539",
    "6": "127.0.0.1:8506",
    "33": "127.0.0.1:8533",
    "0": "127.0.0.1:8500",
    "35": "127.0.0.1:8535",
    "2": "127.0.0.1:8502",
    "12": "127.0.0.1:8512",
    "14": "127.0.0.1:8514",
    "8": "127.0.0.1:8508",
    "10": "127.0.0.1:8510",
    "20": "127.0.0.1:8520",
    "22": "127.0.0.1:8522",
    "16": "127.0.0.1:8516",
    "18": "127.0.0.1:8518",
    "28": "127.0.0.1:8528",
    "30": "127.0.0.1:8530",
    "24": "127.0.0.1:8524",
    "26": "127.0.0.1:8526",
    "5": "127.0.0.1:8505",
    "36": "127.0.0.1:8536",
    "7": "127.0.0.1:8507",
    "38": "127.0.0.1:8538",
    "1": "127.0.0.1:8501",
    "32": "127.0.0.1:8532",
    "3": "127.0.0.1:8503",
    "34": "127.0.0.1:8534",
    "13": "127.0.0.1:8513",
    "15": "127.0.0.1:8515",
    "9": "127.0.0.1:8509",
    "40": "127.0.0.1:9000",
    "11": "127.0.0.1:8511",
    "21": "127.0.0.1:8521",
    "23": "127.0.0.1:8523",
    "17": "127.0.0.1:8517",
    "19": "127.0.0.1:8519",
    "29": "127.0.0.1:8529",
    "31": "127.0.0.1:8531",
    "25": "127.0.0.1:8525",
    "27": "127.0.0.1:8527"
  },
  "delta": 100,
  "id": 1,
  "num_nodes": 40,
  "num_faults": 13,
  "block_size": 100,
  "client_port": 7001,
  "client_addr": "0.0.0.0:5000",
  "payload": 0,
  "prot_payload": "cc,/home/akhil/research/EEBA/libchatter/",
  "crypto_alg": "NOPKI",
  "pk_map": {},
  "secret_key_bytes": [],
  "sk_map": {
    "37": [
      232,
      45,
      55,
      10,
      85,
      22,
      76,
      196,
      161,
      33,
      240,
      222,
      158,
      165,
      129,
      226,
      120,
      209,
      198,
      184,
      87,
      240,
      8,
      128,
      226,
      116,
      184,
      54,
      192,
      118,
      12,
      24
    ],
    "4": [
      27,
      204,
      124,
      93,
      6,
      55,
      85,
      154,
      77,
      116,
      82,
      236,
      2,
      249,
      214,
      66,
      45,
      208,
      131,
      70,
      5,
      163,
      80,
      36,
      148,
      84,
      174,
      106,
      232,
      14,
      120,
      69
    ],
    "39": [
      177,
      143,
      157,
      224,
      17,
      3,
      0,
      90,
      209,
      63,
      103,
      7,
      134,
      113,
      70,
      19,
      56,
      246,
      128,
      148,
      252,
      247,
      188,
      245,
      255,
      171,
      71,
      253,
      255,
      80,
      111,
      85
    ],
    "6": [
      71,
      155,
      224,
      88,
      173,
      230,
      180,
      160,
      152,
      201,
      206,
      84,
      119,
      215,
      43,
      51,
      85,
      105,
      60,
      229,
      77,
      11,
      164,
      113,
      61,
      149,
      179,
      156,
      224,
      60,
      117,
      61
    ],
    "33": [
      150,
      191,
      150,
      63,
      250,
      96,
      186,
      169,
      215,
      44,
      220,
      83,
      248,
      188,
      55,
      192,
      226,
      79,
      81,
      242,
      226,
      64,
      20,
      186,
      28,
      37,
      169,
      98,
      179,
      255,
      52,
      148
    ],
    "0": [
      213,
      27,
      204,
      210,
      124,
      47,
      72,
      41,
      183,
      192,
      126,
      8,
      40,
      221,
      90,
      44,
      32,
      175,
      152,
      55,
      128,
      168,
      125,
      157,
      241,
      94,
      160,
      204,
      61,
      108,
      106,
      47
    ],
    "35": [
      229,
      48,
      10,
      81,
      59,
      211,
      179,
      3,
      203,
      207,
      234,
      108,
      31,
      13,
      92,
      54,
      199,
      126,
      153,
      75,
      55,
      212,
      186,
      253,
      20,
      93,
      195,
      98,
      226,
      152,
      117,
      130
    ],
    "2": [
      208,
      3,
      25,
      240,
      190,
      241,
      183,
      83,
      227,
      247,
      130,
      161,
      52,
      231,
      168,
      141,
      186,
      21,
      180,
      17,
      88,
      231,
      150,
      135,
      227,
      213,
      74,
      182,
      116,
      229,
      239,
      39
    ],
    "12": [
      138,
      211,
      91,
      159,
      161,
      108,
      65,
      151,
      57,
      153,
      122,
      111,
      68,
      225,
      46,
      84,
      113,
      71,
      96,
      89,
      106,
      199,
      141,
      22,
      52,
      124,
      242,
      222,
      40,
      24,
      97,
      170
    ],
    "14": [
      161,
      183,
      203,
      242,
      65,
      131,
      75,
      74,
      97,
      45,
      206,
      147,
      150,
      223,
      240,
      250,
      66,
      233,
      30,
      147,
      208,
      51,
      153,
      11,
      4,
      230,
      86,
      228,
      206,
      80,
      15,
      105
    ],
    "8": [
      160,
      25,
      147,
      167,
      180,
      202,
      248,
      225,
      197,
      156,
      238,
      175,
      91,
      60,
      15,
      7,
      222,
      22,
      119,
      88,
      72,
      41,
      51,
      239,
      75,
      169,
      136,
      184,
      152,
      201,
      127,
      72
    ],
    "10": [
      225,
      83,
      102,
      51,
      241,
      83,
      160,
      78,
      125,
      165,
      159,
      129,
      187,
      83,
      140,
      230,
      106,
      192,
      55,
      112,
      242,
      93,
      107,
      195,
      124,
      212,
      105,
      210,
      95,
      70,
      179,
      112
    ],
    "20": [
      195,
      238,
      118,
      180,
      54,
      133,
      193,
      35,
      91,
      229,
      202,
      108,
      123,
      113,
      60,
      29,
      136,
      124,
      42,
      44,
      134,
      187,
      70,
      110,
      61,
      156,
      109,
      106,
      14,
      149,
      19,
      54
    ],
    "22": [
      161,
      44,
      87,
      139,
      188,
      77,
      130,
      165,
      199,
      143,
      159,
      223,
      243,
      200,
      193,
      150,
      50,
      72,
      34,
      124,
      162,
      168,
      245,
      28,
      137,
      10,
      158,
      209,
      75,
      49,
      60,
      167
    ],
    "16": [
      156,
      177,
      80,
      88,
      113,
      206,
      139,
      91,
      36,
      124,
      72,
      231,
      30,
      100,
      145,
      88,
      36,
      178,
      153,
      83,
      183,
      174,
      86,
      162,
      143,
      228,
      115,
      175,
      63,
      244,
      200,
      60
    ],
    "18": [
      63,
      194,
      217,
      131,
      238,
      252,
      95,
      114,
      245,
      203,
      174,
      134,
      246,
      58,
      204,
      249,
      209,
      1,
      170,
      75,
      215,
      80,
      96,
      86,
      155,
      126,
      245,
      64,
      226,
      139,
      204,
      68
    ],
    "28": [
      112,
      143,
      120,
      111,
      137,
      49,
      62,
      244,
      92,
      137,
      234,
      201,
      74,
      52,
      238,
      232,
      8,
      118,
      122,
      144,
      43,
      129,
      38,
      8,
      97,
      49,
      225,
      161,
      181,
      206,
      174,
      46
    ],
    "30": [
      0,
      212,
      197,
      96,
      167,
      80,
      10,
      49,
      171,
      157,
      138,
      109,
      178,
      110,
      65,
      56,
      41,
      23,
      45,
      18,
      199,
      251,
      98,
      137,
      12,
      92,
      189,
      246,
      52,
      170,
      142,
      241
    ],
    "24": [
      188,
      213,
      76,
      27,
      96,
      126,
      61,
      37,
      217,
      166,
      153,
      69,
      123,
      134,
      248,
      195,
      232,
      212,
      41,
      43,
      64,
      161,
      193,
      93,
      2,
      153,
      110,
      96,
      151,
      154,
      177,
      121
    ],
    "26": [
      219,
      47,
      22,
      90,
      184,
      91,
      15,
      248,
      80,
      179,
      27,
      173,
      96,
      74,
      6,
      175,
      49,
      165,
      68,
      84,
      12,
      217,
      186,
      193,
      121,
      86,
      58,
      98,
      87,
      2,
      206,
      247
    ],
    "5": [
      126,
      148,
      238,
      45,
      11,
      108,
      141,
      211,
      37,
      105,
      178,
      107,
      83,
      139,
      211,
      211,
      176,
      188,
      150,
      92,
      201,
      117,
      0,
      107,
      45,
      85,
      158,
      120,
      239,
      46,
      151,
      72
    ],
    "36": [
      203,
      220,
      85,
      143,
      124,
      136,
      172,
      71,
      97,
      69,
      121,
      140,
      130,
      160,
      15,
      230,
      49,
      215,
      35,
      128,
      28,
      88,
      193,
      102,
      84,
      161,
      89,
      165,
      108,
      198,
      198,
      110
    ],
    "7": [
      112,
      39,
      234,
      133,
      122,
      71,
      43,
      185,
      85,
      104,
      183,
      163,
      102,
      94,
      77,
      152,
      106,
      39,
      117,
      0,
      12,
      33,
      178,
      220,
      133,
      244,
      227,
      38,
      120,
      108,
      23,
      151
    ],
    "38": [
      38,
      56,
      177,
      195,
      9,
      8,
      168,
      98,
      172,
      159,
      93,
      169,
      25,
      159,
      51,
      184,
      180,
      194,
      122,
      206,
      221,
      245,
      108,
      100,
      202,
      228,
      101,
      11,
      146,
      116,
      49,
      173
    ],
    "1": [
      29,
      89,
      192,
      130,
      110,
      144,
      96,
      27,
      73,
      244,
      37,
      149,
      4,
      150,
      203,
      27,
      46,
      62,
      210,
      117,
      96,
      241,
      175,
      28,
      66,
      23,
      38,
      148,
      6,
      117,
      59,
      186
    ],
    "32": [
      147,
      62,
      234,
      150,
      45,
      141,
      105,
      187,
      249,
      213,
      132,
      46,
      60,
      141,
      214,
      79,
      133,
      236,
      168,
      189,
      197,
      203,
      164,
      60,
      174,
      77,
      50,
      211,
      203,
      105,
      189,
      251
    ],
    "3": [
      33,
      22,
      173,
      206,
      101,
      212,
      250,
      50,
      229,
      106,
      253,
      213,
      59,
      16,
      240,
      154,
      236,
      141,
      97,
      75,
      198,
      57,
      107,
      214,
      0,
      157,
      107,
      30,
      244,
      14,
      47,
      126
    ],
    "34": [
      169,
      4,
      34,
      203,
      174,
      163,
      77,
      160,
      16,
      184,
      215,
      154,
      208,
      139,
      0,
      93,
      114,
      249,
      17,
      255,
      11,
      103,
      206,
      140,
      131,
      116,
      202,
      116,
      121,
      82,
      152,
      101
    ],
    "13": [
      28,
      240,
      153,
      153,
      4,
      131,
      152,
      233,
      166,
      178,
      101,
      126,
      138,
      85,
      214,
      32,
      67,
      179,
      178,
      194,
      146,
      211,
      185,
      89,
      134,
      171,
      8,
      109,
      205,
      252,
      27,
      92
    ],
    "15": [
      192,
      40,
      215,
      58,
      30,
      82,
      49,
      172,
      116,
      173,
      22,
      189,
      204,
      51,
      143,
      131,
      182,
      240,
      212,
      71,
      229,
      123,
      87,
      151,
      40,
      71,
      162,
      121,
      160,
      239,
      92,
      166
    ],
    "9": [
      17,
      15,
      159,
      174,
      67,
      214,
      162,
      167,
      73,
      10,
      99,
      23,
      49,
      37,
      45,
      165,
      67,
      67,
      158,
      189,
      122,
      102,
      21,
      29,
      158,
      75,
      130,
      241,
      250,
      86,
      67,
      217
    ],
    "11": [
      71,
      222,
      234,
      122,
      54,
      97,
      195,
      231,
      119,
      204,
      115,
      5,
      10,
      190,
      192,
      143,
      182,
      67,
      211,
      107,
      211,
      17,
      170,
      214,
      179,
      164,
      6,
      68,
      134,
      122,
      48,
      248
    ],
    "21": [
      188,
      177,
      224,
      130,
      185,
      251,
      198,
      163,
      241,
      193,
      141,
      201,
      92,
      84,
      183,
      48,
      251,
      160,
      65,
      112,
      65,
      67,
      95,
      96,
      130,
      212,
      215,
      245,
      166,
      63,
      118,
      231
    ],
    "23": [
      201,
      106,
      80,
      53,
      71,
      242,
      241,
      88,
      91,
      121,
      143,
      138,
      221,
      23,
      128,
      99,
      3,
      76,
      178,
      231,
      153,
      226,
      59,
      55,
      222,
      113,
      148,
      129,
      42,
      123,
      125,
      170
    ],
    "17": [
      46,
      144,
      45,
      57,
      221,
      155,
      40,
      52,
      215,
      198,
      17,
      140,
      175,
      121,
      94,
      165,
      126,
      29,
      15,
      23,
      28,
      159,
      32,
      138,
      198,
      228,
      240,
      141,
      249,
      255,
      252,
      252
    ],
    "19": [
      86,
      158,
      235,
      235,
      27,
      154,
      119,
      109,
      52,
      121,
      174,
      13,
      38,
      180,
      141,
      155,
      167,
      220,
      228,
      223,
      116,
      245,
      22,
      10,
      166,
      131,
      142,
      218,
      255,
      165,
      115,
      162
    ],
    "29": [
      59,
      214,
      131,
      9,
      30,
      9,
      84,
      234,
      120,
      68,
      76,
      237,
      33,
      143,
      48,
      11,
      170,
      80,
      195,
      188,
      183,
      147,
      123,
      232,
      211,
      217,
      135,
      210,
      45,
      150,
      250,
      53
    ],
    "31": [
      125,
      162,
      216,
      141,
      58,
      251,
      40,
      220,
      121,
      186,
      130,
      255,
      3,
      205,
      128,
      93,
      106,
      232,
      40,
      197,
      6,
      4,
      215,
      35,
      187,
      62,
      195,
      96,
      122,
      71,
      243,
      212
    ],
    "25": [
      91,
      192,
      252,
      46,
      132,
      77,
      87,
      174,
      0,
      148,
      29,
      216,
      123,
      93,
      156,
      128,
      48,
      190,
      228,
      220,
      33,
      221,
      0,
      182,
      172,
      145,
      131,
      69,
      160,
      199,
      198,
      1
    ],
    "27": [
      144,
      19,
      199,
      210,
      253,
      130,
      140,
      172,
      148,
      188,
      88,
      189,
      6,
      100,
      110,
      12,
      199,
      37,
      81,
      221,
      246,
      167,
      248,
      5,
      179,
      254,
      217,
      144,
      248,
      92,
      82,
      150
    ]
  },
  "my_cert": [],
  "my_cert_key": [],
  "root_cert": []
}