{
  "net_map": {
    "37": "127.0.0.1:8537",
    "4": "127.0.0.1:8504",
    "39": "127.0.0.1:8539",
    "6": "127.0.0.1:8506",
    "33": "127.0.0.1:8533",
    "0": "127.0.0.1:8500",
    "35": "127.0.0.1:8535",
    "2": "127.0.0.1:8502",
    "12": "127.0.0.1:8512",
    "14": "127.0.0.1:8514",
    "8": "127.0.0.1:8508",
    "10": "127.0.0.1:8510",
    "20": "127.0.0.1:8520",
    "22": "127.0.0.1:8522",
    "16": "127.0.0.1:8516",
    "18": "127.0.0.1:8518",
    "28": "127.0.0.1:8528",
    "30": "127.0.0.1:8530",
    "24": "127.0.0.1:8524",
    "26": "127.0.0.1:8526",
    "5": "127.0.0.1:8505",
    "36": "127.0.0.1:8536",
    "7": "127.0.0.1:8507",
    "38": "127.0.0.1:8538",
    "1": "127.0.0.1:8501",
    "32": "127.0.0.1:8532",
    "3": "127.0.0.1:8503",
    "34": "127.0.0.1:8534",
    "13": "127.0.0.1:8513",
    "15": "127.0.0.1:8515",
    "9": "127.0.0.1:8509",
    "40": "127.0.0.1:9000",
    "11": "127.0.0.1:8511",
    "21": "127.0.0.1:8521",
    "23": "127.0.0.1:8523",
    "17": "127.0.0.1:8517",
    "19": "127.0.0.1:8519",
    "29": "127.0.0.1:8529",
    "31": "127.0.0.1:8531",
    "25": "127.0.0.1:8525",
    "27": "127.0.0.1:8527"
  },
  "delta": 100,
  "id": 29,
  "num_nodes": 40,
  "num_faults": 13,
  "block_size": 100,
  "client_port": 7029,
  "client_addr": "0.0.0.0:5000",
  "payload": 0,
  "prot_payload": "cc,/home/akhil/research/EEBA/libchatter/",
  "crypto_alg": "NOPKI",
  "pk_map": {},
  "secret_key_bytes": [],
  "sk_map": {
    "37": [
      230,
      6,
      111,
      183,
      231,
      40,
      106,
      128,
      93,
      231,
      186,
      87,
      16,
      147,
      37,
      12,
      153,
      114,
      22,
      156,
      220,
      212,
      254,
      208,
      152,
      133,
      145,
      206,
      191,
      208,
      56,
      180
    ],
    "4": [
      161,
      154,
      147,
      114,
      27,
      70,
      235,
      64,
      76,
      43,
      222,
      109,
      192,
      7,
      39,
      109,
      177,
      115,
      236,
      174,
      80,
      80,
      247,
      82,
      228,
      19,
      161,
      54,
      8,
      208,
      57,
      242
    ],
    "39": [
      225,
      5,
      166,
      222,
      76,
      16,
      241,
      96,
      212,
      234,
      142,
      251,
      191,
      104,
      113,
      7,
      7,
      52,
      245,
      27,
      242,
      13,
      3,
      68,
      88,
      249,
      136,
      151,
      202,
      101,
      173,
      202
    ],
    "6": [
      88,
      104,
      132,
      36,
      96,
      195,
      217,
      167,
      221,
      231,
      243,
      208,
      6,
      1,
      36,
      181,
      239,
      50,
      51,
      222,
      197,
      243,
      153,
      123,
      18,
      201,
      95,
      157,
      8,
      55,
      58,
      202
    ],
    "33": [
      143,
      82,
      0,
      132,
      82,
      230,
      64,
      246,
      31,
      8,
      230,
      107,
      120,
      41,
      156,
      83,
      119,
      16,
      105,
      224,
      161,
      96,
      49,
      150,
      78,
      213,
      250,
      143,
      146,
      113,
      135,
      75
    ],
    "0": [
      190,
      197,
      159,
      147,
      55,
      34,
      167,
      244,
      96,
      139,
      1,
      18,
      135,
      108,
      28,
      138,
      181,
      238,
      146,
      154,
      4,
      191,
      156,
      55,
      118,
      227,
      238,
      112,
      169,
      24,
      181,
      32
    ],
    "35": [
      217,
      158,
      172,
      139,
      88,
      205,
      169,
      84,
      91,
      6,
      85,
      34,
      239,
      5,
      201,
      54,
      39,
      27,
      180,
      63,
      113,
      94,
      62,
      21,
      178,
      24,
      131,
      98,
      233,
      37,
      198,
      247
    ],
    "2": [
      224,
      169,
      209,
      228,
      14,
      54,
      46,
      46,
      99,
      245,
      128,
      148,
      95,
      19,
      59,
      24,
      238,
      5,
      151,
      165,
      91,
      238,
      166,
      192,
      134,
      184,
      170,
      153,
      245,
      2,
      94,
      206
    ],
    "12": [
      238,
      82,
      219,
      134,
      39,
      126,
      231,
      165,
      191,
      202,
      61,
      53,
      112,
      149,
      57,
      47,
      242,
      30,
      140,
      106,
      121,
      14,
      189,
      151,
      124,
      242,
      35,
      211,
      246,
      75,
      166,
      202
    ],
    "14": [
      25,
      138,
      246,
      121,
      93,
      51,
      57,
      252,
      21,
      176,
      55,
      57,
      242,
      17,
      236,
      26,
      63,
      86,
      243,
      60,
      155,
      133,
      47,
      19,
      139,
      163,
      232,
      177,
      183,
      128,
      172,
      246
    ],
    "8": [
      159,
      69,
      111,
      227,
      156,
      48,
      22,
      142,
      200,
      54,
      234,
      103,
      7,
      46,
      32,
      25,
      187,
      138,
      139,
      175,
      193,
      20,
      11,
      72,
      18,
      55,
      20,
      140,
      218,
      91,
      18,
      225
    ],
    "10": [
      229,
      237,
      181,
      36,
      75,
      69,
      148,
      93,
      205,
      43,
      133,
      211,
      250,
      177,
      49,
      167,
      24,
      229,
      124,
      100,
      226,
      87,
      204,
      127,
      105,
      131,
      56,
      41,
      98,
      149,
      245,
      132
    ],
    "20": [
      136,
      90,
      78,
      11,
      128,
      214,
      202,
      34,
      108,
      83,
      53,
      42,
      143,
      150,
      19,
      30,
      204,
      84,
      104,
      49,
      28,
      169,
      217,
      88,
      136,
      190,
      16,
      12,
      197,
      162,
      138,
      242
    ],
    "22": [
      137,
      217,
      53,
      80,
      214,
      195,
      90,
      120,
      213,
      87,
      93,
      117,
      107,
      104,
      52,
      25,
      222,
      227,
      229,
      106,
      157,
      149,
      127,
      112,
      250,
      106,
      176,
      226,
      183,
      242,
      153,
      125
    ],
    "16": [
      37,
      122,
      159,
      74,
      215,
      97,
      211,
      15,
      139,
      68,
      215,
      205,
      98,
      243,
      3,
      180,
      202,
      244,
      90,
      140,
      218,
      15,
      60,
      58,
      96,
      239,
      134,
      109,
      107,
      220,
      44,
      13
    ],
    "18": [
      62,
      118,
      228,
      8,
      33,
      62,
      35,
      204,
      173,
      107,
      252,
      202,
      238,
      81,
      134,
      197,
      211,
      153,
      243,
      169,
      135,
      39,
      45,
      255,
      221,
      88,
      54,
      56,
      101,
      49,
      108,
      177
    ],
    "28": [
      169,
      185,
      238,
      103,
      188,
      34,
      255,
      210,
      158,
      131,
      87,
      173,
      68,
      159,
      157,
      205,
      45,
      92,
      71,
      139,
      160,
      222,
      234,
      78,
      28,
      192,
      253,
      97,
      70,
      201,
      234,
      33
    ],
    "30": [
      249,
      212,
      122,
      253,
      90,
      160,
      174,
      232,
      89,
      196,
      175,
      94,
      74,
      43,
      223,
      215,
      0,
      89,
      14,
      38,
      100,
      212,
      225,
      156,
      79,
      230,
      166,
      51,
      46,
      96,
      41,
      148
    ],
    "24": [
      224,
      237,
      70,
      6,
      61,
      9,
      27,
      47,
      245,
      234,
      228,
      96,
      184,
      198,
      224,
      85,
      202,
      251,
      0,
      177,
      170,
      189,
      249,
      207,
      21,
      127,
      136,
      173,
      26,
      233,
      6,
      131
    ],
    "26": [
      139,
      181,
      82,
      108,
      129,
      170,
      136,
      245,
      143,
      55,
      158,
      185,
      43,
      51,
      216,
      183,
      92,
      139,
      50,
      170,
      226,
      207,
      133,
      81,
      141,
      87,
      142,
      21,
      187,
      173,
      94,
      156
    ],
    "5": [
      213,
      195,
      53,
      144,
      164,
      226,
      19,
      89,
      249,
      128,
      206,
      11,
      7,
      209,
      35,
      97,
      195,
      218,
      3,
      144,
      57,
      133,
      83,
      46,
      254,
      94,
      136,
      199,
      55,
      98,
      200,
      181
    ],
    "36": [
      76,
      31,
      244,
      250,
      134,
      124,
      239,
      23,
      114,
      252,
      234,
      141,
      153,
      234,
      224,
      74,
      163,
      70,
      251,
      227,
      70,
      240,
      93,
      133,
      254,
      53,
      45,
      55,
      213,
      125,
      106,
      187
    ],
    "7": [
      204,
      169,
      144,
      104,
      255,
      190,
      140,
      255,
      72,
      122,
      140,
      129,
      227,
      232,
      173,
      186,
      21,
      227,
      45,
      96,
      71,
      62,
      86,
      157,
      77,
      21,
      193,
      170,
      180,
      34,
      12,
      161
    ],
    "38": [
      186,
      250,
      58,
      215,
      22,
      163,
      86,
      123,
      3,
      182,
      150,
      48,
      17,
      95,
      221,
      81,
      204,
      68,
      230,
      140,
      15,
      94,
      11,
      84,
      81,
      169,
      3,
      190,
      153,
      60,
      80,
      88
    ],
    "1": [
      59,
      214,
      131,
      9,
      30,
      9,
      84,
      234,
      120,
      68,
      76,
      237,
      33,
      143,
      48,
      11,
      170,
      80,
      195,
      188,
      183,
      147,
      123,
      232,
      211,
      217,
      135,
      210,
      45,
      150,
      250,
      53
    ],
    "32": [
      221,
      88,
      244,
      76,
      152,
      244,
      205,
      76,
      73,
      69,
      48,
      201,
      167,
      235,
      159,
      88,
      248,
      25,
      90,
      181,
      152,
      142,
      168,
      52,
      125,
      211,
      154,
      127,
      12,
      133,
      235,
      70
    ],
    "3": [
      104,
      34,
      247,
      201,
      211,
      242,
      188,
      151,
      3,
      116,
      76,
      67,
      126,
      39,
      236,
      207,
      17,
      226,
      181,
      81,
      250,
      185,
      176,
      61,
      241,
      83,
      98,
      60,
      174,
      67,
      253,
      97
    ],
    "34": [
      49,
      28,
      105,
      247,
      22,
      116,
      27,
      163,
      181,
      122,
      179,
      85,
      193,
      249,
      234,
      54,
      189,
      157,
      127,
      149,
      113,
      117,
      31,
      105,
      108,
      133,
      185,
      212,
      112,
      52,
      12,
      63
    ],
    "13": [
      35,
      17,
      63,
      36,
      107,
      228,
      227,
      205,
      183,
      189,
      130,
      197,
      175,
      199,
      204,
      125,
      66,
      6,
      72,
      204,
      167,
      231,
      92,
      156,
      74,
      75,
      159,
      49,
      98,
      251,
      81,
      104
    ],
    "15": [
      43,
      254,
      47,
      242,
      18,
      66,
      220,
      223,
      191,
      56,
      134,
      221,
      112,
      72,
      230,
      161,
      87,
      117,
      213,
      180,
      37,
      180,
      129,
      195,
      143,
      172,
      80,
      172,
      250,
      242,
      231,
      100
    ],
    "9": [
      166,
      57,
      54,
      12,
      119,
      178,
      46,
      179,
      36,
      196,
      200,
      155,
      229,
      39,
      194,
      135,
      81,
      71,
      105,
      221,
      21,
      170,
      40,
      62,
      143,
      17,
      148,
      146,
      106,
      60,
      48,
      108
    ],
    "11": [
      10,
      44,
      168,
      190,
      9,
      83,
      252,
      26,
      189,
      70,
      224,
      179,
      221,
      226,
      107,
      250,
      243,
      134,
      1,
      98,
      179,
      172,
      34,
      52,
      114,
      155,
      173,
      169,
      241,
      226,
      78,
      119
    ],
    "21": [
      158,
      231,
      147,
      241,
      220,
      152,
      251,
      205,
      71,
      163,
      221,
      14,
      250,
      86,
      24,
      171,
      196,
      44,
      82,
      185,
      51,
      140,
      194,
      226,
      43,
      244,
      36,
      197,
      145,
      97,
      173,
      182
    ],
    "23": [
      22,
      178,
      174,
      131,
      140,
      37,
      37,
      180,
      225,
      68,
      17,
      3,
      146,
      224,
      18,
      124,
      5,
      34,
      74,
      80,
      37,
      192,
      190,
      218,
      252,
      132,
      5,
      113,
      62,
      84,
      166,
      215
    ],
    "17": [
      14,
      137,
      73,
      99,
      45,
      217,
      12,
      208,
      212,
      180,
      93,
      128,
      106,
      143,
      86,
      29,
      208,
      141,
      55,
      67,
      13,
      87,
      167,
      3,
      54,
      136,
      253,
      70,
      231,
      114,
      108,
      110
    ],
    "19": [
      11,
      14,
      77,
      230,
      36,
      55,
      232,
      132,
      24,
      119,
      55,
      240,
      46,
      10,
      55,
      81,
      6,
      76,
      116,
      123,
      74,
      50,
      143,
      46,
      234,
      205,
      191,
      174,
      122,
      163,
      160,
      157
    ],
    "29": [
      21,
      43,
      154,
      45,
      112,
      88,
      14,
      213,
      146,
      236,
      119,
      213,
      178,
      68,
      102,
      249,
      119,
      227,
      176,
      36,
      3,
      254,
      202,
      103,
      224,
      142,
      163,
      165,
      251,
      232,
      2,
      165
    ],
    "31": [
      203,
      15,
      66,
      85,
      102,
      24,
      110,
      67,
      28,
      152,
      151,
      62,
      193,
      151,
      97,
      12,
      191,
      213,
      73,
      212,
      48,
      118,
      178,
      206,
      239,
      201,
      125,
      9,
      252,
      131,
      109,
      226
    ],
    "25": [
      141,
      83,
      206,
      176,
      5,
      15,
      109,
      181,
      96,
      251,
      83,
      110,
      244,
      103,
      69,
      31,
      165,
      41,
      28,
      231,
      134,
      248,
      122,
      30,
      163,
      65,
      121,
      166,
      61,
      9,
      249,
      83
    ],
    "27": [
      196,
      234,
      163,
      185,
      197,
      178,
      224,
      189,
      240,
      246,
      33,
      84,
      244,
      86,
      196,
      236,
      239,
      131,
      222,
      212,
      96,
      207,
      73,
      5,
      244,
      30,
      219,
      166,
      10,
      67,
      200,
      111
    ]
  },
  "my_cert": [],
  "my_cert_key": [],
  "root_cert": []
}