{
  "net_map": {
    "37": "127.0.0.1:8537",
    "4": "127.0.0.1:8504",
    "39": "127.0.0.1:8539",
    "6": "127.0.0.1:8506",
    "33": "127.0.0.1:8533",
    "0": "127.0.0.1:8500",
    "35": "127.0.0.1:8535",
    "2": "127.0.0.1:8502",
    "12": "127.0.0.1:8512",
    "14": "127.0.0.1:8514",
    "8": "127.0.0.1:8508",
    "10": "127.0.0.1:8510",
    "20": "127.0.0.1:8520",
    "22": "127.0.0.1:8522",
    "16": "127.0.0.1:8516",
    "18": "127.0.0.1:8518",
    "28": "127.0.0.1:8528",
    "30": "127.0.0.1:8530",
    "24": "127.0.0.1:8524",
    "26": "127.0.0.1:8526",
    "5": "127.0.0.1:8505",
    "36": "127.0.0.1:8536",
    "7": "127.0.0.1:8507",
    "38": "127.0.0.1:8538",
    "1": "127.0.0.1:8501",
    "32": "127.0.0.1:8532",
    "3": "127.0.0.1:8503",
    "34": "127.0.0.1:8534",
    "13": "127.0.0.1:8513",
    "15": "127.0.0.1:8515",
    "9": "127.0.0.1:8509",
    "40": "127.0.0.1:9000",
    "11": "127.0.0.1:8511",
    "21": "127.0.0.1:8521",
    "23": "127.0.0.1:8523",
    "17": "127.0.0.1:8517",
    "19": "127.0.0.1:8519",
    "29": "127.0.0.1:8529",
    "31": "127.0.0.1:8531",
    "25": "127.0.0.1:8525",
    "27": "127.0.0.1:8527"
  },
  "delta": 100,
  "id": 13,
  "num_nodes": 40,
  "num_faults": 13,
  "block_size": 100,
  "client_port": 7013,
  "client_addr": "0.0.0.0:5000",
  "payload": 0,
  "prot_payload": "cc,/home/akhil/research/EEBA/libchatter/",
  "crypto_alg": "NOPKI",
  "pk_map": {},
  "secret_key_bytes": [],
  "sk_map": {
    "37": [
      18,
      144,
      255,
      50,
      5,
      253,
      148,
      72,
      169,
      180,
      221,
      235,
      72,
      10,
      190,
      207,
      145,
      79,
      119,
      36,
      109,
      163,
      109,
      7,
      64,
      139,
      227,
      252,
      89,
      11,
      8,
      185
    ],
    "4": [
      117,
      72,
      245,
      87,
      65,
      16,
      178,
      10,
      30,
      244,
      100,
      173,
      131,
      163,
      128,
      162,
      202,
      51,
      78,
      244,
      213,
      16,
      172,
      106,
      35,
      246,
      192,
      18,
      229,
      143,
      30,
      0
    ],
    "39": [
      65,
      113,
      238,
      225,
      50,
      202,
      36,
      70,
      203,
      86,
      79,
      41,
      67,
      239,
      225,
      150,
      237,
      51,
      136,
      229,
      178,
      214,
      113,
      169,
      222,
      190,
      253,
      33,
      188,
      184,
      41,
      133
    ],
    "6": [
      219,
      255,
      130,
      116,
      110,
      209,
      4,
      31,
      185,
      30,
      59,
      140,
      1,
      93,
      37,
      152,
      218,
      53,
      91,
      209,
      244,
      128,
      16,
      110,
      191,
      236,
      63,
      198,
      217,
      218,
      35,
      245
    ],
    "33": [
      196,
      241,
      220,
      61,
      252,
      91,
      198,
      111,
      232,
      109,
      219,
      35,
      213,
      119,
      239,
      191,
      250,
      196,
      53,
      163,
      39,
      208,
      155,
      142,
      138,
      36,
      52,
      178,
      50,
      8,
      124,
      240
    ],
    "0": [
      93,
      203,
      94,
      57,
      74,
      65,
      114,
      113,
      234,
      74,
      3,
      22,
      111,
      202,
      12,
      189,
      224,
      204,
      124,
      155,
      175,
      159,
      23,
      62,
      74,
      211,
      15,
      17,
      107,
      185,
      195,
      107
    ],
    "35": [
      118,
      231,
      199,
      57,
      166,
      120,
      171,
      230,
      175,
      210,
      171,
      92,
      17,
      145,
      221,
      235,
      146,
      0,
      177,
      128,
      93,
      87,
      162,
      48,
      101,
      96,
      223,
      112,
      194,
      204,
      200,
      100
    ],
    "2": [
      160,
      9,
      81,
      237,
      121,
      189,
      200,
      89,
      198,
      19,
      204,
      82,
      108,
      94,
      99,
      223,
      104,
      18,
      114,
      199,
      247,
      99,
      41,
      188,
      96,
      244,
      180,
      225,
      136,
      190,
      208,
      14
    ],
    "12": [
      252,
      114,
      83,
      81,
      47,
      5,
      241,
      217,
      26,
      141,
      97,
      20,
      116,
      44,
      3,
      150,
      200,
      194,
      212,
      73,
      100,
      95,
      154,
      203,
      165,
      169,
      151,
      118,
      98,
      163,
      37,
      241
    ],
    "14": [
      143,
      83,
      14,
      56,
      109,
      226,
      205,
      171,
      112,
      57,
      253,
      220,
      226,
      85,
      124,
      185,
      74,
      230,
      141,
      215,
      146,
      26,
      255,
      197,
      127,
      236,
      230,
      109,
      109,
      83,
      122,
      251
    ],
    "8": [
      139,
      55,
      229,
      205,
      77,
      46,
      211,
      0,
      147,
      170,
      50,
      132,
      146,
      241,
      65,
      124,
      73,
      211,
      87,
      90,
      145,
      212,
      79,
      122,
      246,
      198,
      99,
      241,
      219,
      108,
      212,
      26
    ],
    "10": [
      137,
      38,
      133,
      175,
      33,
      76,
      247,
      98,
      22,
      176,
      244,
      60,
      210,
      167,
      79,
      143,
      106,
      111,
      186,
      154,
      200,
      117,
      207,
      154,
      196,
      254,
      237,
      160,
      174,
      70,
      7,
      61
    ],
    "20": [
      67,
      51,
      155,
      48,
      37,
      52,
      235,
      255,
      129,
      213,
      181,
      24,
      38,
      11,
      98,
      241,
      185,
      138,
      157,
      148,
      67,
      51,
      123,
      152,
      242,
      9,
      84,
      13,
      192,
      17,
      172,
      215
    ],
    "22": [
      140,
      73,
      80,
      115,
      233,
      154,
      49,
      7,
      240,
      216,
      12,
      63,
      143,
      71,
      57,
      226,
      0,
      33,
      64,
      91,
      196,
      197,
      217,
      182,
      62,
      84,
      27,
      40,
      195,
      99,
      171,
      199
    ],
    "16": [
      255,
      219,
      181,
      137,
      86,
      233,
      24,
      136,
      4,
      87,
      200,
      229,
      29,
      101,
      228,
      155,
      108,
      180,
      21,
      36,
      23,
      144,
      248,
      56,
      0,
      113,
      194,
      126,
      248,
      121,
      236,
      4
    ],
    "18": [
      179,
      65,
      139,
      188,
      107,
      148,
      62,
      100,
      201,
      88,
      20,
      207,
      144,
      209,
      65,
      225,
      62,
      132,
      113,
      50,
      200,
      162,
      63,
      103,
      146,
      65,
      128,
      241,
      138,
      34,
      190,
      227
    ],
    "28": [
      121,
      74,
      241,
      98,
      115,
      7,
      39,
      199,
      171,
      119,
      10,
      62,
      94,
      229,
      203,
      137,
      241,
      30,
      172,
      254,
      173,
      144,
      120,
      222,
      238,
      66,
      250,
      137,
      155,
      223,
      141,
      172
    ],
    "30": [
      152,
      8,
      44,
      39,
      241,
      145,
      5,
      213,
      163,
      230,
      52,
      70,
      86,
      162,
      213,
      14,
      99,
      161,
      129,
      119,
      61,
      99,
      70,
      16,
      15,
      167,
      150,
      56,
      99,
      131,
      200,
      35
    ],
    "24": [
      48,
      118,
      65,
      12,
      32,
      220,
      206,
      228,
      206,
      201,
      38,
      18,
      80,
      91,
      213,
      251,
      125,
      22,
      0,
      245,
      65,
      220,
      46,
      81,
      147,
      17,
      118,
      238,
      149,
      242,
      97,
      91
    ],
    "26": [
      148,
      54,
      96,
      64,
      134,
      152,
      191,
      209,
      138,
      122,
      103,
      203,
      205,
      250,
      196,
      101,
      131,
      26,
      225,
      148,
      163,
      13,
      93,
      124,
      11,
      147,
      245,
      235,
      68,
      64,
      255,
      106
    ],
    "5": [
      12,
      27,
      236,
      76,
      177,
      196,
      201,
      196,
      91,
      47,
      8,
      142,
      234,
      158,
      185,
      18,
      159,
      61,
      205,
      228,
      248,
      32,
      238,
      69,
      133,
      8,
      233,
      204,
      53,
      20,
      104,
      214
    ],
    "36": [
      177,
      183,
      206,
      140,
      176,
      103,
      195,
      193,
      5,
      232,
      194,
      225,
      32,
      213,
      58,
      235,
      153,
      249,
      118,
      24,
      235,
      229,
      198,
      180,
      12,
      75,
      74,
      39,
      168,
      146,
      30,
      59
    ],
    "7": [
      67,
      170,
      210,
      210,
      0,
      243,
      58,
      5,
      126,
      238,
      83,
      44,
      240,
      142,
      28,
      34,
      179,
      26,
      186,
      147,
      126,
      74,
      84,
      237,
      151,
      143,
      106,
      234,
      160,
      175,
      62,
      80
    ],
    "38": [
      118,
      207,
      145,
      181,
      177,
      40,
      5,
      229,
      187,
      154,
      96,
      105,
      126,
      86,
      46,
      134,
      183,
      222,
      184,
      156,
      171,
      39,
      230,
      250,
      164,
      113,
      34,
      26,
      216,
      197,
      47,
      32
    ],
    "1": [
      28,
      240,
      153,
      153,
      4,
      131,
      152,
      233,
      166,
      178,
      101,
      126,
      138,
      85,
      214,
      32,
      67,
      179,
      178,
      194,
      146,
      211,
      185,
      89,
      134,
      171,
      8,
      109,
      205,
      252,
      27,
      92
    ],
    "32": [
      229,
      197,
      120,
      152,
      220,
      150,
      157,
      72,
      91,
      47,
      22,
      101,
      200,
      2,
      135,
      37,
      113,
      10,
      245,
      99,
      129,
      172,
      204,
      231,
      86,
      216,
      194,
      175,
      86,
      189,
      222,
      128
    ],
    "3": [
      14,
      142,
      205,
      158,
      196,
      52,
      11,
      152,
      90,
      216,
      217,
      59,
      184,
      41,
      254,
      175,
      116,
      105,
      109,
      251,
      179,
      62,
      153,
      112,
      184,
      118,
      240,
      207,
      54,
      92,
      57,
      191
    ],
    "34": [
      156,
      17,
      92,
      52,
      155,
      201,
      95,
      232,
      0,
      136,
      123,
      49,
      167,
      193,
      149,
      248,
      191,
      28,
      78,
      114,
      141,
      6,
      32,
      246,
      156,
      53,
      0,
      50,
      94,
      4,
      91,
      136
    ],
    "13": [
      250,
      64,
      218,
      8,
      218,
      222,
      131,
      218,
      216,
      67,
      217,
      181,
      244,
      18,
      96,
      7,
      38,
      251,
      166,
      165,
      122,
      66,
      23,
      210,
      56,
      138,
      202,
      219,
      153,
      51,
      227,
      244
    ],
    "15": [
      90,
      107,
      62,
      26,
      16,
      164,
      3,
      245,
      97,
      138,
      28,
      42,
      123,
      181,
      65,
      191,
      233,
      255,
      239,
      79,
      200,
      231,
      33,
      63,
      3,
      76,
      238,
      229,
      120,
      88,
      183,
      244
    ],
    "9": [
      83,
      55,
      35,
      164,
      88,
      74,
      237,
      176,
      10,
      160,
      11,
      15,
      67,
      41,
      166,
      244,
      179,
      208,
      112,
      150,
      78,
      165,
      81,
      197,
      134,
      52,
      58,
      72,
      200,
      236,
      138,
      121
    ],
    "11": [
      68,
      74,
      0,
      21,
      85,
      252,
      130,
      250,
      227,
      114,
      82,
      7,
      220,
      158,
      75,
      57,
      145,
      188,
      53,
      84,
      196,
      10,
      139,
      143,
      206,
      75,
      134,
      109,
      18,
      173,
      48,
      202
    ],
    "21": [
      85,
      75,
      64,
      83,
      58,
      187,
      205,
      140,
      126,
      199,
      85,
      115,
      59,
      98,
      161,
      248,
      171,
      37,
      234,
      110,
      18,
      217,
      109,
      250,
      179,
      52,
      10,
      78,
      107,
      180,
      31,
      26
    ],
    "23": [
      78,
      103,
      8,
      104,
      136,
      178,
      193,
      59,
      142,
      170,
      86,
      131,
      94,
      121,
      185,
      69,
      29,
      40,
      13,
      234,
      116,
      44,
      19,
      135,
      196,
      204,
      76,
      119,
      51,
      140,
      144,
      116
    ],
    "17": [
      150,
      86,
      161,
      105,
      192,
      172,
      215,
      135,
      222,
      121,
      239,
      123,
      134,
      197,
      82,
      107,
      200,
      100,
      166,
      105,
      216,
      201,
      63,
      24,
      60,
      115,
      0,
      38,
      89,
      95,
      26,
      194
    ],
    "19": [
      23,
      220,
      251,
      68,
      227,
      42,
      119,
      36,
      152,
      171,
      97,
      221,
      26,
      163,
      181,
      14,
      238,
      184,
      107,
      230,
      255,
      49,
      141,
      3,
      142,
      212,
      64,
      183,
      145,
      196,
      147,
      57
    ],
    "29": [
      35,
      17,
      63,
      36,
      107,
      228,
      227,
      205,
      183,
      189,
      130,
      197,
      175,
      199,
      204,
      125,
      66,
      6,
      72,
      204,
      167,
      231,
      92,
      156,
      74,
      75,
      159,
      49,
      98,
      251,
      81,
      104
    ],
    "31": [
      30,
      37,
      54,
      147,
      67,
      71,
      206,
      222,
      106,
      100,
      81,
      120,
      59,
      222,
      51,
      25,
      53,
      126,
      192,
      254,
      174,
      28,
      84,
      85,
      127,
      31,
      139,
      116,
      131,
      213,
      94,
      195
    ],
    "25": [
      121,
      63,
      27,
      183,
      254,
      216,
      200,
      82,
      189,
      142,
      130,
      216,
      242,
      221,
      120,
      76,
      250,
      199,
      228,
      158,
      1,
      218,
      80,
      59,
      5,
      141,
      241,
      91,
      43,
      113,
      147,
      35
    ],
    "27": [
      39,
      44,
      211,
      246,
      27,
      86,
      110,
      145,
      172,
      191,
      139,
      108,
      229,
      30,
      161,
      117,
      183,
      23,
      60,
      161,
      180,
      35,
      84,
      223,
      65,
      172,
      79,
      185,
      69,
      79,
      32,
      59
    ]
  },
  "my_cert": [],
  "my_cert_key": [],
  "root_cert": []
}