{
  "net_map": {
    "37": "127.0.0.1:8537",
    "4": "127.0.0.1:8504",
    "39": "127.0.0.1:8539",
    "6": "127.0.0.1:8506",
    "33": "127.0.0.1:8533",
    "0": "127.0.0.1:8500",
    "35": "127.0.0.1:8535",
    "2": "127.0.0.1:8502",
    "12": "127.0.0.1:8512",
    "14": "127.0.0.1:8514",
    "8": "127.0.0.1:8508",
    "10": "127.0.0.1:8510",
    "20": "127.0.0.1:8520",
    "22": "127.0.0.1:8522",
    "16": "127.0.0.1:8516",
    "18": "127.0.0.1:8518",
    "28": "127.0.0.1:8528",
    "30": "127.0.0.1:8530",
    "24": "127.0.0.1:8524",
    "26": "127.0.0.1:8526",
    "5": "127.0.0.1:8505",
    "36": "127.0.0.1:8536",
    "7": "127.0.0.1:8507",
    "38": "127.0.0.1:8538",
    "1": "127.0.0.1:8501",
    "32": "127.0.0.1:8532",
    "3": "127.0.0.1:8503",
    "34": "127.0.0.1:8534",
    "13": "127.0.0.1:8513",
    "15": "127.0.0.1:8515",
    "9": "127.0.0.1:8509",
    "40": "127.0.0.1:9000",
    "11": "127.0.0.1:8511",
    "21": "127.0.0.1:8521",
    "23": "127.0.0.1:8523",
    "17": "127.0.0.1:8517",
    "19": "127.0.0.1:8519",
    "29": "127.0.0.1:8529",
    "31": "127.0.0.1:8531",
    "25": "127.0.0.1:8525",
    "27": "127.0.0.1:8527"
  },
  "delta": 100,
  "id": 7,
  "num_nodes": 40,
  "num_faults": 13,
  "block_size": 100,
  "client_port": 7007,
  "client_addr": "0.0.0.0:5000",
  "payload": 0,
  "prot_payload": "cc,/home/akhil/research/EEBA/libchatter/",
  "crypto_alg": "NOPKI",
  "pk_map": {},
  "secret_key_bytes": [],
  "sk_map": {
    "37": [
      154,
      192,
      78,
      106,
      98,
      179,
      78,
      161,
      196,
      35,
      59,
      56,
      129,
      87,
      6,
      153,
      80,
      99,
      92,
      231,
      249,
      166,
      209,
      66,
      117,
      9,
      136,
      228,
      218,
      121,
      83,
      222
    ],
    "4": [
      178,
      192,
      193,
      236,
      195,
      151,
      217,
      7,
      55,
      39,
      181,
      84,
      24,
      201,
      216,
      110,
      7,
      66,
      187,
      196,
      48,
      228,
      56,
      54,
      97,
      74,
      178,
      63,
      82,
      151,
      55,
      193
    ],
    "39": [
      170,
      70,
      70,
      82,
      169,
      182,
      61,
      143,
      247,
      117,
      115,
      52,
      40,
      247,
      20,
      57,
      75,
      188,
      141,
      222,
      185,
      91,
      191,
      80,
      14,
      127,
      207,
      9,
      35,
      43,
      30,
      235
    ],
    "6": [
      167,
      233,
      213,
      255,
      234,
      94,
      154,
      197,
      34,
      144,
      193,
      52,
      79,
      182,
      116,
      5,
      217,
      189,
      46,
      138,
      20,
      40,
      217,
      206,
      50,
      228,
      76,
      233,
      74,
      73,
      48,
      239
    ],
    "33": [
      139,
      241,
      144,
      140,
      79,
      69,
      226,
      9,
      184,
      162,
      180,
      172,
      237,
      142,
      174,
      84,
      46,
      19,
      157,
      238,
      14,
      246,
      93,
      253,
      48,
      226,
      128,
      226,
      226,
      46,
      26,
      102
    ],
    "0": [
      77,
      204,
      228,
      191,
      241,
      6,
      240,
      70,
      3,
      148,
      46,
      220,
      136,
      85,
      215,
      193,
      170,
      205,
      56,
      252,
      243,
      28,
      152,
      66,
      39,
      136,
      145,
      58,
      224,
      127,
      183,
      175
    ],
    "35": [
      248,
      91,
      90,
      227,
      252,
      161,
      185,
      254,
      212,
      6,
      8,
      134,
      196,
      39,
      99,
      138,
      135,
      46,
      50,
      166,
      169,
      67,
      21,
      148,
      115,
      37,
      116,
      125,
      165,
      195,
      123,
      196
    ],
    "2": [
      89,
      2,
      89,
      107,
      45,
      191,
      12,
      73,
      103,
      249,
      99,
      76,
      99,
      141,
      28,
      22,
      152,
      25,
      54,
      53,
      104,
      100,
      35,
      61,
      180,
      100,
      112,
      154,
      238,
      255,
      71,
      56
    ],
    "12": [
      81,
      119,
      197,
      60,
      230,
      240,
      186,
      253,
      235,
      139,
      44,
      86,
      185,
      80,
      201,
      196,
      120,
      237,
      228,
      120,
      30,
      119,
      9,
      152,
      179,
      222,
      226,
      165,
      201,
      15,
      158,
      205
    ],
    "14": [
      103,
      250,
      88,
      141,
      107,
      240,
      210,
      141,
      94,
      92,
      87,
      95,
      198,
      95,
      44,
      76,
      182,
      23,
      80,
      204,
      86,
      182,
      92,
      37,
      66,
      184,
      170,
      154,
      109,
      78,
      191,
      77
    ],
    "8": [
      138,
      92,
      128,
      54,
      250,
      197,
      182,
      41,
      176,
      138,
      218,
      176,
      154,
      91,
      87,
      68,
      180,
      251,
      209,
      83,
      36,
      253,
      220,
      5,
      222,
      21,
      169,
      229,
      236,
      119,
      90,
      89
    ],
    "10": [
      154,
      231,
      176,
      85,
      181,
      176,
      109,
      78,
      69,
      191,
      239,
      233,
      245,
      232,
      12,
      254,
      9,
      152,
      242,
      205,
      55,
      164,
      130,
      51,
      96,
      33,
      63,
      31,
      54,
      211,
      176,
      215
    ],
    "20": [
      217,
      75,
      55,
      11,
      8,
      163,
      186,
      18,
      39,
      206,
      73,
      222,
      0,
      72,
      246,
      186,
      80,
      86,
      122,
      236,
      66,
      0,
      172,
      104,
      217,
      247,
      246,
      146,
      181,
      148,
      56,
      161
    ],
    "22": [
      235,
      83,
      218,
      104,
      229,
      189,
      251,
      93,
      130,
      32,
      159,
      221,
      1,
      62,
      170,
      117,
      150,
      97,
      182,
      255,
      111,
      124,
      194,
      104,
      216,
      202,
      133,
      216,
      92,
      43,
      60,
      40
    ],
    "16": [
      150,
      206,
      248,
      8,
      255,
      68,
      179,
      32,
      117,
      167,
      238,
      169,
      101,
      178,
      115,
      151,
      169,
      136,
      63,
      165,
      12,
      209,
      92,
      22,
      225,
      49,
      82,
      245,
      249,
      235,
      63,
      138
    ],
    "18": [
      41,
      32,
      178,
      144,
      168,
      231,
      73,
      200,
      144,
      249,
      128,
      243,
      196,
      95,
      116,
      119,
      20,
      253,
      37,
      98,
      124,
      67,
      33,
      78,
      119,
      125,
      190,
      152,
      74,
      24,
      237,
      86
    ],
    "28": [
      238,
      38,
      230,
      30,
      188,
      205,
      66,
      124,
      19,
      85,
      26,
      239,
      187,
      248,
      3,
      212,
      81,
      178,
      210,
      13,
      65,
      230,
      12,
      220,
      191,
      69,
      144,
      233,
      1,
      208,
      117,
      51
    ],
    "30": [
      122,
      208,
      197,
      236,
      140,
      24,
      238,
      72,
      190,
      244,
      235,
      118,
      59,
      196,
      151,
      58,
      83,
      162,
      192,
      45,
      49,
      185,
      110,
      3,
      105,
      211,
      168,
      180,
      134,
      182,
      87,
      97
    ],
    "24": [
      250,
      228,
      3,
      190,
      71,
      78,
      126,
      209,
      46,
      17,
      228,
      18,
      201,
      169,
      213,
      8,
      215,
      51,
      93,
      58,
      182,
      33,
      90,
      139,
      243,
      57,
      12,
      175,
      163,
      120,
      15,
      106
    ],
    "26": [
      173,
      103,
      67,
      9,
      77,
      27,
      75,
      119,
      169,
      191,
      152,
      251,
      39,
      11,
      55,
      136,
      207,
      120,
      34,
      122,
      51,
      1,
      92,
      247,
      136,
      40,
      248,
      173,
      155,
      181,
      230,
      233
    ],
    "5": [
      193,
      182,
      62,
      43,
      67,
      158,
      153,
      83,
      204,
      202,
      20,
      129,
      203,
      32,
      141,
      30,
      205,
      50,
      2,
      81,
      121,
      177,
      82,
      5,
      214,
      20,
      16,
      53,
      112,
      186,
      228,
      49
    ],
    "36": [
      54,
      169,
      182,
      181,
      214,
      248,
      240,
      217,
      80,
      74,
      90,
      215,
      142,
      75,
      103,
      121,
      70,
      17,
      219,
      16,
      25,
      16,
      165,
      206,
      5,
      199,
      187,
      93,
      172,
      77,
      90,
      104
    ],
    "7": [
      253,
      219,
      30,
      93,
      146,
      255,
      202,
      188,
      160,
      59,
      133,
      179,
      45,
      118,
      179,
      143,
      26,
      167,
      200,
      127,
      50,
      160,
      63,
      206,
      216,
      78,
      186,
      74,
      156,
      208,
      230,
      68
    ],
    "38": [
      99,
      111,
      247,
      103,
      59,
      10,
      54,
      125,
      90,
      142,
      17,
      234,
      208,
      50,
      120,
      22,
      79,
      39,
      134,
      0,
      105,
      93,
      220,
      27,
      118,
      101,
      21,
      134,
      244,
      44,
      177,
      171
    ],
    "1": [
      112,
      39,
      234,
      133,
      122,
      71,
      43,
      185,
      85,
      104,
      183,
      163,
      102,
      94,
      77,
      152,
      106,
      39,
      117,
      0,
      12,
      33,
      178,
      220,
      133,
      244,
      227,
      38,
      120,
      108,
      23,
      151
    ],
    "32": [
      211,
      71,
      12,
      150,
      198,
      136,
      19,
      74,
      49,
      71,
      143,
      5,
      151,
      96,
      136,
      208,
      215,
      139,
      124,
      226,
      112,
      42,
      71,
      235,
      175,
      28,
      203,
      116,
      98,
      88,
      130,
      114
    ],
    "3": [
      255,
      146,
      170,
      96,
      44,
      66,
      38,
      19,
      9,
      203,
      55,
      162,
      125,
      133,
      40,
      37,
      79,
      165,
      163,
      137,
      137,
      167,
      136,
      74,
      149,
      120,
      168,
      131,
      128,
      95,
      111,
      114
    ],
    "34": [
      5,
      189,
      48,
      243,
      105,
      214,
      182,
      72,
      192,
      64,
      15,
      90,
      55,
      73,
      66,
      123,
      239,
      127,
      177,
      228,
      35,
      77,
      25,
      157,
      115,
      124,
      218,
      141,
      204,
      156,
      247,
      129
    ],
    "13": [
      67,
      170,
      210,
      210,
      0,
      243,
      58,
      5,
      126,
      238,
      83,
      44,
      240,
      142,
      28,
      34,
      179,
      26,
      186,
      147,
      126,
      74,
      84,
      237,
      151,
      143,
      106,
      234,
      160,
      175,
      62,
      80
    ],
    "15": [
      15,
      233,
      184,
      127,
      223,
      151,
      17,
      253,
      53,
      118,
      158,
      173,
      89,
      222,
      249,
      244,
      214,
      140,
      62,
      230,
      190,
      45,
      195,
      34,
      215,
      224,
      124,
      218,
      185,
      164,
      57,
      85
    ],
    "9": [
      176,
      158,
      219,
      107,
      99,
      204,
      76,
      183,
      209,
      139,
      197,
      227,
      97,
      43,
      161,
      88,
      78,
      12,
      187,
      42,
      45,
      219,
      146,
      180,
      172,
      202,
      6,
      217,
      220,
      33,
      234,
      128
    ],
    "11": [
      232,
      197,
      57,
      33,
      41,
      251,
      133,
      166,
      154,
      164,
      212,
      175,
      34,
      240,
      236,
      54,
      192,
      55,
      206,
      128,
      159,
      130,
      191,
      202,
      231,
      53,
      138,
      26,
      158,
      40,
      248,
      178
    ],
    "21": [
      208,
      97,
      63,
      182,
      247,
      193,
      137,
      7,
      133,
      1,
      1,
      251,
      249,
      255,
      181,
      31,
      174,
      79,
      4,
      196,
      162,
      137,
      40,
      99,
      123,
      89,
      60,
      22,
      237,
      77,
      159,
      207
    ],
    "23": [
      42,
      28,
      219,
      39,
      98,
      216,
      20,
      1,
      56,
      183,
      52,
      52,
      100,
      87,
      8,
      228,
      114,
      105,
      88,
      55,
      213,
      151,
      108,
      99,
      227,
      149,
      148,
      170,
      174,
      65,
      176,
      45
    ],
    "17": [
      187,
      207,
      101,
      130,
      7,
      99,
      45,
      88,
      181,
      55,
      87,
      131,
      106,
      190,
      188,
      178,
      214,
      243,
      106,
      68,
      66,
      13,
      198,
      13,
      111,
      174,
      93,
      81,
      242,
      13,
      37,
      73
    ],
    "19": [
      184,
      19,
      167,
      53,
      20,
      21,
      126,
      208,
      250,
      168,
      31,
      21,
      244,
      249,
      109,
      58,
      39,
      99,
      155,
      48,
      11,
      153,
      96,
      130,
      167,
      192,
      139,
      170,
      3,
      236,
      145,
      193
    ],
    "29": [
      204,
      169,
      144,
      104,
      255,
      190,
      140,
      255,
      72,
      122,
      140,
      129,
      227,
      232,
      173,
      186,
      21,
      227,
      45,
      96,
      71,
      62,
      86,
      157,
      77,
      21,
      193,
      170,
      180,
      34,
      12,
      161
    ],
    "31": [
      218,
      246,
      46,
      94,
      206,
      75,
      154,
      131,
      180,
      193,
      95,
      187,
      240,
      224,
      179,
      159,
      68,
      3,
      73,
      110,
      102,
      210,
      52,
      149,
      45,
      187,
      164,
      52,
      218,
      156,
      220,
      170
    ],
    "25": [
      84,
      219,
      202,
      230,
      145,
      206,
      54,
      61,
      15,
      194,
      136,
      71,
      2,
      145,
      225,
      77,
      166,
      4,
      19,
      210,
      229,
      164,
      1,
      117,
      253,
      121,
      122,
      153,
      51,
      193,
      187,
      106
    ],
    "27": [
      77,
      246,
      196,
      250,
      138,
      229,
      134,
      26,
      79,
      225,
      33,
      238,
      120,
      235,
      84,
      94,
      132,
      81,
      65,
      53,
      138,
      181,
      241,
      103,
      174,
      184,
      109,
      170,
      123,
      238,
      84,
      194
    ]
  },
  "my_cert": [],
  "my_cert_key": [],
  "root_cert": []
}