{
  "net_map": {
    "37": "127.0.0.1:8537",
    "4": "127.0.0.1:8504",
    "39": "127.0.0.1:8539",
    "6": "127.0.0.1:8506",
    "33": "127.0.0.1:8533",
    "0": "127.0.0.1:8500",
    "35": "127.0.0.1:8535",
    "2": "127.0.0.1:8502",
    "12": "127.0.0.1:8512",
    "14": "127.0.0.1:8514",
    "8": "127.0.0.1:8508",
    "10": "127.0.0.1:8510",
    "20": "127.0.0.1:8520",
    "22": "127.0.0.1:8522",
    "16": "127.0.0.1:8516",
    "18": "127.0.0.1:8518",
    "28": "127.0.0.1:8528",
    "30": "127.0.0.1:8530",
    "24": "127.0.0.1:8524",
    "26": "127.0.0.1:8526",
    "5": "127.0.0.1:8505",
    "36": "127.0.0.1:8536",
    "7": "127.0.0.1:8507",
    "38": "127.0.0.1:8538",
    "1": "127.0.0.1:8501",
    "32": "127.0.0.1:8532",
    "3": "127.0.0.1:8503",
    "34": "127.0.0.1:8534",
    "13": "127.0.0.1:8513",
    "15": "127.0.0.1:8515",
    "9": "127.0.0.1:8509",
    "40": "127.0.0.1:9000",
    "11": "127.0.0.1:8511",
    "21": "127.0.0.1:8521",
    "23": "127.0.0.1:8523",
    "17": "127.0.0.1:8517",
    "19": "127.0.0.1:8519",
    "29": "127.0.0.1:8529",
    "31": "127.0.0.1:8531",
    "25": "127.0.0.1:8525",
    "27": "127.0.0.1:8527"
  },
  "delta": 100,
  "id": 30,
  "num_nodes": 40,
  "num_faults": 13,
  "block_size": 100,
  "client_port": 7030,
  "client_addr": "0.0.0.0:5000",
  "payload": 0,
  "prot_payload": "cc,/home/akhil/research/EEBA/libchatter/",
  "crypto_alg": "NOPKI",
  "pk_map": {},
  "secret_key_bytes": [],
  "sk_map": {
    "37": [
      116,
      110,
      217,
      34,
      233,
      49,
      148,
      24,
      16,
      154,
      174,
      152,
      219,
      195,
      159,
      144,
      69,
      218,
      203,
      113,
      150,
      52,
      81,
      209,
      12,
      242,
      193,
      107,
      174,
      245,
      156,
      62
    ],
    "4": [
      2,
      49,
      22,
      44,
      248,
      49,
      191,
      155,
      165,
      84,
      51,
      251,
      84,
      144,
      245,
      72,
      141,
      120,
      76,
      49,
      210,
      51,
      125,
      226,
      197,
      85,
      21,
      246,
      217,
      241,
      85,
      31
    ],
    "39": [
      168,
      181,
      189,
      156,
      94,
      18,
      104,
      70,
      115,
      119,
      181,
      55,
      225,
      19,
      146,
      28,
      10,
      254,
      51,
      130,
      75,
      25,
      219,
      36,
      166,
      61,
      164,
      99,
      197,
      112,
      213,
      96
    ],
    "6": [
      119,
      11,
      221,
      200,
      28,
      229,
      63,
      56,
      75,
      174,
      16,
      89,
      149,
      8,
      23,
      151,
      34,
      104,
      210,
      71,
      245,
      70,
      9,
      82,
      38,
      207,
      116,
      246,
      118,
      220,
      89,
      164
    ],
    "33": [
      133,
      80,
      28,
      104,
      2,
      100,
      189,
      137,
      228,
      182,
      72,
      91,
      198,
      83,
      235,
      118,
      166,
      142,
      43,
      14,
      38,
      72,
      43,
      230,
      159,
      154,
      14,
      207,
      135,
      236,
      16,
      40
    ],
    "0": [
      195,
      170,
      250,
      206,
      234,
      137,
      53,
      246,
      84,
      188,
      92,
      168,
      192,
      217,
      211,
      186,
      139,
      106,
      70,
      200,
      16,
      111,
      225,
      138,
      71,
      254,
      110,
      81,
      37,
      175,
      41,
      6
    ],
    "35": [
      167,
      207,
      43,
      107,
      74,
      13,
      96,
      10,
      99,
      99,
      176,
      184,
      80,
      243,
      163,
      22,
      126,
      185,
      30,
      108,
      86,
      229,
      47,
      35,
      178,
      153,
      12,
      127,
      220,
      212,
      52,
      209
    ],
    "2": [
      243,
      110,
      228,
      205,
      200,
      217,
      220,
      126,
      246,
      52,
      245,
      220,
      81,
      107,
      93,
      34,
      138,
      191,
      157,
      158,
      133,
      16,
      162,
      133,
      88,
      239,
      101,
      70,
      141,
      43,
      108,
      148
    ],
    "12": [
      137,
      213,
      169,
      70,
      166,
      231,
      15,
      5,
      155,
      120,
      194,
      27,
      110,
      62,
      11,
      100,
      130,
      200,
      234,
      86,
      95,
      160,
      219,
      134,
      33,
      112,
      175,
      208,
      210,
      73,
      242,
      205
    ],
    "14": [
      165,
      214,
      84,
      0,
      196,
      238,
      56,
      140,
      48,
      2,
      61,
      136,
      160,
      38,
      44,
      144,
      184,
      249,
      250,
      19,
      67,
      47,
      157,
      56,
      203,
      13,
      190,
      128,
      45,
      45,
      177,
      33
    ],
    "8": [
      207,
      119,
      174,
      172,
      126,
      102,
      44,
      101,
      60,
      244,
      93,
      120,
      209,
      27,
      235,
      101,
      84,
      193,
      86,
      178,
      157,
      22,
      230,
      162,
      37,
      32,
      68,
      146,
      33,
      29,
      210,
      186
    ],
    "10": [
      251,
      249,
      106,
      132,
      33,
      119,
      149,
      251,
      237,
      39,
      94,
      172,
      118,
      4,
      215,
      159,
      27,
      175,
      62,
      237,
      75,
      9,
      249,
      38,
      171,
      150,
      160,
      9,
      43,
      170,
      106,
      127
    ],
    "20": [
      144,
      143,
      158,
      160,
      83,
      145,
      176,
      179,
      164,
      230,
      159,
      227,
      75,
      174,
      17,
      98,
      51,
      33,
      73,
      227,
      55,
      157,
      104,
      35,
      142,
      126,
      80,
      21,
      255,
      37,
      194,
      221
    ],
    "22": [
      208,
      241,
      206,
      5,
      248,
      204,
      90,
      66,
      244,
      41,
      72,
      164,
      142,
      89,
      6,
      145,
      177,
      58,
      235,
      46,
      49,
      106,
      214,
      91,
      69,
      116,
      91,
      183,
      160,
      144,
      155,
      248
    ],
    "16": [
      187,
      194,
      33,
      152,
      238,
      122,
      236,
      85,
      141,
      60,
      173,
      128,
      43,
      88,
      103,
      109,
      63,
      168,
      24,
      180,
      148,
      93,
      103,
      173,
      188,
      250,
      158,
      38,
      193,
      159,
      234,
      162
    ],
    "18": [
      60,
      94,
      187,
      146,
      184,
      105,
      114,
      185,
      242,
      52,
      186,
      15,
      40,
      45,
      68,
      34,
      148,
      78,
      248,
      186,
      138,
      49,
      29,
      123,
      175,
      35,
      26,
      245,
      153,
      203,
      207,
      91
    ],
    "28": [
      139,
      215,
      165,
      132,
      118,
      134,
      172,
      105,
      132,
      104,
      58,
      133,
      43,
      86,
      95,
      180,
      221,
      40,
      137,
      226,
      8,
      247,
      207,
      96,
      46,
      70,
      111,
      60,
      53,
      7,
      220,
      246
    ],
    "30": [
      155,
      246,
      119,
      172,
      120,
      251,
      168,
      171,
      253,
      22,
      109,
      46,
      69,
      50,
      4,
      96,
      84,
      85,
      251,
      231,
      161,
      158,
      88,
      249,
      99,
      99,
      61,
      127,
      230,
      13,
      44,
      71
    ],
    "24": [
      242,
      50,
      63,
      240,
      164,
      117,
      215,
      122,
      147,
      240,
      242,
      212,
      52,
      197,
      181,
      32,
      178,
      186,
      197,
      16,
      182,
      80,
      45,
      69,
      162,
      100,
      160,
      102,
      158,
      207,
      186,
      77
    ],
    "26": [
      191,
      37,
      57,
      160,
      125,
      32,
      132,
      118,
      49,
      105,
      217,
      57,
      215,
      41,
      108,
      173,
      147,
      248,
      16,
      54,
      18,
      49,
      31,
      104,
      109,
      172,
      236,
      199,
      58,
      170,
      104,
      19
    ],
    "5": [
      189,
      131,
      13,
      246,
      164,
      195,
      66,
      31,
      240,
      35,
      247,
      245,
      156,
      230,
      232,
      29,
      254,
      215,
      203,
      200,
      253,
      214,
      25,
      189,
      17,
      166,
      59,
      204,
      252,
      60,
      250,
      52
    ],
    "36": [
      150,
      60,
      64,
      86,
      200,
      67,
      20,
      95,
      43,
      149,
      105,
      111,
      4,
      132,
      140,
      41,
      207,
      108,
      79,
      31,
      201,
      115,
      52,
      180,
      73,
      147,
      74,
      91,
      232,
      74,
      58,
      83
    ],
    "7": [
      122,
      208,
      197,
      236,
      140,
      24,
      238,
      72,
      190,
      244,
      235,
      118,
      59,
      196,
      151,
      58,
      83,
      162,
      192,
      45,
      49,
      185,
      110,
      3,
      105,
      211,
      168,
      180,
      134,
      182,
      87,
      97
    ],
    "38": [
      71,
      52,
      109,
      3,
      60,
      85,
      109,
      64,
      68,
      213,
      36,
      115,
      225,
      128,
      225,
      177,
      97,
      103,
      99,
      207,
      102,
      91,
      135,
      184,
      178,
      215,
      229,
      80,
      112,
      84,
      199,
      204
    ],
    "1": [
      0,
      212,
      197,
      96,
      167,
      80,
      10,
      49,
      171,
      157,
      138,
      109,
      178,
      110,
      65,
      56,
      41,
      23,
      45,
      18,
      199,
      251,
      98,
      137,
      12,
      92,
      189,
      246,
      52,
      170,
      142,
      241
    ],
    "32": [
      245,
      31,
      165,
      136,
      19,
      112,
      122,
      51,
      21,
      114,
      247,
      117,
      6,
      245,
      224,
      183,
      185,
      237,
      101,
      185,
      184,
      241,
      199,
      38,
      127,
      74,
      35,
      138,
      62,
      53,
      47,
      130
    ],
    "3": [
      255,
      253,
      188,
      113,
      201,
      150,
      80,
      27,
      89,
      81,
      220,
      233,
      148,
      37,
      202,
      252,
      125,
      177,
      46,
      224,
      72,
      43,
      172,
      157,
      75,
      184,
      17,
      66,
      140,
      158,
      75,
      32
    ],
    "34": [
      77,
      47,
      213,
      154,
      113,
      173,
      18,
      65,
      80,
      135,
      200,
      212,
      244,
      22,
      93,
      9,
      243,
      15,
      239,
      22,
      40,
      124,
      138,
      65,
      156,
      216,
      189,
      253,
      134,
      80,
      58,
      148
    ],
    "13": [
      152,
      8,
      44,
      39,
      241,
      145,
      5,
      213,
      163,
      230,
      52,
      70,
      86,
      162,
      213,
      14,
      99,
      161,
      129,
      119,
      61,
      99,
      70,
      16,
      15,
      167,
      150,
      56,
      99,
      131,
      200,
      35
    ],
    "15": [
      156,
      193,
      25,
      231,
      236,
      108,
      102,
      78,
      81,
      204,
      189,
      10,
      61,
      88,
      52,
      19,
      217,
      52,
      63,
      172,
      88,
      10,
      84,
      53,
      45,
      61,
      202,
      231,
      203,
      253,
      227,
      227
    ],
    "9": [
      178,
      201,
      231,
      204,
      138,
      239,
      114,
      240,
      116,
      127,
      239,
      69,
      191,
      166,
      17,
      61,
      16,
      219,
      88,
      48,
      13,
      225,
      20,
      56,
      216,
      6,
      151,
      89,
      218,
      129,
      221,
      50
    ],
    "11": [
      137,
      154,
      139,
      170,
      129,
      242,
      48,
      248,
      20,
      111,
      93,
      120,
      254,
      119,
      79,
      133,
      205,
      157,
      80,
      52,
      116,
      199,
      219,
      46,
      133,
      29,
      240,
      221,
      3,
      220,
      224,
      59
    ],
    "21": [
      178,
      44,
      6,
      253,
      100,
      128,
      251,
      251,
      181,
      242,
      8,
      239,
      235,
      209,
      230,
      227,
      87,
      202,
      147,
      229,
      188,
      219,
      99,
      237,
      244,
      212,
      156,
      240,
      138,
      16,
      60,
      14
    ],
    "23": [
      3,
      225,
      193,
      11,
      201,
      66,
      250,
      182,
      30,
      201,
      116,
      81,
      156,
      26,
      12,
      68,
      155,
      253,
      83,
      8,
      122,
      144,
      41,
      31,
      217,
      43,
      249,
      15,
      244,
      211,
      252,
      35
    ],
    "17": [
      30,
      62,
      170,
      7,
      148,
      4,
      229,
      161,
      75,
      159,
      61,
      84,
      215,
      163,
      71,
      69,
      184,
      186,
      27,
      157,
      226,
      164,
      123,
      47,
      54,
      165,
      114,
      153,
      216,
      89,
      22,
      27
    ],
    "19": [
      87,
      85,
      129,
      28,
      17,
      3,
      195,
      224,
      160,
      124,
      56,
      126,
      175,
      227,
      146,
      211,
      76,
      195,
      87,
      51,
      233,
      207,
      19,
      70,
      16,
      52,
      5,
      125,
      188,
      226,
      133,
      137
    ],
    "29": [
      249,
      212,
      122,
      253,
      90,
      160,
      174,
      232,
      89,
      196,
      175,
      94,
      74,
      43,
      223,
      215,
      0,
      89,
      14,
      38,
      100,
      212,
      225,
      156,
      79,
      230,
      166,
      51,
      46,
      96,
      41,
      148
    ],
    "31": [
      179,
      154,
      125,
      238,
      244,
      201,
      27,
      243,
      126,
      101,
      151,
      12,
      93,
      120,
      239,
      11,
      220,
      18,
      213,
      118,
      179,
      209,
      24,
      214,
      34,
      128,
      229,
      235,
      172,
      43,
      74,
      138
    ],
    "25": [
      118,
      185,
      179,
      128,
      137,
      66,
      133,
      14,
      109,
      61,
      224,
      40,
      154,
      19,
      43,
      214,
      92,
      201,
      252,
      14,
      40,
      73,
      45,
      14,
      156,
      175,
      18,
      138,
      255,
      160,
      156,
      88
    ],
    "27": [
      225,
      200,
      57,
      76,
      21,
      128,
      148,
      80,
      161,
      8,
      212,
      219,
      130,
      80,
      153,
      88,
      179,
      170,
      148,
      175,
      192,
      166,
      113,
      251,
      247,
      100,
      175,
      37,
      151,
      0,
      216,
      144
    ]
  },
  "my_cert": [],
  "my_cert_key": [],
  "root_cert": []
}