{
  "net_map": {
    "37": "127.0.0.1:8537",
    "4": "127.0.0.1:8504",
    "39": "127.0.0.1:8539",
    "6": "127.0.0.1:8506",
    "33": "127.0.0.1:8533",
    "0": "127.0.0.1:8500",
    "35": "127.0.0.1:8535",
    "2": "127.0.0.1:8502",
    "12": "127.0.0.1:8512",
    "14": "127.0.0.1:8514",
    "8": "127.0.0.1:8508",
    "10": "127.0.0.1:8510",
    "20": "127.0.0.1:8520",
    "22": "127.0.0.1:8522",
    "16": "127.0.0.1:8516",
    "18": "127.0.0.1:8518",
    "28": "127.0.0.1:8528",
    "30": "127.0.0.1:8530",
    "24": "127.0.0.1:8524",
    "26": "127.0.0.1:8526",
    "5": "127.0.0.1:8505",
    "36": "127.0.0.1:8536",
    "7": "127.0.0.1:8507",
    "38": "127.0.0.1:8538",
    "1": "127.0.0.1:8501",
    "32": "127.0.0.1:8532",
    "3": "127.0.0.1:8503",
    "34": "127.0.0.1:8534",
    "13": "127.0.0.1:8513",
    "15": "127.0.0.1:8515",
    "9": "127.0.0.1:8509",
    "40": "127.0.0.1:9000",
    "11": "127.0.0.1:8511",
    "21": "127.0.0.1:8521",
    "23": "127.0.0.1:8523",
    "17": "127.0.0.1:8517",
    "19": "127.0.0.1:8519",
    "29": "127.0.0.1:8529",
    "31": "127.0.0.1:8531",
    "25": "127.0.0.1:8525",
    "27": "127.0.0.1:8527"
  },
  "delta": 100,
  "id": 10,
  "num_nodes": 40,
  "num_faults": 13,
  "block_size": 100,
  "client_port": 7010,
  "client_addr": "0.0.0.0:5000",
  "payload": 0,
  "prot_payload": "cc,/home/akhil/research/EEBA/libchatter/",
  "crypto_alg": "NOPKI",
  "pk_map": {},
  "secret_key_bytes": [],
  "sk_map": {
    "37": [
      207,
      96,
      6,
      221,
      36,
      77,
      118,
      213,
      6,
      2,
      251,
      111,
      104,
      80,
      141,
      0,
      187,
      133,
      66,
      248,
      248,
      164,
      53,
      168,
      41,
      13,
      124,
      55,
      73,
      110,
      100,
      228
    ],
    "4": [
      212,
      217,
      144,
      207,
      135,
      174,
      78,
      102,
      203,
      134,
      214,
      114,
      117,
      228,
      166,
      72,
      236,
      0,
      60,
      43,
      172,
      89,
      42,
      201,
      7,
      32,
      136,
      93,
      102,
      12,
      87,
      140
    ],
    "39": [
      69,
      47,
      197,
      87,
      73,
      52,
      162,
      212,
      49,
      178,
      65,
      162,
      195,
      124,
      138,
      47,
      110,
      234,
      184,
      214,
      52,
      33,
      67,
      251,
      170,
      238,
      192,
      111,
      156,
      215,
      128,
      241
    ],
    "6": [
      167,
      102,
      147,
      112,
      254,
      187,
      240,
      69,
      218,
      153,
      151,
      198,
      10,
      6,
      253,
      100,
      51,
      41,
      177,
      67,
      70,
      78,
      249,
      122,
      71,
      170,
      148,
      154,
      204,
      106,
      123,
      15
    ],
    "33": [
      20,
      233,
      174,
      95,
      9,
      233,
      190,
      123,
      204,
      69,
      59,
      58,
      206,
      76,
      172,
      46,
      198,
      160,
      201,
      222,
      22,
      221,
      98,
      9,
      107,
      154,
      43,
      51,
      87,
      68,
      94,
      227
    ],
    "0": [
      221,
      236,
      39,
      40,
      155,
      71,
      169,
      231,
      19,
      142,
      90,
      135,
      240,
      169,
      72,
      59,
      154,
      89,
      34,
      183,
      203,
      56,
      113,
      35,
      216,
      120,
      164,
      14,
      56,
      27,
      21,
      173
    ],
    "35": [
      131,
      90,
      184,
      201,
      57,
      83,
      14,
      179,
      84,
      56,
      219,
      66,
      180,
      151,
      197,
      13,
      236,
      254,
      151,
      238,
      226,
      172,
      42,
      21,
      164,
      120,
      34,
      217,
      149,
      170,
      232,
      6
    ],
    "2": [
      116,
      150,
      113,
      123,
      239,
      9,
      220,
      215,
      143,
      241,
      49,
      5,
      145,
      162,
      201,
      230,
      5,
      77,
      168,
      252,
      108,
      173,
      66,
      130,
      140,
      128,
      84,
      10,
      33,
      201,
      136,
      49
    ],
    "12": [
      88,
      159,
      88,
      251,
      7,
      110,
      239,
      242,
      58,
      7,
      189,
      171,
      47,
      194,
      89,
      163,
      189,
      222,
      142,
      207,
      69,
      144,
      12,
      142,
      77,
      177,
      72,
      185,
      71,
      141,
      249,
      230
    ],
    "14": [
      197,
      167,
      102,
      14,
      224,
      103,
      31,
      239,
      165,
      168,
      125,
      116,
      169,
      62,
      180,
      125,
      88,
      7,
      211,
      63,
      111,
      108,
      87,
      177,
      6,
      120,
      185,
      239,
      80,
      241,
      137,
      203
    ],
    "8": [
      118,
      81,
      84,
      160,
      210,
      114,
      211,
      25,
      16,
      107,
      117,
      9,
      74,
      243,
      71,
      149,
      92,
      177,
      109,
      13,
      102,
      166,
      139,
      169,
      11,
      99,
      31,
      102,
      234,
      248,
      167,
      170
    ],
    "10": [
      96,
      21,
      93,
      143,
      185,
      141,
      79,
      107,
      151,
      232,
      8,
      85,
      161,
      251,
      228,
      117,
      120,
      206,
      115,
      248,
      198,
      182,
      152,
      14,
      222,
      135,
      121,
      83,
      46,
      171,
      32,
      242
    ],
    "20": [
      40,
      80,
      116,
      231,
      149,
      179,
      196,
      33,
      87,
      20,
      39,
      85,
      241,
      187,
      86,
      141,
      18,
      194,
      69,
      151,
      44,
      184,
      13,
      15,
      92,
      14,
      64,
      188,
      72,
      173,
      28,
      70
    ],
    "22": [
      232,
      151,
      42,
      227,
      255,
      150,
      62,
      123,
      17,
      157,
      121,
      229,
      181,
      166,
      234,
      177,
      113,
      192,
      132,
      194,
      65,
      170,
      166,
      101,
      165,
      88,
      24,
      249,
      17,
      234,
      183,
      64
    ],
    "16": [
      34,
      189,
      207,
      52,
      144,
      33,
      166,
      12,
      218,
      199,
      149,
      186,
      144,
      82,
      177,
      108,
      80,
      90,
      42,
      137,
      81,
      162,
      129,
      250,
      127,
      166,
      113,
      67,
      65,
      207,
      126,
      101
    ],
    "18": [
      49,
      109,
      84,
      166,
      164,
      115,
      98,
      146,
      115,
      220,
      165,
      179,
      220,
      189,
      38,
      171,
      71,
      83,
      64,
      103,
      9,
      167,
      192,
      36,
      152,
      141,
      153,
      39,
      109,
      95,
      37,
      192
    ],
    "28": [
      69,
      2,
      0,
      185,
      106,
      247,
      189,
      3,
      251,
      148,
      152,
      57,
      46,
      176,
      255,
      127,
      194,
      197,
      94,
      110,
      72,
      1,
      23,
      22,
      76,
      127,
      169,
      212,
      144,
      30,
      214,
      72
    ],
    "30": [
      251,
      249,
      106,
      132,
      33,
      119,
      149,
      251,
      237,
      39,
      94,
      172,
      118,
      4,
      215,
      159,
      27,
      175,
      62,
      237,
      75,
      9,
      249,
      38,
      171,
      150,
      160,
      9,
      43,
      170,
      106,
      127
    ],
    "24": [
      32,
      86,
      135,
      235,
      102,
      13,
      3,
      27,
      174,
      121,
      109,
      249,
      188,
      6,
      19,
      251,
      132,
      45,
      99,
      245,
      231,
      23,
      10,
      215,
      214,
      125,
      205,
      159,
      254,
      67,
      65,
      173
    ],
    "26": [
      79,
      226,
      34,
      154,
      190,
      197,
      212,
      161,
      54,
      8,
      96,
      199,
      95,
      253,
      181,
      55,
      25,
      250,
      231,
      225,
      28,
      114,
      22,
      253,
      116,
      221,
      15,
      16,
      176,
      219,
      116,
      54
    ],
    "5": [
      131,
      87,
      32,
      17,
      51,
      78,
      78,
      136,
      175,
      235,
      195,
      192,
      102,
      8,
      41,
      217,
      42,
      80,
      76,
      164,
      250,
      147,
      220,
      9,
      88,
      141,
      91,
      11,
      219,
      121,
      229,
      239
    ],
    "36": [
      102,
      232,
      170,
      221,
      136,
      60,
      165,
      40,
      9,
      194,
      41,
      180,
      71,
      39,
      20,
      56,
      111,
      237,
      241,
      196,
      170,
      123,
      175,
      200,
      56,
      57,
      13,
      185,
      247,
      122,
      71,
      235
    ],
    "7": [
      154,
      231,
      176,
      85,
      181,
      176,
      109,
      78,
      69,
      191,
      239,
      233,
      245,
      232,
      12,
      254,
      9,
      152,
      242,
      205,
      55,
      164,
      130,
      51,
      96,
      33,
      63,
      31,
      54,
      211,
      176,
      215
    ],
    "38": [
      5,
      147,
      94,
      74,
      219,
      95,
      217,
      78,
      240,
      99,
      230,
      228,
      215,
      59,
      148,
      137,
      61,
      164,
      45,
      9,
      111,
      195,
      226,
      53,
      163,
      57,
      231,
      234,
      6,
      109,
      251,
      8
    ],
    "1": [
      225,
      83,
      102,
      51,
      241,
      83,
      160,
      78,
      125,
      165,
      159,
      129,
      187,
      83,
      140,
      230,
      106,
      192,
      55,
      112,
      242,
      93,
      107,
      195,
      124,
      212,
      105,
      210,
      95,
      70,
      179,
      112
    ],
    "32": [
      18,
      184,
      117,
      234,
      12,
      9,
      169,
      164,
      187,
      31,
      74,
      107,
      189,
      244,
      118,
      196,
      84,
      188,
      110,
      21,
      221,
      158,
      79,
      139,
      142,
      89,
      21,
      78,
      135,
      103,
      26,
      141
    ],
    "3": [
      236,
      126,
      111,
      218,
      23,
      87,
      50,
      246,
      174,
      12,
      141,
      219,
      151,
      147,
      215,
      91,
      46,
      92,
      219,
      37,
      96,
      113,
      111,
      208,
      253,
      154,
      178,
      225,
      152,
      194,
      129,
      241
    ],
    "34": [
      118,
      0,
      126,
      139,
      193,
      187,
      236,
      231,
      122,
      76,
      75,
      120,
      161,
      196,
      168,
      70,
      94,
      21,
      228,
      33,
      87,
      8,
      128,
      140,
      65,
      54,
      27,
      108,
      141,
      9,
      84,
      164
    ],
    "13": [
      137,
      38,
      133,
      175,
      33,
      76,
      247,
      98,
      22,
      176,
      244,
      60,
      210,
      167,
      79,
      143,
      106,
      111,
      186,
      154,
      200,
      117,
      207,
      154,
      196,
      254,
      237,
      160,
      174,
      70,
      7,
      61
    ],
    "15": [
      2,
      172,
      255,
      217,
      117,
      56,
      102,
      61,
      61,
      161,
      142,
      7,
      19,
      254,
      11,
      206,
      49,
      93,
      85,
      180,
      188,
      176,
      152,
      85,
      63,
      198,
      99,
      52,
      74,
      182,
      167,
      220
    ],
    "9": [
      203,
      235,
      220,
      226,
      138,
      62,
      65,
      53,
      3,
      127,
      73,
      156,
      175,
      80,
      60,
      170,
      233,
      70,
      146,
      116,
      250,
      214,
      35,
      60,
      209,
      182,
      220,
      53,
      199,
      53,
      87,
      114
    ],
    "11": [
      200,
      178,
      34,
      75,
      72,
      231,
      128,
      197,
      219,
      9,
      122,
      100,
      20,
      103,
      51,
      4,
      42,
      159,
      130,
      108,
      21,
      206,
      169,
      149,
      109,
      32,
      140,
      235,
      157,
      243,
      86,
      112
    ],
    "21": [
      37,
      181,
      144,
      236,
      139,
      221,
      119,
      171,
      155,
      15,
      54,
      30,
      248,
      156,
      39,
      59,
      131,
      139,
      19,
      185,
      15,
      132,
      221,
      39,
      115,
      155,
      212,
      131,
      194,
      51,
      236,
      75
    ],
    "23": [
      17,
      112,
      75,
      141,
      128,
      109,
      60,
      118,
      74,
      183,
      115,
      74,
      24,
      32,
      45,
      190,
      144,
      124,
      136,
      67,
      121,
      211,
      99,
      42,
      23,
      5,
      93,
      113,
      208,
      252,
      168,
      223
    ],
    "17": [
      41,
      156,
      229,
      119,
      165,
      26,
      165,
      239,
      114,
      65,
      200,
      122,
      231,
      100,
      207,
      173,
      173,
      151,
      197,
      100,
      167,
      184,
      192,
      147,
      207,
      64,
      239,
      50,
      172,
      117,
      32,
      53
    ],
    "19": [
      241,
      155,
      19,
      214,
      246,
      117,
      157,
      207,
      208,
      4,
      16,
      149,
      137,
      149,
      38,
      186,
      33,
      249,
      81,
      225,
      66,
      194,
      101,
      118,
      118,
      63,
      60,
      91,
      231,
      154,
      10,
      60
    ],
    "29": [
      229,
      237,
      181,
      36,
      75,
      69,
      148,
      93,
      205,
      43,
      133,
      211,
      250,
      177,
      49,
      167,
      24,
      229,
      124,
      100,
      226,
      87,
      204,
      127,
      105,
      131,
      56,
      41,
      98,
      149,
      245,
      132
    ],
    "31": [
      89,
      46,
      83,
      194,
      27,
      61,
      104,
      105,
      193,
      51,
      133,
      94,
      219,
      35,
      133,
      44,
      47,
      167,
      249,
      22,
      201,
      248,
      129,
      184,
      118,
      112,
      149,
      73,
      152,
      35,
      98,
      27
    ],
    "25": [
      34,
      83,
      236,
      22,
      237,
      122,
      187,
      63,
      29,
      3,
      212,
      42,
      4,
      21,
      87,
      23,
      22,
      76,
      73,
      49,
      83,
      64,
      79,
      211,
      248,
      245,
      174,
      231,
      25,
      228,
      26,
      245
    ],
    "27": [
      203,
      211,
      171,
      252,
      195,
      248,
      80,
      58,
      47,
      233,
      108,
      69,
      218,
      63,
      221,
      12,
      219,
      179,
      166,
      39,
      182,
      95,
      32,
      129,
      126,
      160,
      213,
      81,
      103,
      217,
      146,
      69
    ]
  },
  "my_cert": [],
  "my_cert_key": [],
  "root_cert": []
}