{
  "net_map": {
    "37": "127.0.0.1:8537",
    "4": "127.0.0.1:8504",
    "39": "127.0.0.1:8539",
    "6": "127.0.0.1:8506",
    "33": "127.0.0.1:8533",
    "0": "127.0.0.1:8500",
    "35": "127.0.0.1:8535",
    "2": "127.0.0.1:8502",
    "12": "127.0.0.1:8512",
    "14": "127.0.0.1:8514",
    "8": "127.0.0.1:8508",
    "10": "127.0.0.1:8510",
    "20": "127.0.0.1:8520",
    "22": "127.0.0.1:8522",
    "16": "127.0.0.1:8516",
    "18": "127.0.0.1:8518",
    "28": "127.0.0.1:8528",
    "30": "127.0.0.1:8530",
    "24": "127.0.0.1:8524",
    "26": "127.0.0.1:8526",
    "5": "127.0.0.1:8505",
    "36": "127.0.0.1:8536",
    "7": "127.0.0.1:8507",
    "38": "127.0.0.1:8538",
    "1": "127.0.0.1:8501",
    "32": "127.0.0.1:8532",
    "3": "127.0.0.1:8503",
    "34": "127.0.0.1:8534",
    "13": "127.0.0.1:8513",
    "15": "127.0.0.1:8515",
    "9": "127.0.0.1:8509",
    "40": "127.0.0.1:9000",
    "11": "127.0.0.1:8511",
    "21": "127.0.0.1:8521",
    "23": "127.0.0.1:8523",
    "17": "127.0.0.1:8517",
    "19": "127.0.0.1:8519",
    "29": "127.0.0.1:8529",
    "31": "127.0.0.1:8531",
    "25": "127.0.0.1:8525",
    "27": "127.0.0.1:8527"
  },
  "delta": 100,
  "id": 33,
  "num_nodes": 40,
  "num_faults": 13,
  "block_size": 100,
  "client_port": 7033,
  "client_addr": "0.0.0.0:5000",
  "payload": 0,
  "prot_payload": "cc,/home/akhil/research/EEBA/libchatter/",
  "crypto_alg": "NOPKI",
  "pk_map": {},
  "secret_key_bytes": [],
  "sk_map": {
    "37": [
      153,
      180,
      120,
      177,
      49,
      123,
      244,
      70,
      51,
      234,
      31,
      132,
      123,
      239,
      97,
      158,
      173,
      88,
      89,
      254,
      202,
      28,
      114,
      33,
      4,
      98,
      109,
      32,
      176,
      111,
      139,
      65
    ],
    "4": [
      68,
      146,
      102,
      245,
      98,
      40,
      180,
      47,
      31,
      118,
      205,
      194,
      36,
      74,
      74,
      180,
      208,
      44,
      171,
      25,
      207,
      18,
      110,
      191,
      91,
      94,
      52,
      49,
      143,
      89,
      152,
      254
    ],
    "39": [
      238,
      109,
      29,
      51,
      88,
      207,
      156,
      69,
      13,
      100,
      112,
      33,
      41,
      77,
      73,
      5,
      243,
      171,
      43,
      143,
      227,
      235,
      83,
      228,
      246,
      168,
      117,
      213,
      145,
      124,
      114,
      188
    ],
    "6": [
      37,
      87,
      102,
      242,
      149,
      149,
      76,
      170,
      232,
      174,
      127,
      154,
      245,
      1,
      35,
      218,
      48,
      230,
      108,
      97,
      107,
      118,
      247,
      74,
      211,
      193,
      158,
      210,
      159,
      133,
      109,
      58
    ],
    "33": [
      93,
      57,
      161,
      195,
      85,
      175,
      229,
      42,
      125,
      138,
      66,
      176,
      61,
      98,
      62,
      250,
      94,
      229,
      39,
      149,
      175,
      207,
      197,
      20,
      239,
      145,
      210,
      73,
      87,
      70,
      224,
      164
    ],
    "0": [
      58,
      21,
      129,
      235,
      33,
      3,
      55,
      79,
      25,
      213,
      80,
      226,
      85,
      85,
      126,
      147,
      190,
      241,
      140,
      116,
      32,
      240,
      248,
      79,
      142,
      204,
      220,
      203,
      206,
      32,
      46,
      102
    ],
    "35": [
      29,
      15,
      212,
      152,
      249,
      205,
      145,
      34,
      40,
      96,
      186,
      237,
      184,
      193,
      249,
      132,
      191,
      221,
      190,
      82,
      112,
      122,
      213,
      5,
      88,
      207,
      20,
      52,
      155,
      176,
      145,
      114
    ],
    "2": [
      83,
      134,
      65,
      166,
      206,
      104,
      13,
      9,
      234,
      60,
      107,
      180,
      90,
      0,
      84,
      3,
      4,
      237,
      1,
      239,
      241,
      131,
      93,
      72,
      215,
      209,
      17,
      199,
      51,
      152,
      166,
      189
    ],
    "12": [
      159,
      105,
      243,
      197,
      150,
      120,
      56,
      97,
      54,
      88,
      213,
      81,
      208,
      26,
      120,
      203,
      242,
      39,
      41,
      190,
      51,
      59,
      126,
      233,
      166,
      70,
      135,
      14,
      119,
      67,
      55,
      200
    ],
    "14": [
      151,
      34,
      34,
      13,
      246,
      178,
      118,
      227,
      17,
      248,
      99,
      105,
      169,
      185,
      27,
      118,
      135,
      25,
      247,
      58,
      23,
      53,
      13,
      206,
      237,
      253,
      169,
      9,
      124,
      14,
      108,
      183
    ],
    "8": [
      4,
      149,
      213,
      132,
      255,
      229,
      145,
      196,
      164,
      49,
      202,
      96,
      135,
      40,
      229,
      118,
      208,
      135,
      146,
      179,
      205,
      54,
      103,
      48,
      66,
      66,
      158,
      84,
      143,
      98,
      217,
      81
    ],
    "10": [
      20,
      233,
      174,
      95,
      9,
      233,
      190,
      123,
      204,
      69,
      59,
      58,
      206,
      76,
      172,
      46,
      198,
      160,
      201,
      222,
      22,
      221,
      98,
      9,
      107,
      154,
      43,
      51,
      87,
      68,
      94,
      227
    ],
    "20": [
      110,
      150,
      231,
      104,
      121,
      248,
      88,
      160,
      82,
      6,
      128,
      64,
      168,
      232,
      59,
      164,
      1,
      173,
      74,
      238,
      241,
      99,
      207,
      65,
      171,
      251,
      255,
      204,
      162,
      40,
      76,
      41
    ],
    "22": [
      183,
      136,
      174,
      122,
      192,
      68,
      213,
      29,
      91,
      55,
      197,
      236,
      69,
      61,
      142,
      56,
      0,
      3,
      44,
      78,
      107,
      101,
      88,
      98,
      153,
      150,
      248,
      123,
      223,
      131,
      56,
      135
    ],
    "16": [
      202,
      9,
      12,
      185,
      128,
      128,
      115,
      138,
      212,
      203,
      131,
      236,
      87,
      95,
      243,
      102,
      103,
      137,
      46,
      173,
      180,
      145,
      44,
      173,
      174,
      179,
      19,
      231,
      85,
      77,
      192,
      18
    ],
    "18": [
      209,
      244,
      77,
      127,
      190,
      0,
      201,
      78,
      68,
      53,
      93,
      72,
      232,
      84,
      21,
      60,
      201,
      173,
      142,
      10,
      243,
      138,
      183,
      0,
      4,
      181,
      228,
      125,
      36,
      177,
      82,
      186
    ],
    "28": [
      153,
      223,
      142,
      64,
      4,
      73,
      141,
      97,
      128,
      30,
      199,
      90,
      69,
      194,
      206,
      206,
      245,
      168,
      182,
      90,
      110,
      91,
      74,
      33,
      6,
      75,
      16,
      115,
      200,
      71,
      103,
      157
    ],
    "30": [
      133,
      80,
      28,
      104,
      2,
      100,
      189,
      137,
      228,
      182,
      72,
      91,
      198,
      83,
      235,
      118,
      166,
      142,
      43,
      14,
      38,
      72,
      43,
      230,
      159,
      154,
      14,
      207,
      135,
      236,
      16,
      40
    ],
    "24": [
      32,
      62,
      235,
      15,
      221,
      69,
      37,
      237,
      48,
      42,
      194,
      88,
      129,
      85,
      117,
      116,
      80,
      151,
      66,
      11,
      10,
      163,
      247,
      54,
      150,
      76,
      16,
      25,
      112,
      50,
      155,
      146
    ],
    "26": [
      88,
      17,
      115,
      245,
      157,
      18,
      87,
      122,
      197,
      93,
      123,
      38,
      19,
      24,
      18,
      85,
      250,
      22,
      37,
      212,
      214,
      227,
      10,
      118,
      188,
      254,
      124,
      129,
      193,
      112,
      105,
      0
    ],
    "5": [
      252,
      29,
      82,
      199,
      150,
      96,
      113,
      77,
      85,
      63,
      85,
      51,
      25,
      31,
      203,
      251,
      184,
      154,
      217,
      122,
      167,
      25,
      21,
      194,
      24,
      16,
      157,
      55,
      14,
      82,
      173,
      76
    ],
    "36": [
      48,
      94,
      12,
      25,
      220,
      176,
      98,
      44,
      101,
      110,
      252,
      146,
      227,
      198,
      33,
      231,
      28,
      147,
      223,
      202,
      224,
      128,
      167,
      148,
      236,
      33,
      231,
      31,
      31,
      71,
      226,
      167
    ],
    "7": [
      139,
      241,
      144,
      140,
      79,
      69,
      226,
      9,
      184,
      162,
      180,
      172,
      237,
      142,
      174,
      84,
      46,
      19,
      157,
      238,
      14,
      246,
      93,
      253,
      48,
      226,
      128,
      226,
      226,
      46,
      26,
      102
    ],
    "38": [
      178,
      248,
      11,
      228,
      57,
      53,
      69,
      41,
      15,
      89,
      75,
      140,
      206,
      113,
      142,
      177,
      32,
      152,
      194,
      40,
      165,
      138,
      8,
      204,
      218,
      117,
      39,
      234,
      186,
      212,
      171,
      156
    ],
    "1": [
      150,
      191,
      150,
      63,
      250,
      96,
      186,
      169,
      215,
      44,
      220,
      83,
      248,
      188,
      55,
      192,
      226,
      79,
      81,
      242,
      226,
      64,
      20,
      186,
      28,
      37,
      169,
      98,
      179,
      255,
      52,
      148
    ],
    "32": [
      220,
      24,
      82,
      3,
      70,
      2,
      89,
      202,
      211,
      142,
      11,
      178,
      54,
      133,
      213,
      11,
      124,
      92,
      126,
      93,
      171,
      240,
      95,
      236,
      176,
      90,
      137,
      207,
      38,
      89,
      28,
      153
    ],
    "3": [
      160,
      218,
      35,
      97,
      207,
      114,
      127,
      46,
      70,
      192,
      188,
      10,
      158,
      195,
      113,
      44,
      4,
      226,
      93,
      199,
      38,
      248,
      159,
      85,
      143,
      62,
      172,
      247,
      49,
      151,
      167,
      250
    ],
    "34": [
      92,
      83,
      4,
      233,
      119,
      80,
      45,
      169,
      97,
      37,
      184,
      160,
      63,
      45,
      226,
      118,
      184,
      165,
      19,
      120,
      54,
      68,
      255,
      109,
      223,
      215,
      51,
      39,
      131,
      39,
      5,
      183
    ],
    "13": [
      196,
      241,
      220,
      61,
      252,
      91,
      198,
      111,
      232,
      109,
      219,
      35,
      213,
      119,
      239,
      191,
      250,
      196,
      53,
      163,
      39,
      208,
      155,
      142,
      138,
      36,
      52,
      178,
      50,
      8,
      124,
      240
    ],
    "15": [
      193,
      159,
      181,
      180,
      12,
      184,
      179,
      246,
      228,
      207,
      87,
      133,
      65,
      13,
      219,
      17,
      20,
      167,
      113,
      24,
      24,
      82,
      101,
      77,
      73,
      120,
      203,
      33,
      250,
      125,
      157,
      61
    ],
    "9": [
      118,
      75,
      119,
      170,
      101,
      126,
      160,
      188,
      193,
      158,
      32,
      53,
      245,
      133,
      184,
      107,
      145,
      94,
      85,
      196,
      179,
      167,
      166,
      18,
      68,
      138,
      252,
      43,
      113,
      66,
      69,
      8
    ],
    "11": [
      108,
      255,
      89,
      127,
      174,
      53,
      166,
      74,
      136,
      65,
      38,
      155,
      51,
      211,
      155,
      85,
      213,
      149,
      165,
      1,
      230,
      205,
      125,
      179,
      157,
      228,
      186,
      91,
      204,
      165,
      130,
      113
    ],
    "21": [
      83,
      205,
      152,
      132,
      240,
      10,
      160,
      145,
      229,
      159,
      225,
      178,
      101,
      221,
      71,
      97,
      200,
      243,
      131,
      27,
      205,
      35,
      46,
      29,
      146,
      135,
      212,
      74,
      57,
      16,
      161,
      248
    ],
    "23": [
      26,
      50,
      150,
      209,
      46,
      154,
      169,
      96,
      77,
      90,
      215,
      8,
      166,
      51,
      244,
      228,
      176,
      119,
      132,
      189,
      36,
      58,
      182,
      65,
      113,
      49,
      121,
      242,
      64,
      70,
      118,
      206
    ],
    "17": [
      103,
      192,
      202,
      126,
      207,
      2,
      153,
      52,
      126,
      249,
      12,
      26,
      209,
      51,
      141,
      206,
      59,
      72,
      22,
      92,
      47,
      36,
      227,
      178,
      255,
      175,
      246,
      88,
      166,
      178,
      146,
      171
    ],
    "19": [
      104,
      4,
      55,
      158,
      152,
      185,
      130,
      30,
      219,
      242,
      165,
      220,
      113,
      48,
      10,
      81,
      18,
      240,
      166,
      11,
      206,
      38,
      192,
      108,
      153,
      12,
      106,
      86,
      125,
      222,
      238,
      122
    ],
    "29": [
      143,
      82,
      0,
      132,
      82,
      230,
      64,
      246,
      31,
      8,
      230,
      107,
      120,
      41,
      156,
      83,
      119,
      16,
      105,
      224,
      161,
      96,
      49,
      150,
      78,
      213,
      250,
      143,
      146,
      113,
      135,
      75
    ],
    "31": [
      155,
      66,
      105,
      25,
      227,
      241,
      246,
      145,
      249,
      158,
      2,
      65,
      170,
      47,
      64,
      180,
      191,
      82,
      180,
      22,
      222,
      10,
      90,
      49,
      50,
      105,
      4,
      253,
      226,
      191,
      36,
      212
    ],
    "25": [
      40,
      85,
      151,
      162,
      8,
      16,
      173,
      211,
      16,
      106,
      163,
      28,
      87,
      217,
      192,
      5,
      146,
      27,
      222,
      33,
      200,
      147,
      85,
      236,
      23,
      39,
      128,
      123,
      249,
      153,
      26,
      37
    ],
    "27": [
      249,
      112,
      157,
      211,
      215,
      196,
      87,
      7,
      166,
      181,
      197,
      29,
      159,
      90,
      17,
      4,
      4,
      244,
      98,
      196,
      176,
      19,
      42,
      229,
      183,
      86,
      133,
      19,
      175,
      27,
      182,
      161
    ]
  },
  "my_cert": [],
  "my_cert_key": [],
  "root_cert": []
}