{
  "net_map": {
    "37": "127.0.0.1:8537",
    "4": "127.0.0.1:8504",
    "39": "127.0.0.1:8539",
    "6": "127.0.0.1:8506",
    "33": "127.0.0.1:8533",
    "0": "127.0.0.1:8500",
    "35": "127.0.0.1:8535",
    "2": "127.0.0.1:8502",
    "12": "127.0.0.1:8512",
    "14": "127.0.0.1:8514",
    "8": "127.0.0.1:8508",
    "10": "127.0.0.1:8510",
    "20": "127.0.0.1:8520",
    "22": "127.0.0.1:8522",
    "16": "127.0.0.1:8516",
    "18": "127.0.0.1:8518",
    "28": "127.0.0.1:8528",
    "30": "127.0.0.1:8530",
    "24": "127.0.0.1:8524",
    "26": "127.0.0.1:8526",
    "5": "127.0.0.1:8505",
    "36": "127.0.0.1:8536",
    "7": "127.0.0.1:8507",
    "38": "127.0.0.1:8538",
    "1": "127.0.0.1:8501",
    "32": "127.0.0.1:8532",
    "3": "127.0.0.1:8503",
    "34": "127.0.0.1:8534",
    "13": "127.0.0.1:8513",
    "15": "127.0.0.1:8515",
    "9": "127.0.0.1:8509",
    "40": "127.0.0.1:9000",
    "11": "127.0.0.1:8511",
    "21": "127.0.0.1:8521",
    "23": "127.0.0.1:8523",
    "17": "127.0.0.1:8517",
    "19": "127.0.0.1:8519",
    "29": "127.0.0.1:8529",
    "31": "127.0.0.1:8531",
    "25": "127.0.0.1:8525",
    "27": "127.0.0.1:8527"
  },
  "delta": 100,
  "id": 8,
  "num_nodes": 40,
  "num_faults": 13,
  "block_size": 100,
  "client_port": 7008,
  "client_addr": "0.0.0.0:5000",
  "payload": 0,
  "prot_payload": "cc,/home/akhil/research/EEBA/libchatter/",
  "crypto_alg": "NOPKI",
  "pk_map": {},
  "secret_key_bytes": [],
  "sk_map": {
    "37": [
      106,
      199,
      116,
      87,
      142,
      133,
      252,
      211,
      159,
      36,
      205,
      142,
      236,
      62,
      161,
      189,
      55,
      153,
      253,
      171,
      10,
      86,
      105,
      171,
      82,
      190,
      45,
      17,
      79,
      70,
      163,
      219
    ],
    "4": [
      254,
      92,
      193,
      216,
      153,
      103,
      34,
      86,
      160,
      44,
      53,
      102,
      99,
      229,
      121,
      17,
      18,
      62,
      209,
      27,
      4,
      176,
      33,
      189,
      23,
      111,
      248,
      43,
      242,
      153,
      64,
      127
    ],
    "39": [
      230,
      249,
      125,
      42,
      120,
      134,
      63,
      218,
      34,
      245,
      95,
      175,
      24,
      11,
      84,
      48,
      242,
      136,
      83,
      161,
      70,
      68,
      150,
      147,
      205,
      10,
      244,
      171,
      56,
      6,
      91,
      53
    ],
    "6": [
      243,
      186,
      97,
      114,
      10,
      189,
      205,
      29,
      154,
      4,
      171,
      159,
      78,
      15,
      67,
      85,
      27,
      230,
      176,
      107,
      185,
      25,
      118,
      144,
      58,
      46,
      95,
      81,
      252,
      231,
      246,
      205
    ],
    "33": [
      4,
      149,
      213,
      132,
      255,
      229,
      145,
      196,
      164,
      49,
      202,
      96,
      135,
      40,
      229,
      118,
      208,
      135,
      146,
      179,
      205,
      54,
      103,
      48,
      66,
      66,
      158,
      84,
      143,
      98,
      217,
      81
    ],
    "0": [
      68,
      32,
      64,
      97,
      66,
      75,
      109,
      6,
      149,
      5,
      13,
      120,
      96,
      160,
      202,
      25,
      33,
      173,
      125,
      106,
      112,
      87,
      252,
      240,
      8,
      87,
      196,
      178,
      141,
      164,
      105,
      119
    ],
    "35": [
      220,
      209,
      239,
      204,
      33,
      53,
      226,
      21,
      169,
      156,
      193,
      175,
      46,
      94,
      149,
      77,
      234,
      198,
      46,
      84,
      189,
      71,
      31,
      34,
      52,
      214,
      54,
      2,
      149,
      251,
      6,
      77
    ],
    "2": [
      150,
      249,
      148,
      192,
      202,
      154,
      131,
      228,
      15,
      192,
      166,
      38,
      100,
      99,
      38,
      11,
      243,
      224,
      62,
      43,
      105,
      250,
      182,
      247,
      228,
      185,
      230,
      61,
      252,
      21,
      120,
      192
    ],
    "12": [
      169,
      141,
      41,
      222,
      146,
      178,
      57,
      137,
      218,
      94,
      81,
      148,
      185,
      195,
      196,
      252,
      201,
      228,
      245,
      97,
      53,
      192,
      255,
      187,
      200,
      148,
      162,
      19,
      252,
      85,
      108,
      162
    ],
    "14": [
      123,
      17,
      198,
      97,
      208,
      89,
      36,
      23,
      237,
      192,
      24,
      96,
      145,
      48,
      90,
      206,
      170,
      23,
      240,
      145,
      204,
      187,
      37,
      84,
      188,
      165,
      210,
      63,
      120,
      91,
      76,
      16
    ],
    "8": [
      246,
      164,
      178,
      199,
      197,
      172,
      59,
      253,
      222,
      40,
      125,
      146,
      242,
      202,
      97,
      82,
      224,
      155,
      29,
      160,
      154,
      50,
      190,
      167,
      111,
      221,
      20,
      229,
      116,
      77,
      224,
      112
    ],
    "10": [
      118,
      81,
      84,
      160,
      210,
      114,
      211,
      25,
      16,
      107,
      117,
      9,
      74,
      243,
      71,
      149,
      92,
      177,
      109,
      13,
      102,
      166,
      139,
      169,
      11,
      99,
      31,
      102,
      234,
      248,
      167,
      170
    ],
    "20": [
      192,
      62,
      101,
      195,
      53,
      86,
      21,
      171,
      235,
      188,
      36,
      4,
      24,
      103,
      243,
      206,
      173,
      33,
      98,
      164,
      65,
      218,
      24,
      86,
      200,
      251,
      124,
      19,
      110,
      224,
      233,
      209
    ],
    "22": [
      147,
      118,
      93,
      8,
      91,
      121,
      204,
      170,
      223,
      164,
      129,
      43,
      157,
      37,
      125,
      146,
      210,
      120,
      13,
      175,
      179,
      203,
      12,
      200,
      58,
      248,
      25,
      191,
      17,
      142,
      239,
      251
    ],
    "16": [
      78,
      82,
      86,
      209,
      8,
      144,
      218,
      107,
      102,
      111,
      197,
      186,
      90,
      106,
      123,
      217,
      243,
      56,
      175,
      79,
      234,
      179,
      14,
      119,
      76,
      30,
      72,
      133,
      162,
      34,
      102,
      214
    ],
    "18": [
      84,
      166,
      11,
      138,
      245,
      85,
      89,
      141,
      216,
      188,
      223,
      108,
      67,
      158,
      146,
      121,
      15,
      45,
      125,
      208,
      186,
      51,
      218,
      252,
      185,
      10,
      61,
      243,
      211,
      212,
      231,
      101
    ],
    "28": [
      8,
      112,
      90,
      6,
      230,
      46,
      155,
      26,
      40,
      249,
      225,
      128,
      224,
      201,
      108,
      85,
      66,
      244,
      142,
      213,
      18,
      234,
      185,
      72,
      212,
      251,
      45,
      61,
      151,
      50,
      6,
      206
    ],
    "30": [
      207,
      119,
      174,
      172,
      126,
      102,
      44,
      101,
      60,
      244,
      93,
      120,
      209,
      27,
      235,
      101,
      84,
      193,
      86,
      178,
      157,
      22,
      230,
      162,
      37,
      32,
      68,
      146,
      33,
      29,
      210,
      186
    ],
    "24": [
      127,
      218,
      172,
      168,
      238,
      181,
      7,
      143,
      145,
      37,
      193,
      147,
      152,
      232,
      37,
      137,
      73,
      35,
      181,
      47,
      254,
      100,
      213,
      116,
      86,
      97,
      152,
      207,
      206,
      137,
      160,
      21
    ],
    "26": [
      233,
      136,
      58,
      121,
      165,
      124,
      10,
      63,
      202,
      42,
      18,
      116,
      150,
      58,
      26,
      97,
      165,
      87,
      84,
      35,
      121,
      103,
      48,
      242,
      97,
      165,
      80,
      139,
      230,
      177,
      92,
      65
    ],
    "5": [
      153,
      58,
      77,
      180,
      10,
      81,
      238,
      34,
      206,
      135,
      23,
      157,
      30,
      78,
      198,
      54,
      253,
      42,
      221,
      159,
      180,
      17,
      214,
      229,
      140,
      103,
      38,
      79,
      114,
      156,
      153,
      64
    ],
    "36": [
      230,
      211,
      50,
      173,
      211,
      179,
      177,
      180,
      157,
      54,
      83,
      43,
      223,
      23,
      12,
      234,
      97,
      152,
      139,
      248,
      252,
      12,
      203,
      161,
      135,
      111,
      15,
      180,
      67,
      72,
      146,
      171
    ],
    "7": [
      138,
      92,
      128,
      54,
      250,
      197,
      182,
      41,
      176,
      138,
      218,
      176,
      154,
      91,
      87,
      68,
      180,
      251,
      209,
      83,
      36,
      253,
      220,
      5,
      222,
      21,
      169,
      229,
      236,
      119,
      90,
      89
    ],
    "38": [
      135,
      155,
      248,
      50,
      9,
      202,
      253,
      0,
      212,
      177,
      79,
      139,
      247,
      33,
      100,
      63,
      99,
      144,
      27,
      111,
      157,
      229,
      25,
      255,
      51,
      74,
      253,
      41,
      12,
      91,
      5,
      127
    ],
    "1": [
      160,
      25,
      147,
      167,
      180,
      202,
      248,
      225,
      197,
      156,
      238,
      175,
      91,
      60,
      15,
      7,
      222,
      22,
      119,
      88,
      72,
      41,
      51,
      239,
      75,
      169,
      136,
      184,
      152,
      201,
      127,
      72
    ],
    "32": [
      171,
      212,
      13,
      106,
      122,
      138,
      59,
      242,
      230,
      247,
      245,
      217,
      82,
      28,
      146,
      123,
      173,
      178,
      52,
      60,
      68,
      186,
      3,
      251,
      213,
      9,
      193,
      62,
      213,
      211,
      53,
      53
    ],
    "3": [
      83,
      132,
      66,
      221,
      246,
      63,
      194,
      110,
      19,
      105,
      222,
      116,
      73,
      231,
      224,
      77,
      230,
      73,
      94,
      112,
      0,
      2,
      152,
      1,
      242,
      20,
      91,
      192,
      57,
      135,
      21,
      229
    ],
    "34": [
      56,
      39,
      69,
      30,
      129,
      80,
      156,
      9,
      167,
      135,
      33,
      119,
      170,
      229,
      3,
      245,
      183,
      44,
      103,
      152,
      100,
      155,
      249,
      84,
      20,
      192,
      36,
      108,
      139,
      214,
      36,
      85
    ],
    "13": [
      139,
      55,
      229,
      205,
      77,
      46,
      211,
      0,
      147,
      170,
      50,
      132,
      146,
      241,
      65,
      124,
      73,
      211,
      87,
      90,
      145,
      212,
      79,
      122,
      246,
      198,
      99,
      241,
      219,
      108,
      212,
      26
    ],
    "15": [
      119,
      198,
      236,
      233,
      98,
      153,
      173,
      166,
      157,
      12,
      39,
      53,
      96,
      31,
      142,
      245,
      96,
      16,
      146,
      39,
      107,
      167,
      195,
      128,
      208,
      169,
      201,
      233,
      245,
      159,
      55,
      29
    ],
    "9": [
      96,
      115,
      251,
      211,
      88,
      128,
      163,
      116,
      137,
      242,
      83,
      117,
      178,
      87,
      72,
      113,
      4,
      150,
      230,
      249,
      31,
      231,
      50,
      90,
      36,
      170,
      51,
      89,
      82,
      244,
      136,
      56
    ],
    "11": [
      190,
      85,
      145,
      156,
      135,
      37,
      190,
      200,
      38,
      173,
      1,
      212,
      78,
      78,
      54,
      185,
      73,
      100,
      242,
      23,
      221,
      238,
      203,
      35,
      205,
      157,
      23,
      108,
      32,
      252,
      118,
      41
    ],
    "21": [
      226,
      197,
      103,
      138,
      236,
      140,
      169,
      63,
      205,
      223,
      243,
      29,
      173,
      177,
      159,
      213,
      246,
      184,
      241,
      39,
      75,
      182,
      80,
      50,
      14,
      172,
      14,
      160,
      186,
      107,
      165,
      174
    ],
    "23": [
      84,
      4,
      185,
      152,
      42,
      41,
      202,
      110,
      134,
      15,
      126,
      170,
      152,
      241,
      59,
      5,
      38,
      72,
      67,
      43,
      10,
      168,
      99,
      188,
      98,
      83,
      55,
      178,
      192,
      178,
      22,
      165
    ],
    "17": [
      142,
      152,
      107,
      19,
      220,
      214,
      15,
      240,
      26,
      186,
      163,
      50,
      240,
      250,
      168,
      74,
      250,
      252,
      169,
      43,
      183,
      19,
      72,
      59,
      98,
      174,
      195,
      96,
      25,
      122,
      94,
      241
    ],
    "19": [
      36,
      219,
      204,
      234,
      53,
      65,
      239,
      58,
      171,
      169,
      131,
      253,
      243,
      90,
      25,
      6,
      221,
      176,
      133,
      146,
      73,
      62,
      145,
      173,
      40,
      76,
      126,
      194,
      70,
      223,
      115,
      244
    ],
    "29": [
      159,
      69,
      111,
      227,
      156,
      48,
      22,
      142,
      200,
      54,
      234,
      103,
      7,
      46,
      32,
      25,
      187,
      138,
      139,
      175,
      193,
      20,
      11,
      72,
      18,
      55,
      20,
      140,
      218,
      91,
      18,
      225
    ],
    "31": [
      124,
      172,
      218,
      34,
      210,
      170,
      149,
      253,
      112,
      218,
      111,
      109,
      160,
      38,
      245,
      49,
      163,
      250,
      232,
      183,
      27,
      239,
      246,
      60,
      210,
      46,
      214,
      80,
      52,
      195,
      90,
      87
    ],
    "25": [
      175,
      65,
      173,
      173,
      102,
      74,
      190,
      180,
      51,
      32,
      56,
      222,
      232,
      10,
      29,
      166,
      173,
      38,
      220,
      252,
      9,
      8,
      108,
      18,
      55,
      153,
      208,
      124,
      212,
      242,
      43,
      215
    ],
    "27": [
      59,
      215,
      217,
      197,
      100,
      185,
      77,
      248,
      78,
      76,
      153,
      148,
      247,
      115,
      166,
      29,
      38,
      41,
      255,
      99,
      42,
      249,
      80,
      72,
      49,
      109,
      4,
      223,
      28,
      238,
      48,
      165
    ]
  },
  "my_cert": [],
  "my_cert_key": [],
  "root_cert": []
}