{
  "net_map": {
    "37": "127.0.0.1:8537",
    "4": "127.0.0.1:8504",
    "39": "127.0.0.1:8539",
    "6": "127.0.0.1:8506",
    "33": "127.0.0.1:8533",
    "0": "127.0.0.1:8500",
    "35": "127.0.0.1:8535",
    "2": "127.0.0.1:8502",
    "12": "127.0.0.1:8512",
    "14": "127.0.0.1:8514",
    "8": "127.0.0.1:8508",
    "10": "127.0.0.1:8510",
    "20": "127.0.0.1:8520",
    "22": "127.0.0.1:8522",
    "16": "127.0.0.1:8516",
    "18": "127.0.0.1:8518",
    "28": "127.0.0.1:8528",
    "30": "127.0.0.1:8530",
    "24": "127.0.0.1:8524",
    "26": "127.0.0.1:8526",
    "5": "127.0.0.1:8505",
    "36": "127.0.0.1:8536",
    "7": "127.0.0.1:8507",
    "38": "127.0.0.1:8538",
    "1": "127.0.0.1:8501",
    "32": "127.0.0.1:8532",
    "3": "127.0.0.1:8503",
    "34": "127.0.0.1:8534",
    "13": "127.0.0.1:8513",
    "15": "127.0.0.1:8515",
    "9": "127.0.0.1:8509",
    "40": "127.0.0.1:9000",
    "11": "127.0.0.1:8511",
    "21": "127.0.0.1:8521",
    "23": "127.0.0.1:8523",
    "17": "127.0.0.1:8517",
    "19": "127.0.0.1:8519",
    "29": "127.0.0.1:8529",
    "31": "127.0.0.1:8531",
    "25": "127.0.0.1:8525",
    "27": "127.0.0.1:8527"
  },
  "delta": 100,
  "id": 27,
  "num_nodes": 40,
  "num_faults": 13,
  "block_size": 100,
  "client_port": 7027,
  "client_addr": "0.0.0.0:5000",
  "payload": 0,
  "prot_payload": "cc,/home/akhil/research/EEBA/libchatter/",
  "crypto_alg": "NOPKI",
  "pk_map": {},
  "secret_key_bytes": [],
  "sk_map": {
    "37": [
      90,
      74,
      36,
      103,
      85,
      166,
      155,
      182,
      83,
      167,
      6,
      171,
      40,
      166,
      41,
      116,
      182,
      219,
      26,
      225,
      65,
      235,
      31,
      248,
      213,
      64,
      34,
      55,
      138,
      195,
      238,
      158
    ],
    "4": [
      180,
      224,
      132,
      246,
      24,
      185,
      39,
      12,
      104,
      190,
      216,
      171,
      109,
      150,
      97,
      207,
      159,
      32,
      98,
      134,
      228,
      111,
      167,
      232,
      156,
      247,
      194,
      14,
      123,
      194,
      130,
      71
    ],
    "39": [
      74,
      154,
      41,
      77,
      43,
      213,
      6,
      61,
      43,
      199,
      158,
      14,
      157,
      205,
      26,
      6,
      166,
      236,
      57,
      27,
      238,
      159,
      145,
      255,
      50,
      168,
      210,
      27,
      175,
      221,
      229,
      11
    ],
    "6": [
      156,
      236,
      150,
      71,
      167,
      16,
      250,
      5,
      162,
      25,
      57,
      69,
      83,
      34,
      16,
      54,
      147,
      237,
      72,
      65,
      237,
      164,
      141,
      1,
      158,
      33,
      142,
      13,
      129,
      217,
      217,
      22
    ],
    "33": [
      249,
      112,
      157,
      211,
      215,
      196,
      87,
      7,
      166,
      181,
      197,
      29,
      159,
      90,
      17,
      4,
      4,
      244,
      98,
      196,
      176,
      19,
      42,
      229,
      183,
      86,
      133,
      19,
      175,
      27,
      182,
      161
    ],
    "0": [
      80,
      203,
      129,
      82,
      48,
      92,
      207,
      187,
      243,
      152,
      192,
      183,
      43,
      84,
      6,
      93,
      94,
      67,
      8,
      160,
      86,
      72,
      42,
      142,
      208,
      169,
      209,
      152,
      113,
      85,
      196,
      84
    ],
    "35": [
      64,
      18,
      13,
      88,
      219,
      218,
      209,
      90,
      137,
      114,
      37,
      57,
      80,
      242,
      183,
      77,
      205,
      114,
      141,
      196,
      96,
      111,
      165,
      18,
      23,
      69,
      220,
      99,
      199,
      64,
      121,
      105
    ],
    "2": [
      69,
      84,
      94,
      89,
      235,
      53,
      160,
      67,
      40,
      93,
      151,
      112,
      121,
      111,
      135,
      209,
      29,
      180,
      11,
      85,
      169,
      165,
      122,
      42,
      202,
      83,
      202,
      120,
      54,
      90,
      220,
      126
    ],
    "12": [
      17,
      100,
      236,
      87,
      153,
      217,
      63,
      107,
      144,
      172,
      14,
      75,
      38,
      252,
      206,
      37,
      140,
      42,
      16,
      105,
      141,
      137,
      17,
      104,
      187,
      133,
      54,
      107,
      165,
      72,
      57,
      56
    ],
    "14": [
      49,
      113,
      171,
      125,
      185,
      247,
      178,
      35,
      206,
      159,
      201,
      110,
      45,
      111,
      85,
      203,
      172,
      218,
      238,
      153,
      49,
      135,
      192,
      148,
      179,
      175,
      145,
      176,
      51,
      17,
      197,
      240
    ],
    "8": [
      59,
      215,
      217,
      197,
      100,
      185,
      77,
      248,
      78,
      76,
      153,
      148,
      247,
      115,
      166,
      29,
      38,
      41,
      255,
      99,
      42,
      249,
      80,
      72,
      49,
      109,
      4,
      223,
      28,
      238,
      48,
      165
    ],
    "10": [
      203,
      211,
      171,
      252,
      195,
      248,
      80,
      58,
      47,
      233,
      108,
      69,
      218,
      63,
      221,
      12,
      219,
      179,
      166,
      39,
      182,
      95,
      32,
      129,
      126,
      160,
      213,
      81,
      103,
      217,
      146,
      69
    ],
    "20": [
      63,
      160,
      158,
      255,
      201,
      18,
      116,
      195,
      164,
      187,
      74,
      234,
      205,
      175,
      81,
      105,
      170,
      213,
      22,
      212,
      120,
      232,
      217,
      110,
      174,
      241,
      118,
      129,
      85,
      114,
      106,
      9
    ],
    "22": [
      70,
      5,
      158,
      53,
      176,
      236,
      101,
      128,
      112,
      28,
      193,
      162,
      25,
      46,
      101,
      30,
      201,
      136,
      249,
      8,
      181,
      88,
      17,
      38,
      150,
      254,
      92,
      82,
      142,
      205,
      49,
      215
    ],
    "16": [
      249,
      22,
      58,
      182,
      14,
      201,
      236,
      252,
      180,
      123,
      199,
      179,
      134,
      217,
      32,
      166,
      7,
      215,
      89,
      31,
      113,
      204,
      204,
      167,
      230,
      95,
      84,
      243,
      46,
      183,
      146,
      72
    ],
    "18": [
      108,
      45,
      230,
      169,
      56,
      93,
      205,
      139,
      237,
      171,
      62,
      255,
      108,
      199,
      128,
      36,
      133,
      130,
      72,
      135,
      41,
      193,
      137,
      208,
      166,
      205,
      47,
      145,
      43,
      138,
      154,
      200
    ],
    "28": [
      44,
      59,
      121,
      154,
      24,
      167,
      10,
      234,
      235,
      184,
      116,
      109,
      166,
      99,
      63,
      98,
      240,
      206,
      183,
      174,
      178,
      177,
      204,
      49,
      68,
      92,
      219,
      210,
      215,
      56,
      244,
      85
    ],
    "30": [
      225,
      200,
      57,
      76,
      21,
      128,
      148,
      80,
      161,
      8,
      212,
      219,
      130,
      80,
      153,
      88,
      179,
      170,
      148,
      175,
      192,
      166,
      113,
      251,
      247,
      100,
      175,
      37,
      151,
      0,
      216,
      144
    ],
    "24": [
      53,
      221,
      211,
      200,
      173,
      1,
      51,
      30,
      43,
      108,
      85,
      96,
      148,
      172,
      143,
      202,
      201,
      236,
      180,
      153,
      1,
      182,
      133,
      51,
      252,
      89,
      162,
      110,
      225,
      123,
      122,
      143
    ],
    "26": [
      132,
      106,
      223,
      130,
      37,
      214,
      85,
      229,
      154,
      236,
      19,
      191,
      191,
      146,
      143,
      122,
      87,
      27,
      73,
      223,
      205,
      85,
      235,
      210,
      215,
      250,
      132,
      77,
      115,
      88,
      110,
      56
    ],
    "5": [
      92,
      126,
      175,
      203,
      146,
      202,
      150,
      97,
      177,
      14,
      182,
      20,
      176,
      211,
      223,
      21,
      173,
      78,
      7,
      67,
      123,
      2,
      214,
      163,
      167,
      231,
      121,
      127,
      115,
      132,
      239,
      70
    ],
    "36": [
      25,
      232,
      133,
      103,
      214,
      75,
      210,
      182,
      202,
      176,
      33,
      234,
      44,
      186,
      214,
      89,
      54,
      100,
      251,
      216,
      179,
      87,
      245,
      152,
      201,
      214,
      41,
      239,
      140,
      0,
      153,
      109
    ],
    "7": [
      77,
      246,
      196,
      250,
      138,
      229,
      134,
      26,
      79,
      225,
      33,
      238,
      120,
      235,
      84,
      94,
      132,
      81,
      65,
      53,
      138,
      181,
      241,
      103,
      174,
      184,
      109,
      170,
      123,
      238,
      84,
      194
    ],
    "38": [
      224,
      151,
      163,
      77,
      24,
      186,
      98,
      3,
      124,
      144,
      95,
      30,
      251,
      85,
      147,
      166,
      42,
      228,
      88,
      62,
      137,
      138,
      22,
      96,
      169,
      70,
      109,
      251,
      60,
      202,
      138,
      77
    ],
    "1": [
      144,
      19,
      199,
      210,
      253,
      130,
      140,
      172,
      148,
      188,
      88,
      189,
      6,
      100,
      110,
      12,
      199,
      37,
      81,
      221,
      246,
      167,
      248,
      5,
      179,
      254,
      217,
      144,
      248,
      92,
      82,
      150
    ],
    "32": [
      11,
      134,
      43,
      93,
      208,
      213,
      194,
      214,
      41,
      3,
      90,
      218,
      145,
      72,
      174,
      84,
      26,
      101,
      177,
      175,
      212,
      189,
      84,
      174,
      101,
      127,
      225,
      162,
      237,
      29,
      171,
      182
    ],
    "3": [
      110,
      90,
      17,
      171,
      226,
      111,
      39,
      186,
      186,
      177,
      39,
      150,
      184,
      162,
      12,
      252,
      165,
      173,
      241,
      160,
      19,
      68,
      130,
      133,
      165,
      225,
      242,
      182,
      249,
      239,
      241,
      4
    ],
    "34": [
      46,
      4,
      91,
      107,
      67,
      113,
      114,
      51,
      147,
      121,
      155,
      218,
      131,
      221,
      119,
      123,
      204,
      58,
      70,
      148,
      26,
      249,
      231,
      199,
      204,
      107,
      227,
      253,
      0,
      8,
      242,
      92
    ],
    "13": [
      39,
      44,
      211,
      246,
      27,
      86,
      110,
      145,
      172,
      191,
      139,
      108,
      229,
      30,
      161,
      117,
      183,
      23,
      60,
      161,
      180,
      35,
      84,
      223,
      65,
      172,
      79,
      185,
      69,
      79,
      32,
      59
    ],
    "15": [
      79,
      41,
      44,
      53,
      65,
      221,
      53,
      205,
      38,
      60,
      70,
      73,
      125,
      82,
      212,
      120,
      106,
      29,
      131,
      119,
      234,
      18,
      3,
      234,
      119,
      93,
      189,
      138,
      179,
      193,
      104,
      171
    ],
    "9": [
      71,
      187,
      80,
      94,
      139,
      244,
      161,
      183,
      123,
      152,
      75,
      0,
      195,
      41,
      60,
      44,
      218,
      23,
      115,
      198,
      165,
      105,
      174,
      241,
      30,
      202,
      42,
      34,
      19,
      48,
      61,
      137
    ],
    "11": [
      121,
      188,
      167,
      27,
      40,
      113,
      231,
      4,
      89,
      174,
      124,
      70,
      66,
      106,
      42,
      181,
      185,
      172,
      150,
      115,
      251,
      44,
      54,
      193,
      51,
      246,
      156,
      81,
      103,
      101,
      32,
      68
    ],
    "21": [
      190,
      144,
      190,
      232,
      243,
      42,
      173,
      130,
      37,
      169,
      107,
      173,
      86,
      255,
      134,
      64,
      47,
      165,
      237,
      124,
      216,
      197,
      113,
      109,
      169,
      209,
      215,
      209,
      117,
      43,
      214,
      128
    ],
    "23": [
      220,
      210,
      21,
      250,
      4,
      156,
      143,
      229,
      67,
      199,
      182,
      65,
      98,
      73,
      246,
      139,
      222,
      243,
      130,
      18,
      7,
      89,
      27,
      45,
      43,
      14,
      21,
      102,
      139,
      201,
      179,
      46
    ],
    "17": [
      60,
      184,
      162,
      21,
      147,
      196,
      70,
      4,
      228,
      7,
      149,
      251,
      232,
      15,
      95,
      141,
      209,
      115,
      241,
      62,
      85,
      234,
      207,
      203,
      173,
      137,
      45,
      43,
      243,
      226,
      158,
      62
    ],
    "19": [
      93,
      252,
      235,
      138,
      18,
      5,
      182,
      100,
      140,
      143,
      179,
      201,
      112,
      228,
      235,
      66,
      65,
      216,
      76,
      101,
      236,
      61,
      49,
      143,
      29,
      247,
      117,
      70,
      128,
      32,
      33,
      149
    ],
    "29": [
      196,
      234,
      163,
      185,
      197,
      178,
      224,
      189,
      240,
      246,
      33,
      84,
      244,
      86,
      196,
      236,
      239,
      131,
      222,
      212,
      96,
      207,
      73,
      5,
      244,
      30,
      219,
      166,
      10,
      67,
      200,
      111
    ],
    "31": [
      62,
      176,
      0,
      201,
      51,
      132,
      99,
      65,
      120,
      36,
      76,
      112,
      255,
      107,
      237,
      230,
      61,
      255,
      122,
      87,
      161,
      128,
      194,
      222,
      228,
      125,
      4,
      178,
      138,
      179,
      109,
      190
    ],
    "25": [
      107,
      89,
      96,
      59,
      60,
      64,
      72,
      99,
      133,
      252,
      204,
      158,
      219,
      67,
      207,
      152,
      4,
      85,
      112,
      61,
      152,
      242,
      190,
      36,
      128,
      57,
      152,
      6,
      217,
      49,
      200,
      100
    ],
    "27": [
      1,
      189,
      141,
      67,
      60,
      67,
      192,
      67,
      26,
      191,
      54,
      85,
      196,
      232,
      138,
      227,
      105,
      221,
      93,
      225,
      187,
      118,
      10,
      3,
      74,
      73,
      216,
      68,
      148,
      246,
      136,
      77
    ]
  },
  "my_cert": [],
  "my_cert_key": [],
  "root_cert": []
}