{
  "net_map": {
    "37": "127.0.0.1:8537",
    "4": "127.0.0.1:8504",
    "39": "127.0.0.1:8539",
    "6": "127.0.0.1:8506",
    "33": "127.0.0.1:8533",
    "0": "127.0.0.1:8500",
    "35": "127.0.0.1:8535",
    "2": "127.0.0.1:8502",
    "12": "127.0.0.1:8512",
    "14": "127.0.0.1:8514",
    "8": "127.0.0.1:8508",
    "10": "127.0.0.1:8510",
    "20": "127.0.0.1:8520",
    "22": "127.0.0.1:8522",
    "16": "127.0.0.1:8516",
    "18": "127.0.0.1:8518",
    "28": "127.0.0.1:8528",
    "30": "127.0.0.1:8530",
    "24": "127.0.0.1:8524",
    "26": "127.0.0.1:8526",
    "5": "127.0.0.1:8505",
    "36": "127.0.0.1:8536",
    "7": "127.0.0.1:8507",
    "38": "127.0.0.1:8538",
    "1": "127.0.0.1:8501",
    "32": "127.0.0.1:8532",
    "3": "127.0.0.1:8503",
    "34": "127.0.0.1:8534",
    "13": "127.0.0.1:8513",
    "15": "127.0.0.1:8515",
    "9": "127.0.0.1:8509",
    "40": "127.0.0.1:9000",
    "11": "127.0.0.1:8511",
    "21": "127.0.0.1:8521",
    "23": "127.0.0.1:8523",
    "17": "127.0.0.1:8517",
    "19": "127.0.0.1:8519",
    "29": "127.0.0.1:8529",
    "31": "127.0.0.1:8531",
    "25": "127.0.0.1:8525",
    "27": "127.0.0.1:8527"
  },
  "delta": 100,
  "id": 17,
  "num_nodes": 40,
  "num_faults": 13,
  "block_size": 100,
  "client_port": 7017,
  "client_addr": "0.0.0.0:5000",
  "payload": 0,
  "prot_payload": "cc,/home/akhil/research/EEBA/libchatter/",
  "crypto_alg": "NOPKI",
  "pk_map": {},
  "secret_key_bytes": [],
  "sk_map": {
    "37": [
      171,
      205,
      33,
      54,
      252,
      42,
      187,
      239,
      197,
      234,
      187,
      167,
      123,
      108,
      176,
      100,
      245,
      101,
      70,
      10,
      117,
      165,
      92,
      159,
      220,
      170,
      57,
      127,
      229,
      149,
      6,
      7
    ],
    "4": [
      156,
      109,
      35,
      48,
      195,
      121,
      191,
      201,
      138,
      10,
      54,
      210,
      251,
      153,
      188,
      79,
      74,
      78,
      116,
      213,
      253,
      29,
      154,
      245,
      20,
      111,
      131,
      120,
      156,
      17,
      185,
      21
    ],
    "39": [
      17,
      15,
      211,
      158,
      236,
      101,
      77,
      120,
      112,
      158,
      17,
      85,
      26,
      59,
      146,
      0,
      167,
      149,
      167,
      68,
      117,
      161,
      19,
      188,
      188,
      195,
      38,
      242,
      63,
      10,
      182,
      209
    ],
    "6": [
      33,
      155,
      241,
      58,
      4,
      57,
      193,
      182,
      61,
      185,
      148,
      174,
      204,
      141,
      13,
      223,
      134,
      91,
      132,
      231,
      123,
      63,
      166,
      253,
      161,
      78,
      69,
      215,
      39,
      251,
      223,
      199
    ],
    "33": [
      103,
      192,
      202,
      126,
      207,
      2,
      153,
      52,
      126,
      249,
      12,
      26,
      209,
      51,
      141,
      206,
      59,
      72,
      22,
      92,
      47,
      36,
      227,
      178,
      255,
      175,
      246,
      88,
      166,
      178,
      146,
      171
    ],
    "0": [
      4,
      202,
      76,
      28,
      197,
      118,
      61,
      248,
      93,
      60,
      195,
      190,
      100,
      234,
      248,
      111,
      119,
      235,
      49,
      186,
      74,
      42,
      235,
      39,
      226,
      163,
      188,
      48,
      239,
      179,
      220,
      30
    ],
    "35": [
      29,
      218,
      23,
      4,
      97,
      203,
      240,
      160,
      231,
      25,
      168,
      156,
      248,
      219,
      33,
      254,
      204,
      111,
      79,
      39,
      247,
      73,
      116,
      138,
      27,
      227,
      145,
      67,
      24,
      88,
      20,
      142
    ],
    "2": [
      136,
      45,
      243,
      33,
      76,
      190,
      56,
      182,
      156,
      212,
      48,
      152,
      122,
      78,
      169,
      126,
      90,
      176,
      6,
      63,
      111,
      143,
      155,
      93,
      160,
      97,
      30,
      213,
      195,
      21,
      87,
      60
    ],
    "12": [
      120,
      131,
      90,
      252,
      210,
      56,
      193,
      205,
      85,
      101,
      10,
      1,
      1,
      184,
      163,
      229,
      100,
      247,
      3,
      77,
      141,
      6,
      218,
      143,
      109,
      180,
      244,
      97,
      79,
      141,
      148,
      44
    ],
    "14": [
      169,
      183,
      205,
      0,
      164,
      208,
      92,
      164,
      218,
      35,
      130,
      52,
      232,
      99,
      148,
      133,
      81,
      121,
      250,
      221,
      203,
      11,
      6,
      45,
      158,
      212,
      20,
      206,
      237,
      238,
      83,
      89
    ],
    "8": [
      142,
      152,
      107,
      19,
      220,
      214,
      15,
      240,
      26,
      186,
      163,
      50,
      240,
      250,
      168,
      74,
      250,
      252,
      169,
      43,
      183,
      19,
      72,
      59,
      98,
      174,
      195,
      96,
      25,
      122,
      94,
      241
    ],
    "10": [
      41,
      156,
      229,
      119,
      165,
      26,
      165,
      239,
      114,
      65,
      200,
      122,
      231,
      100,
      207,
      173,
      173,
      151,
      197,
      100,
      167,
      184,
      192,
      147,
      207,
      64,
      239,
      50,
      172,
      117,
      32,
      53
    ],
    "20": [
      131,
      54,
      2,
      77,
      173,
      197,
      81,
      56,
      55,
      6,
      252,
      114,
      92,
      149,
      139,
      150,
      185,
      111,
      162,
      51,
      158,
      199,
      197,
      151,
      230,
      146,
      166,
      183,
      38,
      130,
      120,
      43
    ],
    "22": [
      168,
      183,
      26,
      234,
      183,
      44,
      107,
      14,
      198,
      187,
      240,
      70,
      195,
      145,
      11,
      210,
      16,
      40,
      43,
      206,
      163,
      49,
      252,
      41,
      253,
      227,
      81,
      114,
      238,
      169,
      247,
      43
    ],
    "16": [
      4,
      217,
      199,
      146,
      142,
      193,
      174,
      71,
      90,
      171,
      122,
      26,
      51,
      207,
      61,
      30,
      76,
      111,
      147,
      124,
      223,
      214,
      202,
      229,
      211,
      91,
      183,
      137,
      102,
      47,
      161,
      123
    ],
    "18": [
      84,
      94,
      11,
      166,
      66,
      68,
      226,
      213,
      54,
      151,
      17,
      54,
      214,
      91,
      86,
      88,
      185,
      116,
      114,
      84,
      80,
      163,
      170,
      74,
      101,
      145,
      214,
      4,
      94,
      129,
      178,
      251
    ],
    "28": [
      183,
      112,
      233,
      200,
      243,
      123,
      115,
      154,
      194,
      44,
      6,
      213,
      216,
      27,
      166,
      253,
      82,
      103,
      98,
      236,
      144,
      149,
      179,
      157,
      134,
      58,
      71,
      229,
      155,
      99,
      219,
      238
    ],
    "30": [
      30,
      62,
      170,
      7,
      148,
      4,
      229,
      161,
      75,
      159,
      61,
      84,
      215,
      163,
      71,
      69,
      184,
      186,
      27,
      157,
      226,
      164,
      123,
      47,
      54,
      165,
      114,
      153,
      216,
      89,
      22,
      27
    ],
    "24": [
      127,
      120,
      125,
      119,
      94,
      47,
      0,
      155,
      18,
      180,
      25,
      110,
      158,
      7,
      7,
      197,
      128,
      140,
      106,
      122,
      92,
      80,
      1,
      237,
      86,
      179,
      255,
      130,
      86,
      139,
      194,
      72
    ],
    "26": [
      82,
      207,
      41,
      110,
      40,
      2,
      243,
      69,
      126,
      187,
      112,
      94,
      52,
      117,
      123,
      251,
      218,
      97,
      121,
      206,
      41,
      177,
      146,
      213,
      253,
      156,
      243,
      72,
      138,
      38,
      74,
      187
    ],
    "5": [
      163,
      139,
      246,
      76,
      9,
      89,
      215,
      30,
      99,
      80,
      211,
      18,
      217,
      5,
      218,
      205,
      77,
      198,
      181,
      170,
      112,
      110,
      85,
      104,
      71,
      8,
      26,
      10,
      53,
      139,
      128,
      98
    ],
    "36": [
      111,
      194,
      156,
      36,
      203,
      161,
      82,
      79,
      230,
      116,
      57,
      216,
      141,
      145,
      5,
      186,
      86,
      242,
      107,
      165,
      169,
      69,
      137,
      4,
      246,
      226,
      77,
      168,
      10,
      255,
      150,
      193
    ],
    "7": [
      187,
      207,
      101,
      130,
      7,
      99,
      45,
      88,
      181,
      55,
      87,
      131,
      106,
      190,
      188,
      178,
      214,
      243,
      106,
      68,
      66,
      13,
      198,
      13,
      111,
      174,
      93,
      81,
      242,
      13,
      37,
      73
    ],
    "38": [
      237,
      68,
      27,
      34,
      184,
      253,
      105,
      157,
      171,
      0,
      115,
      96,
      175,
      189,
      24,
      49,
      186,
      188,
      241,
      231,
      124,
      6,
      13,
      172,
      20,
      120,
      124,
      208,
      64,
      73,
      97,
      168
    ],
    "1": [
      46,
      144,
      45,
      57,
      221,
      155,
      40,
      52,
      215,
      198,
      17,
      140,
      175,
      121,
      94,
      165,
      126,
      29,
      15,
      23,
      28,
      159,
      32,
      138,
      198,
      228,
      240,
      141,
      249,
      255,
      252,
      252
    ],
    "32": [
      46,
      30,
      99,
      0,
      4,
      145,
      99,
      76,
      192,
      11,
      17,
      198,
      202,
      196,
      214,
      247,
      40,
      62,
      161,
      200,
      4,
      255,
      121,
      98,
      142,
      117,
      140,
      37,
      27,
      68,
      5,
      77
    ],
    "3": [
      15,
      238,
      34,
      66,
      36,
      181,
      18,
      224,
      203,
      101,
      84,
      171,
      14,
      237,
      28,
      239,
      131,
      52,
      6,
      133,
      100,
      75,
      111,
      252,
      69,
      26,
      100,
      40,
      122,
      126,
      253,
      128
    ],
    "34": [
      183,
      83,
      254,
      83,
      81,
      194,
      130,
      123,
      103,
      217,
      39,
      247,
      244,
      181,
      197,
      16,
      203,
      218,
      22,
      163,
      66,
      123,
      240,
      189,
      119,
      69,
      100,
      194,
      218,
      252,
      248,
      204
    ],
    "13": [
      150,
      86,
      161,
      105,
      192,
      172,
      215,
      135,
      222,
      121,
      239,
      123,
      134,
      197,
      82,
      107,
      200,
      100,
      166,
      105,
      216,
      201,
      63,
      24,
      60,
      115,
      0,
      38,
      89,
      95,
      26,
      194
    ],
    "15": [
      205,
      116,
      39,
      133,
      37,
      85,
      20,
      28,
      2,
      254,
      234,
      157,
      170,
      193,
      245,
      228,
      168,
      97,
      29,
      66,
      151,
      238,
      147,
      158,
      237,
      250,
      38,
      130,
      140,
      161,
      161,
      31
    ],
    "9": [
      7,
      183,
      79,
      97,
      247,
      224,
      121,
      139,
      145,
      27,
      88,
      109,
      140,
      175,
      14,
      25,
      226,
      204,
      216,
      174,
      73,
      218,
      42,
      218,
      54,
      47,
      103,
      75,
      168,
      179,
      237,
      234
    ],
    "11": [
      11,
      18,
      21,
      192,
      49,
      13,
      243,
      139,
      72,
      196,
      120,
      176,
      69,
      215,
      116,
      78,
      5,
      157,
      80,
      205,
      213,
      92,
      154,
      113,
      24,
      183,
      185,
      215,
      170,
      187,
      5,
      226
    ],
    "21": [
      192,
      65,
      11,
      126,
      50,
      26,
      226,
      54,
      83,
      223,
      55,
      12,
      28,
      87,
      17,
      174,
      68,
      84,
      215,
      92,
      203,
      25,
      56,
      236,
      24,
      211,
      105,
      98,
      172,
      13,
      244,
      253
    ],
    "23": [
      134,
      238,
      185,
      143,
      215,
      10,
      145,
      95,
      2,
      48,
      197,
      170,
      42,
      193,
      158,
      233,
      75,
      87,
      194,
      253,
      10,
      141,
      240,
      104,
      45,
      108,
      155,
      255,
      167,
      176,
      32,
      234
    ],
    "17": [
      14,
      192,
      249,
      135,
      160,
      146,
      122,
      80,
      104,
      30,
      107,
      64,
      232,
      6,
      37,
      30,
      32,
      91,
      107,
      223,
      157,
      208,
      2,
      230,
      94,
      10,
      148,
      62,
      84,
      98,
      115,
      110
    ],
    "19": [
      130,
      28,
      163,
      38,
      0,
      177,
      56,
      148,
      38,
      162,
      1,
      55,
      18,
      81,
      255,
      232,
      29,
      7,
      85,
      110,
      153,
      113,
      153,
      26,
      36,
      38,
      130,
      220,
      69,
      221,
      232,
      209
    ],
    "29": [
      14,
      137,
      73,
      99,
      45,
      217,
      12,
      208,
      212,
      180,
      93,
      128,
      106,
      143,
      86,
      29,
      208,
      141,
      55,
      67,
      13,
      87,
      167,
      3,
      54,
      136,
      253,
      70,
      231,
      114,
      108,
      110
    ],
    "31": [
      143,
      176,
      141,
      216,
      147,
      95,
      71,
      176,
      122,
      211,
      139,
      67,
      114,
      170,
      182,
      234,
      200,
      114,
      186,
      90,
      14,
      130,
      111,
      63,
      188,
      57,
      113,
      80,
      128,
      54,
      6,
      27
    ],
    "25": [
      102,
      222,
      151,
      183,
      107,
      156,
      78,
      123,
      24,
      125,
      237,
      191,
      171,
      217,
      175,
      202,
      10,
      235,
      74,
      183,
      36,
      233,
      33,
      22,
      54,
      237,
      88,
      186,
      189,
      138,
      123,
      210
    ],
    "27": [
      60,
      184,
      162,
      21,
      147,
      196,
      70,
      4,
      228,
      7,
      149,
      251,
      232,
      15,
      95,
      141,
      209,
      115,
      241,
      62,
      85,
      234,
      207,
      203,
      173,
      137,
      45,
      43,
      243,
      226,
      158,
      62
    ]
  },
  "my_cert": [],
  "my_cert_key": [],
  "root_cert": []
}