{
  "net_map": {
    "37": "127.0.0.1:8537",
    "4": "127.0.0.1:8504",
    "39": "127.0.0.1:8539",
    "6": "127.0.0.1:8506",
    "33": "127.0.0.1:8533",
    "0": "127.0.0.1:8500",
    "35": "127.0.0.1:8535",
    "2": "127.0.0.1:8502",
    "12": "127.0.0.1:8512",
    "14": "127.0.0.1:8514",
    "8": "127.0.0.1:8508",
    "10": "127.0.0.1:8510",
    "20": "127.0.0.1:8520",
    "22": "127.0.0.1:8522",
    "16": "127.0.0.1:8516",
    "18": "127.0.0.1:8518",
    "28": "127.0.0.1:8528",
    "30": "127.0.0.1:8530",
    "24": "127.0.0.1:8524",
    "26": "127.0.0.1:8526",
    "5": "127.0.0.1:8505",
    "36": "127.0.0.1:8536",
    "7": "127.0.0.1:8507",
    "38": "127.0.0.1:8538",
    "1": "127.0.0.1:8501",
    "32": "127.0.0.1:8532",
    "3": "127.0.0.1:8503",
    "34": "127.0.0.1:8534",
    "13": "127.0.0.1:8513",
    "15": "127.0.0.1:8515",
    "9": "127.0.0.1:8509",
    "40": "127.0.0.1:9000",
    "11": "127.0.0.1:8511",
    "21": "127.0.0.1:8521",
    "23": "127.0.0.1:8523",
    "17": "127.0.0.1:8517",
    "19": "127.0.0.1:8519",
    "29": "127.0.0.1:8529",
    "31": "127.0.0.1:8531",
    "25": "127.0.0.1:8525",
    "27": "127.0.0.1:8527"
  },
  "delta": 100,
  "id": 0,
  "num_nodes": 40,
  "num_faults": 13,
  "block_size": 100,
  "client_port": 7000,
  "client_addr": "0.0.0.0:5000",
  "payload": 0,
  "prot_payload": "cc,/home/akhil/research/EEBA/libchatter/",
  "crypto_alg": "NOPKI",
  "pk_map": {},
  "secret_key_bytes": [],
  "sk_map": {
    "37": [
      62,
      232,
      55,
      76,
      243,
      53,
      131,
      150,
      33,
      251,
      253,
      237,
      34,
      50,
      179,
      193,
      218,
      153,
      246,
      255,
      56,
      217,
      194,
      26,
      101,
      52,
      20,
      242,
      168,
      192,
      47,
      106
    ],
    "4": [
      220,
      102,
      156,
      211,
      89,
      120,
      252,
      62,
      23,
      253,
      86,
      83,
      107,
      207,
      186,
      206,
      103,
      24,
      23,
      248,
      95,
      94,
      108,
      18,
      90,
      61,
      255,
      176,
      203,
      163,
      71,
      163
    ],
    "39": [
      126,
      43,
      220,
      34,
      115,
      125,
      89,
      58,
      89,
      95,
      119,
      149,
      123,
      253,
      2,
      176,
      47,
      223,
      132,
      58,
      247,
      0,
      193,
      12,
      2,
      61,
      140,
      38,
      141,
      232,
      109,
      141
    ],
    "6": [
      77,
      246,
      156,
      222,
      185,
      245,
      66,
      77,
      111,
      184,
      174,
      228,
      83,
      229,
      66,
      51,
      31,
      218,
      24,
      107,
      190,
      118,
      58,
      159,
      19,
      112,
      145,
      241,
      110,
      159,
      71,
      131
    ],
    "33": [
      58,
      21,
      129,
      235,
      33,
      3,
      55,
      79,
      25,
      213,
      80,
      226,
      85,
      85,
      126,
      147,
      190,
      241,
      140,
      116,
      32,
      240,
      248,
      79,
      142,
      204,
      220,
      203,
      206,
      32,
      46,
      102
    ],
    "0": [
      222,
      132,
      158,
      10,
      190,
      15,
      243,
      217,
      102,
      232,
      192,
      14,
      61,
      161,
      45,
      94,
      246,
      67,
      124,
      157,
      87,
      179,
      66,
      68,
      128,
      204,
      132,
      182,
      169,
      19,
      228,
      148
    ],
    "35": [
      152,
      175,
      231,
      61,
      223,
      203,
      115,
      95,
      69,
      80,
      115,
      237,
      75,
      64,
      55,
      18,
      16,
      129,
      205,
      209,
      51,
      79,
      205,
      47,
      231,
      108,
      164,
      214,
      211,
      83,
      205,
      208
    ],
    "2": [
      97,
      15,
      68,
      87,
      150,
      22,
      8,
      164,
      212,
      31,
      2,
      158,
      131,
      216,
      1,
      21,
      2,
      169,
      188,
      226,
      101,
      22,
      31,
      148,
      145,
      54,
      72,
      247,
      188,
      56,
      66,
      190
    ],
    "12": [
      56,
      142,
      28,
      201,
      34,
      152,
      137,
      12,
      33,
      5,
      212,
      12,
      213,
      7,
      38,
      60,
      88,
      170,
      238,
      72,
      25,
      245,
      207,
      136,
      40,
      26,
      222,
      206,
      216,
      186,
      216,
      53
    ],
    "14": [
      133,
      85,
      105,
      152,
      233,
      126,
      161,
      226,
      41,
      101,
      188,
      102,
      218,
      89,
      142,
      131,
      246,
      25,
      86,
      204,
      161,
      187,
      243,
      100,
      52,
      216,
      107,
      229,
      34,
      15,
      171,
      22
    ],
    "8": [
      68,
      32,
      64,
      97,
      66,
      75,
      109,
      6,
      149,
      5,
      13,
      120,
      96,
      160,
      202,
      25,
      33,
      173,
      125,
      106,
      112,
      87,
      252,
      240,
      8,
      87,
      196,
      178,
      141,
      164,
      105,
      119
    ],
    "10": [
      221,
      236,
      39,
      40,
      155,
      71,
      169,
      231,
      19,
      142,
      90,
      135,
      240,
      169,
      72,
      59,
      154,
      89,
      34,
      183,
      203,
      56,
      113,
      35,
      216,
      120,
      164,
      14,
      56,
      27,
      21,
      173
    ],
    "20": [
      171,
      110,
      15,
      133,
      232,
      3,
      225,
      31,
      96,
      229,
      43,
      52,
      149,
      245,
      185,
      183,
      250,
      97,
      40,
      161,
      126,
      67,
      27,
      21,
      161,
      136,
      32,
      193,
      208,
      175,
      157,
      66
    ],
    "22": [
      32,
      116,
      49,
      94,
      179,
      241,
      194,
      6,
      124,
      46,
      129,
      29,
      13,
      122,
      32,
      234,
      158,
      127,
      113,
      47,
      36,
      11,
      26,
      51,
      46,
      9,
      0,
      169,
      82,
      83,
      151,
      211
    ],
    "16": [
      3,
      49,
      37,
      105,
      55,
      180,
      14,
      87,
      25,
      125,
      30,
      33,
      229,
      101,
      159,
      60,
      241,
      151,
      222,
      228,
      89,
      136,
      161,
      222,
      2,
      223,
      170,
      217,
      86,
      74,
      55,
      149
    ],
    "18": [
      150,
      175,
      152,
      87,
      42,
      208,
      32,
      229,
      114,
      36,
      239,
      168,
      254,
      201,
      230,
      44,
      162,
      217,
      22,
      63,
      57,
      75,
      146,
      156,
      224,
      142,
      13,
      151,
      192,
      192,
      141,
      13
    ],
    "28": [
      165,
      150,
      55,
      165,
      38,
      90,
      144,
      22,
      68,
      136,
      45,
      151,
      220,
      161,
      88,
      219,
      224,
      75,
      80,
      34,
      194,
      246,
      1,
      117,
      11,
      137,
      100,
      26,
      6,
      211,
      120,
      243
    ],
    "30": [
      195,
      170,
      250,
      206,
      234,
      137,
      53,
      246,
      84,
      188,
      92,
      168,
      192,
      217,
      211,
      186,
      139,
      106,
      70,
      200,
      16,
      111,
      225,
      138,
      71,
      254,
      110,
      81,
      37,
      175,
      41,
      6
    ],
    "24": [
      68,
      91,
      125,
      153,
      21,
      116,
      196,
      229,
      221,
      179,
      134,
      252,
      234,
      125,
      18,
      51,
      200,
      123,
      241,
      150,
      151,
      16,
      1,
      12,
      15,
      252,
      36,
      36,
      191,
      187,
      110,
      100
    ],
    "26": [
      142,
      67,
      214,
      148,
      97,
      75,
      243,
      207,
      113,
      249,
      238,
      52,
      163,
      119,
      61,
      22,
      19,
      205,
      6,
      165,
      198,
      13,
      77,
      46,
      183,
      161,
      53,
      36,
      245,
      204,
      189,
      61
    ],
    "5": [
      122,
      125,
      224,
      41,
      54,
      98,
      127,
      143,
      96,
      30,
      28,
      42,
      169,
      235,
      144,
      14,
      73,
      69,
      135,
      61,
      247,
      240,
      66,
      153,
      160,
      95,
      210,
      38,
      0,
      10,
      248,
      14
    ],
    "36": [
      252,
      152,
      139,
      212,
      211,
      57,
      36,
      30,
      207,
      115,
      23,
      192,
      132,
      162,
      158,
      189,
      181,
      107,
      107,
      211,
      31,
      80,
      230,
      15,
      213,
      136,
      158,
      20,
      138,
      8,
      104,
      236
    ],
    "7": [
      77,
      204,
      228,
      191,
      241,
      6,
      240,
      70,
      3,
      148,
      46,
      220,
      136,
      85,
      215,
      193,
      170,
      205,
      56,
      252,
      243,
      28,
      152,
      66,
      39,
      136,
      145,
      58,
      224,
      127,
      183,
      175
    ],
    "38": [
      218,
      35,
      177,
      70,
      9,
      44,
      179,
      3,
      181,
      129,
      63,
      108,
      210,
      38,
      125,
      244,
      121,
      55,
      68,
      98,
      67,
      102,
      54,
      66,
      236,
      157,
      192,
      133,
      26,
      27,
      198,
      215
    ],
    "1": [
      213,
      27,
      204,
      210,
      124,
      47,
      72,
      41,
      183,
      192,
      126,
      8,
      40,
      221,
      90,
      44,
      32,
      175,
      152,
      55,
      128,
      168,
      125,
      157,
      241,
      94,
      160,
      204,
      61,
      108,
      106,
      47
    ],
    "32": [
      224,
      255,
      173,
      238,
      72,
      42,
      55,
      16,
      139,
      17,
      98,
      238,
      159,
      80,
      96,
      144,
      238,
      116,
      230,
      134,
      80,
      164,
      24,
      243,
      68,
      143,
      19,
      104,
      6,
      215,
      156,
      10
    ],
    "3": [
      248,
      108,
      5,
      182,
      230,
      234,
      169,
      159,
      193,
      174,
      96,
      78,
      83,
      100,
      117,
      252,
      245,
      17,
      212,
      79,
      54,
      40,
      20,
      158,
      6,
      77,
      194,
      149,
      128,
      241,
      42,
      94
    ],
    "34": [
      214,
      233,
      250,
      203,
      170,
      167,
      55,
      239,
      251,
      11,
      18,
      134,
      18,
      221,
      66,
      91,
      186,
      170,
      168,
      161,
      254,
      69,
      180,
      182,
      102,
      53,
      34,
      238,
      126,
      255,
      68,
      161
    ],
    "13": [
      93,
      203,
      94,
      57,
      74,
      65,
      114,
      113,
      234,
      74,
      3,
      22,
      111,
      202,
      12,
      189,
      224,
      204,
      124,
      155,
      175,
      159,
      23,
      62,
      74,
      211,
      15,
      17,
      107,
      185,
      195,
      107
    ],
    "15": [
      74,
      116,
      245,
      198,
      185,
      240,
      253,
      210,
      23,
      82,
      186,
      125,
      187,
      189,
      60,
      80,
      84,
      140,
      31,
      135,
      164,
      226,
      194,
      55,
      131,
      123,
      88,
      57,
      93,
      102,
      236,
      42
    ],
    "9": [
      234,
      48,
      153,
      31,
      5,
      18,
      247,
      82,
      69,
      165,
      44,
      78,
      59,
      241,
      29,
      45,
      71,
      214,
      212,
      70,
      88,
      172,
      80,
      107,
      117,
      76,
      91,
      57,
      210,
      218,
      89,
      141
    ],
    "11": [
      62,
      241,
      255,
      233,
      39,
      54,
      142,
      248,
      63,
      26,
      35,
      78,
      241,
      80,
      61,
      28,
      68,
      131,
      254,
      230,
      255,
      187,
      66,
      126,
      233,
      16,
      146,
      70,
      35,
      199,
      87,
      187
    ],
    "21": [
      93,
      193,
      105,
      226,
      149,
      131,
      217,
      60,
      52,
      118,
      184,
      38,
      14,
      191,
      193,
      7,
      139,
      48,
      255,
      77,
      170,
      88,
      115,
      185,
      88,
      89,
      171,
      109,
      40,
      59,
      139,
      40
    ],
    "23": [
      104,
      166,
      133,
      110,
      243,
      112,
      216,
      123,
      39,
      28,
      24,
      242,
      29,
      120,
      74,
      58,
      104,
      194,
      159,
      212,
      21,
      163,
      47,
      214,
      16,
      203,
      179,
      147,
      24,
      123,
      215,
      159
    ],
    "17": [
      4,
      202,
      76,
      28,
      197,
      118,
      61,
      248,
      93,
      60,
      195,
      190,
      100,
      234,
      248,
      111,
      119,
      235,
      49,
      186,
      74,
      42,
      235,
      39,
      226,
      163,
      188,
      48,
      239,
      179,
      220,
      30
    ],
    "19": [
      255,
      213,
      26,
      172,
      144,
      187,
      221,
      78,
      245,
      154,
      88,
      164,
      45,
      74,
      93,
      167,
      16,
      105,
      130,
      187,
      46,
      119,
      133,
      25,
      64,
      161,
      65,
      18,
      253,
      32,
      140,
      186
    ],
    "29": [
      190,
      197,
      159,
      147,
      55,
      34,
      167,
      244,
      96,
      139,
      1,
      18,
      135,
      108,
      28,
      138,
      181,
      238,
      146,
      154,
      4,
      191,
      156,
      55,
      118,
      227,
      238,
      112,
      169,
      24,
      181,
      32
    ],
    "31": [
      212,
      130,
      227,
      137,
      57,
      161,
      117,
      223,
      19,
      21,
      63,
      160,
      143,
      148,
      14,
      84,
      30,
      47,
      20,
      219,
      45,
      195,
      246,
      24,
      130,
      26,
      235,
      236,
      7,
      158,
      129,
      119
    ],
    "25": [
      192,
      222,
      221,
      242,
      182,
      215,
      203,
      129,
      56,
      3,
      247,
      111,
      80,
      62,
      213,
      155,
      126,
      186,
      8,
      47,
      153,
      61,
      94,
      191,
      179,
      236,
      199,
      46,
      63,
      233,
      62,
      99
    ],
    "27": [
      80,
      203,
      129,
      82,
      48,
      92,
      207,
      187,
      243,
      152,
      192,
      183,
      43,
      84,
      6,
      93,
      94,
      67,
      8,
      160,
      86,
      72,
      42,
      142,
      208,
      169,
      209,
      152,
      113,
      85,
      196,
      84
    ]
  },
  "my_cert": [],
  "my_cert_key": [],
  "root_cert": []
}