{
  "net_map": {
    "37": "127.0.0.1:8537",
    "4": "127.0.0.1:8504",
    "39": "127.0.0.1:8539",
    "6": "127.0.0.1:8506",
    "33": "127.0.0.1:8533",
    "0": "127.0.0.1:8500",
    "35": "127.0.0.1:8535",
    "2": "127.0.0.1:8502",
    "12": "127.0.0.1:8512",
    "14": "127.0.0.1:8514",
    "8": "127.0.0.1:8508",
    "10": "127.0.0.1:8510",
    "20": "127.0.0.1:8520",
    "22": "127.0.0.1:8522",
    "16": "127.0.0.1:8516",
    "18": "127.0.0.1:8518",
    "28": "127.0.0.1:8528",
    "30": "127.0.0.1:8530",
    "24": "127.0.0.1:8524",
    "26": "127.0.0.1:8526",
    "5": "127.0.0.1:8505",
    "36": "127.0.0.1:8536",
    "7": "127.0.0.1:8507",
    "38": "127.0.0.1:8538",
    "1": "127.0.0.1:8501",
    "32": "127.0.0.1:8532",
    "3": "127.0.0.1:8503",
    "34": "127.0.0.1:8534",
    "13": "127.0.0.1:8513",
    "15": "127.0.0.1:8515",
    "9": "127.0.0.1:8509",
    "40": "127.0.0.1:9000",
    "11": "127.0.0.1:8511",
    "21": "127.0.0.1:8521",
    "23": "127.0.0.1:8523",
    "17": "127.0.0.1:8517",
    "19": "127.0.0.1:8519",
    "29": "127.0.0.1:8529",
    "31": "127.0.0.1:8531",
    "25": "127.0.0.1:8525",
    "27": "127.0.0.1:8527"
  },
  "delta": 100,
  "id": 18,
  "num_nodes": 40,
  "num_faults": 13,
  "block_size": 100,
  "client_port": 7018,
  "client_addr": "0.0.0.0:5000",
  "payload": 0,
  "prot_payload": "cc,/home/akhil/research/EEBA/libchatter/",
  "crypto_alg": "NOPKI",
  "pk_map": {},
  "secret_key_bytes": [],
  "sk_map": {
    "37": [
      201,
      107,
      229,
      110,
      95,
      141,
      248,
      134,
      113,
      97,
      176,
      181,
      156,
      253,
      166,
      190,
      29,
      0,
      233,
      115,
      171,
      39,
      165,
      74,
      213,
      117,
      231,
      170,
      7,
      66,
      49,
      141
    ],
    "4": [
      14,
      42,
      241,
      132,
      17,
      156,
      221,
      131,
      255,
      62,
      95,
      7,
      197,
      132,
      168,
      43,
      187,
      123,
      30,
      49,
      5,
      198,
      194,
      86,
      122,
      246,
      238,
      62,
      70,
      38,
      50,
      174
    ],
    "39": [
      130,
      253,
      107,
      67,
      64,
      213,
      173,
      99,
      31,
      241,
      5,
      199,
      62,
      13,
      232,
      74,
      120,
      179,
      148,
      13,
      103,
      210,
      245,
      174,
      156,
      150,
      242,
      255,
      140,
      17,
      77,
      150
    ],
    "6": [
      44,
      34,
      153,
      190,
      220,
      81,
      100,
      84,
      6,
      118,
      59,
      181,
      57,
      61,
      14,
      77,
      99,
      138,
      33,
      222,
      0,
      104,
      221,
      177,
      59,
      59,
      170,
      225,
      250,
      233,
      65,
      127
    ],
    "33": [
      209,
      244,
      77,
      127,
      190,
      0,
      201,
      78,
      68,
      53,
      93,
      72,
      232,
      84,
      21,
      60,
      201,
      173,
      142,
      10,
      243,
      138,
      183,
      0,
      4,
      181,
      228,
      125,
      36,
      177,
      82,
      186
    ],
    "0": [
      150,
      175,
      152,
      87,
      42,
      208,
      32,
      229,
      114,
      36,
      239,
      168,
      254,
      201,
      230,
      44,
      162,
      217,
      22,
      63,
      57,
      75,
      146,
      156,
      224,
      142,
      13,
      151,
      192,
      192,
      141,
      13
    ],
    "35": [
      24,
      101,
      219,
      183,
      133,
      20,
      174,
      237,
      43,
      54,
      250,
      189,
      99,
      189,
      106,
      52,
      144,
      98,
      134,
      42,
      248,
      205,
      108,
      43,
      22,
      234,
      32,
      188,
      93,
      195,
      234,
      198
    ],
    "2": [
      86,
      60,
      4,
      66,
      56,
      126,
      109,
      40,
      25,
      71,
      128,
      245,
      143,
      24,
      99,
      20,
      31,
      147,
      217,
      81,
      59,
      182,
      228,
      140,
      255,
      97,
      205,
      29,
      199,
      43,
      194,
      12
    ],
    "12": [
      178,
      237,
      76,
      164,
      34,
      125,
      99,
      234,
      221,
      195,
      157,
      150,
      27,
      196,
      18,
      44,
      14,
      218,
      149,
      195,
      29,
      71,
      175,
      192,
      95,
      36,
      255,
      138,
      241,
      110,
      137,
      29
    ],
    "14": [
      211,
      181,
      153,
      106,
      124,
      162,
      123,
      198,
      251,
      24,
      17,
      102,
      175,
      185,
      70,
      181,
      73,
      165,
      158,
      103,
      55,
      208,
      123,
      91,
      14,
      46,
      53,
      186,
      242,
      223,
      147,
      10
    ],
    "8": [
      84,
      166,
      11,
      138,
      245,
      85,
      89,
      141,
      216,
      188,
      223,
      108,
      67,
      158,
      146,
      121,
      15,
      45,
      125,
      208,
      186,
      51,
      218,
      252,
      185,
      10,
      61,
      243,
      211,
      212,
      231,
      101
    ],
    "10": [
      49,
      109,
      84,
      166,
      164,
      115,
      98,
      146,
      115,
      220,
      165,
      179,
      220,
      189,
      38,
      171,
      71,
      83,
      64,
      103,
      9,
      167,
      192,
      36,
      152,
      141,
      153,
      39,
      109,
      95,
      37,
      192
    ],
    "20": [
      17,
      199,
      247,
      240,
      116,
      83,
      9,
      175,
      105,
      75,
      249,
      144,
      246,
      233,
      98,
      158,
      140,
      220,
      166,
      128,
      20,
      30,
      197,
      92,
      163,
      36,
      184,
      195,
      33,
      94,
      9,
      117
    ],
    "22": [
      131,
      46,
      134,
      37,
      229,
      206,
      244,
      161,
      254,
      9,
      85,
      59,
      159,
      139,
      172,
      193,
      106,
      185,
      50,
      34,
      222,
      237,
      122,
      223,
      141,
      108,
      31,
      236,
      169,
      100,
      123,
      131
    ],
    "16": [
      70,
      178,
      234,
      236,
      227,
      154,
      184,
      34,
      188,
      97,
      130,
      1,
      189,
      251,
      193,
      79,
      183,
      89,
      187,
      154,
      43,
      131,
      3,
      154,
      60,
      39,
      122,
      108,
      222,
      157,
      199,
      100
    ],
    "18": [
      41,
      131,
      29,
      188,
      97,
      162,
      100,
      216,
      99,
      103,
      45,
      76,
      31,
      206,
      67,
      23,
      226,
      225,
      80,
      93,
      14,
      71,
      152,
      178,
      93,
      133,
      184,
      56,
      187,
      62,
      154,
      23
    ],
    "28": [
      17,
      159,
      93,
      164,
      200,
      81,
      195,
      115,
      107,
      18,
      176,
      84,
      140,
      183,
      81,
      9,
      13,
      197,
      52,
      107,
      107,
      137,
      2,
      184,
      128,
      155,
      60,
      132,
      75,
      189,
      79,
      146
    ],
    "30": [
      60,
      94,
      187,
      146,
      184,
      105,
      114,
      185,
      242,
      52,
      186,
      15,
      40,
      45,
      68,
      34,
      148,
      78,
      248,
      186,
      138,
      49,
      29,
      123,
      175,
      35,
      26,
      245,
      153,
      203,
      207,
      91
    ],
    "24": [
      147,
      125,
      187,
      212,
      245,
      207,
      206,
      217,
      123,
      215,
      112,
      145,
      7,
      248,
      20,
      110,
      227,
      151,
      204,
      163,
      141,
      61,
      138,
      130,
      207,
      117,
      48,
      36,
      185,
      127,
      220,
      86
    ],
    "26": [
      110,
      21,
      245,
      95,
      225,
      71,
      125,
      170,
      177,
      69,
      170,
      24,
      79,
      69,
      110,
      230,
      61,
      182,
      245,
      135,
      212,
      97,
      173,
      219,
      175,
      197,
      145,
      130,
      90,
      71,
      119,
      98
    ],
    "5": [
      232,
      51,
      108,
      119,
      99,
      198,
      208,
      168,
      242,
      6,
      228,
      72,
      142,
      33,
      176,
      102,
      43,
      145,
      227,
      15,
      128,
      58,
      156,
      55,
      23,
      152,
      235,
      227,
      63,
      112,
      51,
      229
    ],
    "36": [
      26,
      57,
      24,
      184,
      180,
      203,
      101,
      107,
      89,
      176,
      32,
      46,
      146,
      188,
      251,
      116,
      180,
      181,
      150,
      5,
      41,
      111,
      1,
      56,
      188,
      251,
      173,
      190,
      144,
      85,
      190,
      175
    ],
    "7": [
      41,
      32,
      178,
      144,
      168,
      231,
      73,
      200,
      144,
      249,
      128,
      243,
      196,
      95,
      116,
      119,
      20,
      253,
      37,
      98,
      124,
      67,
      33,
      78,
      119,
      125,
      190,
      152,
      74,
      24,
      237,
      86
    ],
    "38": [
      32,
      12,
      75,
      39,
      49,
      195,
      13,
      104,
      130,
      250,
      245,
      189,
      204,
      51,
      47,
      68,
      232,
      49,
      222,
      29,
      103,
      206,
      174,
      25,
      101,
      31,
      25,
      74,
      50,
      43,
      139,
      18
    ],
    "1": [
      63,
      194,
      217,
      131,
      238,
      252,
      95,
      114,
      245,
      203,
      174,
      134,
      246,
      58,
      204,
      249,
      209,
      1,
      170,
      75,
      215,
      80,
      96,
      86,
      155,
      126,
      245,
      64,
      226,
      139,
      204,
      68
    ],
    "32": [
      144,
      187,
      51,
      234,
      113,
      122,
      71,
      155,
      140,
      142,
      111,
      232,
      137,
      1,
      116,
      182,
      198,
      195,
      146,
      108,
      99,
      28,
      156,
      213,
      244,
      112,
      56,
      63,
      145,
      14,
      118,
      198
    ],
    "3": [
      223,
      57,
      205,
      55,
      178,
      55,
      103,
      147,
      202,
      175,
      169,
      47,
      189,
      230,
      22,
      43,
      11,
      24,
      165,
      37,
      19,
      165,
      0,
      121,
      120,
      65,
      22,
      143,
      156,
      121,
      65,
      95
    ],
    "34": [
      199,
      37,
      214,
      173,
      71,
      181,
      227,
      125,
      193,
      10,
      3,
      233,
      29,
      21,
      6,
      57,
      110,
      113,
      252,
      31,
      14,
      8,
      223,
      72,
      52,
      196,
      146,
      49,
      236,
      198,
      137,
      78
    ],
    "13": [
      179,
      65,
      139,
      188,
      107,
      148,
      62,
      100,
      201,
      88,
      20,
      207,
      144,
      209,
      65,
      225,
      62,
      132,
      113,
      50,
      200,
      162,
      63,
      103,
      146,
      65,
      128,
      241,
      138,
      34,
      190,
      227
    ],
    "15": [
      172,
      23,
      23,
      27,
      134,
      16,
      94,
      141,
      157,
      33,
      47,
      127,
      30,
      86,
      234,
      145,
      57,
      163,
      140,
      102,
      181,
      96,
      211,
      126,
      109,
      85,
      29,
      116,
      213,
      246,
      196,
      79
    ],
    "9": [
      91,
      242,
      26,
      96,
      208,
      24,
      84,
      53,
      221,
      12,
      162,
      91,
      192,
      58,
      161,
      30,
      28,
      197,
      172,
      0,
      109,
      101,
      111,
      119,
      34,
      234,
      218,
      38,
      145,
      239,
      13,
      31
    ],
    "11": [
      160,
      33,
      237,
      68,
      45,
      238,
      128,
      92,
      56,
      233,
      64,
      43,
      113,
      158,
      253,
      86,
      195,
      95,
      5,
      123,
      187,
      31,
      201,
      30,
      104,
      206,
      23,
      168,
      19,
      21,
      148,
      106
    ],
    "21": [
      101,
      245,
      133,
      226,
      30,
      189,
      28,
      220,
      123,
      110,
      80,
      163,
      92,
      59,
      75,
      19,
      45,
      180,
      162,
      36,
      219,
      209,
      32,
      33,
      42,
      56,
      156,
      165,
      82,
      125,
      141,
      157
    ],
    "23": [
      122,
      197,
      38,
      216,
      113,
      191,
      99,
      84,
      12,
      151,
      246,
      180,
      169,
      63,
      4,
      84,
      82,
      170,
      26,
      1,
      222,
      192,
      108,
      69,
      246,
      38,
      60,
      44,
      181,
      23,
      190,
      251
    ],
    "17": [
      84,
      94,
      11,
      166,
      66,
      68,
      226,
      213,
      54,
      151,
      17,
      54,
      214,
      91,
      86,
      88,
      185,
      116,
      114,
      84,
      80,
      163,
      170,
      74,
      101,
      145,
      214,
      4,
      94,
      129,
      178,
      251
    ],
    "19": [
      199,
      210,
      49,
      62,
      250,
      218,
      157,
      212,
      231,
      127,
      180,
      226,
      198,
      209,
      197,
      98,
      232,
      119,
      71,
      219,
      235,
      145,
      38,
      177,
      48,
      213,
      156,
      253,
      120,
      155,
      87,
      10
    ],
    "29": [
      62,
      118,
      228,
      8,
      33,
      62,
      35,
      204,
      173,
      107,
      252,
      202,
      238,
      81,
      134,
      197,
      211,
      153,
      243,
      169,
      135,
      39,
      45,
      255,
      221,
      88,
      54,
      56,
      101,
      49,
      108,
      177
    ],
    "31": [
      142,
      55,
      74,
      162,
      191,
      218,
      185,
      73,
      4,
      181,
      183,
      166,
      170,
      194,
      10,
      197,
      158,
      197,
      75,
      100,
      37,
      125,
      170,
      67,
      198,
      78,
      43,
      176,
      59,
      212,
      41,
      83
    ],
    "25": [
      98,
      124,
      215,
      175,
      93,
      15,
      66,
      133,
      10,
      210,
      195,
      222,
      163,
      164,
      111,
      18,
      77,
      53,
      123,
      202,
      109,
      66,
      181,
      227,
      96,
      161,
      183,
      225,
      219,
      14,
      83,
      228
    ],
    "27": [
      108,
      45,
      230,
      169,
      56,
      93,
      205,
      139,
      237,
      171,
      62,
      255,
      108,
      199,
      128,
      36,
      133,
      130,
      72,
      135,
      41,
      193,
      137,
      208,
      166,
      205,
      47,
      145,
      43,
      138,
      154,
      200
    ]
  },
  "my_cert": [],
  "my_cert_key": [],
  "root_cert": []
}