{
  "net_map": {
    "37": "127.0.0.1:8537",
    "4": "127.0.0.1:8504",
    "39": "127.0.0.1:8539",
    "6": "127.0.0.1:8506",
    "33": "127.0.0.1:8533",
    "0": "127.0.0.1:8500",
    "35": "127.0.0.1:8535",
    "2": "127.0.0.1:8502",
    "12": "127.0.0.1:8512",
    "14": "127.0.0.1:8514",
    "8": "127.0.0.1:8508",
    "10": "127.0.0.1:8510",
    "20": "127.0.0.1:8520",
    "22": "127.0.0.1:8522",
    "16": "127.0.0.1:8516",
    "18": "127.0.0.1:8518",
    "28": "127.0.0.1:8528",
    "30": "127.0.0.1:8530",
    "24": "127.0.0.1:8524",
    "26": "127.0.0.1:8526",
    "5": "127.0.0.1:8505",
    "36": "127.0.0.1:8536",
    "7": "127.0.0.1:8507",
    "38": "127.0.0.1:8538",
    "1": "127.0.0.1:8501",
    "32": "127.0.0.1:8532",
    "3": "127.0.0.1:8503",
    "34": "127.0.0.1:8534",
    "13": "127.0.0.1:8513",
    "15": "127.0.0.1:8515",
    "9": "127.0.0.1:8509",
    "40": "127.0.0.1:9000",
    "11": "127.0.0.1:8511",
    "21": "127.0.0.1:8521",
    "23": "127.0.0.1:8523",
    "17": "127.0.0.1:8517",
    "19": "127.0.0.1:8519",
    "29": "127.0.0.1:8529",
    "31": "127.0.0.1:8531",
    "25": "127.0.0.1:8525",
    "27": "127.0.0.1:8527"
  },
  "delta": 100,
  "id": 26,
  "num_nodes": 40,
  "num_faults": 13,
  "block_size": 100,
  "client_port": 7026,
  "client_addr": "0.0.0.0:5000",
  "payload": 0,
  "prot_payload": "cc,/home/akhil/research/EEBA/libchatter/",
  "crypto_alg": "NOPKI",
  "pk_map": {},
  "secret_key_bytes": [],
  "sk_map": {
    "37": [
      210,
      134,
      25,
      12,
      75,
      17,
      150,
      247,
      105,
      49,
      237,
      66,
      83,
      159,
      18,
      243,
      238,
      245,
      88,
      79,
      106,
      37,
      208,
      214,
      100,
      96,
      6,
      187,
      235,
      120,
      51,
      11
    ],
    "4": [
      17,
      251,
      152,
      235,
      213,
      83,
      145,
      119,
      105,
      143,
      0,
      66,
      134,
      69,
      192,
      22,
      190,
      120,
      122,
      199,
      124,
      47,
      25,
      158,
      120,
      84,
      222,
      33,
      204,
      113,
      143,
      141
    ],
    "39": [
      250,
      99,
      253,
      227,
      158,
      143,
      184,
      98,
      85,
      212,
      47,
      165,
      179,
      83,
      123,
      142,
      36,
      191,
      119,
      242,
      200,
      32,
      207,
      212,
      39,
      178,
      200,
      127,
      104,
      130,
      247,
      190
    ],
    "6": [
      160,
      71,
      98,
      165,
      246,
      72,
      3,
      181,
      232,
      31,
      249,
      145,
      44,
      117,
      96,
      198,
      10,
      166,
      141,
      57,
      96,
      202,
      116,
      42,
      112,
      126,
      172,
      228,
      86,
      86,
      60,
      165
    ],
    "33": [
      88,
      17,
      115,
      245,
      157,
      18,
      87,
      122,
      197,
      93,
      123,
      38,
      19,
      24,
      18,
      85,
      250,
      22,
      37,
      212,
      214,
      227,
      10,
      118,
      188,
      254,
      124,
      129,
      193,
      112,
      105,
      0
    ],
    "0": [
      142,
      67,
      214,
      148,
      97,
      75,
      243,
      207,
      113,
      249,
      238,
      52,
      163,
      119,
      61,
      22,
      19,
      205,
      6,
      165,
      198,
      13,
      77,
      46,
      183,
      161,
      53,
      36,
      245,
      204,
      189,
      61
    ],
    "35": [
      14,
      216,
      132,
      91,
      51,
      7,
      24,
      150,
      196,
      68,
      222,
      26,
      43,
      57,
      238,
      181,
      75,
      174,
      215,
      215,
      68,
      91,
      201,
      125,
      248,
      160,
      114,
      178,
      31,
      51,
      136,
      112
    ],
    "2": [
      92,
      0,
      100,
      70,
      201,
      244,
      214,
      202,
      181,
      89,
      76,
      46,
      185,
      24,
      248,
      192,
      137,
      166,
      233,
      210,
      215,
      249,
      37,
      149,
      194,
      163,
      211,
      182,
      23,
      30,
      13,
      95
    ],
    "12": [
      188,
      170,
      9,
      212,
      156,
      122,
      126,
      222,
      23,
      3,
      124,
      2,
      114,
      253,
      157,
      164,
      160,
      19,
      79,
      82,
      15,
      146,
      238,
      42,
      201,
      105,
      50,
      209,
      145,
      52,
      241,
      52
    ],
    "14": [
      106,
      87,
      127,
      95,
      95,
      8,
      103,
      86,
      246,
      225,
      192,
      120,
      113,
      202,
      120,
      64,
      42,
      190,
      211,
      77,
      241,
      42,
      58,
      34,
      71,
      195,
      205,
      243,
      38,
      47,
      142,
      17
    ],
    "8": [
      233,
      136,
      58,
      121,
      165,
      124,
      10,
      63,
      202,
      42,
      18,
      116,
      150,
      58,
      26,
      97,
      165,
      87,
      84,
      35,
      121,
      103,
      48,
      242,
      97,
      165,
      80,
      139,
      230,
      177,
      92,
      65
    ],
    "10": [
      79,
      226,
      34,
      154,
      190,
      197,
      212,
      161,
      54,
      8,
      96,
      199,
      95,
      253,
      181,
      55,
      25,
      250,
      231,
      225,
      28,
      114,
      22,
      253,
      116,
      221,
      15,
      16,
      176,
      219,
      116,
      54
    ],
    "20": [
      38,
      254,
      253,
      139,
      141,
      167,
      85,
      80,
      18,
      219,
      16,
      146,
      49,
      190,
      243,
      206,
      149,
      130,
      120,
      26,
      227,
      14,
      47,
      203,
      70,
      169,
      212,
      107,
      72,
      100,
      207,
      195
    ],
    "22": [
      99,
      134,
      216,
      119,
      5,
      131,
      129,
      111,
      51,
      42,
      81,
      28,
      35,
      0,
      47,
      137,
      193,
      254,
      197,
      84,
      213,
      164,
      169,
      182,
      205,
      210,
      37,
      228,
      12,
      233,
      233,
      19
    ],
    "16": [
      45,
      195,
      130,
      223,
      102,
      71,
      39,
      250,
      6,
      171,
      109,
      162,
      3,
      108,
      94,
      220,
      224,
      68,
      167,
      53,
      181,
      168,
      0,
      242,
      3,
      173,
      46,
      164,
      94,
      6,
      197,
      249
    ],
    "18": [
      110,
      21,
      245,
      95,
      225,
      71,
      125,
      170,
      177,
      69,
      170,
      24,
      79,
      69,
      110,
      230,
      61,
      182,
      245,
      135,
      212,
      97,
      173,
      219,
      175,
      197,
      145,
      130,
      90,
      71,
      119,
      98
    ],
    "28": [
      113,
      151,
      243,
      156,
      3,
      164,
      8,
      80,
      9,
      222,
      134,
      27,
      177,
      26,
      1,
      254,
      34,
      173,
      246,
      192,
      21,
      151,
      255,
      83,
      248,
      236,
      218,
      116,
      194,
      187,
      190,
      185
    ],
    "30": [
      191,
      37,
      57,
      160,
      125,
      32,
      132,
      118,
      49,
      105,
      217,
      57,
      215,
      41,
      108,
      173,
      147,
      248,
      16,
      54,
      18,
      49,
      31,
      104,
      109,
      172,
      236,
      199,
      58,
      170,
      104,
      19
    ],
    "24": [
      93,
      197,
      219,
      85,
      55,
      4,
      160,
      162,
      23,
      155,
      42,
      151,
      144,
      171,
      60,
      80,
      235,
      190,
      215,
      244,
      48,
      103,
      126,
      204,
      79,
      105,
      22,
      3,
      74,
      209,
      101,
      186
    ],
    "26": [
      64,
      20,
      70,
      16,
      85,
      114,
      109,
      96,
      144,
      255,
      142,
      29,
      158,
      185,
      108,
      143,
      220,
      89,
      81,
      12,
      254,
      18,
      137,
      243,
      118,
      136,
      43,
      221,
      176,
      150,
      100,
      34
    ],
    "5": [
      229,
      203,
      218,
      86,
      89,
      249,
      238,
      219,
      15,
      155,
      35,
      10,
      205,
      23,
      108,
      212,
      110,
      140,
      161,
      106,
      78,
      121,
      62,
      68,
      21,
      173,
      65,
      209,
      247,
      111,
      18,
      151
    ],
    "36": [
      203,
      70,
      84,
      196,
      79,
      82,
      91,
      11,
      21,
      135,
      246,
      177,
      251,
      174,
      95,
      11,
      87,
      177,
      42,
      180,
      167,
      16,
      213,
      125,
      234,
      158,
      119,
      221,
      138,
      166,
      165,
      165
    ],
    "7": [
      173,
      103,
      67,
      9,
      77,
      27,
      75,
      119,
      169,
      191,
      152,
      251,
      39,
      11,
      55,
      136,
      207,
      120,
      34,
      122,
      51,
      1,
      92,
      247,
      136,
      40,
      248,
      173,
      155,
      181,
      230,
      233
    ],
    "38": [
      145,
      149,
      142,
      32,
      189,
      77,
      101,
      57,
      21,
      153,
      129,
      94,
      254,
      190,
      140,
      96,
      56,
      232,
      7,
      140,
      142,
      244,
      17,
      218,
      87,
      240,
      228,
      81,
      43,
      33,
      221,
      108
    ],
    "1": [
      219,
      47,
      22,
      90,
      184,
      91,
      15,
      248,
      80,
      179,
      27,
      173,
      96,
      74,
      6,
      175,
      49,
      165,
      68,
      84,
      12,
      217,
      186,
      193,
      121,
      86,
      58,
      98,
      87,
      2,
      206,
      247
    ],
    "32": [
      230,
      159,
      107,
      104,
      130,
      99,
      235,
      115,
      96,
      40,
      154,
      215,
      95,
      75,
      205,
      251,
      63,
      70,
      32,
      80,
      71,
      88,
      231,
      108,
      228,
      87,
      229,
      49,
      77,
      4,
      252,
      238
    ],
    "3": [
      254,
      32,
      203,
      43,
      8,
      15,
      222,
      157,
      38,
      241,
      193,
      149,
      76,
      142,
      249,
      150,
      129,
      4,
      162,
      75,
      39,
      165,
      249,
      87,
      50,
      5,
      68,
      84,
      4,
      249,
      96,
      98
    ],
    "34": [
      151,
      29,
      0,
      132,
      57,
      102,
      222,
      237,
      242,
      31,
      8,
      139,
      237,
      147,
      251,
      175,
      193,
      128,
      150,
      41,
      102,
      37,
      184,
      56,
      51,
      161,
      134,
      10,
      22,
      215,
      189,
      64
    ],
    "13": [
      148,
      54,
      96,
      64,
      134,
      152,
      191,
      209,
      138,
      122,
      103,
      203,
      205,
      250,
      196,
      101,
      131,
      26,
      225,
      148,
      163,
      13,
      93,
      124,
      11,
      147,
      245,
      235,
      68,
      64,
      255,
      106
    ],
    "15": [
      8,
      57,
      160,
      37,
      135,
      52,
      9,
      92,
      233,
      33,
      102,
      37,
      149,
      161,
      12,
      95,
      140,
      231,
      45,
      178,
      63,
      253,
      187,
      25,
      125,
      117,
      62,
      224,
      123,
      28,
      139,
      212
    ],
    "9": [
      164,
      79,
      203,
      82,
      4,
      76,
      148,
      123,
      91,
      52,
      221,
      230,
      41,
      103,
      158,
      125,
      188,
      240,
      40,
      235,
      62,
      29,
      110,
      37,
      125,
      198,
      116,
      197,
      164,
      12,
      233,
      250
    ],
    "11": [
      100,
      113,
      220,
      18,
      221,
      115,
      172,
      108,
      15,
      98,
      53,
      134,
      106,
      190,
      2,
      38,
      169,
      127,
      159,
      51,
      239,
      191,
      234,
      186,
      30,
      56,
      15,
      6,
      202,
      86,
      175,
      199
    ],
    "21": [
      238,
      97,
      169,
      119,
      237,
      235,
      213,
      146,
      80,
      251,
      220,
      85,
      45,
      90,
      204,
      183,
      12,
      86,
      115,
      84,
      37,
      35,
      149,
      187,
      221,
      40,
      167,
      74,
      32,
      236,
      175,
      254
    ],
    "23": [
      201,
      220,
      134,
      250,
      225,
      157,
      152,
      158,
      90,
      90,
      39,
      245,
      130,
      194,
      253,
      91,
      182,
      66,
      252,
      58,
      172,
      108,
      93,
      162,
      143,
      67,
      214,
      222,
      198,
      164,
      255,
      168
    ],
    "17": [
      82,
      207,
      41,
      110,
      40,
      2,
      243,
      69,
      126,
      187,
      112,
      94,
      52,
      117,
      123,
      251,
      218,
      97,
      121,
      206,
      41,
      177,
      146,
      213,
      253,
      156,
      243,
      72,
      138,
      38,
      74,
      187
    ],
    "19": [
      13,
      174,
      153,
      225,
      175,
      219,
      145,
      229,
      127,
      21,
      160,
      151,
      71,
      202,
      66,
      166,
      40,
      205,
      241,
      76,
      110,
      1,
      194,
      250,
      57,
      132,
      131,
      172,
      28,
      128,
      177,
      199
    ],
    "29": [
      139,
      181,
      82,
      108,
      129,
      170,
      136,
      245,
      143,
      55,
      158,
      185,
      43,
      51,
      216,
      183,
      92,
      139,
      50,
      170,
      226,
      207,
      133,
      81,
      141,
      87,
      142,
      21,
      187,
      173,
      94,
      156
    ],
    "31": [
      99,
      26,
      41,
      171,
      193,
      192,
      61,
      204,
      89,
      34,
      127,
      90,
      29,
      158,
      56,
      6,
      1,
      240,
      74,
      215,
      88,
      223,
      103,
      96,
      95,
      27,
      249,
      103,
      246,
      7,
      96,
      116
    ],
    "25": [
      156,
      151,
      97,
      12,
      169,
      229,
      25,
      143,
      153,
      230,
      229,
      66,
      115,
      213,
      93,
      235,
      84,
      37,
      47,
      208,
      234,
      8,
      44,
      17,
      93,
      121,
      221,
      104,
      89,
      89,
      163,
      76
    ],
    "27": [
      132,
      106,
      223,
      130,
      37,
      214,
      85,
      229,
      154,
      236,
      19,
      191,
      191,
      146,
      143,
      122,
      87,
      27,
      73,
      223,
      205,
      85,
      235,
      210,
      215,
      250,
      132,
      77,
      115,
      88,
      110,
      56
    ]
  },
  "my_cert": [],
  "my_cert_key": [],
  "root_cert": []
}