{
  "net_map": {
    "37": "127.0.0.1:8537",
    "4": "127.0.0.1:8504",
    "39": "127.0.0.1:8539",
    "6": "127.0.0.1:8506",
    "33": "127.0.0.1:8533",
    "0": "127.0.0.1:8500",
    "35": "127.0.0.1:8535",
    "2": "127.0.0.1:8502",
    "12": "127.0.0.1:8512",
    "14": "127.0.0.1:8514",
    "8": "127.0.0.1:8508",
    "10": "127.0.0.1:8510",
    "20": "127.0.0.1:8520",
    "22": "127.0.0.1:8522",
    "16": "127.0.0.1:8516",
    "18": "127.0.0.1:8518",
    "28": "127.0.0.1:8528",
    "30": "127.0.0.1:8530",
    "24": "127.0.0.1:8524",
    "26": "127.0.0.1:8526",
    "5": "127.0.0.1:8505",
    "36": "127.0.0.1:8536",
    "7": "127.0.0.1:8507",
    "38": "127.0.0.1:8538",
    "1": "127.0.0.1:8501",
    "32": "127.0.0.1:8532",
    "3": "127.0.0.1:8503",
    "34": "127.0.0.1:8534",
    "13": "127.0.0.1:8513",
    "15": "127.0.0.1:8515",
    "9": "127.0.0.1:8509",
    "40": "127.0.0.1:9000",
    "11": "127.0.0.1:8511",
    "21": "127.0.0.1:8521",
    "23": "127.0.0.1:8523",
    "17": "127.0.0.1:8517",
    "19": "127.0.0.1:8519",
    "29": "127.0.0.1:8529",
    "31": "127.0.0.1:8531",
    "25": "127.0.0.1:8525",
    "27": "127.0.0.1:8527"
  },
  "delta": 100,
  "id": 28,
  "num_nodes": 40,
  "num_faults": 13,
  "block_size": 100,
  "client_port": 7028,
  "client_addr": "0.0.0.0:5000",
  "payload": 0,
  "prot_payload": "cc,/home/akhil/research/EEBA/libchatter/",
  "crypto_alg": "NOPKI",
  "pk_map": {},
  "secret_key_bytes": [],
  "sk_map": {
    "37": [
      80,
      143,
      242,
      66,
      99,
      71,
      77,
      120,
      244,
      64,
      254,
      200,
      146,
      61,
      182,
      177,
      242,
      226,
      61,
      183,
      155,
      107,
      11,
      231,
      115,
      152,
      162,
      166,
      106,
      90,
      186,
      105
    ],
    "4": [
      206,
      63,
      41,
      200,
      71,
      220,
      45,
      67,
      130,
      8,
      49,
      219,
      41,
      196,
      152,
      217,
      74,
      45,
      122,
      80,
      13,
      38,
      244,
      176,
      188,
      71,
      127,
      136,
      191,
      240,
      38,
      80
    ],
    "39": [
      157,
      88,
      67,
      69,
      132,
      156,
      127,
      33,
      27,
      57,
      30,
      164,
      168,
      28,
      128,
      12,
      176,
      2,
      60,
      235,
      248,
      23,
      7,
      92,
      173,
      117,
      167,
      253,
      213,
      181,
      220,
      109
    ],
    "6": [
      184,
      167,
      92,
      248,
      17,
      247,
      131,
      13,
      88,
      121,
      87,
      122,
      92,
      117,
      160,
      76,
      192,
      169,
      92,
      219,
      153,
      138,
      206,
      102,
      18,
      2,
      230,
      57,
      111,
      62,
      74,
      52
    ],
    "33": [
      153,
      223,
      142,
      64,
      4,
      73,
      141,
      97,
      128,
      30,
      199,
      90,
      69,
      194,
      206,
      206,
      245,
      168,
      182,
      90,
      110,
      91,
      74,
      33,
      6,
      75,
      16,
      115,
      200,
      71,
      103,
      157
    ],
    "0": [
      165,
      150,
      55,
      165,
      38,
      90,
      144,
      22,
      68,
      136,
      45,
      151,
      220,
      161,
      88,
      219,
      224,
      75,
      80,
      34,
      194,
      246,
      1,
      117,
      11,
      137,
      100,
      26,
      6,
      211,
      120,
      243
    ],
    "35": [
      85,
      246,
      137,
      58,
      205,
      53,
      175,
      135,
      178,
      182,
      207,
      206,
      148,
      52,
      55,
      15,
      32,
      17,
      24,
      54,
      165,
      30,
      90,
      175,
      209,
      119,
      21,
      85,
      60,
      160,
      17,
      44
    ],
    "2": [
      5,
      166,
      253,
      202,
      77,
      229,
      6,
      86,
      80,
      152,
      174,
      139,
      48,
      222,
      41,
      144,
      200,
      132,
      251,
      53,
      220,
      36,
      36,
      86,
      68,
      11,
      52,
      25,
      78,
      99,
      225,
      67
    ],
    "12": [
      226,
      78,
      149,
      54,
      134,
      233,
      204,
      230,
      199,
      48,
      244,
      121,
      157,
      43,
      149,
      254,
      234,
      64,
      59,
      175,
      188,
      253,
      226,
      86,
      41,
      215,
      219,
      150,
      232,
      242,
      205,
      73
    ],
    "14": [
      74,
      176,
      45,
      23,
      151,
      193,
      84,
      110,
      20,
      215,
      128,
      130,
      183,
      194,
      245,
      39,
      136,
      214,
      239,
      0,
      241,
      4,
      94,
      137,
      95,
      42,
      45,
      199,
      213,
      212,
      112,
      119
    ],
    "8": [
      8,
      112,
      90,
      6,
      230,
      46,
      155,
      26,
      40,
      249,
      225,
      128,
      224,
      201,
      108,
      85,
      66,
      244,
      142,
      213,
      18,
      234,
      185,
      72,
      212,
      251,
      45,
      61,
      151,
      50,
      6,
      206
    ],
    "10": [
      69,
      2,
      0,
      185,
      106,
      247,
      189,
      3,
      251,
      148,
      152,
      57,
      46,
      176,
      255,
      127,
      194,
      197,
      94,
      110,
      72,
      1,
      23,
      22,
      76,
      127,
      169,
      212,
      144,
      30,
      214,
      72
    ],
    "20": [
      104,
      136,
      189,
      255,
      224,
      205,
      187,
      119,
      61,
      5,
      42,
      169,
      115,
      199,
      31,
      174,
      248,
      227,
      47,
      114,
      244,
      171,
      230,
      235,
      221,
      21,
      255,
      1,
      97,
      119,
      110,
      117
    ],
    "22": [
      132,
      4,
      121,
      236,
      154,
      202,
      149,
      206,
      251,
      179,
      96,
      114,
      55,
      130,
      220,
      171,
      95,
      111,
      191,
      180,
      210,
      131,
      44,
      175,
      139,
      79,
      189,
      36,
      223,
      207,
      15,
      131
    ],
    "16": [
      181,
      169,
      83,
      175,
      90,
      167,
      78,
      191,
      128,
      160,
      112,
      243,
      59,
      101,
      114,
      43,
      201,
      194,
      194,
      196,
      232,
      99,
      78,
      199,
      244,
      65,
      106,
      242,
      28,
      112,
      168,
      86
    ],
    "18": [
      17,
      159,
      93,
      164,
      200,
      81,
      195,
      115,
      107,
      18,
      176,
      84,
      140,
      183,
      81,
      9,
      13,
      197,
      52,
      107,
      107,
      137,
      2,
      184,
      128,
      155,
      60,
      132,
      75,
      189,
      79,
      146
    ],
    "28": [
      220,
      73,
      110,
      67,
      131,
      170,
      84,
      98,
      99,
      205,
      62,
      199,
      194,
      6,
      183,
      41,
      44,
      67,
      143,
      126,
      125,
      163,
      159,
      206,
      115,
      128,
      66,
      177,
      100,
      40,
      37,
      255
    ],
    "30": [
      139,
      215,
      165,
      132,
      118,
      134,
      172,
      105,
      132,
      104,
      58,
      133,
      43,
      86,
      95,
      180,
      221,
      40,
      137,
      226,
      8,
      247,
      207,
      96,
      46,
      70,
      111,
      60,
      53,
      7,
      220,
      246
    ],
    "24": [
      79,
      126,
      40,
      194,
      86,
      147,
      118,
      116,
      201,
      249,
      235,
      168,
      4,
      127,
      18,
      52,
      11,
      223,
      244,
      157,
      189,
      233,
      137,
      106,
      34,
      67,
      52,
      239,
      206,
      202,
      107,
      89
    ],
    "26": [
      113,
      151,
      243,
      156,
      3,
      164,
      8,
      80,
      9,
      222,
      134,
      27,
      177,
      26,
      1,
      254,
      34,
      173,
      246,
      192,
      21,
      151,
      255,
      83,
      248,
      236,
      218,
      116,
      194,
      187,
      190,
      185
    ],
    "5": [
      113,
      38,
      193,
      10,
      45,
      98,
      132,
      40,
      125,
      107,
      76,
      163,
      86,
      21,
      52,
      22,
      46,
      84,
      189,
      101,
      154,
      26,
      213,
      114,
      195,
      141,
      73,
      73,
      206,
      179,
      8,
      222
    ],
    "36": [
      74,
      224,
      227,
      203,
      190,
      105,
      187,
      58,
      208,
      133,
      19,
      45,
      126,
      52,
      95,
      32,
      184,
      38,
      190,
      198,
      170,
      250,
      165,
      6,
      181,
      19,
      160,
      140,
      18,
      80,
      62,
      44
    ],
    "7": [
      238,
      38,
      230,
      30,
      188,
      205,
      66,
      124,
      19,
      85,
      26,
      239,
      187,
      248,
      3,
      212,
      81,
      178,
      210,
      13,
      65,
      230,
      12,
      220,
      191,
      69,
      144,
      233,
      1,
      208,
      117,
      51
    ],
    "38": [
      43,
      158,
      229,
      247,
      241,
      29,
      116,
      40,
      197,
      45,
      118,
      207,
      135,
      145,
      37,
      248,
      244,
      95,
      252,
      56,
      156,
      163,
      7,
      181,
      239,
      5,
      220,
      233,
      216,
      147,
      115,
      83
    ],
    "1": [
      112,
      143,
      120,
      111,
      137,
      49,
      62,
      244,
      92,
      137,
      234,
      201,
      74,
      52,
      238,
      232,
      8,
      118,
      122,
      144,
      43,
      129,
      38,
      8,
      97,
      49,
      225,
      161,
      181,
      206,
      174,
      46
    ],
    "32": [
      91,
      253,
      219,
      195,
      188,
      240,
      42,
      22,
      225,
      19,
      24,
      78,
      157,
      42,
      74,
      134,
      63,
      251,
      142,
      78,
      129,
      195,
      86,
      92,
      47,
      1,
      230,
      244,
      244,
      77,
      229,
      8
    ],
    "3": [
      95,
      185,
      74,
      36,
      236,
      15,
      98,
      229,
      15,
      99,
      220,
      6,
      15,
      211,
      253,
      174,
      189,
      254,
      70,
      211,
      127,
      106,
      144,
      53,
      251,
      11,
      194,
      55,
      111,
      127,
      64,
      98
    ],
    "34": [
      123,
      109,
      47,
      23,
      172,
      63,
      140,
      230,
      138,
      180,
      93,
      159,
      248,
      46,
      230,
      55,
      148,
      203,
      174,
      208,
      64,
      40,
      164,
      104,
      156,
      184,
      174,
      121,
      184,
      192,
      143,
      205
    ],
    "13": [
      121,
      74,
      241,
      98,
      115,
      7,
      39,
      199,
      171,
      119,
      10,
      62,
      94,
      229,
      203,
      137,
      241,
      30,
      172,
      254,
      173,
      144,
      120,
      222,
      238,
      66,
      250,
      137,
      155,
      223,
      141,
      172
    ],
    "15": [
      119,
      53,
      80,
      182,
      74,
      50,
      125,
      38,
      37,
      63,
      112,
      66,
      78,
      202,
      139,
      223,
      133,
      244,
      79,
      128,
      254,
      236,
      236,
      6,
      127,
      98,
      97,
      66,
      192,
      24,
      228,
      5
    ],
    "9": [
      211,
      215,
      69,
      121,
      41,
      178,
      248,
      125,
      222,
      4,
      2,
      130,
      17,
      189,
      167,
      0,
      113,
      165,
      91,
      112,
      222,
      91,
      139,
      9,
      87,
      33,
      247,
      154,
      103,
      33,
      65,
      20
    ],
    "11": [
      118,
      57,
      196,
      158,
      100,
      209,
      6,
      117,
      25,
      37,
      238,
      8,
      108,
      159,
      192,
      29,
      4,
      93,
      229,
      15,
      178,
      181,
      30,
      32,
      32,
      124,
      17,
      242,
      156,
      144,
      179,
      70
    ],
    "21": [
      79,
      235,
      12,
      154,
      178,
      24,
      43,
      131,
      222,
      96,
      253,
      28,
      9,
      196,
      235,
      194,
      111,
      56,
      48,
      19,
      0,
      228,
      249,
      194,
      53,
      76,
      59,
      206,
      50,
      59,
      135,
      81
    ],
    "23": [
      91,
      168,
      94,
      224,
      125,
      216,
      116,
      194,
      248,
      60,
      48,
      189,
      57,
      134,
      12,
      13,
      9,
      192,
      248,
      151,
      211,
      139,
      197,
      34,
      32,
      239,
      188,
      218,
      21,
      59,
      85,
      55
    ],
    "17": [
      183,
      112,
      233,
      200,
      243,
      123,
      115,
      154,
      194,
      44,
      6,
      213,
      216,
      27,
      166,
      253,
      82,
      103,
      98,
      236,
      144,
      149,
      179,
      157,
      134,
      58,
      71,
      229,
      155,
      99,
      219,
      238
    ],
    "19": [
      110,
      4,
      213,
      167,
      249,
      112,
      29,
      53,
      223,
      89,
      184,
      138,
      85,
      38,
      85,
      130,
      141,
      99,
      75,
      43,
      79,
      184,
      136,
      161,
      81,
      214,
      226,
      122,
      208,
      228,
      70,
      13
    ],
    "29": [
      169,
      185,
      238,
      103,
      188,
      34,
      255,
      210,
      158,
      131,
      87,
      173,
      68,
      159,
      157,
      205,
      45,
      92,
      71,
      139,
      160,
      222,
      234,
      78,
      28,
      192,
      253,
      97,
      70,
      201,
      234,
      33
    ],
    "31": [
      118,
      26,
      180,
      251,
      226,
      33,
      18,
      49,
      197,
      227,
      36,
      195,
      191,
      85,
      153,
      219,
      182,
      60,
      213,
      222,
      127,
      173,
      115,
      135,
      237,
      86,
      115,
      97,
      76,
      184,
      186,
      14
    ],
    "25": [
      126,
      48,
      90,
      51,
      235,
      125,
      109,
      157,
      28,
      186,
      243,
      162,
      99,
      8,
      53,
      187,
      7,
      138,
      104,
      11,
      210,
      191,
      11,
      123,
      166,
      26,
      106,
      85,
      147,
      216,
      235,
      76
    ],
    "27": [
      44,
      59,
      121,
      154,
      24,
      167,
      10,
      234,
      235,
      184,
      116,
      109,
      166,
      99,
      63,
      98,
      240,
      206,
      183,
      174,
      178,
      177,
      204,
      49,
      68,
      92,
      219,
      210,
      215,
      56,
      244,
      85
    ]
  },
  "my_cert": [],
  "my_cert_key": [],
  "root_cert": []
}