{
  "net_map": {
    "37": "127.0.0.1:8537",
    "4": "127.0.0.1:8504",
    "39": "127.0.0.1:8539",
    "6": "127.0.0.1:8506",
    "33": "127.0.0.1:8533",
    "0": "127.0.0.1:8500",
    "35": "127.0.0.1:8535",
    "2": "127.0.0.1:8502",
    "12": "127.0.0.1:8512",
    "14": "127.0.0.1:8514",
    "8": "127.0.0.1:8508",
    "10": "127.0.0.1:8510",
    "20": "127.0.0.1:8520",
    "22": "127.0.0.1:8522",
    "16": "127.0.0.1:8516",
    "18": "127.0.0.1:8518",
    "28": "127.0.0.1:8528",
    "30": "127.0.0.1:8530",
    "24": "127.0.0.1:8524",
    "26": "127.0.0.1:8526",
    "5": "127.0.0.1:8505",
    "36": "127.0.0.1:8536",
    "7": "127.0.0.1:8507",
    "38": "127.0.0.1:8538",
    "1": "127.0.0.1:8501",
    "32": "127.0.0.1:8532",
    "3": "127.0.0.1:8503",
    "34": "127.0.0.1:8534",
    "13": "127.0.0.1:8513",
    "15": "127.0.0.1:8515",
    "9": "127.0.0.1:8509",
    "40": "127.0.0.1:9000",
    "11": "127.0.0.1:8511",
    "21": "127.0.0.1:8521",
    "23": "127.0.0.1:8523",
    "17": "127.0.0.1:8517",
    "19": "127.0.0.1:8519",
    "29": "127.0.0.1:8529",
    "31": "127.0.0.1:8531",
    "25": "127.0.0.1:8525",
    "27": "127.0.0.1:8527"
  },
  "delta": 100,
  "id": 3,
  "num_nodes": 40,
  "num_faults": 13,
  "block_size": 100,
  "client_port": 7003,
  "client_addr": "0.0.0.0:5000",
  "payload": 0,
  "prot_payload": "cc,/home/akhil/research/EEBA/libchatter/",
  "crypto_alg": "NOPKI",
  "pk_map": {},
  "secret_key_bytes": [],
  "sk_map": {
    "37": [
      14,
      232,
      253,
      125,
      141,
      2,
      16,
      186,
      208,
      238,
      52,
      4,
      81,
      150,
      201,
      48,
      200,
      164,
      233,
      170,
      218,
      225,
      196,
      156,
      214,
      212,
      160,
      211,
      113,
      250,
      142,
      32
    ],
    "4": [
      4,
      26,
      236,
      208,
      250,
      213,
      239,
      210,
      105,
      42,
      199,
      96,
      238,
      221,
      5,
      168,
      78,
      85,
      99,
      215,
      234,
      36,
      97,
      101,
      211,
      181,
      198,
      44,
      8,
      0,
      58,
      110
    ],
    "39": [
      137,
      247,
      33,
      167,
      239,
      205,
      105,
      53,
      97,
      93,
      13,
      63,
      14,
      45,
      2,
      176,
      17,
      51,
      238,
      241,
      173,
      12,
      163,
      88,
      59,
      209,
      88,
      157,
      175,
      162,
      117,
      170
    ],
    "6": [
      235,
      245,
      167,
      254,
      185,
      138,
      53,
      131,
      244,
      229,
      229,
      23,
      167,
      9,
      212,
      228,
      226,
      155,
      72,
      165,
      120,
      241,
      221,
      245,
      211,
      189,
      47,
      51,
      112,
      192,
      197,
      43
    ],
    "33": [
      160,
      218,
      35,
      97,
      207,
      114,
      127,
      46,
      70,
      192,
      188,
      10,
      158,
      195,
      113,
      44,
      4,
      226,
      93,
      199,
      38,
      248,
      159,
      85,
      143,
      62,
      172,
      247,
      49,
      151,
      167,
      250
    ],
    "0": [
      248,
      108,
      5,
      182,
      230,
      234,
      169,
      159,
      193,
      174,
      96,
      78,
      83,
      100,
      117,
      252,
      245,
      17,
      212,
      79,
      54,
      40,
      20,
      158,
      6,
      77,
      194,
      149,
      128,
      241,
      42,
      94
    ],
    "35": [
      155,
      136,
      35,
      172,
      214,
      19,
      99,
      39,
      82,
      37,
      187,
      67,
      205,
      161,
      187,
      234,
      134,
      119,
      4,
      176,
      201,
      53,
      248,
      147,
      56,
      178,
      220,
      105,
      11,
      217,
      120,
      64
    ],
    "2": [
      254,
      189,
      228,
      241,
      142,
      237,
      223,
      130,
      109,
      138,
      86,
      37,
      45,
      31,
      139,
      36,
      77,
      103,
      43,
      203,
      74,
      39,
      7,
      234,
      218,
      80,
      178,
      122,
      206,
      124,
      138,
      170
    ],
    "12": [
      189,
      147,
      12,
      35,
      179,
      235,
      114,
      19,
      232,
      253,
      63,
      142,
      84,
      49,
      50,
      7,
      67,
      177,
      236,
      57,
      153,
      54,
      80,
      90,
      156,
      69,
      210,
      194,
      159,
      27,
      176,
      168
    ],
    "14": [
      21,
      241,
      239,
      172,
      161,
      58,
      166,
      167,
      195,
      247,
      99,
      142,
      238,
      24,
      85,
      172,
      188,
      181,
      238,
      82,
      154,
      237,
      113,
      203,
      113,
      234,
      91,
      92,
      45,
      62,
      89,
      14
    ],
    "8": [
      83,
      132,
      66,
      221,
      246,
      63,
      194,
      110,
      19,
      105,
      222,
      116,
      73,
      231,
      224,
      77,
      230,
      73,
      94,
      112,
      0,
      2,
      152,
      1,
      242,
      20,
      91,
      192,
      57,
      135,
      21,
      229
    ],
    "10": [
      236,
      126,
      111,
      218,
      23,
      87,
      50,
      246,
      174,
      12,
      141,
      219,
      151,
      147,
      215,
      91,
      46,
      92,
      219,
      37,
      96,
      113,
      111,
      208,
      253,
      154,
      178,
      225,
      152,
      194,
      129,
      241
    ],
    "20": [
      1,
      178,
      128,
      126,
      200,
      149,
      80,
      49,
      60,
      225,
      98,
      85,
      241,
      122,
      144,
      100,
      227,
      245,
      159,
      75,
      7,
      138,
      144,
      115,
      88,
      92,
      127,
      11,
      230,
      205,
      183,
      60
    ],
    "22": [
      229,
      121,
      76,
      151,
      21,
      90,
      38,
      223,
      178,
      68,
      188,
      60,
      235,
      92,
      104,
      144,
      153,
      209,
      212,
      39,
      198,
      47,
      156,
      248,
      196,
      167,
      191,
      206,
      142,
      31,
      50,
      148
    ],
    "16": [
      191,
      156,
      250,
      36,
      52,
      176,
      43,
      246,
      151,
      131,
      180,
      231,
      234,
      194,
      52,
      34,
      149,
      72,
      102,
      147,
      123,
      12,
      39,
      50,
      185,
      147,
      163,
      165,
      186,
      211,
      232,
      10
    ],
    "18": [
      223,
      57,
      205,
      55,
      178,
      55,
      103,
      147,
      202,
      175,
      169,
      47,
      189,
      230,
      22,
      43,
      11,
      24,
      165,
      37,
      19,
      165,
      0,
      121,
      120,
      65,
      22,
      143,
      156,
      121,
      65,
      95
    ],
    "28": [
      95,
      185,
      74,
      36,
      236,
      15,
      98,
      229,
      15,
      99,
      220,
      6,
      15,
      211,
      253,
      174,
      189,
      254,
      70,
      211,
      127,
      106,
      144,
      53,
      251,
      11,
      194,
      55,
      111,
      127,
      64,
      98
    ],
    "30": [
      255,
      253,
      188,
      113,
      201,
      150,
      80,
      27,
      89,
      81,
      220,
      233,
      148,
      37,
      202,
      252,
      125,
      177,
      46,
      224,
      72,
      43,
      172,
      157,
      75,
      184,
      17,
      66,
      140,
      158,
      75,
      32
    ],
    "24": [
      53,
      74,
      70,
      15,
      22,
      18,
      184,
      177,
      78,
      153,
      206,
      94,
      232,
      38,
      219,
      5,
      5,
      167,
      251,
      71,
      26,
      125,
      20,
      58,
      239,
      129,
      130,
      182,
      136,
      21,
      252,
      66
    ],
    "26": [
      254,
      32,
      203,
      43,
      8,
      15,
      222,
      157,
      38,
      241,
      193,
      149,
      76,
      142,
      249,
      150,
      129,
      4,
      162,
      75,
      39,
      165,
      249,
      87,
      50,
      5,
      68,
      84,
      4,
      249,
      96,
      98
    ],
    "5": [
      176,
      122,
      77,
      24,
      35,
      65,
      47,
      55,
      17,
      249,
      108,
      63,
      165,
      130,
      184,
      153,
      127,
      65,
      225,
      167,
      32,
      112,
      48,
      59,
      139,
      61,
      112,
      83,
      149,
      94,
      166,
      25
    ],
    "36": [
      12,
      43,
      207,
      75,
      188,
      167,
      32,
      240,
      125,
      90,
      146,
      46,
      55,
      116,
      18,
      130,
      11,
      113,
      207,
      39,
      143,
      203,
      111,
      83,
      53,
      109,
      41,
      36,
      254,
      32,
      21,
      132
    ],
    "7": [
      255,
      146,
      170,
      96,
      44,
      66,
      38,
      19,
      9,
      203,
      55,
      162,
      125,
      133,
      40,
      37,
      79,
      165,
      163,
      137,
      137,
      167,
      136,
      74,
      149,
      120,
      168,
      131,
      128,
      95,
      111,
      114
    ],
    "38": [
      215,
      108,
      253,
      36,
      202,
      165,
      70,
      74,
      191,
      165,
      168,
      23,
      86,
      51,
      179,
      25,
      209,
      44,
      227,
      27,
      13,
      78,
      119,
      64,
      102,
      63,
      37,
      103,
      60,
      166,
      90,
      121
    ],
    "1": [
      33,
      22,
      173,
      206,
      101,
      212,
      250,
      50,
      229,
      106,
      253,
      213,
      59,
      16,
      240,
      154,
      236,
      141,
      97,
      75,
      198,
      57,
      107,
      214,
      0,
      157,
      107,
      30,
      244,
      14,
      47,
      126
    ],
    "32": [
      61,
      204,
      132,
      195,
      165,
      30,
      160,
      105,
      251,
      202,
      69,
      136,
      204,
      64,
      16,
      44,
      7,
      162,
      237,
      0,
      151,
      46,
      185,
      215,
      202,
      191,
      185,
      123,
      142,
      114,
      96,
      250
    ],
    "3": [
      103,
      168,
      201,
      56,
      29,
      248,
      237,
      114,
      82,
      142,
      63,
      213,
      107,
      230,
      185,
      19,
      134,
      71,
      234,
      252,
      238,
      31,
      148,
      143,
      30,
      200,
      57,
      90,
      10,
      86,
      178,
      227
    ],
    "34": [
      96,
      152,
      171,
      118,
      151,
      233,
      184,
      35,
      236,
      215,
      65,
      158,
      69,
      125,
      210,
      23,
      124,
      128,
      20,
      58,
      118,
      233,
      136,
      46,
      172,
      227,
      54,
      247,
      221,
      118,
      205,
      248
    ],
    "13": [
      14,
      142,
      205,
      158,
      196,
      52,
      11,
      152,
      90,
      216,
      217,
      59,
      184,
      41,
      254,
      175,
      116,
      105,
      109,
      251,
      179,
      62,
      153,
      112,
      184,
      118,
      240,
      207,
      54,
      92,
      57,
      191
    ],
    "15": [
      195,
      232,
      237,
      21,
      112,
      2,
      24,
      111,
      243,
      84,
      145,
      43,
      192,
      81,
      238,
      73,
      244,
      43,
      95,
      60,
      54,
      134,
      70,
      121,
      197,
      37,
      21,
      148,
      61,
      50,
      67,
      188
    ],
    "9": [
      40,
      29,
      143,
      116,
      222,
      172,
      137,
      9,
      235,
      175,
      22,
      31,
      206,
      207,
      55,
      25,
      55,
      154,
      229,
      51,
      60,
      117,
      169,
      64,
      38,
      84,
      179,
      62,
      36,
      32,
      2,
      206
    ],
    "11": [
      156,
      24,
      88,
      5,
      255,
      251,
      96,
      107,
      118,
      251,
      170,
      198,
      230,
      88,
      127,
      91,
      66,
      149,
      54,
      187,
      109,
      165,
      99,
      57,
      251,
      73,
      43,
      181,
      94,
      229,
      185,
      200
    ],
    "21": [
      173,
      9,
      175,
      72,
      52,
      61,
      177,
      9,
      150,
      248,
      65,
      74,
      58,
      83,
      63,
      91,
      123,
      100,
      210,
      48,
      122,
      182,
      140,
      2,
      164,
      213,
      151,
      230,
      12,
      175,
      183,
      59
    ],
    "23": [
      187,
      140,
      51,
      218,
      52,
      97,
      38,
      226,
      101,
      69,
      149,
      248,
      215,
      156,
      134,
      106,
      124,
      151,
      41,
      224,
      251,
      209,
      73,
      100,
      32,
      120,
      114,
      122,
      88,
      15,
      79,
      194
    ],
    "17": [
      15,
      238,
      34,
      66,
      36,
      181,
      18,
      224,
      203,
      101,
      84,
      171,
      14,
      237,
      28,
      239,
      131,
      52,
      6,
      133,
      100,
      75,
      111,
      252,
      69,
      26,
      100,
      40,
      122,
      126,
      253,
      128
    ],
    "19": [
      120,
      252,
      7,
      8,
      39,
      114,
      69,
      237,
      50,
      24,
      195,
      227,
      177,
      32,
      103,
      50,
      205,
      60,
      46,
      131,
      204,
      220,
      164,
      137,
      220,
      112,
      204,
      97,
      212,
      95,
      51,
      245
    ],
    "29": [
      104,
      34,
      247,
      201,
      211,
      242,
      188,
      151,
      3,
      116,
      76,
      67,
      126,
      39,
      236,
      207,
      17,
      226,
      181,
      81,
      250,
      185,
      176,
      61,
      241,
      83,
      98,
      60,
      174,
      67,
      253,
      97
    ],
    "31": [
      11,
      118,
      4,
      68,
      113,
      32,
      168,
      125,
      56,
      161,
      5,
      61,
      71,
      227,
      30,
      72,
      166,
      212,
      154,
      107,
      31,
      242,
      199,
      200,
      3,
      41,
      206,
      54,
      211,
      97,
      16,
      136
    ],
    "25": [
      54,
      83,
      178,
      117,
      27,
      147,
      212,
      113,
      116,
      178,
      0,
      152,
      254,
      212,
      216,
      201,
      180,
      116,
      202,
      119,
      42,
      111,
      145,
      226,
      158,
      87,
      16,
      20,
      216,
      161,
      7,
      182
    ],
    "27": [
      110,
      90,
      17,
      171,
      226,
      111,
      39,
      186,
      186,
      177,
      39,
      150,
      184,
      162,
      12,
      252,
      165,
      173,
      241,
      160,
      19,
      68,
      130,
      133,
      165,
      225,
      242,
      182,
      249,
      239,
      241,
      4
    ]
  },
  "my_cert": [],
  "my_cert_key": [],
  "root_cert": []
}