{
  "net_map": {
    "37": "127.0.0.1:8537",
    "4": "127.0.0.1:8504",
    "39": "127.0.0.1:8539",
    "6": "127.0.0.1:8506",
    "33": "127.0.0.1:8533",
    "0": "127.0.0.1:8500",
    "35": "127.0.0.1:8535",
    "2": "127.0.0.1:8502",
    "12": "127.0.0.1:8512",
    "14": "127.0.0.1:8514",
    "8": "127.0.0.1:8508",
    "10": "127.0.0.1:8510",
    "20": "127.0.0.1:8520",
    "22": "127.0.0.1:8522",
    "16": "127.0.0.1:8516",
    "18": "127.0.0.1:8518",
    "28": "127.0.0.1:8528",
    "30": "127.0.0.1:8530",
    "24": "127.0.0.1:8524",
    "26": "127.0.0.1:8526",
    "5": "127.0.0.1:8505",
    "36": "127.0.0.1:8536",
    "7": "127.0.0.1:8507",
    "38": "127.0.0.1:8538",
    "1": "127.0.0.1:8501",
    "32": "127.0.0.1:8532",
    "3": "127.0.0.1:8503",
    "34": "127.0.0.1:8534",
    "13": "127.0.0.1:8513",
    "15": "127.0.0.1:8515",
    "9": "127.0.0.1:8509",
    "40": "127.0.0.1:9000",
    "11": "127.0.0.1:8511",
    "21": "127.0.0.1:8521",
    "23": "127.0.0.1:8523",
    "17": "127.0.0.1:8517",
    "19": "127.0.0.1:8519",
    "29": "127.0.0.1:8529",
    "31": "127.0.0.1:8531",
    "25": "127.0.0.1:8525",
    "27": "127.0.0.1:8527"
  },
  "delta": 100,
  "id": 35,
  "num_nodes": 40,
  "num_faults": 13,
  "block_size": 100,
  "client_port": 7035,
  "client_addr": "0.0.0.0:5000",
  "payload": 0,
  "prot_payload": "cc,/home/akhil/research/EEBA/libchatter/",
  "crypto_alg": "NOPKI",
  "pk_map": {},
  "secret_key_bytes": [],
  "sk_map": {
    "37": [
      231,
      162,
      118,
      226,
      17,
      147,
      142,
      61,
      181,
      40,
      96,
      186,
      145,
      4,
      235,
      56,
      197,
      10,
      17,
      128,
      159,
      118,
      171,
      19,
      175,
      45,
      58,
      47,
      163,
      197,
      106,
      59
    ],
    "4": [
      146,
      100,
      231,
      157,
      104,
      155,
      203,
      227,
      194,
      57,
      207,
      95,
      36,
      158,
      246,
      220,
      24,
      145,
      110,
      195,
      75,
      156,
      16,
      180,
      138,
      126,
      210,
      204,
      28,
      212,
      83,
      207
    ],
    "39": [
      210,
      173,
      88,
      136,
      199,
      100,
      148,
      131,
      193,
      13,
      163,
      235,
      18,
      143,
      28,
      224,
      214,
      132,
      234,
      102,
      115,
      69,
      159,
      255,
      137,
      71,
      17,
      71,
      237,
      34,
      208,
      4
    ],
    "6": [
      55,
      78,
      124,
      57,
      239,
      120,
      117,
      56,
      17,
      242,
      102,
      122,
      87,
      142,
      43,
      153,
      33,
      253,
      86,
      66,
      70,
      130,
      14,
      49,
      72,
      220,
      18,
      59,
      198,
      83,
      52,
      59
    ],
    "33": [
      29,
      15,
      212,
      152,
      249,
      205,
      145,
      34,
      40,
      96,
      186,
      237,
      184,
      193,
      249,
      132,
      191,
      221,
      190,
      82,
      112,
      122,
      213,
      5,
      88,
      207,
      20,
      52,
      155,
      176,
      145,
      114
    ],
    "0": [
      152,
      175,
      231,
      61,
      223,
      203,
      115,
      95,
      69,
      80,
      115,
      237,
      75,
      64,
      55,
      18,
      16,
      129,
      205,
      209,
      51,
      79,
      205,
      47,
      231,
      108,
      164,
      214,
      211,
      83,
      205,
      208
    ],
    "35": [
      227,
      165,
      53,
      95,
      144,
      254,
      75,
      188,
      55,
      175,
      197,
      33,
      186,
      198,
      116,
      186,
      74,
      181,
      203,
      152,
      161,
      242,
      76,
      33,
      175,
      246,
      157,
      190,
      182,
      43,
      166,
      255
    ],
    "2": [
      156,
      88,
      184,
      60,
      232,
      235,
      188,
      10,
      199,
      163,
      72,
      61,
      7,
      154,
      203,
      7,
      213,
      173,
      214,
      75,
      249,
      199,
      58,
      145,
      89,
      79,
      56,
      1,
      179,
      172,
      118,
      41
    ],
    "12": [
      119,
      189,
      45,
      78,
      165,
      150,
      59,
      29,
      96,
      183,
      229,
      254,
      16,
      14,
      39,
      144,
      1,
      151,
      142,
      221,
      143,
      32,
      172,
      52,
      57,
      59,
      43,
      195,
      138,
      149,
      84,
      75
    ],
    "14": [
      97,
      207,
      137,
      19,
      131,
      96,
      41,
      136,
      111,
      51,
      18,
      44,
      213,
      120,
      89,
      24,
      246,
      197,
      253,
      186,
      55,
      54,
      79,
      199,
      17,
      3,
      15,
      202,
      144,
      81,
      14,
      161
    ],
    "8": [
      220,
      209,
      239,
      204,
      33,
      53,
      226,
      21,
      169,
      156,
      193,
      175,
      46,
      94,
      149,
      77,
      234,
      198,
      46,
      84,
      189,
      71,
      31,
      34,
      52,
      214,
      54,
      2,
      149,
      251,
      6,
      77
    ],
    "10": [
      131,
      90,
      184,
      201,
      57,
      83,
      14,
      179,
      84,
      56,
      219,
      66,
      180,
      151,
      197,
      13,
      236,
      254,
      151,
      238,
      226,
      172,
      42,
      21,
      164,
      120,
      34,
      217,
      149,
      170,
      232,
      6
    ],
    "20": [
      191,
      82,
      192,
      231,
      235,
      108,
      54,
      36,
      2,
      126,
      243,
      5,
      8,
      238,
      106,
      101,
      173,
      207,
      48,
      183,
      250,
      171,
      100,
      24,
      76,
      188,
      186,
      235,
      89,
      53,
      1,
      116
    ],
    "22": [
      139,
      109,
      198,
      112,
      68,
      50,
      159,
      147,
      56,
      21,
      33,
      183,
      184,
      174,
      43,
      237,
      210,
      59,
      236,
      157,
      74,
      197,
      0,
      67,
      118,
      191,
      59,
      66,
      149,
      182,
      225,
      12
    ],
    "16": [
      36,
      49,
      56,
      62,
      252,
      167,
      77,
      161,
      109,
      149,
      26,
      66,
      4,
      50,
      190,
      147,
      68,
      124,
      31,
      240,
      153,
      141,
      39,
      68,
      17,
      29,
      43,
      118,
      156,
      31,
      156,
      102
    ],
    "18": [
      24,
      101,
      219,
      183,
      133,
      20,
      174,
      237,
      43,
      54,
      250,
      189,
      99,
      189,
      106,
      52,
      144,
      98,
      134,
      42,
      248,
      205,
      108,
      43,
      22,
      234,
      32,
      188,
      93,
      195,
      234,
      198
    ],
    "28": [
      85,
      246,
      137,
      58,
      205,
      53,
      175,
      135,
      178,
      182,
      207,
      206,
      148,
      52,
      55,
      15,
      32,
      17,
      24,
      54,
      165,
      30,
      90,
      175,
      209,
      119,
      21,
      85,
      60,
      160,
      17,
      44
    ],
    "30": [
      167,
      207,
      43,
      107,
      74,
      13,
      96,
      10,
      99,
      99,
      176,
      184,
      80,
      243,
      163,
      22,
      126,
      185,
      30,
      108,
      86,
      229,
      47,
      35,
      178,
      153,
      12,
      127,
      220,
      212,
      52,
      209
    ],
    "24": [
      243,
      67,
      13,
      221,
      38,
      130,
      134,
      178,
      212,
      78,
      240,
      170,
      227,
      27,
      105,
      4,
      135,
      30,
      95,
      75,
      176,
      136,
      96,
      44,
      17,
      93,
      255,
      88,
      85,
      88,
      68,
      168
    ],
    "26": [
      14,
      216,
      132,
      91,
      51,
      7,
      24,
      150,
      196,
      68,
      222,
      26,
      43,
      57,
      238,
      181,
      75,
      174,
      215,
      215,
      68,
      91,
      201,
      125,
      248,
      160,
      114,
      178,
      31,
      51,
      136,
      112
    ],
    "5": [
      182,
      60,
      27,
      41,
      148,
      9,
      125,
      118,
      13,
      184,
      43,
      138,
      79,
      77,
      35,
      200,
      132,
      57,
      4,
      199,
      50,
      89,
      139,
      124,
      118,
      207,
      83,
      64,
      60,
      222,
      139,
      87
    ],
    "36": [
      63,
      68,
      218,
      143,
      111,
      168,
      142,
      99,
      39,
      138,
      208,
      222,
      46,
      92,
      100,
      137,
      13,
      108,
      51,
      52,
      77,
      218,
      96,
      137,
      3,
      234,
      165,
      122,
      59,
      111,
      86,
      32
    ],
    "7": [
      248,
      91,
      90,
      227,
      252,
      161,
      185,
      254,
      212,
      6,
      8,
      134,
      196,
      39,
      99,
      138,
      135,
      46,
      50,
      166,
      169,
      67,
      21,
      148,
      115,
      37,
      116,
      125,
      165,
      195,
      123,
      196
    ],
    "38": [
      27,
      131,
      221,
      3,
      190,
      28,
      37,
      149,
      247,
      82,
      254,
      250,
      237,
      135,
      193,
      221,
      128,
      117,
      41,
      128,
      156,
      37,
      5,
      17,
      136,
      246,
      137,
      113,
      42,
      171,
      216,
      90
    ],
    "1": [
      229,
      48,
      10,
      81,
      59,
      211,
      179,
      3,
      203,
      207,
      234,
      108,
      31,
      13,
      92,
      54,
      199,
      126,
      153,
      75,
      55,
      212,
      186,
      253,
      20,
      93,
      195,
      98,
      226,
      152,
      117,
      130
    ],
    "32": [
      62,
      28,
      89,
      69,
      92,
      58,
      247,
      35,
      83,
      172,
      227,
      251,
      75,
      101,
      11,
      57,
      67,
      136,
      50,
      63,
      247,
      217,
      63,
      137,
      109,
      211,
      32,
      85,
      72,
      60,
      175,
      204
    ],
    "3": [
      155,
      136,
      35,
      172,
      214,
      19,
      99,
      39,
      82,
      37,
      187,
      67,
      205,
      161,
      187,
      234,
      134,
      119,
      4,
      176,
      201,
      53,
      248,
      147,
      56,
      178,
      220,
      105,
      11,
      217,
      120,
      64
    ],
    "34": [
      81,
      37,
      118,
      108,
      90,
      199,
      157,
      65,
      90,
      217,
      19,
      82,
      14,
      151,
      90,
      177,
      249,
      172,
      249,
      198,
      115,
      110,
      251,
      67,
      174,
      246,
      113,
      207,
      213,
      205,
      131,
      246
    ],
    "13": [
      118,
      231,
      199,
      57,
      166,
      120,
      171,
      230,
      175,
      210,
      171,
      92,
      17,
      145,
      221,
      235,
      146,
      0,
      177,
      128,
      93,
      87,
      162,
      48,
      101,
      96,
      223,
      112,
      194,
      204,
      200,
      100
    ],
    "15": [
      152,
      238,
      96,
      32,
      199,
      43,
      233,
      126,
      162,
      45,
      49,
      215,
      36,
      36,
      54,
      165,
      74,
      98,
      11,
      208,
      187,
      254,
      73,
      91,
      162,
      211,
      249,
      148,
      101,
      195,
      161,
      255
    ],
    "9": [
      22,
      140,
      129,
      124,
      39,
      203,
      106,
      125,
      95,
      222,
      50,
      221,
      110,
      121,
      45,
      143,
      197,
      107,
      1,
      103,
      99,
      229,
      166,
      158,
      190,
      170,
      144,
      211,
      245,
      159,
      121,
      87
    ],
    "11": [
      107,
      83,
      64,
      96,
      64,
      229,
      187,
      121,
      155,
      43,
      191,
      215,
      89,
      69,
      170,
      233,
      35,
      162,
      223,
      50,
      65,
      156,
      166,
      26,
      29,
      95,
      189,
      170,
      209,
      33,
      188,
      162
    ],
    "21": [
      163,
      130,
      39,
      69,
      56,
      205,
      219,
      192,
      50,
      15,
      107,
      98,
      12,
      64,
      62,
      24,
      77,
      144,
      167,
      41,
      37,
      202,
      230,
      10,
      39,
      43,
      234,
      25,
      191,
      248,
      150,
      13
    ],
    "23": [
      197,
      157,
      211,
      216,
      85,
      213,
      54,
      150,
      140,
      211,
      131,
      20,
      46,
      50,
      167,
      9,
      33,
      68,
      75,
      73,
      54,
      19,
      246,
      60,
      215,
      77,
      228,
      244,
      145,
      179,
      115,
      161
    ],
    "17": [
      29,
      218,
      23,
      4,
      97,
      203,
      240,
      160,
      231,
      25,
      168,
      156,
      248,
      219,
      33,
      254,
      204,
      111,
      79,
      39,
      247,
      73,
      116,
      138,
      27,
      227,
      145,
      67,
      24,
      88,
      20,
      142
    ],
    "19": [
      195,
      71,
      50,
      30,
      226,
      185,
      228,
      235,
      212,
      6,
      3,
      10,
      191,
      194,
      121,
      186,
      164,
      61,
      45,
      7,
      137,
      67,
      220,
      240,
      246,
      41,
      141,
      45,
      115,
      78,
      198,
      161
    ],
    "29": [
      217,
      158,
      172,
      139,
      88,
      205,
      169,
      84,
      91,
      6,
      85,
      34,
      239,
      5,
      201,
      54,
      39,
      27,
      180,
      63,
      113,
      94,
      62,
      21,
      178,
      24,
      131,
      98,
      233,
      37,
      198,
      247
    ],
    "31": [
      160,
      242,
      188,
      208,
      244,
      66,
      153,
      66,
      179,
      244,
      20,
      179,
      184,
      230,
      154,
      155,
      62,
      160,
      191,
      73,
      33,
      39,
      252,
      22,
      228,
      80,
      154,
      4,
      229,
      159,
      131,
      76
    ],
    "25": [
      196,
      168,
      230,
      180,
      163,
      94,
      148,
      225,
      57,
      61,
      200,
      220,
      87,
      219,
      228,
      56,
      203,
      172,
      183,
      184,
      129,
      56,
      253,
      182,
      194,
      80,
      169,
      153,
      218,
      93,
      91,
      198
    ],
    "27": [
      64,
      18,
      13,
      88,
      219,
      218,
      209,
      90,
      137,
      114,
      37,
      57,
      80,
      242,
      183,
      77,
      205,
      114,
      141,
      196,
      96,
      111,
      165,
      18,
      23,
      69,
      220,
      99,
      199,
      64,
      121,
      105
    ]
  },
  "my_cert": [],
  "my_cert_key": [],
  "root_cert": []
}