{
  "net_map": {
    "37": "127.0.0.1:8537",
    "4": "127.0.0.1:8504",
    "39": "127.0.0.1:8539",
    "6": "127.0.0.1:8506",
    "33": "127.0.0.1:8533",
    "0": "127.0.0.1:8500",
    "35": "127.0.0.1:8535",
    "2": "127.0.0.1:8502",
    "12": "127.0.0.1:8512",
    "14": "127.0.0.1:8514",
    "8": "127.0.0.1:8508",
    "10": "127.0.0.1:8510",
    "20": "127.0.0.1:8520",
    "22": "127.0.0.1:8522",
    "16": "127.0.0.1:8516",
    "18": "127.0.0.1:8518",
    "28": "127.0.0.1:8528",
    "30": "127.0.0.1:8530",
    "24": "127.0.0.1:8524",
    "26": "127.0.0.1:8526",
    "5": "127.0.0.1:8505",
    "36": "127.0.0.1:8536",
    "7": "127.0.0.1:8507",
    "38": "127.0.0.1:8538",
    "1": "127.0.0.1:8501",
    "32": "127.0.0.1:8532",
    "3": "127.0.0.1:8503",
    "34": "127.0.0.1:8534",
    "13": "127.0.0.1:8513",
    "15": "127.0.0.1:8515",
    "9": "127.0.0.1:8509",
    "40": "127.0.0.1:9000",
    "11": "127.0.0.1:8511",
    "21": "127.0.0.1:8521",
    "23": "127.0.0.1:8523",
    "17": "127.0.0.1:8517",
    "19": "127.0.0.1:8519",
    "29": "127.0.0.1:8529",
    "31": "127.0.0.1:8531",
    "25": "127.0.0.1:8525",
    "27": "127.0.0.1:8527"
  },
  "delta": 100,
  "id": 19,
  "num_nodes": 40,
  "num_faults": 13,
  "block_size": 100,
  "client_port": 7019,
  "client_addr": "0.0.0.0:5000",
  "payload": 0,
  "prot_payload": "cc,/home/akhil/research/EEBA/libchatter/",
  "crypto_alg": "NOPKI",
  "pk_map": {},
  "secret_key_bytes": [],
  "sk_map": {
    "37": [
      250,
      167,
      27,
      244,
      109,
      183,
      123,
      118,
      157,
      58,
      170,
      103,
      41,
      4,
      116,
      230,
      239,
      214,
      16,
      90,
      24,
      172,
      106,
      140,
      168,
      48,
      87,
      201,
      204,
      182,
      84,
      118
    ],
    "4": [
      224,
      235,
      69,
      57,
      30,
      167,
      64,
      35,
      135,
      47,
      79,
      186,
      96,
      64,
      196,
      234,
      225,
      19,
      25,
      130,
      70,
      20,
      220,
      12,
      177,
      92,
      233,
      25,
      3,
      168,
      224,
      65
    ],
    "39": [
      254,
      79,
      55,
      12,
      40,
      73,
      116,
      9,
      100,
      207,
      153,
      252,
      155,
      114,
      138,
      233,
      165,
      247,
      160,
      205,
      186,
      148,
      151,
      147,
      140,
      7,
      111,
      90,
      201,
      155,
      98,
      220
    ],
    "6": [
      113,
      160,
      118,
      180,
      59,
      99,
      1,
      27,
      234,
      84,
      234,
      203,
      84,
      180,
      188,
      24,
      149,
      5,
      245,
      108,
      78,
      212,
      181,
      89,
      241,
      88,
      230,
      191,
      138,
      231,
      152,
      136
    ],
    "33": [
      104,
      4,
      55,
      158,
      152,
      185,
      130,
      30,
      219,
      242,
      165,
      220,
      113,
      48,
      10,
      81,
      18,
      240,
      166,
      11,
      206,
      38,
      192,
      108,
      153,
      12,
      106,
      86,
      125,
      222,
      238,
      122
    ],
    "0": [
      255,
      213,
      26,
      172,
      144,
      187,
      221,
      78,
      245,
      154,
      88,
      164,
      45,
      74,
      93,
      167,
      16,
      105,
      130,
      187,
      46,
      119,
      133,
      25,
      64,
      161,
      65,
      18,
      253,
      32,
      140,
      186
    ],
    "35": [
      195,
      71,
      50,
      30,
      226,
      185,
      228,
      235,
      212,
      6,
      3,
      10,
      191,
      194,
      121,
      186,
      164,
      61,
      45,
      7,
      137,
      67,
      220,
      240,
      246,
      41,
      141,
      45,
      115,
      78,
      198,
      161
    ],
    "2": [
      25,
      157,
      97,
      115,
      210,
      146,
      63,
      225,
      68,
      169,
      201,
      115,
      254,
      175,
      104,
      239,
      117,
      80,
      17,
      39,
      249,
      84,
      133,
      3,
      194,
      93,
      43,
      61,
      51,
      86,
      155,
      206
    ],
    "12": [
      24,
      134,
      131,
      231,
      143,
      152,
      213,
      90,
      116,
      246,
      0,
      185,
      121,
      129,
      60,
      192,
      201,
      92,
      215,
      100,
      168,
      140,
      70,
      127,
      224,
      213,
      219,
      151,
      30,
      197,
      112,
      113
    ],
    "14": [
      186,
      31,
      101,
      34,
      122,
      165,
      21,
      181,
      103,
      35,
      135,
      196,
      246,
      141,
      150,
      21,
      96,
      148,
      53,
      0,
      225,
      47,
      187,
      145,
      67,
      199,
      239,
      211,
      32,
      78,
      229,
      32
    ],
    "8": [
      36,
      219,
      204,
      234,
      53,
      65,
      239,
      58,
      171,
      169,
      131,
      253,
      243,
      90,
      25,
      6,
      221,
      176,
      133,
      146,
      73,
      62,
      145,
      173,
      40,
      76,
      126,
      194,
      70,
      223,
      115,
      244
    ],
    "10": [
      241,
      155,
      19,
      214,
      246,
      117,
      157,
      207,
      208,
      4,
      16,
      149,
      137,
      149,
      38,
      186,
      33,
      249,
      81,
      225,
      66,
      194,
      101,
      118,
      118,
      63,
      60,
      91,
      231,
      154,
      10,
      60
    ],
    "20": [
      219,
      49,
      187,
      68,
      204,
      34,
      67,
      192,
      229,
      58,
      211,
      95,
      150,
      136,
      150,
      183,
      108,
      50,
      22,
      40,
      146,
      224,
      25,
      82,
      224,
      40,
      154,
      127,
      137,
      243,
      124,
      57
    ],
    "22": [
      65,
      28,
      75,
      175,
      197,
      193,
      142,
      91,
      201,
      161,
      131,
      214,
      142,
      195,
      216,
      32,
      17,
      135,
      62,
      219,
      185,
      106,
      64,
      247,
      18,
      211,
      155,
      33,
      59,
      252,
      196,
      74
    ],
    "16": [
      110,
      217,
      232,
      67,
      97,
      54,
      8,
      87,
      253,
      152,
      149,
      159,
      167,
      15,
      212,
      108,
      215,
      109,
      245,
      104,
      193,
      15,
      88,
      249,
      22,
      73,
      155,
      56,
      97,
      40,
      66,
      204
    ],
    "18": [
      199,
      210,
      49,
      62,
      250,
      218,
      157,
      212,
      231,
      127,
      180,
      226,
      198,
      209,
      197,
      98,
      232,
      119,
      71,
      219,
      235,
      145,
      38,
      177,
      48,
      213,
      156,
      253,
      120,
      155,
      87,
      10
    ],
    "28": [
      110,
      4,
      213,
      167,
      249,
      112,
      29,
      53,
      223,
      89,
      184,
      138,
      85,
      38,
      85,
      130,
      141,
      99,
      75,
      43,
      79,
      184,
      136,
      161,
      81,
      214,
      226,
      122,
      208,
      228,
      70,
      13
    ],
    "30": [
      87,
      85,
      129,
      28,
      17,
      3,
      195,
      224,
      160,
      124,
      56,
      126,
      175,
      227,
      146,
      211,
      76,
      195,
      87,
      51,
      233,
      207,
      19,
      70,
      16,
      52,
      5,
      125,
      188,
      226,
      133,
      137
    ],
    "24": [
      199,
      55,
      64,
      85,
      34,
      67,
      159,
      140,
      89,
      238,
      137,
      56,
      59,
      137,
      206,
      39,
      249,
      53,
      64,
      14,
      250,
      123,
      116,
      196,
      148,
      71,
      222,
      10,
      107,
      153,
      99,
      64
    ],
    "26": [
      13,
      174,
      153,
      225,
      175,
      219,
      145,
      229,
      127,
      21,
      160,
      151,
      71,
      202,
      66,
      166,
      40,
      205,
      241,
      76,
      110,
      1,
      194,
      250,
      57,
      132,
      131,
      172,
      28,
      128,
      177,
      199
    ],
    "5": [
      182,
      5,
      229,
      21,
      21,
      96,
      14,
      185,
      237,
      79,
      182,
      95,
      174,
      75,
      81,
      255,
      172,
      147,
      158,
      11,
      147,
      120,
      91,
      169,
      154,
      153,
      165,
      194,
      189,
      34,
      248,
      0
    ],
    "36": [
      13,
      65,
      236,
      76,
      86,
      178,
      232,
      83,
      136,
      87,
      122,
      114,
      43,
      10,
      96,
      213,
      202,
      99,
      136,
      10,
      167,
      39,
      225,
      122,
      167,
      174,
      205,
      125,
      171,
      152,
      67,
      8
    ],
    "7": [
      184,
      19,
      167,
      53,
      20,
      21,
      126,
      208,
      250,
      168,
      31,
      21,
      244,
      249,
      109,
      58,
      39,
      99,
      155,
      48,
      11,
      153,
      96,
      130,
      167,
      192,
      139,
      170,
      3,
      236,
      145,
      193
    ],
    "38": [
      68,
      200,
      67,
      249,
      106,
      164,
      237,
      55,
      6,
      108,
      147,
      155,
      69,
      179,
      235,
      158,
      34,
      217,
      152,
      167,
      54,
      2,
      174,
      198,
      22,
      240,
      252,
      215,
      254,
      128,
      11,
      217
    ],
    "1": [
      86,
      158,
      235,
      235,
      27,
      154,
      119,
      109,
      52,
      121,
      174,
      13,
      38,
      180,
      141,
      155,
      167,
      220,
      228,
      223,
      116,
      245,
      22,
      10,
      166,
      131,
      142,
      218,
      255,
      165,
      115,
      162
    ],
    "32": [
      253,
      57,
      101,
      188,
      240,
      10,
      82,
      147,
      129,
      254,
      175,
      153,
      0,
      213,
      58,
      150,
      90,
      233,
      129,
      55,
      18,
      10,
      14,
      67,
      237,
      16,
      176,
      50,
      244,
      41,
      124,
      107
    ],
    "3": [
      120,
      252,
      7,
      8,
      39,
      114,
      69,
      237,
      50,
      24,
      195,
      227,
      177,
      32,
      103,
      50,
      205,
      60,
      46,
      131,
      204,
      220,
      164,
      137,
      220,
      112,
      204,
      97,
      212,
      95,
      51,
      245
    ],
    "34": [
      212,
      232,
      19,
      197,
      254,
      74,
      205,
      14,
      103,
      76,
      205,
      172,
      228,
      101,
      54,
      50,
      238,
      95,
      80,
      170,
      122,
      125,
      218,
      176,
      23,
      240,
      103,
      243,
      127,
      166,
      45,
      25
    ],
    "13": [
      23,
      220,
      251,
      68,
      227,
      42,
      119,
      36,
      152,
      171,
      97,
      221,
      26,
      163,
      181,
      14,
      238,
      184,
      107,
      230,
      255,
      49,
      141,
      3,
      142,
      212,
      64,
      183,
      145,
      196,
      147,
      57
    ],
    "15": [
      152,
      248,
      113,
      163,
      77,
      31,
      172,
      39,
      195,
      215,
      243,
      121,
      84,
      127,
      180,
      158,
      219,
      117,
      52,
      17,
      134,
      17,
      72,
      39,
      178,
      94,
      224,
      105,
      247,
      203,
      186,
      182
    ],
    "9": [
      228,
      94,
      74,
      38,
      7,
      88,
      215,
      137,
      144,
      85,
      5,
      200,
      133,
      105,
      113,
      91,
      177,
      147,
      15,
      134,
      163,
      58,
      192,
      146,
      171,
      82,
      163,
      86,
      62,
      139,
      74,
      146
    ],
    "11": [
      21,
      130,
      82,
      2,
      232,
      160,
      43,
      153,
      172,
      229,
      57,
      123,
      203,
      121,
      70,
      183,
      175,
      201,
      152,
      205,
      38,
      92,
      49,
      94,
      11,
      107,
      251,
      37,
      181,
      75,
      25,
      198
    ],
    "21": [
      154,
      110,
      71,
      219,
      140,
      91,
      86,
      58,
      78,
      74,
      82,
      6,
      194,
      81,
      206,
      163,
      175,
      247,
      95,
      194,
      67,
      229,
      94,
      194,
      138,
      78,
      151,
      66,
      202,
      189,
      117,
      124
    ],
    "23": [
      155,
      76,
      152,
      234,
      134,
      187,
      77,
      246,
      48,
      48,
      82,
      39,
      231,
      193,
      178,
      31,
      3,
      210,
      134,
      126,
      235,
      159,
      135,
      187,
      90,
      83,
      54,
      100,
      224,
      81,
      160,
      245
    ],
    "17": [
      130,
      28,
      163,
      38,
      0,
      177,
      56,
      148,
      38,
      162,
      1,
      55,
      18,
      81,
      255,
      232,
      29,
      7,
      85,
      110,
      153,
      113,
      153,
      26,
      36,
      38,
      130,
      220,
      69,
      221,
      232,
      209
    ],
    "19": [
      130,
      118,
      65,
      241,
      248,
      234,
      25,
      174,
      131,
      39,
      235,
      22,
      10,
      201,
      191,
      175,
      237,
      91,
      228,
      104,
      14,
      154,
      87,
      34,
      5,
      196,
      90,
      81,
      86,
      36,
      169,
      220
    ],
    "29": [
      11,
      14,
      77,
      230,
      36,
      55,
      232,
      132,
      24,
      119,
      55,
      240,
      46,
      10,
      55,
      81,
      6,
      76,
      116,
      123,
      74,
      50,
      143,
      46,
      234,
      205,
      191,
      174,
      122,
      163,
      160,
      157
    ],
    "31": [
      193,
      47,
      178,
      73,
      184,
      191,
      79,
      232,
      29,
      165,
      160,
      253,
      87,
      18,
      211,
      14,
      190,
      191,
      109,
      183,
      103,
      73,
      212,
      114,
      248,
      37,
      242,
      153,
      18,
      61,
      29,
      159
    ],
    "25": [
      201,
      191,
      199,
      243,
      150,
      151,
      11,
      22,
      35,
      159,
      191,
      215,
      195,
      221,
      103,
      216,
      201,
      186,
      104,
      164,
      77,
      159,
      11,
      101,
      61,
      199,
      158,
      120,
      54,
      23,
      227,
      238
    ],
    "27": [
      93,
      252,
      235,
      138,
      18,
      5,
      182,
      100,
      140,
      143,
      179,
      201,
      112,
      228,
      235,
      66,
      65,
      216,
      76,
      101,
      236,
      61,
      49,
      143,
      29,
      247,
      117,
      70,
      128,
      32,
      33,
      149
    ]
  },
  "my_cert": [],
  "my_cert_key": [],
  "root_cert": []
}