{
  "net_map": {
    "37": "127.0.0.1:8537",
    "4": "127.0.0.1:8504",
    "39": "127.0.0.1:8539",
    "6": "127.0.0.1:8506",
    "33": "127.0.0.1:8533",
    "0": "127.0.0.1:8500",
    "35": "127.0.0.1:8535",
    "2": "127.0.0.1:8502",
    "12": "127.0.0.1:8512",
    "14": "127.0.0.1:8514",
    "8": "127.0.0.1:8508",
    "10": "127.0.0.1:8510",
    "20": "127.0.0.1:8520",
    "22": "127.0.0.1:8522",
    "16": "127.0.0.1:8516",
    "18": "127.0.0.1:8518",
    "28": "127.0.0.1:8528",
    "30": "127.0.0.1:8530",
    "24": "127.0.0.1:8524",
    "26": "127.0.0.1:8526",
    "5": "127.0.0.1:8505",
    "36": "127.0.0.1:8536",
    "7": "127.0.0.1:8507",
    "38": "127.0.0.1:8538",
    "1": "127.0.0.1:8501",
    "32": "127.0.0.1:8532",
    "3": "127.0.0.1:8503",
    "34": "127.0.0.1:8534",
    "13": "127.0.0.1:8513",
    "15": "127.0.0.1:8515",
    "9": "127.0.0.1:8509",
    "40": "127.0.0.1:9000",
    "11": "127.0.0.1:8511",
    "21": "127.0.0.1:8521",
    "23": "127.0.0.1:8523",
    "17": "127.0.0.1:8517",
    "19": "127.0.0.1:8519",
    "29": "127.0.0.1:8529",
    "31": "127.0.0.1:8531",
    "25": "127.0.0.1:8525",
    "27": "127.0.0.1:8527"
  },
  "delta": 100,
  "id": 21,
  "num_nodes": 40,
  "num_faults": 13,
  "block_size": 100,
  "client_port": 7021,
  "client_addr": "0.0.0.0:5000",
  "payload": 0,
  "prot_payload": "cc,/home/akhil/research/EEBA/libchatter/",
  "crypto_alg": "NOPKI",
  "pk_map": {},
  "secret_key_bytes": [],
  "sk_map": {
    "37": [
      139,
      15,
      11,
      92,
      161,
      201,
      27,
      223,
      190,
      154,
      151,
      200,
      71,
      235,
      165,
      11,
      19,
      63,
      186,
      143,
      87,
      9,
      147,
      252,
      1,
      175,
      248,
      21,
      53,
      28,
      87,
      181
    ],
    "4": [
      209,
      246,
      22,
      35,
      212,
      202,
      77,
      218,
      143,
      122,
      32,
      195,
      1,
      165,
      185,
      17,
      179,
      15,
      248,
      121,
      197,
      190,
      3,
      240,
      75,
      171,
      62,
      124,
      207,
      193,
      160,
      46
    ],
    "39": [
      44,
      241,
      141,
      208,
      115,
      118,
      195,
      61,
      20,
      176,
      124,
      81,
      11,
      64,
      16,
      13,
      35,
      190,
      211,
      202,
      54,
      87,
      23,
      8,
      203,
      107,
      119,
      235,
      201,
      104,
      33,
      63
    ],
    "6": [
      228,
      171,
      225,
      68,
      13,
      182,
      166,
      70,
      21,
      241,
      178,
      253,
      147,
      16,
      205,
      66,
      85,
      16,
      17,
      232,
      230,
      164,
      138,
      84,
      23,
      244,
      30,
      213,
      182,
      237,
      49,
      190
    ],
    "33": [
      83,
      205,
      152,
      132,
      240,
      10,
      160,
      145,
      229,
      159,
      225,
      178,
      101,
      221,
      71,
      97,
      200,
      243,
      131,
      27,
      205,
      35,
      46,
      29,
      146,
      135,
      212,
      74,
      57,
      16,
      161,
      248
    ],
    "0": [
      93,
      193,
      105,
      226,
      149,
      131,
      217,
      60,
      52,
      118,
      184,
      38,
      14,
      191,
      193,
      7,
      139,
      48,
      255,
      77,
      170,
      88,
      115,
      185,
      88,
      89,
      171,
      109,
      40,
      59,
      139,
      40
    ],
    "35": [
      163,
      130,
      39,
      69,
      56,
      205,
      219,
      192,
      50,
      15,
      107,
      98,
      12,
      64,
      62,
      24,
      77,
      144,
      167,
      41,
      37,
      202,
      230,
      10,
      39,
      43,
      234,
      25,
      191,
      248,
      150,
      13
    ],
    "2": [
      213,
      52,
      205,
      158,
      186,
      161,
      188,
      200,
      212,
      90,
      11,
      45,
      23,
      115,
      112,
      4,
      215,
      74,
      35,
      175,
      144,
      215,
      149,
      137,
      237,
      42,
      121,
      224,
      62,
      84,
      120,
      213
    ],
    "12": [
      175,
      102,
      154,
      193,
      143,
      74,
      4,
      140,
      48,
      156,
      213,
      119,
      202,
      251,
      248,
      107,
      253,
      13,
      95,
      7,
      21,
      62,
      110,
      193,
      215,
      214,
      190,
      27,
      250,
      157,
      201,
      207
    ],
    "14": [
      136,
      159,
      41,
      99,
      64,
      12,
      104,
      69,
      179,
      145,
      182,
      160,
      212,
      74,
      26,
      100,
      224,
      132,
      248,
      147,
      253,
      146,
      27,
      16,
      17,
      150,
      149,
      131,
      120,
      198,
      220,
      127
    ],
    "8": [
      226,
      197,
      103,
      138,
      236,
      140,
      169,
      63,
      205,
      223,
      243,
      29,
      173,
      177,
      159,
      213,
      246,
      184,
      241,
      39,
      75,
      182,
      80,
      50,
      14,
      172,
      14,
      160,
      186,
      107,
      165,
      174
    ],
    "10": [
      37,
      181,
      144,
      236,
      139,
      221,
      119,
      171,
      155,
      15,
      54,
      30,
      248,
      156,
      39,
      59,
      131,
      139,
      19,
      185,
      15,
      132,
      221,
      39,
      115,
      155,
      212,
      131,
      194,
      51,
      236,
      75
    ],
    "20": [
      27,
      252,
      231,
      155,
      221,
      14,
      118,
      232,
      7,
      108,
      161,
      173,
      44,
      123,
      235,
      183,
      196,
      215,
      65,
      4,
      223,
      107,
      34,
      221,
      131,
      38,
      103,
      226,
      224,
      184,
      121,
      53
    ],
    "22": [
      144,
      206,
      244,
      102,
      150,
      233,
      97,
      88,
      85,
      80,
      203,
      181,
      102,
      104,
      243,
      239,
      55,
      17,
      208,
      76,
      237,
      18,
      248,
      166,
      217,
      151,
      49,
      171,
      17,
      115,
      233,
      22
    ],
    "16": [
      123,
      233,
      12,
      222,
      204,
      101,
      113,
      230,
      245,
      27,
      110,
      199,
      232,
      205,
      169,
      204,
      153,
      31,
      126,
      62,
      126,
      248,
      156,
      137,
      79,
      165,
      184,
      222,
      129,
      195,
      171,
      45
    ],
    "18": [
      101,
      245,
      133,
      226,
      30,
      189,
      28,
      220,
      123,
      110,
      80,
      163,
      92,
      59,
      75,
      19,
      45,
      180,
      162,
      36,
      219,
      209,
      32,
      33,
      42,
      56,
      156,
      165,
      82,
      125,
      141,
      157
    ],
    "28": [
      79,
      235,
      12,
      154,
      178,
      24,
      43,
      131,
      222,
      96,
      253,
      28,
      9,
      196,
      235,
      194,
      111,
      56,
      48,
      19,
      0,
      228,
      249,
      194,
      53,
      76,
      59,
      206,
      50,
      59,
      135,
      81
    ],
    "30": [
      178,
      44,
      6,
      253,
      100,
      128,
      251,
      251,
      181,
      242,
      8,
      239,
      235,
      209,
      230,
      227,
      87,
      202,
      147,
      229,
      188,
      219,
      99,
      237,
      244,
      212,
      156,
      240,
      138,
      16,
      60,
      14
    ],
    "24": [
      163,
      224,
      85,
      138,
      233,
      183,
      49,
      219,
      121,
      198,
      103,
      198,
      134,
      36,
      205,
      97,
      28,
      219,
      170,
      71,
      123,
      21,
      117,
      206,
      15,
      190,
      89,
      140,
      112,
      119,
      48,
      169
    ],
    "26": [
      238,
      97,
      169,
      119,
      237,
      235,
      213,
      146,
      80,
      251,
      220,
      85,
      45,
      90,
      204,
      183,
      12,
      86,
      115,
      84,
      37,
      35,
      149,
      187,
      221,
      40,
      167,
      74,
      32,
      236,
      175,
      254
    ],
    "5": [
      19,
      4,
      77,
      168,
      207,
      227,
      21,
      92,
      24,
      111,
      145,
      141,
      67,
      158,
      248,
      18,
      126,
      119,
      205,
      42,
      185,
      90,
      98,
      90,
      99,
      60,
      236,
      193,
      112,
      53,
      124,
      156
    ],
    "36": [
      123,
      51,
      214,
      81,
      37,
      34,
      14,
      81,
      155,
      57,
      25,
      35,
      26,
      244,
      93,
      157,
      162,
      188,
      166,
      210,
      79,
      191,
      209,
      191,
      250,
      120,
      107,
      210,
      150,
      140,
      177,
      162
    ],
    "7": [
      208,
      97,
      63,
      182,
      247,
      193,
      137,
      7,
      133,
      1,
      1,
      251,
      249,
      255,
      181,
      31,
      174,
      79,
      4,
      196,
      162,
      137,
      40,
      99,
      123,
      89,
      60,
      22,
      237,
      77,
      159,
      207
    ],
    "38": [
      50,
      93,
      53,
      42,
      121,
      102,
      6,
      71,
      43,
      68,
      150,
      213,
      11,
      241,
      207,
      89,
      195,
      82,
      245,
      244,
      26,
      50,
      231,
      130,
      61,
      117,
      215,
      27,
      245,
      146,
      117,
      203
    ],
    "1": [
      188,
      177,
      224,
      130,
      185,
      251,
      198,
      163,
      241,
      193,
      141,
      201,
      92,
      84,
      183,
      48,
      251,
      160,
      65,
      112,
      65,
      67,
      95,
      96,
      130,
      212,
      215,
      245,
      166,
      63,
      118,
      231
    ],
    "32": [
      55,
      226,
      70,
      226,
      7,
      121,
      202,
      24,
      90,
      94,
      29,
      149,
      19,
      171,
      205,
      103,
      73,
      136,
      76,
      193,
      147,
      46,
      147,
      25,
      243,
      183,
      52,
      187,
      98,
      60,
      213,
      170
    ],
    "3": [
      173,
      9,
      175,
      72,
      52,
      61,
      177,
      9,
      150,
      248,
      65,
      74,
      58,
      83,
      63,
      91,
      123,
      100,
      210,
      48,
      122,
      182,
      140,
      2,
      164,
      213,
      151,
      230,
      12,
      175,
      183,
      59
    ],
    "34": [
      49,
      70,
      233,
      17,
      222,
      98,
      242,
      202,
      67,
      177,
      26,
      70,
      108,
      153,
      119,
      138,
      177,
      212,
      242,
      251,
      40,
      65,
      142,
      166,
      157,
      144,
      16,
      156,
      74,
      123,
      223,
      15
    ],
    "13": [
      85,
      75,
      64,
      83,
      58,
      187,
      205,
      140,
      126,
      199,
      85,
      115,
      59,
      98,
      161,
      248,
      171,
      37,
      234,
      110,
      18,
      217,
      109,
      250,
      179,
      52,
      10,
      78,
      107,
      180,
      31,
      26
    ],
    "15": [
      31,
      96,
      106,
      243,
      235,
      173,
      43,
      239,
      1,
      188,
      255,
      32,
      204,
      143,
      80,
      48,
      60,
      47,
      40,
      218,
      37,
      170,
      240,
      209,
      84,
      58,
      81,
      237,
      88,
      37,
      191,
      155
    ],
    "9": [
      103,
      238,
      240,
      121,
      255,
      43,
      125,
      192,
      248,
      7,
      63,
      204,
      47,
      129,
      103,
      233,
      136,
      110,
      243,
      139,
      173,
      143,
      94,
      144,
      10,
      196,
      83,
      182,
      231,
      237,
      138,
      74
    ],
    "11": [
      39,
      105,
      126,
      235,
      30,
      84,
      155,
      40,
      31,
      157,
      177,
      140,
      190,
      83,
      35,
      11,
      61,
      214,
      91,
      254,
      75,
      197,
      172,
      195,
      29,
      192,
      28,
      68,
      235,
      91,
      127,
      150
    ],
    "21": [
      107,
      79,
      169,
      124,
      32,
      100,
      51,
      43,
      167,
      135,
      204,
      33,
      121,
      196,
      144,
      242,
      140,
      20,
      24,
      199,
      164,
      5,
      107,
      201,
      181,
      124,
      194,
      143,
      224,
      82,
      119,
      77
    ],
    "23": [
      44,
      147,
      132,
      238,
      23,
      27,
      174,
      36,
      32,
      160,
      38,
      233,
      59,
      106,
      39,
      120,
      190,
      159,
      216,
      149,
      48,
      7,
      249,
      247,
      199,
      28,
      7,
      19,
      180,
      30,
      172,
      118
    ],
    "17": [
      192,
      65,
      11,
      126,
      50,
      26,
      226,
      54,
      83,
      223,
      55,
      12,
      28,
      87,
      17,
      174,
      68,
      84,
      215,
      92,
      203,
      25,
      56,
      236,
      24,
      211,
      105,
      98,
      172,
      13,
      244,
      253
    ],
    "19": [
      154,
      110,
      71,
      219,
      140,
      91,
      86,
      58,
      78,
      74,
      82,
      6,
      194,
      81,
      206,
      163,
      175,
      247,
      95,
      194,
      67,
      229,
      94,
      194,
      138,
      78,
      151,
      66,
      202,
      189,
      117,
      124
    ],
    "29": [
      158,
      231,
      147,
      241,
      220,
      152,
      251,
      205,
      71,
      163,
      221,
      14,
      250,
      86,
      24,
      171,
      196,
      44,
      82,
      185,
      51,
      140,
      194,
      226,
      43,
      244,
      36,
      197,
      145,
      97,
      173,
      182
    ],
    "31": [
      167,
      178,
      113,
      164,
      115,
      210,
      174,
      52,
      38,
      1,
      26,
      6,
      78,
      158,
      175,
      17,
      179,
      177,
      238,
      122,
      77,
      239,
      166,
      80,
      218,
      227,
      31,
      233,
      138,
      59,
      9,
      254
    ],
    "25": [
      145,
      99,
      86,
      99,
      227,
      21,
      38,
      127,
      51,
      92,
      138,
      165,
      214,
      185,
      246,
      227,
      163,
      204,
      50,
      141,
      94,
      207,
      72,
      234,
      21,
      153,
      95,
      192,
      133,
      179,
      12,
      182
    ],
    "27": [
      190,
      144,
      190,
      232,
      243,
      42,
      173,
      130,
      37,
      169,
      107,
      173,
      86,
      255,
      134,
      64,
      47,
      165,
      237,
      124,
      216,
      197,
      113,
      109,
      169,
      209,
      215,
      209,
      117,
      43,
      214,
      128
    ]
  },
  "my_cert": [],
  "my_cert_key": [],
  "root_cert": []
}