{
  "net_map": {
    "37": "127.0.0.1:8537",
    "4": "127.0.0.1:8504",
    "39": "127.0.0.1:8539",
    "6": "127.0.0.1:8506",
    "33": "127.0.0.1:8533",
    "0": "127.0.0.1:8500",
    "35": "127.0.0.1:8535",
    "2": "127.0.0.1:8502",
    "12": "127.0.0.1:8512",
    "14": "127.0.0.1:8514",
    "8": "127.0.0.1:8508",
    "10": "127.0.0.1:8510",
    "20": "127.0.0.1:8520",
    "22": "127.0.0.1:8522",
    "16": "127.0.0.1:8516",
    "18": "127.0.0.1:8518",
    "28": "127.0.0.1:8528",
    "30": "127.0.0.1:8530",
    "24": "127.0.0.1:8524",
    "26": "127.0.0.1:8526",
    "5": "127.0.0.1:8505",
    "36": "127.0.0.1:8536",
    "7": "127.0.0.1:8507",
    "38": "127.0.0.1:8538",
    "1": "127.0.0.1:8501",
    "32": "127.0.0.1:8532",
    "3": "127.0.0.1:8503",
    "34": "127.0.0.1:8534",
    "13": "127.0.0.1:8513",
    "15": "127.0.0.1:8515",
    "9": "127.0.0.1:8509",
    "40": "127.0.0.1:9000",
    "11": "127.0.0.1:8511",
    "21": "127.0.0.1:8521",
    "23": "127.0.0.1:8523",
    "17": "127.0.0.1:8517",
    "19": "127.0.0.1:8519",
    "29": "127.0.0.1:8529",
    "31": "127.0.0.1:8531",
    "25": "127.0.0.1:8525",
    "27": "127.0.0.1:8527"
  },
  "delta": 100,
  "id": 32,
  "num_nodes": 40,
  "num_faults": 13,
  "block_size": 100,
  "client_port": 7032,
  "client_addr": "0.0.0.0:5000",
  "payload": 0,
  "prot_payload": "cc,/home/akhil/research/EEBA/libchatter/",
  "crypto_alg": "NOPKI",
  "pk_map": {},
  "secret_key_bytes": [],
  "sk_map": {
    "37": [
      238,
      91,
      158,
      81,
      84,
      94,
      181,
      114,
      188,
      62,
      174,
      198,
      194,
      212,
      197,
      75,
      164,
      185,
      217,
      117,
      25,
      19,
      195,
      19,
      65,
      175,
      39,
      207,
      110,
      39,
      31,
      226
    ],
    "4": [
      199,
      60,
      65,
      122,
      177,
      60,
      59,
      120,
      20,
      174,
      151,
      168,
      176,
      57,
      229,
      231,
      152,
      134,
      223,
      156,
      158,
      69,
      162,
      174,
      73,
      248,
      37,
      170,
      29,
      246,
      181,
      103
    ],
    "39": [
      61,
      144,
      206,
      117,
      228,
      120,
      99,
      72,
      220,
      109,
      54,
      25,
      108,
      206,
      5,
      7,
      161,
      32,
      77,
      220,
      208,
      120,
      140,
      127,
      161,
      132,
      236,
      198,
      90,
      68,
      163,
      69
    ],
    "6": [
      152,
      161,
      116,
      146,
      67,
      118,
      34,
      162,
      103,
      10,
      196,
      13,
      42,
      84,
      108,
      65,
      241,
      97,
      196,
      93,
      17,
      83,
      84,
      71,
      23,
      102,
      28,
      9,
      132,
      120,
      230,
      158
    ],
    "33": [
      220,
      24,
      82,
      3,
      70,
      2,
      89,
      202,
      211,
      142,
      11,
      178,
      54,
      133,
      213,
      11,
      124,
      92,
      126,
      93,
      171,
      240,
      95,
      236,
      176,
      90,
      137,
      207,
      38,
      89,
      28,
      153
    ],
    "0": [
      224,
      255,
      173,
      238,
      72,
      42,
      55,
      16,
      139,
      17,
      98,
      238,
      159,
      80,
      96,
      144,
      238,
      116,
      230,
      134,
      80,
      164,
      24,
      243,
      68,
      143,
      19,
      104,
      6,
      215,
      156,
      10
    ],
    "35": [
      62,
      28,
      89,
      69,
      92,
      58,
      247,
      35,
      83,
      172,
      227,
      251,
      75,
      101,
      11,
      57,
      67,
      136,
      50,
      63,
      247,
      217,
      63,
      137,
      109,
      211,
      32,
      85,
      72,
      60,
      175,
      204
    ],
    "2": [
      145,
      21,
      223,
      10,
      231,
      251,
      47,
      197,
      148,
      111,
      247,
      200,
      227,
      33,
      175,
      26,
      21,
      175,
      114,
      25,
      201,
      195,
      170,
      94,
      37,
      118,
      119,
      237,
      127,
      4,
      85,
      111
    ],
    "12": [
      99,
      229,
      230,
      174,
      134,
      131,
      119,
      124,
      35,
      77,
      203,
      39,
      95,
      112,
      4,
      189,
      96,
      47,
      247,
      252,
      246,
      61,
      147,
      80,
      233,
      43,
      234,
      197,
      76,
      38,
      109,
      86
    ],
    "14": [
      76,
      14,
      252,
      7,
      250,
      189,
      74,
      77,
      205,
      59,
      194,
      212,
      235,
      214,
      101,
      81,
      146,
      213,
      84,
      169,
      246,
      184,
      63,
      236,
      129,
      115,
      53,
      22,
      119,
      209,
      116,
      13
    ],
    "8": [
      171,
      212,
      13,
      106,
      122,
      138,
      59,
      242,
      230,
      247,
      245,
      217,
      82,
      28,
      146,
      123,
      173,
      178,
      52,
      60,
      68,
      186,
      3,
      251,
      213,
      9,
      193,
      62,
      213,
      211,
      53,
      53
    ],
    "10": [
      18,
      184,
      117,
      234,
      12,
      9,
      169,
      164,
      187,
      31,
      74,
      107,
      189,
      244,
      118,
      196,
      84,
      188,
      110,
      21,
      221,
      158,
      79,
      139,
      142,
      89,
      21,
      78,
      135,
      103,
      26,
      141
    ],
    "20": [
      4,
      126,
      188,
      154,
      194,
      126,
      190,
      115,
      118,
      24,
      39,
      202,
      52,
      153,
      106,
      170,
      7,
      205,
      242,
      67,
      162,
      35,
      184,
      15,
      60,
      229,
      50,
      72,
      88,
      140,
      192,
      233
    ],
    "22": [
      214,
      181,
      27,
      254,
      64,
      172,
      0,
      241,
      123,
      34,
      19,
      127,
      8,
      136,
      231,
      55,
      94,
      133,
      195,
      124,
      74,
      157,
      1,
      25,
      142,
      144,
      202,
      246,
      12,
      123,
      10,
      31
    ],
    "16": [
      108,
      79,
      88,
      57,
      16,
      129,
      10,
      207,
      82,
      174,
      111,
      203,
      110,
      4,
      42,
      15,
      34,
      128,
      82,
      171,
      29,
      138,
      218,
      120,
      203,
      3,
      231,
      211,
      254,
      189,
      78,
      56
    ],
    "18": [
      144,
      187,
      51,
      234,
      113,
      122,
      71,
      155,
      140,
      142,
      111,
      232,
      137,
      1,
      116,
      182,
      198,
      195,
      146,
      108,
      99,
      28,
      156,
      213,
      244,
      112,
      56,
      63,
      145,
      14,
      118,
      198
    ],
    "28": [
      91,
      253,
      219,
      195,
      188,
      240,
      42,
      22,
      225,
      19,
      24,
      78,
      157,
      42,
      74,
      134,
      63,
      251,
      142,
      78,
      129,
      195,
      86,
      92,
      47,
      1,
      230,
      244,
      244,
      77,
      229,
      8
    ],
    "30": [
      245,
      31,
      165,
      136,
      19,
      112,
      122,
      51,
      21,
      114,
      247,
      117,
      6,
      245,
      224,
      183,
      185,
      237,
      101,
      185,
      184,
      241,
      199,
      38,
      127,
      74,
      35,
      138,
      62,
      53,
      47,
      130
    ],
    "24": [
      239,
      212,
      169,
      255,
      49,
      206,
      11,
      64,
      254,
      218,
      20,
      19,
      76,
      64,
      244,
      151,
      75,
      183,
      226,
      181,
      208,
      2,
      76,
      194,
      153,
      58,
      32,
      68,
      79,
      77,
      186,
      193
    ],
    "26": [
      230,
      159,
      107,
      104,
      130,
      99,
      235,
      115,
      96,
      40,
      154,
      215,
      95,
      75,
      205,
      251,
      63,
      70,
      32,
      80,
      71,
      88,
      231,
      108,
      228,
      87,
      229,
      49,
      77,
      4,
      252,
      238
    ],
    "5": [
      90,
      232,
      133,
      206,
      32,
      57,
      100,
      93,
      45,
      11,
      131,
      143,
      110,
      120,
      245,
      136,
      13,
      223,
      6,
      145,
      195,
      145,
      17,
      89,
      222,
      76,
      218,
      248,
      219,
      38,
      209,
      200
    ],
    "36": [
      40,
      242,
      59,
      115,
      236,
      25,
      49,
      76,
      212,
      29,
      155,
      255,
      202,
      149,
      106,
      231,
      178,
      18,
      124,
      96,
      68,
      192,
      44,
      215,
      152,
      81,
      139,
      250,
      121,
      138,
      68,
      183
    ],
    "7": [
      211,
      71,
      12,
      150,
      198,
      136,
      19,
      74,
      49,
      71,
      143,
      5,
      151,
      96,
      136,
      208,
      215,
      139,
      124,
      226,
      112,
      42,
      71,
      235,
      175,
      28,
      203,
      116,
      98,
      88,
      130,
      114
    ],
    "38": [
      79,
      105,
      150,
      48,
      22,
      241,
      224,
      34,
      210,
      237,
      219,
      159,
      39,
      79,
      224,
      191,
      80,
      217,
      162,
      182,
      202,
      66,
      134,
      10,
      18,
      148,
      181,
      112,
      96,
      16,
      123,
      30
    ],
    "1": [
      147,
      62,
      234,
      150,
      45,
      141,
      105,
      187,
      249,
      213,
      132,
      46,
      60,
      141,
      214,
      79,
      133,
      236,
      168,
      189,
      197,
      203,
      164,
      60,
      174,
      77,
      50,
      211,
      203,
      105,
      189,
      251
    ],
    "32": [
      63,
      184,
      230,
      194,
      149,
      254,
      169,
      142,
      70,
      115,
      30,
      125,
      67,
      86,
      125,
      213,
      235,
      56,
      41,
      66,
      181,
      209,
      233,
      175,
      56,
      118,
      64,
      74,
      237,
      131,
      199,
      47
    ],
    "3": [
      61,
      204,
      132,
      195,
      165,
      30,
      160,
      105,
      251,
      202,
      69,
      136,
      204,
      64,
      16,
      44,
      7,
      162,
      237,
      0,
      151,
      46,
      185,
      215,
      202,
      191,
      185,
      123,
      142,
      114,
      96,
      250
    ],
    "34": [
      239,
      15,
      212,
      173,
      27,
      208,
      130,
      181,
      171,
      133,
      134,
      253,
      93,
      81,
      21,
      77,
      215,
      71,
      25,
      210,
      164,
      165,
      11,
      187,
      65,
      191,
      254,
      4,
      54,
      100,
      49,
      252
    ],
    "13": [
      229,
      197,
      120,
      152,
      220,
      150,
      157,
      72,
      91,
      47,
      22,
      101,
      200,
      2,
      135,
      37,
      113,
      10,
      245,
      99,
      129,
      172,
      204,
      231,
      86,
      216,
      194,
      175,
      86,
      189,
      222,
      128
    ],
    "15": [
      187,
      22,
      153,
      29,
      145,
      38,
      236,
      250,
      130,
      97,
      142,
      215,
      57,
      183,
      181,
      182,
      148,
      76,
      34,
      194,
      216,
      103,
      37,
      15,
      4,
      55,
      185,
      192,
      211,
      177,
      250,
      55
    ],
    "9": [
      53,
      217,
      64,
      132,
      223,
      198,
      231,
      22,
      80,
      131,
      30,
      57,
      62,
      75,
      142,
      28,
      114,
      5,
      99,
      225,
      64,
      195,
      183,
      81,
      189,
      17,
      149,
      94,
      181,
      90,
      73,
      99
    ],
    "11": [
      223,
      44,
      23,
      5,
      193,
      160,
      7,
      227,
      91,
      133,
      181,
      36,
      174,
      24,
      176,
      231,
      59,
      90,
      236,
      96,
      235,
      109,
      241,
      128,
      48,
      41,
      74,
      52,
      203,
      86,
      163,
      216
    ],
    "21": [
      55,
      226,
      70,
      226,
      7,
      121,
      202,
      24,
      90,
      94,
      29,
      149,
      19,
      171,
      205,
      103,
      73,
      136,
      76,
      193,
      147,
      46,
      147,
      25,
      243,
      183,
      52,
      187,
      98,
      60,
      213,
      170
    ],
    "23": [
      0,
      52,
      40,
      64,
      80,
      163,
      63,
      54,
      254,
      193,
      47,
      171,
      4,
      75,
      57,
      46,
      235,
      108,
      220,
      79,
      32,
      223,
      195,
      205,
      252,
      140,
      240,
      152,
      200,
      53,
      175,
      158
    ],
    "17": [
      46,
      30,
      99,
      0,
      4,
      145,
      99,
      76,
      192,
      11,
      17,
      198,
      202,
      196,
      214,
      247,
      40,
      62,
      161,
      200,
      4,
      255,
      121,
      98,
      142,
      117,
      140,
      37,
      27,
      68,
      5,
      77
    ],
    "19": [
      253,
      57,
      101,
      188,
      240,
      10,
      82,
      147,
      129,
      254,
      175,
      153,
      0,
      213,
      58,
      150,
      90,
      233,
      129,
      55,
      18,
      10,
      14,
      67,
      237,
      16,
      176,
      50,
      244,
      41,
      124,
      107
    ],
    "29": [
      221,
      88,
      244,
      76,
      152,
      244,
      205,
      76,
      73,
      69,
      48,
      201,
      167,
      235,
      159,
      88,
      248,
      25,
      90,
      181,
      152,
      142,
      168,
      52,
      125,
      211,
      154,
      127,
      12,
      133,
      235,
      70
    ],
    "31": [
      218,
      230,
      146,
      240,
      177,
      104,
      4,
      209,
      25,
      85,
      81,
      127,
      121,
      52,
      2,
      35,
      47,
      181,
      132,
      223,
      215,
      241,
      37,
      223,
      131,
      200,
      52,
      237,
      75,
      235,
      64,
      10
    ],
    "25": [
      107,
      78,
      98,
      19,
      7,
      50,
      160,
      67,
      49,
      220,
      162,
      94,
      240,
      96,
      245,
      41,
      160,
      120,
      195,
      92,
      157,
      204,
      115,
      16,
      115,
      9,
      83,
      150,
      105,
      222,
      92,
      72
    ],
    "27": [
      11,
      134,
      43,
      93,
      208,
      213,
      194,
      214,
      41,
      3,
      90,
      218,
      145,
      72,
      174,
      84,
      26,
      101,
      177,
      175,
      212,
      189,
      84,
      174,
      101,
      127,
      225,
      162,
      237,
      29,
      171,
      182
    ]
  },
  "my_cert": [],
  "my_cert_key": [],
  "root_cert": []
}