{
  "net_map": {
    "37": "127.0.0.1:8537",
    "4": "127.0.0.1:8504",
    "39": "127.0.0.1:8539",
    "6": "127.0.0.1:8506",
    "33": "127.0.0.1:8533",
    "0": "127.0.0.1:8500",
    "35": "127.0.0.1:8535",
    "2": "127.0.0.1:8502",
    "12": "127.0.0.1:8512",
    "14": "127.0.0.1:8514",
    "8": "127.0.0.1:8508",
    "10": "127.0.0.1:8510",
    "20": "127.0.0.1:8520",
    "22": "127.0.0.1:8522",
    "16": "127.0.0.1:8516",
    "18": "127.0.0.1:8518",
    "28": "127.0.0.1:8528",
    "30": "127.0.0.1:8530",
    "24": "127.0.0.1:8524",
    "26": "127.0.0.1:8526",
    "5": "127.0.0.1:8505",
    "36": "127.0.0.1:8536",
    "7": "127.0.0.1:8507",
    "38": "127.0.0.1:8538",
    "1": "127.0.0.1:8501",
    "32": "127.0.0.1:8532",
    "3": "127.0.0.1:8503",
    "34": "127.0.0.1:8534",
    "13": "127.0.0.1:8513",
    "15": "127.0.0.1:8515",
    "9": "127.0.0.1:8509",
    "40": "127.0.0.1:9000",
    "11": "127.0.0.1:8511",
    "21": "127.0.0.1:8521",
    "23": "127.0.0.1:8523",
    "17": "127.0.0.1:8517",
    "19": "127.0.0.1:8519",
    "29": "127.0.0.1:8529",
    "31": "127.0.0.1:8531",
    "25": "127.0.0.1:8525",
    "27": "127.0.0.1:8527"
  },
  "delta": 100,
  "id": 24,
  "num_nodes": 40,
  "num_faults": 13,
  "block_size": 100,
  "client_port": 7024,
  "client_addr": "0.0.0.0:5000",
  "payload": 0,
  "prot_payload": "cc,/home/akhil/research/EEBA/libchatter/",
  "crypto_alg": "NOPKI",
  "pk_map": {},
  "secret_key_bytes": [],
  "sk_map": {
    "37": [
      204,
      47,
      143,
      177,
      11,
      81,
      222,
      193,
      144,
      231,
      228,
      37,
      52,
      221,
      42,
      218,
      103,
      92,
      138,
      236,
      86,
      158,
      226,
      136,
      79,
      70,
      183,
      229,
      21,
      149,
      134,
      159
    ],
    "4": [
      68,
      179,
      244,
      129,
      174,
      123,
      215,
      240,
      6,
      17,
      108,
      86,
      63,
      206,
      4,
      28,
      136,
      220,
      96,
      54,
      135,
      225,
      251,
      179,
      86,
      70,
      196,
      220,
      69,
      32,
      144,
      5
    ],
    "39": [
      171,
      55,
      83,
      133,
      253,
      128,
      225,
      55,
      193,
      52,
      211,
      98,
      231,
      70,
      107,
      193,
      11,
      49,
      69,
      208,
      191,
      43,
      116,
      183,
      74,
      0,
      15,
      57,
      102,
      21,
      40,
      221
    ],
    "6": [
      186,
      64,
      11,
      82,
      20,
      151,
      249,
      254,
      45,
      87,
      3,
      54,
      228,
      194,
      178,
      208,
      221,
      106,
      35,
      69,
      116,
      10,
      196,
      182,
      117,
      6,
      31,
      131,
      126,
      141,
      169,
      248
    ],
    "33": [
      32,
      62,
      235,
      15,
      221,
      69,
      37,
      237,
      48,
      42,
      194,
      88,
      129,
      85,
      117,
      116,
      80,
      151,
      66,
      11,
      10,
      163,
      247,
      54,
      150,
      76,
      16,
      25,
      112,
      50,
      155,
      146
    ],
    "0": [
      68,
      91,
      125,
      153,
      21,
      116,
      196,
      229,
      221,
      179,
      134,
      252,
      234,
      125,
      18,
      51,
      200,
      123,
      241,
      150,
      151,
      16,
      1,
      12,
      15,
      252,
      36,
      36,
      191,
      187,
      110,
      100
    ],
    "35": [
      243,
      67,
      13,
      221,
      38,
      130,
      134,
      178,
      212,
      78,
      240,
      170,
      227,
      27,
      105,
      4,
      135,
      30,
      95,
      75,
      176,
      136,
      96,
      44,
      17,
      93,
      255,
      88,
      85,
      88,
      68,
      168
    ],
    "2": [
      1,
      100,
      58,
      210,
      223,
      31,
      108,
      141,
      137,
      102,
      252,
      214,
      64,
      81,
      147,
      25,
      208,
      73,
      198,
      252,
      210,
      176,
      112,
      24,
      40,
      15,
      124,
      68,
      81,
      68,
      1,
      171
    ],
    "12": [
      12,
      74,
      23,
      182,
      169,
      126,
      209,
      99,
      146,
      231,
      173,
      168,
      110,
      3,
      4,
      248,
      195,
      176,
      26,
      61,
      187,
      151,
      85,
      82,
      178,
      159,
      252,
      254,
      3,
      180,
      20,
      36
    ],
    "14": [
      145,
      194,
      39,
      253,
      27,
      107,
      38,
      84,
      219,
      169,
      49,
      38,
      39,
      77,
      34,
      228,
      90,
      144,
      122,
      126,
      40,
      42,
      152,
      192,
      115,
      207,
      147,
      1,
      227,
      55,
      47,
      224
    ],
    "8": [
      127,
      218,
      172,
      168,
      238,
      181,
      7,
      143,
      145,
      37,
      193,
      147,
      152,
      232,
      37,
      137,
      73,
      35,
      181,
      47,
      254,
      100,
      213,
      116,
      86,
      97,
      152,
      207,
      206,
      137,
      160,
      21
    ],
    "10": [
      32,
      86,
      135,
      235,
      102,
      13,
      3,
      27,
      174,
      121,
      109,
      249,
      188,
      6,
      19,
      251,
      132,
      45,
      99,
      245,
      231,
      23,
      10,
      215,
      214,
      125,
      205,
      159,
      254,
      67,
      65,
      173
    ],
    "20": [
      193,
      204,
      101,
      164,
      130,
      24,
      138,
      142,
      181,
      160,
      139,
      239,
      156,
      233,
      121,
      61,
      84,
      59,
      2,
      60,
      224,
      75,
      42,
      152,
      44,
      207,
      164,
      187,
      143,
      178,
      141,
      65
    ],
    "22": [
      104,
      198,
      173,
      152,
      213,
      23,
      86,
      69,
      28,
      191,
      112,
      133,
      216,
      167,
      113,
      101,
      224,
      161,
      13,
      232,
      6,
      26,
      191,
      132,
      28,
      210,
      80,
      49,
      37,
      95,
      23,
      191
    ],
    "16": [
      99,
      79,
      241,
      152,
      96,
      236,
      78,
      129,
      221,
      172,
      85,
      104,
      113,
      102,
      60,
      73,
      170,
      35,
      75,
      243,
      191,
      20,
      105,
      226,
      116,
      117,
      214,
      156,
      76,
      128,
      167,
      122
    ],
    "18": [
      147,
      125,
      187,
      212,
      245,
      207,
      206,
      217,
      123,
      215,
      112,
      145,
      7,
      248,
      20,
      110,
      227,
      151,
      204,
      163,
      141,
      61,
      138,
      130,
      207,
      117,
      48,
      36,
      185,
      127,
      220,
      86
    ],
    "28": [
      79,
      126,
      40,
      194,
      86,
      147,
      118,
      116,
      201,
      249,
      235,
      168,
      4,
      127,
      18,
      52,
      11,
      223,
      244,
      157,
      189,
      233,
      137,
      106,
      34,
      67,
      52,
      239,
      206,
      202,
      107,
      89
    ],
    "30": [
      242,
      50,
      63,
      240,
      164,
      117,
      215,
      122,
      147,
      240,
      242,
      212,
      52,
      197,
      181,
      32,
      178,
      186,
      197,
      16,
      182,
      80,
      45,
      69,
      162,
      100,
      160,
      102,
      158,
      207,
      186,
      77
    ],
    "24": [
      212,
      103,
      24,
      49,
      62,
      217,
      109,
      180,
      119,
      78,
      50,
      175,
      172,
      228,
      166,
      97,
      197,
      67,
      116,
      106,
      84,
      67,
      223,
      108,
      24,
      218,
      153,
      32,
      123,
      172,
      225,
      7
    ],
    "26": [
      93,
      197,
      219,
      85,
      55,
      4,
      160,
      162,
      23,
      155,
      42,
      151,
      144,
      171,
      60,
      80,
      235,
      190,
      215,
      244,
      48,
      103,
      126,
      204,
      79,
      105,
      22,
      3,
      74,
      209,
      101,
      186
    ],
    "5": [
      169,
      193,
      19,
      71,
      219,
      179,
      7,
      210,
      202,
      230,
      201,
      1,
      40,
      63,
      32,
      212,
      86,
      63,
      178,
      39,
      184,
      125,
      202,
      48,
      103,
      240,
      3,
      173,
      131,
      104,
      158,
      67
    ],
    "36": [
      212,
      78,
      198,
      239,
      194,
      0,
      23,
      69,
      230,
      142,
      14,
      121,
      174,
      52,
      233,
      121,
      253,
      162,
      67,
      88,
      18,
      42,
      129,
      46,
      46,
      201,
      88,
      43,
      165,
      59,
      47,
      28
    ],
    "7": [
      250,
      228,
      3,
      190,
      71,
      78,
      126,
      209,
      46,
      17,
      228,
      18,
      201,
      169,
      213,
      8,
      215,
      51,
      93,
      58,
      182,
      33,
      90,
      139,
      243,
      57,
      12,
      175,
      163,
      120,
      15,
      106
    ],
    "38": [
      157,
      144,
      165,
      178,
      224,
      222,
      91,
      137,
      74,
      124,
      90,
      159,
      253,
      27,
      160,
      78,
      164,
      26,
      123,
      169,
      48,
      217,
      152,
      12,
      198,
      189,
      37,
      143,
      216,
      201,
      119,
      246
    ],
    "1": [
      188,
      213,
      76,
      27,
      96,
      126,
      61,
      37,
      217,
      166,
      153,
      69,
      123,
      134,
      248,
      195,
      232,
      212,
      41,
      43,
      64,
      161,
      193,
      93,
      2,
      153,
      110,
      96,
      151,
      154,
      177,
      121
    ],
    "32": [
      239,
      212,
      169,
      255,
      49,
      206,
      11,
      64,
      254,
      218,
      20,
      19,
      76,
      64,
      244,
      151,
      75,
      183,
      226,
      181,
      208,
      2,
      76,
      194,
      153,
      58,
      32,
      68,
      79,
      77,
      186,
      193
    ],
    "3": [
      53,
      74,
      70,
      15,
      22,
      18,
      184,
      177,
      78,
      153,
      206,
      94,
      232,
      38,
      219,
      5,
      5,
      167,
      251,
      71,
      26,
      125,
      20,
      58,
      239,
      129,
      130,
      182,
      136,
      21,
      252,
      66
    ],
    "34": [
      112,
      211,
      149,
      213,
      149,
      86,
      123,
      221,
      60,
      42,
      37,
      55,
      250,
      101,
      135,
      160,
      80,
      52,
      115,
      97,
      9,
      121,
      237,
      181,
      224,
      71,
      78,
      231,
      186,
      159,
      157,
      119
    ],
    "13": [
      48,
      118,
      65,
      12,
      32,
      220,
      206,
      228,
      206,
      201,
      38,
      18,
      80,
      91,
      213,
      251,
      125,
      22,
      0,
      245,
      65,
      220,
      46,
      81,
      147,
      17,
      118,
      238,
      149,
      242,
      97,
      91
    ],
    "15": [
      174,
      0,
      169,
      76,
      6,
      181,
      100,
      220,
      229,
      109,
      161,
      239,
      15,
      226,
      134,
      50,
      119,
      242,
      15,
      165,
      231,
      13,
      102,
      215,
      48,
      249,
      29,
      109,
      91,
      34,
      6,
      241
    ],
    "9": [
      165,
      113,
      0,
      30,
      71,
      111,
      184,
      246,
      183,
      164,
      126,
      35,
      162,
      224,
      44,
      224,
      216,
      193,
      35,
      64,
      158,
      58,
      101,
      235,
      156,
      91,
      132,
      93,
      183,
      125,
      165,
      108
    ],
    "11": [
      145,
      236,
      19,
      91,
      29,
      176,
      214,
      69,
      209,
      214,
      214,
      106,
      144,
      8,
      178,
      120,
      223,
      121,
      146,
      133,
      56,
      194,
      110,
      62,
      183,
      24,
      197,
      196,
      222,
      137,
      71,
      68
    ],
    "21": [
      163,
      224,
      85,
      138,
      233,
      183,
      49,
      219,
      121,
      198,
      103,
      198,
      134,
      36,
      205,
      97,
      28,
      219,
      170,
      71,
      123,
      21,
      117,
      206,
      15,
      190,
      89,
      140,
      112,
      119,
      48,
      169
    ],
    "23": [
      143,
      186,
      5,
      185,
      60,
      149,
      204,
      242,
      16,
      132,
      41,
      32,
      228,
      228,
      141,
      185,
      253,
      140,
      74,
      204,
      219,
      3,
      249,
      135,
      29,
      171,
      224,
      36,
      133,
      78,
      196,
      94
    ],
    "17": [
      127,
      120,
      125,
      119,
      94,
      47,
      0,
      155,
      18,
      180,
      25,
      110,
      158,
      7,
      7,
      197,
      128,
      140,
      106,
      122,
      92,
      80,
      1,
      237,
      86,
      179,
      255,
      130,
      86,
      139,
      194,
      72
    ],
    "19": [
      199,
      55,
      64,
      85,
      34,
      67,
      159,
      140,
      89,
      238,
      137,
      56,
      59,
      137,
      206,
      39,
      249,
      53,
      64,
      14,
      250,
      123,
      116,
      196,
      148,
      71,
      222,
      10,
      107,
      153,
      99,
      64
    ],
    "29": [
      224,
      237,
      70,
      6,
      61,
      9,
      27,
      47,
      245,
      234,
      228,
      96,
      184,
      198,
      224,
      85,
      202,
      251,
      0,
      177,
      170,
      189,
      249,
      207,
      21,
      127,
      136,
      173,
      26,
      233,
      6,
      131
    ],
    "31": [
      97,
      208,
      227,
      51,
      28,
      3,
      104,
      169,
      21,
      237,
      87,
      71,
      131,
      175,
      40,
      55,
      243,
      199,
      221,
      85,
      179,
      225,
      25,
      160,
      247,
      34,
      145,
      15,
      148,
      150,
      186,
      161
    ],
    "25": [
      117,
      180,
      22,
      84,
      63,
      218,
      165,
      154,
      112,
      82,
      1,
      61,
      87,
      71,
      64,
      159,
      17,
      53,
      78,
      1,
      6,
      32,
      155,
      32,
      76,
      108,
      141,
      179,
      62,
      99,
      18,
      82
    ],
    "27": [
      53,
      221,
      211,
      200,
      173,
      1,
      51,
      30,
      43,
      108,
      85,
      96,
      148,
      172,
      143,
      202,
      201,
      236,
      180,
      153,
      1,
      182,
      133,
      51,
      252,
      89,
      162,
      110,
      225,
      123,
      122,
      143
    ]
  },
  "my_cert": [],
  "my_cert_key": [],
  "root_cert": []
}