{
  "net_map": {
    "37": "127.0.0.1:8537",
    "4": "127.0.0.1:8504",
    "39": "127.0.0.1:8539",
    "6": "127.0.0.1:8506",
    "33": "127.0.0.1:8533",
    "0": "127.0.0.1:8500",
    "35": "127.0.0.1:8535",
    "2": "127.0.0.1:8502",
    "12": "127.0.0.1:8512",
    "14": "127.0.0.1:8514",
    "8": "127.0.0.1:8508",
    "10": "127.0.0.1:8510",
    "20": "127.0.0.1:8520",
    "22": "127.0.0.1:8522",
    "16": "127.0.0.1:8516",
    "18": "127.0.0.1:8518",
    "28": "127.0.0.1:8528",
    "30": "127.0.0.1:8530",
    "24": "127.0.0.1:8524",
    "26": "127.0.0.1:8526",
    "5": "127.0.0.1:8505",
    "36": "127.0.0.1:8536",
    "7": "127.0.0.1:8507",
    "38": "127.0.0.1:8538",
    "1": "127.0.0.1:8501",
    "32": "127.0.0.1:8532",
    "3": "127.0.0.1:8503",
    "34": "127.0.0.1:8534",
    "13": "127.0.0.1:8513",
    "15": "127.0.0.1:8515",
    "9": "127.0.0.1:8509",
    "40": "127.0.0.1:9000",
    "11": "127.0.0.1:8511",
    "21": "127.0.0.1:8521",
    "23": "127.0.0.1:8523",
    "17": "127.0.0.1:8517",
    "19": "127.0.0.1:8519",
    "29": "127.0.0.1:8529",
    "31": "127.0.0.1:8531",
    "25": "127.0.0.1:8525",
    "27": "127.0.0.1:8527"
  },
  "delta": 100,
  "id": 4,
  "num_nodes": 40,
  "num_faults": 13,
  "block_size": 100,
  "client_port": 7004,
  "client_addr": "0.0.0.0:5000",
  "payload": 0,
  "prot_payload": "cc,/home/akhil/research/EEBA/libchatter/",
  "crypto_alg": "NOPKI",
  "pk_map": {},
  "secret_key_bytes": [],
  "sk_map": {
    "37": [
      76,
      5,
      10,
      186,
      27,
      45,
      195,
      174,
      182,
      65,
      179,
      130,
      224,
      238,
      22,
      152,
      122,
      143,
      117,
      154,
      15,
      217,
      11,
      226,
      153,
      233,
      136,
      120,
      69,
      101,
      228,
      173
    ],
    "4": [
      3,
      179,
      137,
      216,
      118,
      242,
      32,
      135,
      140,
      121,
      31,
      110,
      161,
      251,
      180,
      44,
      242,
      165,
      118,
      151,
      83,
      207,
      41,
      215,
      7,
      100,
      223,
      99,
      69,
      45,
      186,
      194
    ],
    "39": [
      3,
      178,
      205,
      174,
      80,
      109,
      58,
      219,
      53,
      209,
      116,
      169,
      58,
      218,
      124,
      72,
      38,
      242,
      74,
      160,
      77,
      67,
      169,
      30,
      175,
      194,
      107,
      121,
      128,
      137,
      33,
      72
    ],
    "6": [
      121,
      174,
      180,
      213,
      114,
      200,
      1,
      208,
      103,
      91,
      212,
      53,
      84,
      32,
      93,
      142,
      247,
      209,
      180,
      155,
      209,
      131,
      57,
      90,
      247,
      67,
      159,
      253,
      83,
      4,
      174,
      143
    ],
    "33": [
      68,
      146,
      102,
      245,
      98,
      40,
      180,
      47,
      31,
      118,
      205,
      194,
      36,
      74,
      74,
      180,
      208,
      44,
      171,
      25,
      207,
      18,
      110,
      191,
      91,
      94,
      52,
      49,
      143,
      89,
      152,
      254
    ],
    "0": [
      220,
      102,
      156,
      211,
      89,
      120,
      252,
      62,
      23,
      253,
      86,
      83,
      107,
      207,
      186,
      206,
      103,
      24,
      23,
      248,
      95,
      94,
      108,
      18,
      90,
      61,
      255,
      176,
      203,
      163,
      71,
      163
    ],
    "35": [
      146,
      100,
      231,
      157,
      104,
      155,
      203,
      227,
      194,
      57,
      207,
      95,
      36,
      158,
      246,
      220,
      24,
      145,
      110,
      195,
      75,
      156,
      16,
      180,
      138,
      126,
      210,
      204,
      28,
      212,
      83,
      207
    ],
    "2": [
      82,
      155,
      149,
      170,
      63,
      142,
      184,
      25,
      86,
      204,
      103,
      110,
      45,
      140,
      145,
      45,
      93,
      5,
      202,
      1,
      53,
      207,
      109,
      146,
      156,
      69,
      148,
      72,
      196,
      91,
      169,
      50
    ],
    "12": [
      115,
      108,
      253,
      68,
      111,
      125,
      215,
      33,
      210,
      103,
      40,
      205,
      18,
      105,
      58,
      14,
      23,
      160,
      238,
      241,
      3,
      80,
      69,
      181,
      203,
      86,
      109,
      220,
      252,
      66,
      145,
      39
    ],
    "14": [
      71,
      81,
      74,
      131,
      78,
      182,
      16,
      174,
      55,
      90,
      124,
      17,
      81,
      132,
      36,
      59,
      122,
      47,
      15,
      191,
      33,
      73,
      176,
      76,
      136,
      18,
      95,
      119,
      156,
      199,
      107,
      30
    ],
    "8": [
      254,
      92,
      193,
      216,
      153,
      103,
      34,
      86,
      160,
      44,
      53,
      102,
      99,
      229,
      121,
      17,
      18,
      62,
      209,
      27,
      4,
      176,
      33,
      189,
      23,
      111,
      248,
      43,
      242,
      153,
      64,
      127
    ],
    "10": [
      212,
      217,
      144,
      207,
      135,
      174,
      78,
      102,
      203,
      134,
      214,
      114,
      117,
      228,
      166,
      72,
      236,
      0,
      60,
      43,
      172,
      89,
      42,
      201,
      7,
      32,
      136,
      93,
      102,
      12,
      87,
      140
    ],
    "20": [
      242,
      152,
      138,
      35,
      164,
      37,
      1,
      190,
      105,
      2,
      62,
      71,
      238,
      194,
      128,
      184,
      197,
      233,
      179,
      221,
      126,
      178,
      93,
      222,
      118,
      197,
      219,
      106,
      66,
      114,
      121,
      246
    ],
    "22": [
      231,
      27,
      225,
      249,
      186,
      224,
      61,
      66,
      116,
      119,
      182,
      196,
      95,
      138,
      124,
      117,
      86,
      50,
      22,
      164,
      37,
      112,
      130,
      77,
      53,
      212,
      46,
      230,
      124,
      196,
      220,
      120
    ],
    "16": [
      56,
      115,
      12,
      45,
      91,
      122,
      59,
      198,
      207,
      20,
      172,
      33,
      86,
      168,
      172,
      162,
      90,
      202,
      235,
      19,
      178,
      39,
      79,
      30,
      142,
      173,
      40,
      232,
      131,
      44,
      133,
      107
    ],
    "18": [
      14,
      42,
      241,
      132,
      17,
      156,
      221,
      131,
      255,
      62,
      95,
      7,
      197,
      132,
      168,
      43,
      187,
      123,
      30,
      49,
      5,
      198,
      194,
      86,
      122,
      246,
      238,
      62,
      70,
      38,
      50,
      174
    ],
    "28": [
      206,
      63,
      41,
      200,
      71,
      220,
      45,
      67,
      130,
      8,
      49,
      219,
      41,
      196,
      152,
      217,
      74,
      45,
      122,
      80,
      13,
      38,
      244,
      176,
      188,
      71,
      127,
      136,
      191,
      240,
      38,
      80
    ],
    "30": [
      2,
      49,
      22,
      44,
      248,
      49,
      191,
      155,
      165,
      84,
      51,
      251,
      84,
      144,
      245,
      72,
      141,
      120,
      76,
      49,
      210,
      51,
      125,
      226,
      197,
      85,
      21,
      246,
      217,
      241,
      85,
      31
    ],
    "24": [
      68,
      179,
      244,
      129,
      174,
      123,
      215,
      240,
      6,
      17,
      108,
      86,
      63,
      206,
      4,
      28,
      136,
      220,
      96,
      54,
      135,
      225,
      251,
      179,
      86,
      70,
      196,
      220,
      69,
      32,
      144,
      5
    ],
    "26": [
      17,
      251,
      152,
      235,
      213,
      83,
      145,
      119,
      105,
      143,
      0,
      66,
      134,
      69,
      192,
      22,
      190,
      120,
      122,
      199,
      124,
      47,
      25,
      158,
      120,
      84,
      222,
      33,
      204,
      113,
      143,
      141
    ],
    "5": [
      170,
      166,
      160,
      114,
      124,
      223,
      248,
      109,
      5,
      207,
      56,
      150,
      134,
      204,
      181,
      124,
      91,
      93,
      177,
      211,
      240,
      232,
      213,
      230,
      146,
      182,
      195,
      112,
      50,
      139,
      234,
      216
    ],
    "36": [
      153,
      159,
      184,
      77,
      87,
      153,
      120,
      239,
      125,
      76,
      46,
      18,
      246,
      82,
      236,
      250,
      186,
      249,
      168,
      55,
      101,
      206,
      192,
      49,
      15,
      135,
      154,
      43,
      68,
      8,
      72,
      193
    ],
    "7": [
      178,
      192,
      193,
      236,
      195,
      151,
      217,
      7,
      55,
      39,
      181,
      84,
      24,
      201,
      216,
      110,
      7,
      66,
      187,
      196,
      48,
      228,
      56,
      54,
      97,
      74,
      178,
      63,
      82,
      151,
      55,
      193
    ],
    "38": [
      217,
      248,
      180,
      253,
      240,
      18,
      246,
      87,
      38,
      29,
      199,
      74,
      148,
      125,
      92,
      40,
      135,
      126,
      86,
      76,
      154,
      56,
      134,
      206,
      252,
      109,
      12,
      44,
      221,
      31,
      205,
      216
    ],
    "1": [
      27,
      204,
      124,
      93,
      6,
      55,
      85,
      154,
      77,
      116,
      82,
      236,
      2,
      249,
      214,
      66,
      45,
      208,
      131,
      70,
      5,
      163,
      80,
      36,
      148,
      84,
      174,
      106,
      232,
      14,
      120,
      69
    ],
    "32": [
      199,
      60,
      65,
      122,
      177,
      60,
      59,
      120,
      20,
      174,
      151,
      168,
      176,
      57,
      229,
      231,
      152,
      134,
      223,
      156,
      158,
      69,
      162,
      174,
      73,
      248,
      37,
      170,
      29,
      246,
      181,
      103
    ],
    "3": [
      4,
      26,
      236,
      208,
      250,
      213,
      239,
      210,
      105,
      42,
      199,
      96,
      238,
      221,
      5,
      168,
      78,
      85,
      99,
      215,
      234,
      36,
      97,
      101,
      211,
      181,
      198,
      44,
      8,
      0,
      58,
      110
    ],
    "34": [
      96,
      97,
      134,
      101,
      125,
      46,
      41,
      254,
      67,
      163,
      206,
      118,
      46,
      176,
      248,
      133,
      38,
      225,
      77,
      161,
      13,
      48,
      180,
      11,
      14,
      65,
      227,
      53,
      76,
      28,
      9,
      10
    ],
    "13": [
      117,
      72,
      245,
      87,
      65,
      16,
      178,
      10,
      30,
      244,
      100,
      173,
      131,
      163,
      128,
      162,
      202,
      51,
      78,
      244,
      213,
      16,
      172,
      106,
      35,
      246,
      192,
      18,
      229,
      143,
      30,
      0
    ],
    "15": [
      215,
      59,
      105,
      70,
      223,
      247,
      244,
      135,
      138,
      213,
      228,
      36,
      54,
      108,
      245,
      120,
      137,
      175,
      56,
      114,
      189,
      195,
      250,
      145,
      224,
      183,
      100,
      119,
      93,
      221,
      186,
      110
    ],
    "9": [
      147,
      45,
      64,
      111,
      176,
      165,
      73,
      13,
      59,
      8,
      164,
      214,
      219,
      111,
      64,
      103,
      107,
      234,
      214,
      110,
      226,
      254,
      178,
      142,
      40,
      182,
      188,
      55,
      223,
      22,
      155,
      180
    ],
    "11": [
      65,
      217,
      144,
      118,
      207,
      104,
      53,
      141,
      53,
      81,
      194,
      7,
      208,
      102,
      41,
      119,
      178,
      227,
      208,
      54,
      220,
      177,
      79,
      81,
      158,
      46,
      6,
      83,
      14,
      6,
      60,
      8
    ],
    "21": [
      209,
      246,
      22,
      35,
      212,
      202,
      77,
      218,
      143,
      122,
      32,
      195,
      1,
      165,
      185,
      17,
      179,
      15,
      248,
      121,
      197,
      190,
      3,
      240,
      75,
      171,
      62,
      124,
      207,
      193,
      160,
      46
    ],
    "23": [
      243,
      216,
      177,
      157,
      143,
      227,
      138,
      236,
      235,
      136,
      1,
      119,
      24,
      86,
      191,
      115,
      44,
      230,
      152,
      125,
      163,
      201,
      243,
      245,
      80,
      185,
      168,
      222,
      179,
      171,
      27,
      55
    ],
    "17": [
      156,
      109,
      35,
      48,
      195,
      121,
      191,
      201,
      138,
      10,
      54,
      210,
      251,
      153,
      188,
      79,
      74,
      78,
      116,
      213,
      253,
      29,
      154,
      245,
      20,
      111,
      131,
      120,
      156,
      17,
      185,
      21
    ],
    "19": [
      224,
      235,
      69,
      57,
      30,
      167,
      64,
      35,
      135,
      47,
      79,
      186,
      96,
      64,
      196,
      234,
      225,
      19,
      25,
      130,
      70,
      20,
      220,
      12,
      177,
      92,
      233,
      25,
      3,
      168,
      224,
      65
    ],
    "29": [
      161,
      154,
      147,
      114,
      27,
      70,
      235,
      64,
      76,
      43,
      222,
      109,
      192,
      7,
      39,
      109,
      177,
      115,
      236,
      174,
      80,
      80,
      247,
      82,
      228,
      19,
      161,
      54,
      8,
      208,
      57,
      242
    ],
    "31": [
      241,
      250,
      126,
      70,
      176,
      79,
      145,
      231,
      227,
      111,
      47,
      21,
      217,
      193,
      8,
      233,
      72,
      172,
      224,
      200,
      112,
      99,
      83,
      53,
      91,
      35,
      114,
      21,
      22,
      58,
      116,
      200
    ],
    "25": [
      96,
      247,
      78,
      255,
      86,
      254,
      243,
      250,
      30,
      49,
      158,
      173,
      103,
      115,
      247,
      134,
      147,
      24,
      214,
      146,
      69,
      33,
      27,
      84,
      6,
      153,
      188,
      230,
      154,
      231,
      65,
      151
    ],
    "27": [
      180,
      224,
      132,
      246,
      24,
      185,
      39,
      12,
      104,
      190,
      216,
      171,
      109,
      150,
      97,
      207,
      159,
      32,
      98,
      134,
      228,
      111,
      167,
      232,
      156,
      247,
      194,
      14,
      123,
      194,
      130,
      71
    ]
  },
  "my_cert": [],
  "my_cert_key": [],
  "root_cert": []
}