{
  "net_map": {
    "37": "127.0.0.1:8537",
    "4": "127.0.0.1:8504",
    "39": "127.0.0.1:8539",
    "6": "127.0.0.1:8506",
    "33": "127.0.0.1:8533",
    "0": "127.0.0.1:8500",
    "35": "127.0.0.1:8535",
    "2": "127.0.0.1:8502",
    "12": "127.0.0.1:8512",
    "14": "127.0.0.1:8514",
    "8": "127.0.0.1:8508",
    "10": "127.0.0.1:8510",
    "20": "127.0.0.1:8520",
    "22": "127.0.0.1:8522",
    "16": "127.0.0.1:8516",
    "18": "127.0.0.1:8518",
    "28": "127.0.0.1:8528",
    "30": "127.0.0.1:8530",
    "24": "127.0.0.1:8524",
    "26": "127.0.0.1:8526",
    "5": "127.0.0.1:8505",
    "36": "127.0.0.1:8536",
    "7": "127.0.0.1:8507",
    "38": "127.0.0.1:8538",
    "1": "127.0.0.1:8501",
    "32": "127.0.0.1:8532",
    "3": "127.0.0.1:8503",
    "34": "127.0.0.1:8534",
    "13": "127.0.0.1:8513",
    "15": "127.0.0.1:8515",
    "9": "127.0.0.1:8509",
    "40": "127.0.0.1:9000",
    "11": "127.0.0.1:8511",
    "21": "127.0.0.1:8521",
    "23": "127.0.0.1:8523",
    "17": "127.0.0.1:8517",
    "19": "127.0.0.1:8519",
    "29": "127.0.0.1:8529",
    "31": "127.0.0.1:8531",
    "25": "127.0.0.1:8525",
    "27": "127.0.0.1:8527"
  },
  "delta": 100,
  "id": 39,
  "num_nodes": 40,
  "num_faults": 13,
  "block_size": 100,
  "client_port": 7039,
  "client_addr": "0.0.0.0:5000",
  "payload": 0,
  "prot_payload": "cc,/home/akhil/research/EEBA/libchatter/",
  "crypto_alg": "NOPKI",
  "pk_map": {},
  "secret_key_bytes": [],
  "sk_map": {
    "37": [
      28,
      173,
      218,
      109,
      247,
      16,
      234,
      41,
      25,
      46,
      66,
      183,
      65,
      157,
      142,
      243,
      169,
      221,
      241,
      56,
      174,
      173,
      202,
      56,
      124,
      119,
      230,
      157,
      66,
      60,
      122,
      55
    ],
    "4": [
      3,
      178,
      205,
      174,
      80,
      109,
      58,
      219,
      53,
      209,
      116,
      169,
      58,
      218,
      124,
      72,
      38,
      242,
      74,
      160,
      77,
      67,
      169,
      30,
      175,
      194,
      107,
      121,
      128,
      137,
      33,
      72
    ],
    "39": [
      84,
      55,
      216,
      252,
      2,
      113,
      53,
      166,
      221,
      19,
      126,
      218,
      217,
      203,
      129,
      192,
      201,
      44,
      66,
      75,
      170,
      31,
      199,
      45,
      150,
      102,
      120,
      215,
      203,
      150,
      2,
      222
    ],
    "6": [
      226,
      222,
      63,
      171,
      56,
      55,
      128,
      218,
      117,
      183,
      193,
      135,
      95,
      247,
      249,
      85,
      13,
      129,
      122,
      191,
      107,
      147,
      122,
      241,
      200,
      228,
      154,
      154,
      12,
      195,
      22,
      250
    ],
    "33": [
      238,
      109,
      29,
      51,
      88,
      207,
      156,
      69,
      13,
      100,
      112,
      33,
      41,
      77,
      73,
      5,
      243,
      171,
      43,
      143,
      227,
      235,
      83,
      228,
      246,
      168,
      117,
      213,
      145,
      124,
      114,
      188
    ],
    "0": [
      126,
      43,
      220,
      34,
      115,
      125,
      89,
      58,
      89,
      95,
      119,
      149,
      123,
      253,
      2,
      176,
      47,
      223,
      132,
      58,
      247,
      0,
      193,
      12,
      2,
      61,
      140,
      38,
      141,
      232,
      109,
      141
    ],
    "35": [
      210,
      173,
      88,
      136,
      199,
      100,
      148,
      131,
      193,
      13,
      163,
      235,
      18,
      143,
      28,
      224,
      214,
      132,
      234,
      102,
      115,
      69,
      159,
      255,
      137,
      71,
      17,
      71,
      237,
      34,
      208,
      4
    ],
    "2": [
      214,
      14,
      22,
      106,
      181,
      203,
      232,
      101,
      162,
      125,
      38,
      195,
      140,
      230,
      102,
      115,
      133,
      231,
      220,
      179,
      88,
      210,
      167,
      143,
      10,
      85,
      49,
      80,
      137,
      245,
      82,
      188
    ],
    "12": [
      18,
      62,
      170,
      169,
      70,
      125,
      21,
      252,
      107,
      41,
      195,
      187,
      182,
      175,
      22,
      95,
      142,
      70,
      255,
      185,
      216,
      117,
      167,
      45,
      115,
      191,
      105,
      53,
      197,
      168,
      219,
      221
    ],
    "14": [
      51,
      92,
      101,
      128,
      101,
      212,
      74,
      91,
      192,
      14,
      126,
      119,
      235,
      98,
      4,
      182,
      10,
      14,
      234,
      119,
      164,
      108,
      176,
      44,
      75,
      43,
      65,
      154,
      16,
      133,
      65,
      133
    ],
    "8": [
      230,
      249,
      125,
      42,
      120,
      134,
      63,
      218,
      34,
      245,
      95,
      175,
      24,
      11,
      84,
      48,
      242,
      136,
      83,
      161,
      70,
      68,
      150,
      147,
      205,
      10,
      244,
      171,
      56,
      6,
      91,
      53
    ],
    "10": [
      69,
      47,
      197,
      87,
      73,
      52,
      162,
      212,
      49,
      178,
      65,
      162,
      195,
      124,
      138,
      47,
      110,
      234,
      184,
      214,
      52,
      33,
      67,
      251,
      170,
      238,
      192,
      111,
      156,
      215,
      128,
      241
    ],
    "20": [
      165,
      24,
      189,
      103,
      186,
      189,
      226,
      12,
      50,
      159,
      121,
      242,
      21,
      89,
      136,
      209,
      113,
      223,
      22,
      154,
      109,
      192,
      242,
      234,
      228,
      198,
      19,
      128,
      147,
      62,
      138,
      137
    ],
    "22": [
      152,
      151,
      84,
      233,
      96,
      133,
      214,
      91,
      182,
      49,
      12,
      93,
      95,
      47,
      3,
      58,
      206,
      114,
      76,
      69,
      247,
      71,
      134,
      121,
      173,
      111,
      24,
      26,
      218,
      240,
      96,
      75
    ],
    "16": [
      148,
      5,
      60,
      155,
      149,
      11,
      235,
      238,
      240,
      35,
      227,
      177,
      84,
      213,
      25,
      80,
      75,
      165,
      119,
      172,
      0,
      80,
      120,
      158,
      191,
      202,
      27,
      69,
      193,
      87,
      74,
      28
    ],
    "18": [
      130,
      253,
      107,
      67,
      64,
      213,
      173,
      99,
      31,
      241,
      5,
      199,
      62,
      13,
      232,
      74,
      120,
      179,
      148,
      13,
      103,
      210,
      245,
      174,
      156,
      150,
      242,
      255,
      140,
      17,
      77,
      150
    ],
    "28": [
      157,
      88,
      67,
      69,
      132,
      156,
      127,
      33,
      27,
      57,
      30,
      164,
      168,
      28,
      128,
      12,
      176,
      2,
      60,
      235,
      248,
      23,
      7,
      92,
      173,
      117,
      167,
      253,
      213,
      181,
      220,
      109
    ],
    "30": [
      168,
      181,
      189,
      156,
      94,
      18,
      104,
      70,
      115,
      119,
      181,
      55,
      225,
      19,
      146,
      28,
      10,
      254,
      51,
      130,
      75,
      25,
      219,
      36,
      166,
      61,
      164,
      99,
      197,
      112,
      213,
      96
    ],
    "24": [
      171,
      55,
      83,
      133,
      253,
      128,
      225,
      55,
      193,
      52,
      211,
      98,
      231,
      70,
      107,
      193,
      11,
      49,
      69,
      208,
      191,
      43,
      116,
      183,
      74,
      0,
      15,
      57,
      102,
      21,
      40,
      221
    ],
    "26": [
      250,
      99,
      253,
      227,
      158,
      143,
      184,
      98,
      85,
      212,
      47,
      165,
      179,
      83,
      123,
      142,
      36,
      191,
      119,
      242,
      200,
      32,
      207,
      212,
      39,
      178,
      200,
      127,
      104,
      130,
      247,
      190
    ],
    "5": [
      228,
      178,
      197,
      197,
      142,
      43,
      162,
      54,
      162,
      34,
      205,
      97,
      176,
      193,
      124,
      132,
      254,
      213,
      67,
      126,
      246,
      16,
      86,
      189,
      44,
      56,
      107,
      143,
      93,
      225,
      224,
      212
    ],
    "36": [
      149,
      165,
      150,
      122,
      97,
      234,
      235,
      68,
      145,
      138,
      85,
      47,
      2,
      83,
      156,
      92,
      58,
      85,
      67,
      157,
      27,
      47,
      174,
      110,
      55,
      146,
      189,
      11,
      239,
      251,
      57,
      114
    ],
    "7": [
      170,
      70,
      70,
      82,
      169,
      182,
      61,
      143,
      247,
      117,
      115,
      52,
      40,
      247,
      20,
      57,
      75,
      188,
      141,
      222,
      185,
      91,
      191,
      80,
      14,
      127,
      207,
      9,
      35,
      43,
      30,
      235
    ],
    "38": [
      15,
      119,
      200,
      77,
      0,
      9,
      41,
      247,
      235,
      132,
      165,
      134,
      98,
      220,
      94,
      171,
      180,
      194,
      250,
      173,
      60,
      231,
      87,
      253,
      211,
      222,
      202,
      78,
      167,
      105,
      27,
      6
    ],
    "1": [
      177,
      143,
      157,
      224,
      17,
      3,
      0,
      90,
      209,
      63,
      103,
      7,
      134,
      113,
      70,
      19,
      56,
      246,
      128,
      148,
      252,
      247,
      188,
      245,
      255,
      171,
      71,
      253,
      255,
      80,
      111,
      85
    ],
    "32": [
      61,
      144,
      206,
      117,
      228,
      120,
      99,
      72,
      220,
      109,
      54,
      25,
      108,
      206,
      5,
      7,
      161,
      32,
      77,
      220,
      208,
      120,
      140,
      127,
      161,
      132,
      236,
      198,
      90,
      68,
      163,
      69
    ],
    "3": [
      137,
      247,
      33,
      167,
      239,
      205,
      105,
      53,
      97,
      93,
      13,
      63,
      14,
      45,
      2,
      176,
      17,
      51,
      238,
      241,
      173,
      12,
      163,
      88,
      59,
      209,
      88,
      157,
      175,
      162,
      117,
      170
    ],
    "34": [
      58,
      100,
      127,
      196,
      186,
      187,
      59,
      88,
      21,
      212,
      118,
      169,
      14,
      11,
      79,
      191,
      119,
      202,
      248,
      88,
      37,
      137,
      57,
      166,
      166,
      172,
      85,
      164,
      235,
      15,
      105,
      48
    ],
    "13": [
      65,
      113,
      238,
      225,
      50,
      202,
      36,
      70,
      203,
      86,
      79,
      41,
      67,
      239,
      225,
      150,
      237,
      51,
      136,
      229,
      178,
      214,
      113,
      169,
      222,
      190,
      253,
      33,
      188,
      184,
      41,
      133
    ],
    "15": [
      110,
      87,
      169,
      105,
      155,
      50,
      23,
      36,
      164,
      143,
      202,
      127,
      7,
      34,
      195,
      176,
      1,
      110,
      233,
      52,
      66,
      82,
      124,
      168,
      225,
      137,
      165,
      60,
      234,
      27,
      190,
      43
    ],
    "9": [
      173,
      44,
      248,
      164,
      235,
      145,
      236,
      68,
      250,
      121,
      98,
      122,
      77,
      44,
      143,
      194,
      164,
      203,
      195,
      66,
      176,
      130,
      214,
      74,
      36,
      27,
      35,
      233,
      123,
      42,
      107,
      221
    ],
    "11": [
      204,
      98,
      183,
      77,
      101,
      174,
      107,
      252,
      140,
      112,
      89,
      59,
      190,
      113,
      58,
      148,
      139,
      33,
      188,
      150,
      68,
      211,
      73,
      181,
      180,
      188,
      183,
      134,
      112,
      16,
      224,
      66
    ],
    "21": [
      44,
      241,
      141,
      208,
      115,
      118,
      195,
      61,
      20,
      176,
      124,
      81,
      11,
      64,
      16,
      13,
      35,
      190,
      211,
      202,
      54,
      87,
      23,
      8,
      203,
      107,
      119,
      235,
      201,
      104,
      33,
      63
    ],
    "23": [
      96,
      234,
      108,
      207,
      152,
      207,
      79,
      86,
      238,
      56,
      37,
      39,
      189,
      245,
      6,
      183,
      123,
      205,
      14,
      8,
      210,
      75,
      234,
      5,
      147,
      78,
      89,
      107,
      24,
      13,
      163,
      50
    ],
    "17": [
      17,
      15,
      211,
      158,
      236,
      101,
      77,
      120,
      112,
      158,
      17,
      85,
      26,
      59,
      146,
      0,
      167,
      149,
      167,
      68,
      117,
      161,
      19,
      188,
      188,
      195,
      38,
      242,
      63,
      10,
      182,
      209
    ],
    "19": [
      254,
      79,
      55,
      12,
      40,
      73,
      116,
      9,
      100,
      207,
      153,
      252,
      155,
      114,
      138,
      233,
      165,
      247,
      160,
      205,
      186,
      148,
      151,
      147,
      140,
      7,
      111,
      90,
      201,
      155,
      98,
      220
    ],
    "29": [
      225,
      5,
      166,
      222,
      76,
      16,
      241,
      96,
      212,
      234,
      142,
      251,
      191,
      104,
      113,
      7,
      7,
      52,
      245,
      27,
      242,
      13,
      3,
      68,
      88,
      249,
      136,
      151,
      202,
      101,
      173,
      202
    ],
    "31": [
      93,
      217,
      130,
      154,
      101,
      208,
      98,
      134,
      247,
      14,
      108,
      100,
      40,
      162,
      58,
      172,
      206,
      246,
      87,
      123,
      53,
      255,
      46,
      135,
      111,
      125,
      64,
      89,
      211,
      192,
      110,
      77
    ],
    "25": [
      146,
      72,
      201,
      26,
      163,
      145,
      185,
      52,
      142,
      216,
      189,
      216,
      225,
      235,
      121,
      255,
      118,
      9,
      89,
      13,
      193,
      250,
      95,
      188,
      49,
      214,
      8,
      223,
      131,
      177,
      14,
      189
    ],
    "27": [
      74,
      154,
      41,
      77,
      43,
      213,
      6,
      61,
      43,
      199,
      158,
      14,
      157,
      205,
      26,
      6,
      166,
      236,
      57,
      27,
      238,
      159,
      145,
      255,
      50,
      168,
      210,
      27,
      175,
      221,
      229,
      11
    ]
  },
  "my_cert": [],
  "my_cert_key": [],
  "root_cert": []
}