{
  "net_map": {
    "37": "127.0.0.1:8537",
    "4": "127.0.0.1:8504",
    "39": "127.0.0.1:8539",
    "6": "127.0.0.1:8506",
    "33": "127.0.0.1:8533",
    "0": "127.0.0.1:8500",
    "35": "127.0.0.1:8535",
    "2": "127.0.0.1:8502",
    "12": "127.0.0.1:8512",
    "14": "127.0.0.1:8514",
    "8": "127.0.0.1:8508",
    "10": "127.0.0.1:8510",
    "20": "127.0.0.1:8520",
    "22": "127.0.0.1:8522",
    "16": "127.0.0.1:8516",
    "18": "127.0.0.1:8518",
    "28": "127.0.0.1:8528",
    "30": "127.0.0.1:8530",
    "24": "127.0.0.1:8524",
    "26": "127.0.0.1:8526",
    "5": "127.0.0.1:8505",
    "36": "127.0.0.1:8536",
    "7": "127.0.0.1:8507",
    "38": "127.0.0.1:8538",
    "1": "127.0.0.1:8501",
    "32": "127.0.0.1:8532",
    "3": "127.0.0.1:8503",
    "34": "127.0.0.1:8534",
    "13": "127.0.0.1:8513",
    "15": "127.0.0.1:8515",
    "9": "127.0.0.1:8509",
    "40": "127.0.0.1:9000",
    "11": "127.0.0.1:8511",
    "21": "127.0.0.1:8521",
    "23": "127.0.0.1:8523",
    "17": "127.0.0.1:8517",
    "19": "127.0.0.1:8519",
    "29": "127.0.0.1:8529",
    "31": "127.0.0.1:8531",
    "25": "127.0.0.1:8525",
    "27": "127.0.0.1:8527"
  },
  "delta": 100,
  "id": 2,
  "num_nodes": 40,
  "num_faults": 13,
  "block_size": 100,
  "client_port": 7002,
  "client_addr": "0.0.0.0:5000",
  "payload": 0,
  "prot_payload": "cc,/home/akhil/research/EEBA/libchatter/",
  "crypto_alg": "NOPKI",
  "pk_map": {},
  "secret_key_bytes": [],
  "sk_map": {
    "37": [
      72,
      147,
      236,
      94,
      160,
      250,
      181,
      128,
      158,
      126,
      116,
      68,
      75,
      49,
      138,
      39,
      161,
      190,
      201,
      206,
      145,
      75,
      75,
      193,
      1,
      139,
      2,
      87,
      245,
      33,
      189,
      1
    ],
    "4": [
      82,
      155,
      149,
      170,
      63,
      142,
      184,
      25,
      86,
      204,
      103,
      110,
      45,
      140,
      145,
      45,
      93,
      5,
      202,
      1,
      53,
      207,
      109,
      146,
      156,
      69,
      148,
      72,
      196,
      91,
      169,
      50
    ],
    "39": [
      214,
      14,
      22,
      106,
      181,
      203,
      232,
      101,
      162,
      125,
      38,
      195,
      140,
      230,
      102,
      115,
      133,
      231,
      220,
      179,
      88,
      210,
      167,
      143,
      10,
      85,
      49,
      80,
      137,
      245,
      82,
      188
    ],
    "6": [
      75,
      114,
      253,
      67,
      146,
      178,
      65,
      187,
      207,
      146,
      165,
      45,
      179,
      125,
      242,
      244,
      245,
      55,
      33,
      24,
      163,
      255,
      161,
      175,
      135,
      218,
      6,
      153,
      96,
      128,
      94,
      25
    ],
    "33": [
      83,
      134,
      65,
      166,
      206,
      104,
      13,
      9,
      234,
      60,
      107,
      180,
      90,
      0,
      84,
      3,
      4,
      237,
      1,
      239,
      241,
      131,
      93,
      72,
      215,
      209,
      17,
      199,
      51,
      152,
      166,
      189
    ],
    "0": [
      97,
      15,
      68,
      87,
      150,
      22,
      8,
      164,
      212,
      31,
      2,
      158,
      131,
      216,
      1,
      21,
      2,
      169,
      188,
      226,
      101,
      22,
      31,
      148,
      145,
      54,
      72,
      247,
      188,
      56,
      66,
      190
    ],
    "35": [
      156,
      88,
      184,
      60,
      232,
      235,
      188,
      10,
      199,
      163,
      72,
      61,
      7,
      154,
      203,
      7,
      213,
      173,
      214,
      75,
      249,
      199,
      58,
      145,
      89,
      79,
      56,
      1,
      179,
      172,
      118,
      41
    ],
    "2": [
      98,
      88,
      229,
      122,
      226,
      173,
      86,
      115,
      112,
      174,
      21,
      52,
      243,
      223,
      59,
      219,
      37,
      240,
      66,
      239,
      221,
      255,
      10,
      1,
      242,
      212,
      1,
      143,
      216,
      78,
      255,
      211
    ],
    "12": [
      4,
      129,
      129,
      130,
      189,
      253,
      59,
      144,
      243,
      141,
      167,
      185,
      111,
      237,
      213,
      150,
      3,
      249,
      243,
      20,
      218,
      140,
      138,
      168,
      226,
      122,
      26,
      0,
      10,
      91,
      183,
      28
    ],
    "14": [
      158,
      220,
      121,
      20,
      73,
      110,
      26,
      5,
      203,
      2,
      9,
      112,
      17,
      167,
      88,
      49,
      21,
      89,
      28,
      55,
      220,
      48,
      220,
      177,
      81,
      228,
      124,
      177,
      74,
      143,
      137,
      187
    ],
    "8": [
      150,
      249,
      148,
      192,
      202,
      154,
      131,
      228,
      15,
      192,
      166,
      38,
      100,
      99,
      38,
      11,
      243,
      224,
      62,
      43,
      105,
      250,
      182,
      247,
      228,
      185,
      230,
      61,
      252,
      21,
      120,
      192
    ],
    "10": [
      116,
      150,
      113,
      123,
      239,
      9,
      220,
      215,
      143,
      241,
      49,
      5,
      145,
      162,
      201,
      230,
      5,
      77,
      168,
      252,
      108,
      173,
      66,
      130,
      140,
      128,
      84,
      10,
      33,
      201,
      136,
      49
    ],
    "20": [
      116,
      227,
      243,
      171,
      5,
      44,
      225,
      21,
      254,
      223,
      121,
      31,
      26,
      161,
      218,
      234,
      121,
      16,
      175,
      153,
      173,
      236,
      61,
      133,
      142,
      205,
      96,
      225,
      122,
      133,
      218,
      64
    ],
    "22": [
      146,
      255,
      11,
      18,
      13,
      78,
      159,
      61,
      187,
      100,
      16,
      216,
      108,
      98,
      171,
      191,
      43,
      63,
      45,
      180,
      78,
      22,
      62,
      213,
      122,
      88,
      1,
      173,
      136,
      171,
      128,
      213
    ],
    "16": [
      99,
      84,
      129,
      70,
      160,
      117,
      252,
      175,
      69,
      158,
      193,
      1,
      40,
      222,
      229,
      191,
      222,
      43,
      224,
      89,
      209,
      208,
      122,
      154,
      229,
      147,
      90,
      236,
      171,
      48,
      19,
      22
    ],
    "18": [
      86,
      60,
      4,
      66,
      56,
      126,
      109,
      40,
      25,
      71,
      128,
      245,
      143,
      24,
      99,
      20,
      31,
      147,
      217,
      81,
      59,
      182,
      228,
      140,
      255,
      97,
      205,
      29,
      199,
      43,
      194,
      12
    ],
    "28": [
      5,
      166,
      253,
      202,
      77,
      229,
      6,
      86,
      80,
      152,
      174,
      139,
      48,
      222,
      41,
      144,
      200,
      132,
      251,
      53,
      220,
      36,
      36,
      86,
      68,
      11,
      52,
      25,
      78,
      99,
      225,
      67
    ],
    "30": [
      243,
      110,
      228,
      205,
      200,
      217,
      220,
      126,
      246,
      52,
      245,
      220,
      81,
      107,
      93,
      34,
      138,
      191,
      157,
      158,
      133,
      16,
      162,
      133,
      88,
      239,
      101,
      70,
      141,
      43,
      108,
      148
    ],
    "24": [
      1,
      100,
      58,
      210,
      223,
      31,
      108,
      141,
      137,
      102,
      252,
      214,
      64,
      81,
      147,
      25,
      208,
      73,
      198,
      252,
      210,
      176,
      112,
      24,
      40,
      15,
      124,
      68,
      81,
      68,
      1,
      171
    ],
    "26": [
      92,
      0,
      100,
      70,
      201,
      244,
      214,
      202,
      181,
      89,
      76,
      46,
      185,
      24,
      248,
      192,
      137,
      166,
      233,
      210,
      215,
      249,
      37,
      149,
      194,
      163,
      211,
      182,
      23,
      30,
      13,
      95
    ],
    "5": [
      142,
      115,
      162,
      134,
      191,
      133,
      27,
      206,
      240,
      166,
      117,
      76,
      241,
      62,
      240,
      37,
      182,
      127,
      158,
      204,
      52,
      10,
      8,
      130,
      252,
      80,
      109,
      190,
      19,
      50,
      131,
      163
    ],
    "36": [
      62,
      184,
      185,
      234,
      171,
      197,
      14,
      66,
      84,
      89,
      80,
      160,
      196,
      190,
      206,
      173,
      128,
      122,
      89,
      2,
      174,
      153,
      72,
      225,
      254,
      188,
      112,
      135,
      185,
      164,
      178,
      116
    ],
    "7": [
      89,
      2,
      89,
      107,
      45,
      191,
      12,
      73,
      103,
      249,
      99,
      76,
      99,
      141,
      28,
      22,
      152,
      25,
      54,
      53,
      104,
      100,
      35,
      61,
      180,
      100,
      112,
      154,
      238,
      255,
      71,
      56
    ],
    "38": [
      175,
      37,
      3,
      49,
      154,
      115,
      236,
      220,
      97,
      164,
      45,
      162,
      167,
      68,
      6,
      207,
      140,
      71,
      11,
      188,
      197,
      237,
      39,
      133,
      130,
      244,
      146,
      34,
      89,
      239,
      226,
      131
    ],
    "1": [
      208,
      3,
      25,
      240,
      190,
      241,
      183,
      83,
      227,
      247,
      130,
      161,
      52,
      231,
      168,
      141,
      186,
      21,
      180,
      17,
      88,
      231,
      150,
      135,
      227,
      213,
      74,
      182,
      116,
      229,
      239,
      39
    ],
    "32": [
      145,
      21,
      223,
      10,
      231,
      251,
      47,
      197,
      148,
      111,
      247,
      200,
      227,
      33,
      175,
      26,
      21,
      175,
      114,
      25,
      201,
      195,
      170,
      94,
      37,
      118,
      119,
      237,
      127,
      4,
      85,
      111
    ],
    "3": [
      254,
      189,
      228,
      241,
      142,
      237,
      223,
      130,
      109,
      138,
      86,
      37,
      45,
      31,
      139,
      36,
      77,
      103,
      43,
      203,
      74,
      39,
      7,
      234,
      218,
      80,
      178,
      122,
      206,
      124,
      138,
      170
    ],
    "34": [
      184,
      78,
      72,
      15,
      115,
      252,
      183,
      244,
      88,
      35,
      70,
      57,
      131,
      59,
      32,
      77,
      221,
      179,
      4,
      44,
      213,
      187,
      237,
      176,
      15,
      16,
      115,
      160,
      92,
      195,
      253,
      18
    ],
    "13": [
      160,
      9,
      81,
      237,
      121,
      189,
      200,
      89,
      198,
      19,
      204,
      82,
      108,
      94,
      99,
      223,
      104,
      18,
      114,
      199,
      247,
      99,
      41,
      188,
      96,
      244,
      180,
      225,
      136,
      190,
      208,
      14
    ],
    "15": [
      176,
      53,
      33,
      74,
      224,
      88,
      152,
      234,
      30,
      98,
      30,
      62,
      180,
      47,
      57,
      110,
      163,
      34,
      77,
      174,
      122,
      48,
      188,
      122,
      103,
      80,
      64,
      72,
      217,
      192,
      167,
      222
    ],
    "9": [
      141,
      25,
      120,
      25,
      188,
      85,
      186,
      22,
      193,
      108,
      228,
      38,
      182,
      75,
      203,
      76,
      43,
      166,
      221,
      19,
      48,
      225,
      158,
      57,
      37,
      83,
      208,
      235,
      225,
      58,
      148,
      25
    ],
    "11": [
      26,
      155,
      77,
      177,
      187,
      165,
      140,
      74,
      242,
      22,
      7,
      177,
      132,
      87,
      36,
      8,
      14,
      175,
      162,
      74,
      222,
      38,
      158,
      210,
      61,
      219,
      151,
      82,
      177,
      199,
      73,
      126
    ],
    "21": [
      213,
      52,
      205,
      158,
      186,
      161,
      188,
      200,
      212,
      90,
      11,
      45,
      23,
      115,
      112,
      4,
      215,
      74,
      35,
      175,
      144,
      215,
      149,
      137,
      237,
      42,
      121,
      224,
      62,
      84,
      120,
      213
    ],
    "23": [
      33,
      185,
      133,
      247,
      222,
      56,
      116,
      253,
      183,
      141,
      225,
      67,
      250,
      223,
      253,
      80,
      221,
      44,
      234,
      159,
      240,
      229,
      44,
      0,
      159,
      4,
      218,
      39,
      215,
      216,
      122,
      207
    ],
    "17": [
      136,
      45,
      243,
      33,
      76,
      190,
      56,
      182,
      156,
      212,
      48,
      152,
      122,
      78,
      169,
      126,
      90,
      176,
      6,
      63,
      111,
      143,
      155,
      93,
      160,
      97,
      30,
      213,
      195,
      21,
      87,
      60
    ],
    "19": [
      25,
      157,
      97,
      115,
      210,
      146,
      63,
      225,
      68,
      169,
      201,
      115,
      254,
      175,
      104,
      239,
      117,
      80,
      17,
      39,
      249,
      84,
      133,
      3,
      194,
      93,
      43,
      61,
      51,
      86,
      155,
      206
    ],
    "29": [
      224,
      169,
      209,
      228,
      14,
      54,
      46,
      46,
      99,
      245,
      128,
      148,
      95,
      19,
      59,
      24,
      238,
      5,
      151,
      165,
      91,
      238,
      166,
      192,
      134,
      184,
      170,
      153,
      245,
      2,
      94,
      206
    ],
    "31": [
      9,
      38,
      219,
      35,
      21,
      249,
      122,
      56,
      123,
      21,
      216,
      240,
      103,
      68,
      18,
      227,
      167,
      159,
      157,
      176,
      58,
      15,
      62,
      237,
      181,
      240,
      247,
      24,
      192,
      93,
      1,
      216
    ],
    "25": [
      53,
      155,
      192,
      5,
      193,
      49,
      121,
      114,
      245,
      139,
      175,
      224,
      221,
      48,
      218,
      36,
      157,
      247,
      40,
      250,
      170,
      222,
      207,
      25,
      241,
      174,
      67,
      161,
      7,
      90,
      139,
      4
    ],
    "27": [
      69,
      84,
      94,
      89,
      235,
      53,
      160,
      67,
      40,
      93,
      151,
      112,
      121,
      111,
      135,
      209,
      29,
      180,
      11,
      85,
      169,
      165,
      122,
      42,
      202,
      83,
      202,
      120,
      54,
      90,
      220,
      126
    ]
  },
  "my_cert": [],
  "my_cert_key": [],
  "root_cert": []
}