{
  "net_map": {
    "37": "127.0.0.1:8537",
    "4": "127.0.0.1:8504",
    "39": "127.0.0.1:8539",
    "6": "127.0.0.1:8506",
    "33": "127.0.0.1:8533",
    "0": "127.0.0.1:8500",
    "35": "127.0.0.1:8535",
    "2": "127.0.0.1:8502",
    "12": "127.0.0.1:8512",
    "14": "127.0.0.1:8514",
    "8": "127.0.0.1:8508",
    "10": "127.0.0.1:8510",
    "20": "127.0.0.1:8520",
    "22": "127.0.0.1:8522",
    "16": "127.0.0.1:8516",
    "18": "127.0.0.1:8518",
    "28": "127.0.0.1:8528",
    "30": "127.0.0.1:8530",
    "24": "127.0.0.1:8524",
    "26": "127.0.0.1:8526",
    "5": "127.0.0.1:8505",
    "36": "127.0.0.1:8536",
    "7": "127.0.0.1:8507",
    "38": "127.0.0.1:8538",
    "1": "127.0.0.1:8501",
    "32": "127.0.0.1:8532",
    "3": "127.0.0.1:8503",
    "34": "127.0.0.1:8534",
    "13": "127.0.0.1:8513",
    "15": "127.0.0.1:8515",
    "9": "127.0.0.1:8509",
    "40": "127.0.0.1:9000",
    "11": "127.0.0.1:8511",
    "21": "127.0.0.1:8521",
    "23": "127.0.0.1:8523",
    "17": "127.0.0.1:8517",
    "19": "127.0.0.1:8519",
    "29": "127.0.0.1:8529",
    "31": "127.0.0.1:8531",
    "25": "127.0.0.1:8525",
    "27": "127.0.0.1:8527"
  },
  "delta": 100,
  "id": 22,
  "num_nodes": 40,
  "num_faults": 13,
  "block_size": 100,
  "client_port": 7022,
  "client_addr": "0.0.0.0:5000",
  "payload": 0,
  "prot_payload": "cc,/home/akhil/research/EEBA/libchatter/",
  "crypto_alg": "NOPKI",
  "pk_map": {},
  "secret_key_bytes": [],
  "sk_map": {
    "37": [
      17,
      254,
      122,
      107,
      80,
      40,
      58,
      115,
      227,
      58,
      236,
      193,
      27,
      240,
      92,
      5,
      181,
      47,
      107,
      46,
      93,
      102,
      35,
      32,
      29,
      68,
      1,
      180,
      254,
      33,
      85,
      203
    ],
    "4": [
      231,
      27,
      225,
      249,
      186,
      224,
      61,
      66,
      116,
      119,
      182,
      196,
      95,
      138,
      124,
      117,
      86,
      50,
      22,
      164,
      37,
      112,
      130,
      77,
      53,
      212,
      46,
      230,
      124,
      196,
      220,
      120
    ],
    "39": [
      152,
      151,
      84,
      233,
      96,
      133,
      214,
      91,
      182,
      49,
      12,
      93,
      95,
      47,
      3,
      58,
      206,
      114,
      76,
      69,
      247,
      71,
      134,
      121,
      173,
      111,
      24,
      26,
      218,
      240,
      96,
      75
    ],
    "6": [
      71,
      184,
      52,
      17,
      76,
      70,
      97,
      95,
      213,
      252,
      86,
      94,
      43,
      81,
      118,
      33,
      76,
      109,
      215,
      230,
      57,
      170,
      118,
      158,
      190,
      226,
      32,
      123,
      68,
      77,
      234,
      133
    ],
    "33": [
      183,
      136,
      174,
      122,
      192,
      68,
      213,
      29,
      91,
      55,
      197,
      236,
      69,
      61,
      142,
      56,
      0,
      3,
      44,
      78,
      107,
      101,
      88,
      98,
      153,
      150,
      248,
      123,
      223,
      131,
      56,
      135
    ],
    "0": [
      32,
      116,
      49,
      94,
      179,
      241,
      194,
      6,
      124,
      46,
      129,
      29,
      13,
      122,
      32,
      234,
      158,
      127,
      113,
      47,
      36,
      11,
      26,
      51,
      46,
      9,
      0,
      169,
      82,
      83,
      151,
      211
    ],
    "35": [
      139,
      109,
      198,
      112,
      68,
      50,
      159,
      147,
      56,
      21,
      33,
      183,
      184,
      174,
      43,
      237,
      210,
      59,
      236,
      157,
      74,
      197,
      0,
      67,
      118,
      191,
      59,
      66,
      149,
      182,
      225,
      12
    ],
    "2": [
      146,
      255,
      11,
      18,
      13,
      78,
      159,
      61,
      187,
      100,
      16,
      216,
      108,
      98,
      171,
      191,
      43,
      63,
      45,
      180,
      78,
      22,
      62,
      213,
      122,
      88,
      1,
      173,
      136,
      171,
      128,
      213
    ],
    "12": [
      117,
      240,
      239,
      56,
      169,
      106,
      133,
      89,
      249,
      157,
      44,
      178,
      165,
      163,
      199,
      194,
      43,
      166,
      255,
      59,
      180,
      130,
      195,
      200,
      193,
      249,
      99,
      101,
      223,
      193,
      241,
      36
    ],
    "14": [
      109,
      101,
      221,
      13,
      52,
      11,
      254,
      98,
      172,
      248,
      81,
      67,
      54,
      17,
      93,
      199,
      88,
      182,
      217,
      198,
      158,
      232,
      84,
      99,
      234,
      10,
      64,
      143,
      40,
      161,
      128,
      59
    ],
    "8": [
      147,
      118,
      93,
      8,
      91,
      121,
      204,
      170,
      223,
      164,
      129,
      43,
      157,
      37,
      125,
      146,
      210,
      120,
      13,
      175,
      179,
      203,
      12,
      200,
      58,
      248,
      25,
      191,
      17,
      142,
      239,
      251
    ],
    "10": [
      232,
      151,
      42,
      227,
      255,
      150,
      62,
      123,
      17,
      157,
      121,
      229,
      181,
      166,
      234,
      177,
      113,
      192,
      132,
      194,
      65,
      170,
      166,
      101,
      165,
      88,
      24,
      249,
      17,
      234,
      183,
      64
    ],
    "20": [
      112,
      140,
      222,
      96,
      248,
      127,
      107,
      234,
      115,
      24,
      79,
      89,
      11,
      116,
      246,
      3,
      69,
      172,
      240,
      121,
      11,
      61,
      219,
      92,
      180,
      49,
      204,
      80,
      115,
      129,
      12,
      113
    ],
    "22": [
      118,
      9,
      15,
      196,
      192,
      98,
      25,
      173,
      4,
      249,
      60,
      26,
      50,
      39,
      154,
      190,
      144,
      74,
      129,
      67,
      123,
      147,
      83,
      48,
      61,
      7,
      220,
      140,
      243,
      137,
      136,
      137
    ],
    "16": [
      84,
      210,
      204,
      130,
      35,
      140,
      144,
      12,
      228,
      131,
      224,
      114,
      166,
      165,
      84,
      237,
      0,
      239,
      85,
      150,
      141,
      109,
      30,
      97,
      47,
      1,
      198,
      201,
      179,
      202,
      79,
      33
    ],
    "18": [
      131,
      46,
      134,
      37,
      229,
      206,
      244,
      161,
      254,
      9,
      85,
      59,
      159,
      139,
      172,
      193,
      106,
      185,
      50,
      34,
      222,
      237,
      122,
      223,
      141,
      108,
      31,
      236,
      169,
      100,
      123,
      131
    ],
    "28": [
      132,
      4,
      121,
      236,
      154,
      202,
      149,
      206,
      251,
      179,
      96,
      114,
      55,
      130,
      220,
      171,
      95,
      111,
      191,
      180,
      210,
      131,
      44,
      175,
      139,
      79,
      189,
      36,
      223,
      207,
      15,
      131
    ],
    "30": [
      208,
      241,
      206,
      5,
      248,
      204,
      90,
      66,
      244,
      41,
      72,
      164,
      142,
      89,
      6,
      145,
      177,
      58,
      235,
      46,
      49,
      106,
      214,
      91,
      69,
      116,
      91,
      183,
      160,
      144,
      155,
      248
    ],
    "24": [
      104,
      198,
      173,
      152,
      213,
      23,
      86,
      69,
      28,
      191,
      112,
      133,
      216,
      167,
      113,
      101,
      224,
      161,
      13,
      232,
      6,
      26,
      191,
      132,
      28,
      210,
      80,
      49,
      37,
      95,
      23,
      191
    ],
    "26": [
      99,
      134,
      216,
      119,
      5,
      131,
      129,
      111,
      51,
      42,
      81,
      28,
      35,
      0,
      47,
      137,
      193,
      254,
      197,
      84,
      213,
      164,
      169,
      182,
      205,
      210,
      37,
      228,
      12,
      233,
      233,
      19
    ],
    "5": [
      170,
      137,
      27,
      208,
      143,
      33,
      174,
      176,
      172,
      177,
      182,
      144,
      247,
      107,
      161,
      182,
      78,
      229,
      48,
      139,
      242,
      67,
      27,
      164,
      7,
      112,
      145,
      201,
      164,
      229,
      120,
      150
    ],
    "36": [
      78,
      152,
      5,
      218,
      164,
      10,
      131,
      215,
      19,
      80,
      66,
      80,
      209,
      164,
      43,
      115,
      182,
      102,
      140,
      169,
      167,
      200,
      188,
      131,
      23,
      125,
      131,
      35,
      34,
      157,
      14,
      236
    ],
    "7": [
      235,
      83,
      218,
      104,
      229,
      189,
      251,
      93,
      130,
      32,
      159,
      221,
      1,
      62,
      170,
      117,
      150,
      97,
      182,
      255,
      111,
      124,
      194,
      104,
      216,
      202,
      133,
      216,
      92,
      43,
      60,
      40
    ],
    "38": [
      204,
      26,
      12,
      143,
      183,
      178,
      130,
      37,
      19,
      86,
      207,
      71,
      45,
      245,
      23,
      213,
      151,
      228,
      218,
      191,
      138,
      143,
      122,
      41,
      12,
      130,
      20,
      7,
      137,
      45,
      40,
      134
    ],
    "1": [
      161,
      44,
      87,
      139,
      188,
      77,
      130,
      165,
      199,
      143,
      159,
      223,
      243,
      200,
      193,
      150,
      50,
      72,
      34,
      124,
      162,
      168,
      245,
      28,
      137,
      10,
      158,
      209,
      75,
      49,
      60,
      167
    ],
    "32": [
      214,
      181,
      27,
      254,
      64,
      172,
      0,
      241,
      123,
      34,
      19,
      127,
      8,
      136,
      231,
      55,
      94,
      133,
      195,
      124,
      74,
      157,
      1,
      25,
      142,
      144,
      202,
      246,
      12,
      123,
      10,
      31
    ],
    "3": [
      229,
      121,
      76,
      151,
      21,
      90,
      38,
      223,
      178,
      68,
      188,
      60,
      235,
      92,
      104,
      144,
      153,
      209,
      212,
      39,
      198,
      47,
      156,
      248,
      196,
      167,
      191,
      206,
      142,
      31,
      50,
      148
    ],
    "34": [
      42,
      114,
      165,
      51,
      243,
      228,
      121,
      237,
      171,
      140,
      190,
      3,
      242,
      169,
      76,
      165,
      220,
      79,
      31,
      61,
      117,
      65,
      78,
      249,
      134,
      205,
      203,
      132,
      17,
      99,
      191,
      224
    ],
    "13": [
      140,
      73,
      80,
      115,
      233,
      154,
      49,
      7,
      240,
      216,
      12,
      63,
      143,
      71,
      57,
      226,
      0,
      33,
      64,
      91,
      196,
      197,
      217,
      182,
      62,
      84,
      27,
      40,
      195,
      99,
      171,
      199
    ],
    "15": [
      245,
      10,
      187,
      48,
      112,
      8,
      0,
      139,
      99,
      240,
      201,
      217,
      90,
      230,
      63,
      163,
      34,
      145,
      41,
      54,
      87,
      196,
      77,
      98,
      251,
      70,
      172,
      128,
      34,
      242,
      9,
      35
    ],
    "9": [
      80,
      100,
      211,
      137,
      212,
      67,
      244,
      95,
      108,
      245,
      200,
      238,
      205,
      210,
      203,
      134,
      28,
      2,
      151,
      114,
      107,
      116,
      248,
      156,
      54,
      222,
      134,
      238,
      168,
      132,
      126,
      166
    ],
    "11": [
      28,
      195,
      26,
      225,
      76,
      175,
      229,
      249,
      187,
      155,
      133,
      247,
      39,
      226,
      141,
      98,
      184,
      182,
      243,
      50,
      0,
      114,
      233,
      182,
      65,
      189,
      125,
      98,
      129,
      194,
      153,
      149
    ],
    "21": [
      144,
      206,
      244,
      102,
      150,
      233,
      97,
      88,
      85,
      80,
      203,
      181,
      102,
      104,
      243,
      239,
      55,
      17,
      208,
      76,
      237,
      18,
      248,
      166,
      217,
      151,
      49,
      171,
      17,
      115,
      233,
      22
    ],
    "23": [
      231,
      189,
      179,
      237,
      135,
      253,
      127,
      193,
      108,
      94,
      38,
      67,
      34,
      146,
      184,
      176,
      124,
      35,
      252,
      211,
      109,
      37,
      1,
      49,
      44,
      56,
      114,
      94,
      83,
      206,
      179,
      184
    ],
    "17": [
      168,
      183,
      26,
      234,
      183,
      44,
      107,
      14,
      198,
      187,
      240,
      70,
      195,
      145,
      11,
      210,
      16,
      40,
      43,
      206,
      163,
      49,
      252,
      41,
      253,
      227,
      81,
      114,
      238,
      169,
      247,
      43
    ],
    "19": [
      65,
      28,
      75,
      175,
      197,
      193,
      142,
      91,
      201,
      161,
      131,
      214,
      142,
      195,
      216,
      32,
      17,
      135,
      62,
      219,
      185,
      106,
      64,
      247,
      18,
      211,
      155,
      33,
      59,
      252,
      196,
      74
    ],
    "29": [
      137,
      217,
      53,
      80,
      214,
      195,
      90,
      120,
      213,
      87,
      93,
      117,
      107,
      104,
      52,
      25,
      222,
      227,
      229,
      106,
      157,
      149,
      127,
      112,
      250,
      106,
      176,
      226,
      183,
      242,
      153,
      125
    ],
    "31": [
      7,
      50,
      230,
      96,
      13,
      125,
      88,
      26,
      238,
      84,
      116,
      127,
      192,
      6,
      76,
      179,
      64,
      228,
      246,
      218,
      71,
      215,
      239,
      11,
      181,
      154,
      139,
      60,
      148,
      140,
      210,
      132
    ],
    "25": [
      5,
      247,
      12,
      121,
      227,
      113,
      185,
      230,
      9,
      220,
      42,
      91,
      140,
      191,
      222,
      90,
      105,
      228,
      155,
      138,
      177,
      57,
      211,
      91,
      137,
      46,
      33,
      253,
      115,
      171,
      80,
      235
    ],
    "27": [
      70,
      5,
      158,
      53,
      176,
      236,
      101,
      128,
      112,
      28,
      193,
      162,
      25,
      46,
      101,
      30,
      201,
      136,
      249,
      8,
      181,
      88,
      17,
      38,
      150,
      254,
      92,
      82,
      142,
      205,
      49,
      215
    ]
  },
  "my_cert": [],
  "my_cert_key": [],
  "root_cert": []
}