{
  "net_map": {
    "37": "127.0.0.1:8537",
    "4": "127.0.0.1:8504",
    "39": "127.0.0.1:8539",
    "6": "127.0.0.1:8506",
    "33": "127.0.0.1:8533",
    "0": "127.0.0.1:8500",
    "35": "127.0.0.1:8535",
    "2": "127.0.0.1:8502",
    "12": "127.0.0.1:8512",
    "14": "127.0.0.1:8514",
    "8": "127.0.0.1:8508",
    "10": "127.0.0.1:8510",
    "20": "127.0.0.1:8520",
    "22": "127.0.0.1:8522",
    "16": "127.0.0.1:8516",
    "18": "127.0.0.1:8518",
    "28": "127.0.0.1:8528",
    "30": "127.0.0.1:8530",
    "24": "127.0.0.1:8524",
    "26": "127.0.0.1:8526",
    "5": "127.0.0.1:8505",
    "36": "127.0.0.1:8536",
    "7": "127.0.0.1:8507",
    "38": "127.0.0.1:8538",
    "1": "127.0.0.1:8501",
    "32": "127.0.0.1:8532",
    "3": "127.0.0.1:8503",
    "34": "127.0.0.1:8534",
    "13": "127.0.0.1:8513",
    "15": "127.0.0.1:8515",
    "9": "127.0.0.1:8509",
    "40": "127.0.0.1:9000",
    "11": "127.0.0.1:8511",
    "21": "127.0.0.1:8521",
    "23": "127.0.0.1:8523",
    "17": "127.0.0.1:8517",
    "19": "127.0.0.1:8519",
    "29": "127.0.0.1:8529",
    "31": "127.0.0.1:8531",
    "25": "127.0.0.1:8525",
    "27": "127.0.0.1:8527"
  },
  "delta": 100,
  "id": 15,
  "num_nodes": 40,
  "num_faults": 13,
  "block_size": 100,
  "client_port": 7015,
  "client_addr": "0.0.0.0:5000",
  "payload": 0,
  "prot_payload": "cc,/home/akhil/research/EEBA/libchatter/",
  "crypto_alg": "NOPKI",
  "pk_map": {},
  "secret_key_bytes": [],
  "sk_map": {
    "37": [
      203,
      99,
      135,
      117,
      83,
      141,
      148,
      125,
      195,
      63,
      41,
      165,
      187,
      22,
      43,
      3,
      154,
      220,
      65,
      227,
      106,
      166,
      31,
      227,
      198,
      192,
      215,
      175,
      138,
      42,
      206,
      95
    ],
    "4": [
      215,
      59,
      105,
      70,
      223,
      247,
      244,
      135,
      138,
      213,
      228,
      36,
      54,
      108,
      245,
      120,
      137,
      175,
      56,
      114,
      189,
      195,
      250,
      145,
      224,
      183,
      100,
      119,
      93,
      221,
      186,
      110
    ],
    "39": [
      110,
      87,
      169,
      105,
      155,
      50,
      23,
      36,
      164,
      143,
      202,
      127,
      7,
      34,
      195,
      176,
      1,
      110,
      233,
      52,
      66,
      82,
      124,
      168,
      225,
      137,
      165,
      60,
      234,
      27,
      190,
      43
    ],
    "6": [
      141,
      4,
      91,
      246,
      128,
      92,
      75,
      33,
      178,
      80,
      100,
      16,
      162,
      114,
      198,
      116,
      94,
      50,
      116,
      62,
      96,
      96,
      89,
      31,
      207,
      157,
      15,
      74,
      154,
      42,
      195,
      37
    ],
    "33": [
      193,
      159,
      181,
      180,
      12,
      184,
      179,
      246,
      228,
      207,
      87,
      133,
      65,
      13,
      219,
      17,
      20,
      167,
      113,
      24,
      24,
      82,
      101,
      77,
      73,
      120,
      203,
      33,
      250,
      125,
      157,
      61
    ],
    "0": [
      74,
      116,
      245,
      198,
      185,
      240,
      253,
      210,
      23,
      82,
      186,
      125,
      187,
      189,
      60,
      80,
      84,
      140,
      31,
      135,
      164,
      226,
      194,
      55,
      131,
      123,
      88,
      57,
      93,
      102,
      236,
      42
    ],
    "35": [
      152,
      238,
      96,
      32,
      199,
      43,
      233,
      126,
      162,
      45,
      49,
      215,
      36,
      36,
      54,
      165,
      74,
      98,
      11,
      208,
      187,
      254,
      73,
      91,
      162,
      211,
      249,
      148,
      101,
      195,
      161,
      255
    ],
    "2": [
      176,
      53,
      33,
      74,
      224,
      88,
      152,
      234,
      30,
      98,
      30,
      62,
      180,
      47,
      57,
      110,
      163,
      34,
      77,
      174,
      122,
      48,
      188,
      122,
      103,
      80,
      64,
      72,
      217,
      192,
      167,
      222
    ],
    "12": [
      210,
      187,
      19,
      40,
      130,
      58,
      46,
      11,
      190,
      23,
      26,
      122,
      199,
      185,
      76,
      20,
      204,
      107,
      76,
      180,
      110,
      101,
      199,
      232,
      64,
      171,
      83,
      199,
      149,
      189,
      197,
      153
    ],
    "14": [
      46,
      13,
      172,
      133,
      229,
      191,
      63,
      196,
      219,
      19,
      208,
      227,
      86,
      17,
      212,
      73,
      99,
      19,
      9,
      97,
      82,
      168,
      8,
      67,
      79,
      159,
      24,
      61,
      218,
      210,
      133,
      224
    ],
    "8": [
      119,
      198,
      236,
      233,
      98,
      153,
      173,
      166,
      157,
      12,
      39,
      53,
      96,
      31,
      142,
      245,
      96,
      16,
      146,
      39,
      107,
      167,
      195,
      128,
      208,
      169,
      201,
      233,
      245,
      159,
      55,
      29
    ],
    "10": [
      2,
      172,
      255,
      217,
      117,
      56,
      102,
      61,
      61,
      161,
      142,
      7,
      19,
      254,
      11,
      206,
      49,
      93,
      85,
      180,
      188,
      176,
      152,
      85,
      63,
      198,
      99,
      52,
      74,
      182,
      167,
      220
    ],
    "20": [
      233,
      174,
      115,
      125,
      81,
      159,
      131,
      44,
      251,
      188,
      32,
      159,
      213,
      94,
      64,
      240,
      196,
      127,
      9,
      255,
      124,
      225,
      217,
      87,
      234,
      207,
      230,
      113,
      226,
      221,
      97,
      144
    ],
    "22": [
      245,
      10,
      187,
      48,
      112,
      8,
      0,
      139,
      99,
      240,
      201,
      217,
      90,
      230,
      63,
      163,
      34,
      145,
      41,
      54,
      87,
      196,
      77,
      98,
      251,
      70,
      172,
      128,
      34,
      242,
      9,
      35
    ],
    "16": [
      16,
      14,
      153,
      229,
      139,
      199,
      162,
      93,
      168,
      112,
      68,
      35,
      105,
      12,
      178,
      161,
      58,
      225,
      124,
      104,
      67,
      191,
      252,
      98,
      100,
      148,
      27,
      229,
      52,
      120,
      90,
      221
    ],
    "18": [
      172,
      23,
      23,
      27,
      134,
      16,
      94,
      141,
      157,
      33,
      47,
      127,
      30,
      86,
      234,
      145,
      57,
      163,
      140,
      102,
      181,
      96,
      211,
      126,
      109,
      85,
      29,
      116,
      213,
      246,
      196,
      79
    ],
    "28": [
      119,
      53,
      80,
      182,
      74,
      50,
      125,
      38,
      37,
      63,
      112,
      66,
      78,
      202,
      139,
      223,
      133,
      244,
      79,
      128,
      254,
      236,
      236,
      6,
      127,
      98,
      97,
      66,
      192,
      24,
      228,
      5
    ],
    "30": [
      156,
      193,
      25,
      231,
      236,
      108,
      102,
      78,
      81,
      204,
      189,
      10,
      61,
      88,
      52,
      19,
      217,
      52,
      63,
      172,
      88,
      10,
      84,
      53,
      45,
      61,
      202,
      231,
      203,
      253,
      227,
      227
    ],
    "24": [
      174,
      0,
      169,
      76,
      6,
      181,
      100,
      220,
      229,
      109,
      161,
      239,
      15,
      226,
      134,
      50,
      119,
      242,
      15,
      165,
      231,
      13,
      102,
      215,
      48,
      249,
      29,
      109,
      91,
      34,
      6,
      241
    ],
    "26": [
      8,
      57,
      160,
      37,
      135,
      52,
      9,
      92,
      233,
      33,
      102,
      37,
      149,
      161,
      12,
      95,
      140,
      231,
      45,
      178,
      63,
      253,
      187,
      25,
      125,
      117,
      62,
      224,
      123,
      28,
      139,
      212
    ],
    "5": [
      74,
      12,
      47,
      167,
      82,
      41,
      80,
      219,
      126,
      235,
      129,
      37,
      149,
      143,
      197,
      73,
      79,
      40,
      190,
      146,
      229,
      88,
      114,
      195,
      215,
      78,
      90,
      35,
      148,
      96,
      229,
      50
    ],
    "36": [
      0,
      54,
      166,
      61,
      124,
      239,
      145,
      212,
      232,
      130,
      97,
      79,
      224,
      185,
      196,
      78,
      224,
      10,
      153,
      38,
      92,
      234,
      195,
      47,
      41,
      102,
      21,
      75,
      118,
      7,
      125,
      178
    ],
    "7": [
      15,
      233,
      184,
      127,
      223,
      151,
      17,
      253,
      53,
      118,
      158,
      173,
      89,
      222,
      249,
      244,
      214,
      140,
      62,
      230,
      190,
      45,
      195,
      34,
      215,
      224,
      124,
      218,
      185,
      164,
      57,
      85
    ],
    "38": [
      48,
      109,
      134,
      39,
      146,
      39,
      74,
      209,
      180,
      53,
      103,
      51,
      151,
      187,
      33,
      239,
      206,
      35,
      237,
      94,
      125,
      102,
      214,
      62,
      101,
      50,
      47,
      62,
      190,
      216,
      248,
      80
    ],
    "1": [
      192,
      40,
      215,
      58,
      30,
      82,
      49,
      172,
      116,
      173,
      22,
      189,
      204,
      51,
      143,
      131,
      182,
      240,
      212,
      71,
      229,
      123,
      87,
      151,
      40,
      71,
      162,
      121,
      160,
      239,
      92,
      166
    ],
    "32": [
      187,
      22,
      153,
      29,
      145,
      38,
      236,
      250,
      130,
      97,
      142,
      215,
      57,
      183,
      181,
      182,
      148,
      76,
      34,
      194,
      216,
      103,
      37,
      15,
      4,
      55,
      185,
      192,
      211,
      177,
      250,
      55
    ],
    "3": [
      195,
      232,
      237,
      21,
      112,
      2,
      24,
      111,
      243,
      84,
      145,
      43,
      192,
      81,
      238,
      73,
      244,
      43,
      95,
      60,
      54,
      134,
      70,
      121,
      197,
      37,
      21,
      148,
      61,
      50,
      67,
      188
    ],
    "34": [
      223,
      78,
      129,
      84,
      16,
      150,
      122,
      92,
      1,
      73,
      183,
      152,
      32,
      135,
      40,
      23,
      50,
      183,
      9,
      143,
      225,
      15,
      80,
      108,
      121,
      229,
      208,
      44,
      6,
      2,
      4,
      238
    ],
    "13": [
      90,
      107,
      62,
      26,
      16,
      164,
      3,
      245,
      97,
      138,
      28,
      42,
      123,
      181,
      65,
      191,
      233,
      255,
      239,
      79,
      200,
      231,
      33,
      63,
      3,
      76,
      238,
      229,
      120,
      88,
      183,
      244
    ],
    "15": [
      176,
      228,
      36,
      79,
      22,
      181,
      133,
      228,
      250,
      167,
      4,
      126,
      76,
      122,
      103,
      195,
      188,
      69,
      234,
      234,
      2,
      31,
      115,
      232,
      113,
      192,
      145,
      245,
      138,
      109,
      156,
      80
    ],
    "9": [
      151,
      56,
      225,
      231,
      109,
      229,
      28,
      178,
      71,
      174,
      251,
      129,
      23,
      72,
      221,
      84,
      118,
      45,
      46,
      149,
      39,
      131,
      86,
      217,
      60,
      112,
      15,
      157,
      249,
      138,
      43,
      231
    ],
    "11": [
      136,
      159,
      102,
      101,
      82,
      184,
      34,
      233,
      30,
      118,
      169,
      107,
      192,
      89,
      242,
      216,
      114,
      177,
      89,
      220,
      113,
      148,
      223,
      44,
      84,
      174,
      125,
      96,
      4,
      112,
      15,
      171
    ],
    "21": [
      31,
      96,
      106,
      243,
      235,
      173,
      43,
      239,
      1,
      188,
      255,
      32,
      204,
      143,
      80,
      48,
      60,
      47,
      40,
      218,
      37,
      170,
      240,
      209,
      84,
      58,
      81,
      237,
      88,
      37,
      191,
      155
    ],
    "23": [
      154,
      138,
      54,
      182,
      30,
      157,
      68,
      241,
      160,
      163,
      7,
      199,
      245,
      52,
      160,
      146,
      248,
      122,
      225,
      95,
      111,
      108,
      201,
      215,
      182,
      12,
      145,
      232,
      26,
      105,
      42,
      52
    ],
    "17": [
      205,
      116,
      39,
      133,
      37,
      85,
      20,
      28,
      2,
      254,
      234,
      157,
      170,
      193,
      245,
      228,
      168,
      97,
      29,
      66,
      151,
      238,
      147,
      158,
      237,
      250,
      38,
      130,
      140,
      161,
      161,
      31
    ],
    "19": [
      152,
      248,
      113,
      163,
      77,
      31,
      172,
      39,
      195,
      215,
      243,
      121,
      84,
      127,
      180,
      158,
      219,
      117,
      52,
      17,
      134,
      17,
      72,
      39,
      178,
      94,
      224,
      105,
      247,
      203,
      186,
      182
    ],
    "29": [
      43,
      254,
      47,
      242,
      18,
      66,
      220,
      223,
      191,
      56,
      134,
      221,
      112,
      72,
      230,
      161,
      87,
      117,
      213,
      180,
      37,
      180,
      129,
      195,
      143,
      172,
      80,
      172,
      250,
      242,
      231,
      100
    ],
    "31": [
      182,
      29,
      108,
      158,
      85,
      148,
      14,
      230,
      65,
      241,
      164,
      232,
      106,
      64,
      213,
      11,
      215,
      239,
      108,
      243,
      178,
      41,
      56,
      253,
      199,
      16,
      200,
      131,
      151,
      164,
      138,
      114
    ],
    "25": [
      241,
      48,
      70,
      234,
      13,
      82,
      128,
      160,
      107,
      212,
      186,
      127,
      82,
      238,
      170,
      240,
      170,
      7,
      255,
      21,
      160,
      239,
      17,
      212,
      155,
      192,
      107,
      81,
      231,
      253,
      77,
      171
    ],
    "27": [
      79,
      41,
      44,
      53,
      65,
      221,
      53,
      205,
      38,
      60,
      70,
      73,
      125,
      82,
      212,
      120,
      106,
      29,
      131,
      119,
      234,
      18,
      3,
      234,
      119,
      93,
      189,
      138,
      179,
      193,
      104,
      171
    ]
  },
  "my_cert": [],
  "my_cert_key": [],
  "root_cert": []
}