{
  "net_map": {
    "37": "127.0.0.1:8537",
    "4": "127.0.0.1:8504",
    "39": "127.0.0.1:8539",
    "6": "127.0.0.1:8506",
    "33": "127.0.0.1:8533",
    "0": "127.0.0.1:8500",
    "35": "127.0.0.1:8535",
    "2": "127.0.0.1:8502",
    "12": "127.0.0.1:8512",
    "14": "127.0.0.1:8514",
    "8": "127.0.0.1:8508",
    "10": "127.0.0.1:8510",
    "20": "127.0.0.1:8520",
    "22": "127.0.0.1:8522",
    "16": "127.0.0.1:8516",
    "18": "127.0.0.1:8518",
    "28": "127.0.0.1:8528",
    "30": "127.0.0.1:8530",
    "24": "127.0.0.1:8524",
    "26": "127.0.0.1:8526",
    "5": "127.0.0.1:8505",
    "36": "127.0.0.1:8536",
    "7": "127.0.0.1:8507",
    "38": "127.0.0.1:8538",
    "1": "127.0.0.1:8501",
    "32": "127.0.0.1:8532",
    "3": "127.0.0.1:8503",
    "34": "127.0.0.1:8534",
    "13": "127.0.0.1:8513",
    "15": "127.0.0.1:8515",
    "9": "127.0.0.1:8509",
    "40": "127.0.0.1:9000",
    "11": "127.0.0.1:8511",
    "21": "127.0.0.1:8521",
    "23": "127.0.0.1:8523",
    "17": "127.0.0.1:8517",
    "19": "127.0.0.1:8519",
    "29": "127.0.0.1:8529",
    "31": "127.0.0.1:8531",
    "25": "127.0.0.1:8525",
    "27": "127.0.0.1:8527"
  },
  "delta": 100,
  "id": 34,
  "num_nodes": 40,
  "num_faults": 13,
  "block_size": 100,
  "client_port": 7034,
  "client_addr": "0.0.0.0:5000",
  "payload": 0,
  "prot_payload": "cc,/home/akhil/research/EEBA/libchatter/",
  "crypto_alg": "NOPKI",
  "pk_map": {},
  "secret_key_bytes": [],
  "sk_map": {
    "37": [
      141,
      123,
      7,
      253,
      140,
      216,
      235,
      214,
      221,
      202,
      7,
      247,
      134,
      251,
      116,
      164,
      49,
      157,
      211,
      1,
      226,
      226,
      130,
      250,
      236,
      162,
      131,
      35,
      204,
      90,
      181,
      187
    ],
    "4": [
      96,
      97,
      134,
      101,
      125,
      46,
      41,
      254,
      67,
      163,
      206,
      118,
      46,
      176,
      248,
      133,
      38,
      225,
      77,
      161,
      13,
      48,
      180,
      11,
      14,
      65,
      227,
      53,
      76,
      28,
      9,
      10
    ],
    "39": [
      58,
      100,
      127,
      196,
      186,
      187,
      59,
      88,
      21,
      212,
      118,
      169,
      14,
      11,
      79,
      191,
      119,
      202,
      248,
      88,
      37,
      137,
      57,
      166,
      166,
      172,
      85,
      164,
      235,
      15,
      105,
      48
    ],
    "6": [
      39,
      137,
      72,
      111,
      63,
      23,
      200,
      126,
      211,
      214,
      114,
      129,
      34,
      254,
      223,
      97,
      158,
      196,
      244,
      210,
      79,
      53,
      193,
      151,
      166,
      232,
      7,
      136,
      249,
      209,
      201,
      159
    ],
    "33": [
      92,
      83,
      4,
      233,
      119,
      80,
      45,
      169,
      97,
      37,
      184,
      160,
      63,
      45,
      226,
      118,
      184,
      165,
      19,
      120,
      54,
      68,
      255,
      109,
      223,
      215,
      51,
      39,
      131,
      39,
      5,
      183
    ],
    "0": [
      214,
      233,
      250,
      203,
      170,
      167,
      55,
      239,
      251,
      11,
      18,
      134,
      18,
      221,
      66,
      91,
      186,
      170,
      168,
      161,
      254,
      69,
      180,
      182,
      102,
      53,
      34,
      238,
      126,
      255,
      68,
      161
    ],
    "35": [
      81,
      37,
      118,
      108,
      90,
      199,
      157,
      65,
      90,
      217,
      19,
      82,
      14,
      151,
      90,
      177,
      249,
      172,
      249,
      198,
      115,
      110,
      251,
      67,
      174,
      246,
      113,
      207,
      213,
      205,
      131,
      246
    ],
    "2": [
      184,
      78,
      72,
      15,
      115,
      252,
      183,
      244,
      88,
      35,
      70,
      57,
      131,
      59,
      32,
      77,
      221,
      179,
      4,
      44,
      213,
      187,
      237,
      176,
      15,
      16,
      115,
      160,
      92,
      195,
      253,
      18
    ],
    "12": [
      145,
      145,
      202,
      250,
      238,
      73,
      74,
      125,
      226,
      193,
      71,
      183,
      110,
      42,
      95,
      211,
      112,
      185,
      181,
      151,
      182,
      170,
      23,
      137,
      133,
      238,
      186,
      106,
      158,
      173,
      161,
      26
    ],
    "14": [
      172,
      49,
      218,
      18,
      178,
      87,
      90,
      141,
      164,
      212,
      255,
      209,
      35,
      154,
      38,
      16,
      41,
      160,
      208,
      72,
      25,
      185,
      176,
      115,
      31,
      15,
      78,
      81,
      121,
      114,
      43,
      9
    ],
    "8": [
      56,
      39,
      69,
      30,
      129,
      80,
      156,
      9,
      167,
      135,
      33,
      119,
      170,
      229,
      3,
      245,
      183,
      44,
      103,
      152,
      100,
      155,
      249,
      84,
      20,
      192,
      36,
      108,
      139,
      214,
      36,
      85
    ],
    "10": [
      118,
      0,
      126,
      139,
      193,
      187,
      236,
      231,
      122,
      76,
      75,
      120,
      161,
      196,
      168,
      70,
      94,
      21,
      228,
      33,
      87,
      8,
      128,
      140,
      65,
      54,
      27,
      108,
      141,
      9,
      84,
      164
    ],
    "20": [
      51,
      146,
      160,
      217,
      97,
      169,
      222,
      77,
      34,
      242,
      103,
      177,
      223,
      29,
      129,
      103,
      161,
      159,
      152,
      240,
      109,
      250,
      247,
      58,
      100,
      109,
      177,
      53,
      173,
      55,
      184,
      90
    ],
    "22": [
      42,
      114,
      165,
      51,
      243,
      228,
      121,
      237,
      171,
      140,
      190,
      3,
      242,
      169,
      76,
      165,
      220,
      79,
      31,
      61,
      117,
      65,
      78,
      249,
      134,
      205,
      203,
      132,
      17,
      99,
      191,
      224
    ],
    "16": [
      216,
      226,
      46,
      140,
      228,
      236,
      147,
      120,
      218,
      158,
      111,
      95,
      49,
      74,
      21,
      245,
      8,
      14,
      180,
      234,
      9,
      5,
      15,
      30,
      25,
      31,
      203,
      57,
      176,
      121,
      29,
      59
    ],
    "18": [
      199,
      37,
      214,
      173,
      71,
      181,
      227,
      125,
      193,
      10,
      3,
      233,
      29,
      21,
      6,
      57,
      110,
      113,
      252,
      31,
      14,
      8,
      223,
      72,
      52,
      196,
      146,
      49,
      236,
      198,
      137,
      78
    ],
    "28": [
      123,
      109,
      47,
      23,
      172,
      63,
      140,
      230,
      138,
      180,
      93,
      159,
      248,
      46,
      230,
      55,
      148,
      203,
      174,
      208,
      64,
      40,
      164,
      104,
      156,
      184,
      174,
      121,
      184,
      192,
      143,
      205
    ],
    "30": [
      77,
      47,
      213,
      154,
      113,
      173,
      18,
      65,
      80,
      135,
      200,
      212,
      244,
      22,
      93,
      9,
      243,
      15,
      239,
      22,
      40,
      124,
      138,
      65,
      156,
      216,
      189,
      253,
      134,
      80,
      58,
      148
    ],
    "24": [
      112,
      211,
      149,
      213,
      149,
      86,
      123,
      221,
      60,
      42,
      37,
      55,
      250,
      101,
      135,
      160,
      80,
      52,
      115,
      97,
      9,
      121,
      237,
      181,
      224,
      71,
      78,
      231,
      186,
      159,
      157,
      119
    ],
    "26": [
      151,
      29,
      0,
      132,
      57,
      102,
      222,
      237,
      242,
      31,
      8,
      139,
      237,
      147,
      251,
      175,
      193,
      128,
      150,
      41,
      102,
      37,
      184,
      56,
      51,
      161,
      134,
      10,
      22,
      215,
      189,
      64
    ],
    "5": [
      18,
      232,
      27,
      3,
      254,
      8,
      122,
      178,
      239,
      122,
      248,
      214,
      132,
      50,
      183,
      141,
      226,
      155,
      127,
      9,
      10,
      213,
      43,
      182,
      32,
      66,
      252,
      231,
      71,
      74,
      167,
      57
    ],
    "36": [
      209,
      197,
      56,
      213,
      179,
      123,
      206,
      143,
      104,
      232,
      107,
      209,
      253,
      8,
      249,
      148,
      133,
      222,
      65,
      174,
      116,
      68,
      239,
      62,
      244,
      92,
      231,
      149,
      169,
      17,
      155,
      250
    ],
    "7": [
      5,
      189,
      48,
      243,
      105,
      214,
      182,
      72,
      192,
      64,
      15,
      90,
      55,
      73,
      66,
      123,
      239,
      127,
      177,
      228,
      35,
      77,
      25,
      157,
      115,
      124,
      218,
      141,
      204,
      156,
      247,
      129
    ],
    "38": [
      174,
      220,
      37,
      51,
      132,
      132,
      21,
      168,
      16,
      153,
      196,
      193,
      110,
      40,
      213,
      206,
      155,
      248,
      141,
      66,
      186,
      57,
      101,
      59,
      231,
      251,
      238,
      115,
      119,
      65,
      211,
      85
    ],
    "1": [
      169,
      4,
      34,
      203,
      174,
      163,
      77,
      160,
      16,
      184,
      215,
      154,
      208,
      139,
      0,
      93,
      114,
      249,
      17,
      255,
      11,
      103,
      206,
      140,
      131,
      116,
      202,
      116,
      121,
      82,
      152,
      101
    ],
    "32": [
      239,
      15,
      212,
      173,
      27,
      208,
      130,
      181,
      171,
      133,
      134,
      253,
      93,
      81,
      21,
      77,
      215,
      71,
      25,
      210,
      164,
      165,
      11,
      187,
      65,
      191,
      254,
      4,
      54,
      100,
      49,
      252
    ],
    "3": [
      96,
      152,
      171,
      118,
      151,
      233,
      184,
      35,
      236,
      215,
      65,
      158,
      69,
      125,
      210,
      23,
      124,
      128,
      20,
      58,
      118,
      233,
      136,
      46,
      172,
      227,
      54,
      247,
      221,
      118,
      205,
      248
    ],
    "34": [
      35,
      32,
      120,
      61,
      145,
      4,
      171,
      155,
      47,
      97,
      1,
      113,
      175,
      117,
      31,
      92,
      67,
      84,
      240,
      36,
      170,
      30,
      90,
      72,
      119,
      79,
      33,
      247,
      203,
      136,
      241,
      186
    ],
    "13": [
      156,
      17,
      92,
      52,
      155,
      201,
      95,
      232,
      0,
      136,
      123,
      49,
      167,
      193,
      149,
      248,
      191,
      28,
      78,
      114,
      141,
      6,
      32,
      246,
      156,
      53,
      0,
      50,
      94,
      4,
      91,
      136
    ],
    "15": [
      223,
      78,
      129,
      84,
      16,
      150,
      122,
      92,
      1,
      73,
      183,
      152,
      32,
      135,
      40,
      23,
      50,
      183,
      9,
      143,
      225,
      15,
      80,
      108,
      121,
      229,
      208,
      44,
      6,
      2,
      4,
      238
    ],
    "9": [
      52,
      24,
      90,
      128,
      238,
      232,
      7,
      206,
      220,
      135,
      100,
      42,
      205,
      201,
      149,
      58,
      247,
      238,
      203,
      73,
      16,
      9,
      205,
      100,
      103,
      196,
      92,
      10,
      60,
      172,
      173,
      245
    ],
    "11": [
      236,
      159,
      112,
      106,
      108,
      110,
      78,
      53,
      242,
      202,
      170,
      127,
      110,
      123,
      3,
      63,
      230,
      47,
      248,
      102,
      231,
      167,
      120,
      142,
      137,
      187,
      186,
      92,
      239,
      168,
      202,
      156
    ],
    "21": [
      49,
      70,
      233,
      17,
      222,
      98,
      242,
      202,
      67,
      177,
      26,
      70,
      108,
      153,
      119,
      138,
      177,
      212,
      242,
      251,
      40,
      65,
      142,
      166,
      157,
      144,
      16,
      156,
      74,
      123,
      223,
      15
    ],
    "23": [
      43,
      96,
      125,
      214,
      228,
      38,
      110,
      99,
      119,
      100,
      207,
      64,
      221,
      93,
      57,
      165,
      32,
      24,
      145,
      244,
      98,
      250,
      247,
      214,
      120,
      110,
      254,
      141,
      238,
      35,
      109,
      190
    ],
    "17": [
      183,
      83,
      254,
      83,
      81,
      194,
      130,
      123,
      103,
      217,
      39,
      247,
      244,
      181,
      197,
      16,
      203,
      218,
      22,
      163,
      66,
      123,
      240,
      189,
      119,
      69,
      100,
      194,
      218,
      252,
      248,
      204
    ],
    "19": [
      212,
      232,
      19,
      197,
      254,
      74,
      205,
      14,
      103,
      76,
      205,
      172,
      228,
      101,
      54,
      50,
      238,
      95,
      80,
      170,
      122,
      125,
      218,
      176,
      23,
      240,
      103,
      243,
      127,
      166,
      45,
      25
    ],
    "29": [
      49,
      28,
      105,
      247,
      22,
      116,
      27,
      163,
      181,
      122,
      179,
      85,
      193,
      249,
      234,
      54,
      189,
      157,
      127,
      149,
      113,
      117,
      31,
      105,
      108,
      133,
      185,
      212,
      112,
      52,
      12,
      63
    ],
    "31": [
      65,
      18,
      128,
      231,
      36,
      26,
      131,
      176,
      204,
      216,
      170,
      238,
      3,
      170,
      27,
      226,
      167,
      33,
      121,
      209,
      105,
      210,
      53,
      203,
      160,
      11,
      87,
      50,
      94,
      48,
      8,
      240
    ],
    "25": [
      146,
      202,
      131,
      162,
      235,
      161,
      174,
      205,
      43,
      47,
      240,
      150,
      131,
      198,
      245,
      106,
      186,
      118,
      248,
      147,
      43,
      233,
      218,
      77,
      185,
      243,
      165,
      51,
      107,
      253,
      56,
      83
    ],
    "27": [
      46,
      4,
      91,
      107,
      67,
      113,
      114,
      51,
      147,
      121,
      155,
      218,
      131,
      221,
      119,
      123,
      204,
      58,
      70,
      148,
      26,
      249,
      231,
      199,
      204,
      107,
      227,
      253,
      0,
      8,
      242,
      92
    ]
  },
  "my_cert": [],
  "my_cert_key": [],
  "root_cert": []
}