{
  "net_map": {
    "37": "127.0.0.1:8537",
    "4": "127.0.0.1:8504",
    "39": "127.0.0.1:8539",
    "6": "127.0.0.1:8506",
    "33": "127.0.0.1:8533",
    "0": "127.0.0.1:8500",
    "35": "127.0.0.1:8535",
    "2": "127.0.0.1:8502",
    "12": "127.0.0.1:8512",
    "14": "127.0.0.1:8514",
    "8": "127.0.0.1:8508",
    "10": "127.0.0.1:8510",
    "20": "127.0.0.1:8520",
    "22": "127.0.0.1:8522",
    "16": "127.0.0.1:8516",
    "18": "127.0.0.1:8518",
    "28": "127.0.0.1:8528",
    "30": "127.0.0.1:8530",
    "24": "127.0.0.1:8524",
    "26": "127.0.0.1:8526",
    "5": "127.0.0.1:8505",
    "36": "127.0.0.1:8536",
    "7": "127.0.0.1:8507",
    "38": "127.0.0.1:8538",
    "1": "127.0.0.1:8501",
    "32": "127.0.0.1:8532",
    "3": "127.0.0.1:8503",
    "34": "127.0.0.1:8534",
    "13": "127.0.0.1:8513",
    "15": "127.0.0.1:8515",
    "9": "127.0.0.1:8509",
    "40": "127.0.0.1:9000",
    "11": "127.0.0.1:8511",
    "21": "127.0.0.1:8521",
    "23": "127.0.0.1:8523",
    "17": "127.0.0.1:8517",
    "19": "127.0.0.1:8519",
    "29": "127.0.0.1:8529",
    "31": "127.0.0.1:8531",
    "25": "127.0.0.1:8525",
    "27": "127.0.0.1:8527"
  },
  "delta": 100,
  "id": 38,
  "num_nodes": 40,
  "num_faults": 13,
  "block_size": 100,
  "client_port": 7038,
  "client_addr": "0.0.0.0:5000",
  "payload": 0,
  "prot_payload": "cc,/home/akhil/research/EEBA/libchatter/",
  "crypto_alg": "NOPKI",
  "pk_map": {},
  "secret_key_bytes": [],
  "sk_map": {
    "37": [
      31,
      148,
      150,
      201,
      55,
      35,
      243,
      185,
      70,
      60,
      201,
      28,
      27,
      134,
      121,
      212,
      34,
      31,
      175,
      228,
      129,
      35,
      94,
      60,
      225,
      79,
      69,
      157,
      38,
      143,
      79,
      44
    ],
    "4": [
      217,
      248,
      180,
      253,
      240,
      18,
      246,
      87,
      38,
      29,
      199,
      74,
      148,
      125,
      92,
      40,
      135,
      126,
      86,
      76,
      154,
      56,
      134,
      206,
      252,
      109,
      12,
      44,
      221,
      31,
      205,
      216
    ],
    "39": [
      15,
      119,
      200,
      77,
      0,
      9,
      41,
      247,
      235,
      132,
      165,
      134,
      98,
      220,
      94,
      171,
      180,
      194,
      250,
      173,
      60,
      231,
      87,
      253,
      211,
      222,
      202,
      78,
      167,
      105,
      27,
      6
    ],
    "6": [
      170,
      66,
      233,
      228,
      167,
      53,
      132,
      115,
      230,
      101,
      231,
      11,
      250,
      168,
      158,
      73,
      217,
      247,
      184,
      207,
      90,
      170,
      204,
      169,
      223,
      29,
      242,
      199,
      121,
      38,
      220,
      212
    ],
    "33": [
      178,
      248,
      11,
      228,
      57,
      53,
      69,
      41,
      15,
      89,
      75,
      140,
      206,
      113,
      142,
      177,
      32,
      152,
      194,
      40,
      165,
      138,
      8,
      204,
      218,
      117,
      39,
      234,
      186,
      212,
      171,
      156
    ],
    "0": [
      218,
      35,
      177,
      70,
      9,
      44,
      179,
      3,
      181,
      129,
      63,
      108,
      210,
      38,
      125,
      244,
      121,
      55,
      68,
      98,
      67,
      102,
      54,
      66,
      236,
      157,
      192,
      133,
      26,
      27,
      198,
      215
    ],
    "35": [
      27,
      131,
      221,
      3,
      190,
      28,
      37,
      149,
      247,
      82,
      254,
      250,
      237,
      135,
      193,
      221,
      128,
      117,
      41,
      128,
      156,
      37,
      5,
      17,
      136,
      246,
      137,
      113,
      42,
      171,
      216,
      90
    ],
    "2": [
      175,
      37,
      3,
      49,
      154,
      115,
      236,
      220,
      97,
      164,
      45,
      162,
      167,
      68,
      6,
      207,
      140,
      71,
      11,
      188,
      197,
      237,
      39,
      133,
      130,
      244,
      146,
      34,
      89,
      239,
      226,
      131
    ],
    "12": [
      28,
      169,
      174,
      50,
      198,
      131,
      103,
      86,
      7,
      250,
      173,
      212,
      198,
      133,
      197,
      183,
      24,
      70,
      173,
      118,
      247,
      193,
      163,
      231,
      43,
      132,
      7,
      30,
      135,
      139,
      215,
      44
    ],
    "14": [
      179,
      202,
      209,
      38,
      27,
      147,
      90,
      3,
      27,
      99,
      8,
      113,
      0,
      222,
      235,
      234,
      152,
      106,
      237,
      50,
      107,
      216,
      46,
      172,
      162,
      252,
      1,
      195,
      6,
      53,
      161,
      48
    ],
    "8": [
      135,
      155,
      248,
      50,
      9,
      202,
      253,
      0,
      212,
      177,
      79,
      139,
      247,
      33,
      100,
      63,
      99,
      144,
      27,
      111,
      157,
      229,
      25,
      255,
      51,
      74,
      253,
      41,
      12,
      91,
      5,
      127
    ],
    "10": [
      5,
      147,
      94,
      74,
      219,
      95,
      217,
      78,
      240,
      99,
      230,
      228,
      215,
      59,
      148,
      137,
      61,
      164,
      45,
      9,
      111,
      195,
      226,
      53,
      163,
      57,
      231,
      234,
      6,
      109,
      251,
      8
    ],
    "20": [
      82,
      194,
      241,
      14,
      77,
      254,
      22,
      158,
      252,
      206,
      169,
      66,
      213,
      120,
      6,
      69,
      187,
      225,
      102,
      175,
      26,
      188,
      90,
      115,
      234,
      36,
      143,
      164,
      83,
      188,
      62,
      148
    ],
    "22": [
      204,
      26,
      12,
      143,
      183,
      178,
      130,
      37,
      19,
      86,
      207,
      71,
      45,
      245,
      23,
      213,
      151,
      228,
      218,
      191,
      138,
      143,
      122,
      41,
      12,
      130,
      20,
      7,
      137,
      45,
      40,
      134
    ],
    "16": [
      71,
      89,
      65,
      197,
      126,
      226,
      137,
      185,
      240,
      95,
      86,
      63,
      29,
      46,
      111,
      64,
      88,
      147,
      167,
      246,
      77,
      209,
      126,
      161,
      158,
      231,
      142,
      252,
      105,
      234,
      50,
      87
    ],
    "18": [
      32,
      12,
      75,
      39,
      49,
      195,
      13,
      104,
      130,
      250,
      245,
      189,
      204,
      51,
      47,
      68,
      232,
      49,
      222,
      29,
      103,
      206,
      174,
      25,
      101,
      31,
      25,
      74,
      50,
      43,
      139,
      18
    ],
    "28": [
      43,
      158,
      229,
      247,
      241,
      29,
      116,
      40,
      197,
      45,
      118,
      207,
      135,
      145,
      37,
      248,
      244,
      95,
      252,
      56,
      156,
      163,
      7,
      181,
      239,
      5,
      220,
      233,
      216,
      147,
      115,
      83
    ],
    "30": [
      71,
      52,
      109,
      3,
      60,
      85,
      109,
      64,
      68,
      213,
      36,
      115,
      225,
      128,
      225,
      177,
      97,
      103,
      99,
      207,
      102,
      91,
      135,
      184,
      178,
      215,
      229,
      80,
      112,
      84,
      199,
      204
    ],
    "24": [
      157,
      144,
      165,
      178,
      224,
      222,
      91,
      137,
      74,
      124,
      90,
      159,
      253,
      27,
      160,
      78,
      164,
      26,
      123,
      169,
      48,
      217,
      152,
      12,
      198,
      189,
      37,
      143,
      216,
      201,
      119,
      246
    ],
    "26": [
      145,
      149,
      142,
      32,
      189,
      77,
      101,
      57,
      21,
      153,
      129,
      94,
      254,
      190,
      140,
      96,
      56,
      232,
      7,
      140,
      142,
      244,
      17,
      218,
      87,
      240,
      228,
      81,
      43,
      33,
      221,
      108
    ],
    "5": [
      230,
      60,
      109,
      152,
      9,
      176,
      76,
      11,
      13,
      234,
      144,
      186,
      118,
      238,
      32,
      77,
      179,
      23,
      126,
      38,
      39,
      69,
      39,
      169,
      116,
      224,
      169,
      255,
      90,
      236,
      184,
      108
    ],
    "36": [
      63,
      243,
      195,
      189,
      145,
      62,
      244,
      62,
      182,
      209,
      17,
      208,
      35,
      101,
      115,
      223,
      29,
      100,
      98,
      67,
      239,
      49,
      222,
      98,
      195,
      231,
      179,
      90,
      0,
      37,
      45,
      89
    ],
    "7": [
      99,
      111,
      247,
      103,
      59,
      10,
      54,
      125,
      90,
      142,
      17,
      234,
      208,
      50,
      120,
      22,
      79,
      39,
      134,
      0,
      105,
      93,
      220,
      27,
      118,
      101,
      21,
      134,
      244,
      44,
      177,
      171
    ],
    "38": [
      225,
      9,
      106,
      29,
      231,
      167,
      72,
      167,
      105,
      76,
      178,
      91,
      89,
      230,
      144,
      55,
      236,
      216,
      39,
      162,
      148,
      11,
      246,
      130,
      183,
      9,
      96,
      173,
      10,
      109,
      47,
      179
    ],
    "1": [
      38,
      56,
      177,
      195,
      9,
      8,
      168,
      98,
      172,
      159,
      93,
      169,
      25,
      159,
      51,
      184,
      180,
      194,
      122,
      206,
      221,
      245,
      108,
      100,
      202,
      228,
      101,
      11,
      146,
      116,
      49,
      173
    ],
    "32": [
      79,
      105,
      150,
      48,
      22,
      241,
      224,
      34,
      210,
      237,
      219,
      159,
      39,
      79,
      224,
      191,
      80,
      217,
      162,
      182,
      202,
      66,
      134,
      10,
      18,
      148,
      181,
      112,
      96,
      16,
      123,
      30
    ],
    "3": [
      215,
      108,
      253,
      36,
      202,
      165,
      70,
      74,
      191,
      165,
      168,
      23,
      86,
      51,
      179,
      25,
      209,
      44,
      227,
      27,
      13,
      78,
      119,
      64,
      102,
      63,
      37,
      103,
      60,
      166,
      90,
      121
    ],
    "34": [
      174,
      220,
      37,
      51,
      132,
      132,
      21,
      168,
      16,
      153,
      196,
      193,
      110,
      40,
      213,
      206,
      155,
      248,
      141,
      66,
      186,
      57,
      101,
      59,
      231,
      251,
      238,
      115,
      119,
      65,
      211,
      85
    ],
    "13": [
      118,
      207,
      145,
      181,
      177,
      40,
      5,
      229,
      187,
      154,
      96,
      105,
      126,
      86,
      46,
      134,
      183,
      222,
      184,
      156,
      171,
      39,
      230,
      250,
      164,
      113,
      34,
      26,
      216,
      197,
      47,
      32
    ],
    "15": [
      48,
      109,
      134,
      39,
      146,
      39,
      74,
      209,
      180,
      53,
      103,
      51,
      151,
      187,
      33,
      239,
      206,
      35,
      237,
      94,
      125,
      102,
      214,
      62,
      101,
      50,
      47,
      62,
      190,
      216,
      248,
      80
    ],
    "9": [
      42,
      199,
      68,
      3,
      26,
      191,
      71,
      200,
      104,
      64,
      104,
      183,
      224,
      139,
      169,
      36,
      46,
      189,
      101,
      80,
      206,
      163,
      60,
      24,
      36,
      245,
      128,
      82,
      7,
      219,
      92,
      2
    ],
    "11": [
      154,
      230,
      241,
      99,
      227,
      228,
      48,
      218,
      125,
      172,
      2,
      251,
      41,
      254,
      43,
      91,
      59,
      139,
      161,
      236,
      86,
      89,
      210,
      145,
      212,
      238,
      82,
      9,
      58,
      60,
      238,
      165
    ],
    "21": [
      50,
      93,
      53,
      42,
      121,
      102,
      6,
      71,
      43,
      68,
      150,
      213,
      11,
      241,
      207,
      89,
      195,
      82,
      245,
      244,
      26,
      50,
      231,
      130,
      61,
      117,
      215,
      27,
      245,
      146,
      117,
      203
    ],
    "23": [
      44,
      133,
      224,
      35,
      61,
      33,
      12,
      159,
      102,
      232,
      73,
      154,
      107,
      177,
      198,
      187,
      253,
      101,
      14,
      215,
      234,
      82,
      22,
      119,
      151,
      166,
      26,
      117,
      88,
      48,
      46,
      207
    ],
    "17": [
      237,
      68,
      27,
      34,
      184,
      253,
      105,
      157,
      171,
      0,
      115,
      96,
      175,
      189,
      24,
      49,
      186,
      188,
      241,
      231,
      124,
      6,
      13,
      172,
      20,
      120,
      124,
      208,
      64,
      73,
      97,
      168
    ],
    "19": [
      68,
      200,
      67,
      249,
      106,
      164,
      237,
      55,
      6,
      108,
      147,
      155,
      69,
      179,
      235,
      158,
      34,
      217,
      152,
      167,
      54,
      2,
      174,
      198,
      22,
      240,
      252,
      215,
      254,
      128,
      11,
      217
    ],
    "29": [
      186,
      250,
      58,
      215,
      22,
      163,
      86,
      123,
      3,
      182,
      150,
      48,
      17,
      95,
      221,
      81,
      204,
      68,
      230,
      140,
      15,
      94,
      11,
      84,
      81,
      169,
      3,
      190,
      153,
      60,
      80,
      88
    ],
    "31": [
      110,
      239,
      150,
      93,
      190,
      136,
      19,
      228,
      192,
      195,
      167,
      252,
      119,
      137,
      201,
      68,
      82,
      67,
      171,
      62,
      227,
      177,
      89,
      38,
      11,
      153,
      121,
      62,
      2,
      142,
      107,
      11
    ],
    "25": [
      141,
      46,
      6,
      85,
      71,
      212,
      136,
      241,
      76,
      12,
      19,
      197,
      109,
      186,
      79,
      33,
      136,
      148,
      170,
      177,
      165,
      151,
      119,
      43,
      67,
      107,
      193,
      61,
      173,
      91,
      53,
      114
    ],
    "27": [
      224,
      151,
      163,
      77,
      24,
      186,
      98,
      3,
      124,
      144,
      95,
      30,
      251,
      85,
      147,
      166,
      42,
      228,
      88,
      62,
      137,
      138,
      22,
      96,
      169,
      70,
      109,
      251,
      60,
      202,
      138,
      77
    ]
  },
  "my_cert": [],
  "my_cert_key": [],
  "root_cert": []
}