{
  "net_map": {
    "37": "127.0.0.1:8537",
    "4": "127.0.0.1:8504",
    "39": "127.0.0.1:8539",
    "6": "127.0.0.1:8506",
    "33": "127.0.0.1:8533",
    "0": "127.0.0.1:8500",
    "35": "127.0.0.1:8535",
    "2": "127.0.0.1:8502",
    "12": "127.0.0.1:8512",
    "14": "127.0.0.1:8514",
    "8": "127.0.0.1:8508",
    "10": "127.0.0.1:8510",
    "20": "127.0.0.1:8520",
    "22": "127.0.0.1:8522",
    "16": "127.0.0.1:8516",
    "18": "127.0.0.1:8518",
    "28": "127.0.0.1:8528",
    "30": "127.0.0.1:8530",
    "24": "127.0.0.1:8524",
    "26": "127.0.0.1:8526",
    "5": "127.0.0.1:8505",
    "36": "127.0.0.1:8536",
    "7": "127.0.0.1:8507",
    "38": "127.0.0.1:8538",
    "1": "127.0.0.1:8501",
    "32": "127.0.0.1:8532",
    "3": "127.0.0.1:8503",
    "34": "127.0.0.1:8534",
    "13": "127.0.0.1:8513",
    "15": "127.0.0.1:8515",
    "9": "127.0.0.1:8509",
    "40": "127.0.0.1:9000",
    "11": "127.0.0.1:8511",
    "21": "127.0.0.1:8521",
    "23": "127.0.0.1:8523",
    "17": "127.0.0.1:8517",
    "19": "127.0.0.1:8519",
    "29": "127.0.0.1:8529",
    "31": "127.0.0.1:8531",
    "25": "127.0.0.1:8525",
    "27": "127.0.0.1:8527"
  },
  "delta": 100,
  "id": 31,
  "num_nodes": 40,
  "num_faults": 13,
  "block_size": 100,
  "client_port": 7031,
  "client_addr": "0.0.0.0:5000",
  "payload": 0,
  "prot_payload": "cc,/home/akhil/research/EEBA/libchatter/",
  "crypto_alg": "NOPKI",
  "pk_map": {},
  "secret_key_bytes": [],
  "sk_map": {
    "37": [
      245,
      232,
      80,
      54,
      240,
      195,
      112,
      182,
      215,
      226,
      51,
      113,
      99,
      208,
      141,
      135,
      41,
      224,
      199,
      81,
      232,
      216,
      82,
      8,
      238,
      129,
      243,
      4,
      69,
      99,
      195,
      192
    ],
    "4": [
      241,
      250,
      126,
      70,
      176,
      79,
      145,
      231,
      227,
      111,
      47,
      21,
      217,
      193,
      8,
      233,
      72,
      172,
      224,
      200,
      112,
      99,
      83,
      53,
      91,
      35,
      114,
      21,
      22,
      58,
      116,
      200
    ],
    "39": [
      93,
      217,
      130,
      154,
      101,
      208,
      98,
      134,
      247,
      14,
      108,
      100,
      40,
      162,
      58,
      172,
      206,
      246,
      87,
      123,
      53,
      255,
      46,
      135,
      111,
      125,
      64,
      89,
      211,
      192,
      110,
      77
    ],
    "6": [
      165,
      169,
      109,
      197,
      226,
      165,
      142,
      111,
      190,
      186,
      34,
      240,
      87,
      82,
      25,
      42,
      31,
      130,
      127,
      221,
      215,
      155,
      232,
      68,
      15,
      139,
      253,
      102,
      122,
      147,
      244,
      123
    ],
    "33": [
      155,
      66,
      105,
      25,
      227,
      241,
      246,
      145,
      249,
      158,
      2,
      65,
      170,
      47,
      64,
      180,
      191,
      82,
      180,
      22,
      222,
      10,
      90,
      49,
      50,
      105,
      4,
      253,
      226,
      191,
      36,
      212
    ],
    "0": [
      212,
      130,
      227,
      137,
      57,
      161,
      117,
      223,
      19,
      21,
      63,
      160,
      143,
      148,
      14,
      84,
      30,
      47,
      20,
      219,
      45,
      195,
      246,
      24,
      130,
      26,
      235,
      236,
      7,
      158,
      129,
      119
    ],
    "35": [
      160,
      242,
      188,
      208,
      244,
      66,
      153,
      66,
      179,
      244,
      20,
      179,
      184,
      230,
      154,
      155,
      62,
      160,
      191,
      73,
      33,
      39,
      252,
      22,
      228,
      80,
      154,
      4,
      229,
      159,
      131,
      76
    ],
    "2": [
      9,
      38,
      219,
      35,
      21,
      249,
      122,
      56,
      123,
      21,
      216,
      240,
      103,
      68,
      18,
      227,
      167,
      159,
      157,
      176,
      58,
      15,
      62,
      237,
      181,
      240,
      247,
      24,
      192,
      93,
      1,
      216
    ],
    "12": [
      144,
      13,
      23,
      186,
      10,
      4,
      178,
      36,
      39,
      171,
      61,
      245,
      75,
      11,
      125,
      214,
      128,
      165,
      130,
      122,
      84,
      179,
      164,
      100,
      93,
      246,
      168,
      96,
      131,
      243,
      164,
      125
    ],
    "14": [
      52,
      132,
      109,
      21,
      97,
      80,
      221,
      41,
      14,
      99,
      134,
      37,
      98,
      95,
      224,
      76,
      25,
      199,
      248,
      13,
      17,
      165,
      144,
      126,
      61,
      61,
      75,
      35,
      181,
      162,
      71,
      22
    ],
    "8": [
      124,
      172,
      218,
      34,
      210,
      170,
      149,
      253,
      112,
      218,
      111,
      109,
      160,
      38,
      245,
      49,
      163,
      250,
      232,
      183,
      27,
      239,
      246,
      60,
      210,
      46,
      214,
      80,
      52,
      195,
      90,
      87
    ],
    "10": [
      89,
      46,
      83,
      194,
      27,
      61,
      104,
      105,
      193,
      51,
      133,
      94,
      219,
      35,
      133,
      44,
      47,
      167,
      249,
      22,
      201,
      248,
      129,
      184,
      118,
      112,
      149,
      73,
      152,
      35,
      98,
      27
    ],
    "20": [
      110,
      219,
      70,
      16,
      47,
      16,
      130,
      204,
      100,
      25,
      6,
      49,
      106,
      56,
      63,
      55,
      247,
      129,
      242,
      236,
      12,
      245,
      210,
      73,
      72,
      147,
      58,
      168,
      180,
      111,
      60,
      198
    ],
    "22": [
      7,
      50,
      230,
      96,
      13,
      125,
      88,
      26,
      238,
      84,
      116,
      127,
      192,
      6,
      76,
      179,
      64,
      228,
      246,
      218,
      71,
      215,
      239,
      11,
      181,
      154,
      139,
      60,
      148,
      140,
      210,
      132
    ],
    "16": [
      179,
      174,
      112,
      176,
      90,
      9,
      71,
      221,
      130,
      229,
      53,
      108,
      247,
      57,
      54,
      123,
      84,
      190,
      33,
      73,
      236,
      17,
      135,
      96,
      10,
      60,
      15,
      183,
      221,
      81,
      209,
      244
    ],
    "18": [
      142,
      55,
      74,
      162,
      191,
      218,
      185,
      73,
      4,
      181,
      183,
      166,
      170,
      194,
      10,
      197,
      158,
      197,
      75,
      100,
      37,
      125,
      170,
      67,
      198,
      78,
      43,
      176,
      59,
      212,
      41,
      83
    ],
    "28": [
      118,
      26,
      180,
      251,
      226,
      33,
      18,
      49,
      197,
      227,
      36,
      195,
      191,
      85,
      153,
      219,
      182,
      60,
      213,
      222,
      127,
      173,
      115,
      135,
      237,
      86,
      115,
      97,
      76,
      184,
      186,
      14
    ],
    "30": [
      179,
      154,
      125,
      238,
      244,
      201,
      27,
      243,
      126,
      101,
      151,
      12,
      93,
      120,
      239,
      11,
      220,
      18,
      213,
      118,
      179,
      209,
      24,
      214,
      34,
      128,
      229,
      235,
      172,
      43,
      74,
      138
    ],
    "24": [
      97,
      208,
      227,
      51,
      28,
      3,
      104,
      169,
      21,
      237,
      87,
      71,
      131,
      175,
      40,
      55,
      243,
      199,
      221,
      85,
      179,
      225,
      25,
      160,
      247,
      34,
      145,
      15,
      148,
      150,
      186,
      161
    ],
    "26": [
      99,
      26,
      41,
      171,
      193,
      192,
      61,
      204,
      89,
      34,
      127,
      90,
      29,
      158,
      56,
      6,
      1,
      240,
      74,
      215,
      88,
      223,
      103,
      96,
      95,
      27,
      249,
      103,
      246,
      7,
      96,
      116
    ],
    "5": [
      26,
      104,
      207,
      218,
      74,
      217,
      181,
      179,
      164,
      231,
      139,
      25,
      207,
      205,
      1,
      172,
      228,
      30,
      80,
      41,
      253,
      191,
      37,
      108,
      132,
      233,
      32,
      7,
      187,
      69,
      221,
      76
    ],
    "36": [
      247,
      88,
      78,
      41,
      192,
      237,
      98,
      228,
      153,
      109,
      4,
      163,
      45,
      177,
      13,
      8,
      190,
      173,
      168,
      223,
      160,
      73,
      237,
      84,
      206,
      76,
      14,
      190,
      150,
      128,
      115,
      139
    ],
    "7": [
      218,
      246,
      46,
      94,
      206,
      75,
      154,
      131,
      180,
      193,
      95,
      187,
      240,
      224,
      179,
      159,
      68,
      3,
      73,
      110,
      102,
      210,
      52,
      149,
      45,
      187,
      164,
      52,
      218,
      156,
      220,
      170
    ],
    "38": [
      110,
      239,
      150,
      93,
      190,
      136,
      19,
      228,
      192,
      195,
      167,
      252,
      119,
      137,
      201,
      68,
      82,
      67,
      171,
      62,
      227,
      177,
      89,
      38,
      11,
      153,
      121,
      62,
      2,
      142,
      107,
      11
    ],
    "1": [
      125,
      162,
      216,
      141,
      58,
      251,
      40,
      220,
      121,
      186,
      130,
      255,
      3,
      205,
      128,
      93,
      106,
      232,
      40,
      197,
      6,
      4,
      215,
      35,
      187,
      62,
      195,
      96,
      122,
      71,
      243,
      212
    ],
    "32": [
      218,
      230,
      146,
      240,
      177,
      104,
      4,
      209,
      25,
      85,
      81,
      127,
      121,
      52,
      2,
      35,
      47,
      181,
      132,
      223,
      215,
      241,
      37,
      223,
      131,
      200,
      52,
      237,
      75,
      235,
      64,
      10
    ],
    "3": [
      11,
      118,
      4,
      68,
      113,
      32,
      168,
      125,
      56,
      161,
      5,
      61,
      71,
      227,
      30,
      72,
      166,
      212,
      154,
      107,
      31,
      242,
      199,
      200,
      3,
      41,
      206,
      54,
      211,
      97,
      16,
      136
    ],
    "34": [
      65,
      18,
      128,
      231,
      36,
      26,
      131,
      176,
      204,
      216,
      170,
      238,
      3,
      170,
      27,
      226,
      167,
      33,
      121,
      209,
      105,
      210,
      53,
      203,
      160,
      11,
      87,
      50,
      94,
      48,
      8,
      240
    ],
    "13": [
      30,
      37,
      54,
      147,
      67,
      71,
      206,
      222,
      106,
      100,
      81,
      120,
      59,
      222,
      51,
      25,
      53,
      126,
      192,
      254,
      174,
      28,
      84,
      85,
      127,
      31,
      139,
      116,
      131,
      213,
      94,
      195
    ],
    "15": [
      182,
      29,
      108,
      158,
      85,
      148,
      14,
      230,
      65,
      241,
      164,
      232,
      106,
      64,
      213,
      11,
      215,
      239,
      108,
      243,
      178,
      41,
      56,
      253,
      199,
      16,
      200,
      131,
      151,
      164,
      138,
      114
    ],
    "9": [
      48,
      241,
      249,
      181,
      245,
      128,
      112,
      219,
      205,
      83,
      157,
      143,
      159,
      8,
      50,
      112,
      220,
      105,
      129,
      211,
      198,
      46,
      135,
      162,
      231,
      20,
      231,
      131,
      213,
      53,
      137,
      248
    ],
    "11": [
      157,
      55,
      185,
      125,
      166,
      8,
      243,
      149,
      121,
      60,
      194,
      122,
      1,
      175,
      251,
      93,
      27,
      178,
      152,
      214,
      45,
      142,
      251,
      160,
      17,
      11,
      115,
      103,
      61,
      67,
      238,
      137
    ],
    "21": [
      167,
      178,
      113,
      164,
      115,
      210,
      174,
      52,
      38,
      1,
      26,
      6,
      78,
      158,
      175,
      17,
      179,
      177,
      238,
      122,
      77,
      239,
      166,
      80,
      218,
      227,
      31,
      233,
      138,
      59,
      9,
      254
    ],
    "23": [
      141,
      18,
      141,
      220,
      135,
      102,
      199,
      41,
      100,
      190,
      110,
      31,
      149,
      251,
      106,
      25,
      155,
      8,
      116,
      153,
      189,
      181,
      166,
      187,
      148,
      197,
      34,
      126,
      63,
      195,
      20,
      106
    ],
    "17": [
      143,
      176,
      141,
      216,
      147,
      95,
      71,
      176,
      122,
      211,
      139,
      67,
      114,
      170,
      182,
      234,
      200,
      114,
      186,
      90,
      14,
      130,
      111,
      63,
      188,
      57,
      113,
      80,
      128,
      54,
      6,
      27
    ],
    "19": [
      193,
      47,
      178,
      73,
      184,
      191,
      79,
      232,
      29,
      165,
      160,
      253,
      87,
      18,
      211,
      14,
      190,
      191,
      109,
      183,
      103,
      73,
      212,
      114,
      248,
      37,
      242,
      153,
      18,
      61,
      29,
      159
    ],
    "29": [
      203,
      15,
      66,
      85,
      102,
      24,
      110,
      67,
      28,
      152,
      151,
      62,
      193,
      151,
      97,
      12,
      191,
      213,
      73,
      212,
      48,
      118,
      178,
      206,
      239,
      201,
      125,
      9,
      252,
      131,
      109,
      226
    ],
    "31": [
      178,
      6,
      234,
      85,
      48,
      171,
      64,
      146,
      229,
      106,
      154,
      112,
      57,
      194,
      48,
      212,
      227,
      100,
      14,
      36,
      167,
      156,
      79,
      33,
      28,
      205,
      133,
      65,
      133,
      116,
      11,
      68
    ],
    "25": [
      106,
      24,
      139,
      244,
      113,
      79,
      122,
      123,
      14,
      160,
      67,
      37,
      183,
      180,
      72,
      135,
      214,
      71,
      190,
      141,
      56,
      36,
      248,
      68,
      40,
      234,
      17,
      76,
      211,
      129,
      165,
      228
    ],
    "27": [
      62,
      176,
      0,
      201,
      51,
      132,
      99,
      65,
      120,
      36,
      76,
      112,
      255,
      107,
      237,
      230,
      61,
      255,
      122,
      87,
      161,
      128,
      194,
      222,
      228,
      125,
      4,
      178,
      138,
      179,
      109,
      190
    ]
  },
  "my_cert": [],
  "my_cert_key": [],
  "root_cert": []
}